vin,vehicle,category,normalized_part_number,catalog_part_numbers,descriptions,assemblies,part_urls,source_urls,illustration_files
2C3CCAEG4HH586472,2017 Chrysler 300 C 3.6L V6 Gas,air-bags,06030441,06030441,Push Pin,"2:Side Curtain Air Bag, Left",https://www.moparamerica.com/oem-parts/mopar-push-pin-6030441,https://www.moparamerica.com/v-2017-chrysler-300--c--3-6l-v6-gas/restraints--air-bags?assembly=2,evidence/mopar/illustrations/2C3CCAEG4HH586472/air-bags__assembly-02.png
2C3CDXGJ2HH530684,2017 Dodge Charger R/T Scat Pack 6.4L V8 Gas,air-bags,1ZZ44DX9AH,1ZZ44DX9AH,Bag,3:Passenger Air Bag,https://www.moparamerica.com/oem-parts/mopar-driver-air-bag-1zz44dx9ah,https://www.moparamerica.com/v-2017-dodge-charger--r-t-scat-pack--6-4l-v8-gas/restraints--air-bags?assembly=3,evidence/mopar/illustrations/2C3CDXGJ2HH530684/air-bags__assembly-03.png
2C3CCAEG4HH586472,2017 Chrysler 300 C 3.6L V6 Gas,air-bags,5057792AH,5057792AH,Kneeblocker,3:Passenger Air Bag,https://www.moparamerica.com/oem-parts/mopar-steering-column-opening-kneeblocker-5057792ah,https://www.moparamerica.com/v-2017-chrysler-300--c--3-6l-v6-gas/restraints--air-bags?assembly=3,evidence/mopar/illustrations/2C3CCAEG4HH586472/air-bags__assembly-03.png
2C3CDXGJ2HH530684,2017 Dodge Charger R/T Scat Pack 6.4L V8 Gas,air-bags,5057792AH,5057792AH,Kneeblocker,3:Passenger Air Bag,https://www.moparamerica.com/oem-parts/mopar-steering-column-opening-kneeblocker-5057792ah,https://www.moparamerica.com/v-2017-dodge-charger--r-t-scat-pack--6-4l-v8-gas/restraints--air-bags?assembly=3,evidence/mopar/illustrations/2C3CDXGJ2HH530684/air-bags__assembly-03.png
2C3CCAEG4HH586472,2017 Chrysler 300 C 3.6L V6 Gas,air-bags,5108076AF,5108076AF,Right,"2:Side Curtain Air Bag, Left",https://www.moparamerica.com/oem-parts/mopar-seat-air-bag-right-5108076af,https://www.moparamerica.com/v-2017-chrysler-300--c--3-6l-v6-gas/restraints--air-bags?assembly=2,evidence/mopar/illustrations/2C3CCAEG4HH586472/air-bags__assembly-02.png
2C3CCAEG4HH586472,2017 Chrysler 300 C 3.6L V6 Gas,air-bags,5108077AF,5108077AF,Left,"2:Side Curtain Air Bag, Left",https://www.moparamerica.com/oem-parts/mopar-seat-air-bag-left-5108077af,https://www.moparamerica.com/v-2017-chrysler-300--c--3-6l-v6-gas/restraints--air-bags?assembly=2,evidence/mopar/illustrations/2C3CCAEG4HH586472/air-bags__assembly-02.png
2C3CCAEG4HH586472,2017 Chrysler 300 C 3.6L V6 Gas,air-bags,56054085AA,56054085AA,Acceleration Sensor | Sensor,1:Screw,https://www.moparamerica.com/oem-parts/mopar-acceleration-sensor-56054085aa,https://www.moparamerica.com/v-2017-chrysler-300--c--3-6l-v6-gas/restraints--air-bags?assembly=1,evidence/mopar/illustrations/2C3CCAEG4HH586472/air-bags__assembly-01.png
2C3CDXGJ2HH530684,2017 Dodge Charger R/T Scat Pack 6.4L V8 Gas,air-bags,56054085AA,56054085AA,Acceleration Sensor | Front,1:Screw,https://www.moparamerica.com/oem-parts/mopar-acceleration-sensor-56054085aa,https://www.moparamerica.com/v-2017-dodge-charger--r-t-scat-pack--6-4l-v8-gas/restraints--air-bags?assembly=1,evidence/mopar/illustrations/2C3CDXGJ2HH530684/air-bags__assembly-01.png
2C3CCAEG4HH586472,2017 Chrysler 300 C 3.6L V6 Gas,air-bags,5LB70DX9AH,5LB70DX9AH,Steering Column Module,1:Screw,https://www.moparamerica.com/oem-parts/mopar-steering-column-module-5lb70dx9ah,https://www.moparamerica.com/v-2017-chrysler-300--c--3-6l-v6-gas/restraints--air-bags?assembly=1,evidence/mopar/illustrations/2C3CCAEG4HH586472/air-bags__assembly-01.png
2C3CDXGJ2HH530684,2017 Dodge Charger R/T Scat Pack 6.4L V8 Gas,air-bags,5LB70DX9AH,5LB70DX9AH,Module | Steering Column Module,1:Screw,https://www.moparamerica.com/oem-parts/mopar-steering-column-module-5lb70dx9ah,https://www.moparamerica.com/v-2017-dodge-charger--r-t-scat-pack--6-4l-v8-gas/restraints--air-bags?assembly=1,evidence/mopar/illustrations/2C3CDXGJ2HH530684/air-bags__assembly-01.png
2C3CCAEG4HH586472,2017 Chrysler 300 C 3.6L V6 Gas,air-bags,5LB70LC5AF,5LB70LC5AF,Steering Column Module,1:Screw,https://www.moparamerica.com/oem-parts/mopar-steering-column-module-5lb70lc5af,https://www.moparamerica.com/v-2017-chrysler-300--c--3-6l-v6-gas/restraints--air-bags?assembly=1,evidence/mopar/illustrations/2C3CCAEG4HH586472/air-bags__assembly-01.png
2C3CCAEG4HH586472,2017 Chrysler 300 C 3.6L V6 Gas,air-bags,5LB71DX9AI,5LB71DX9AI,Module | Steering Column Module,1:Screw,https://www.moparamerica.com/oem-parts/mopar-steering-column-module-5lb71dx9ai,https://www.moparamerica.com/v-2017-chrysler-300--c--3-6l-v6-gas/restraints--air-bags?assembly=1,evidence/mopar/illustrations/2C3CCAEG4HH586472/air-bags__assembly-01.png
2C3CDXGJ2HH530684,2017 Dodge Charger R/T Scat Pack 6.4L V8 Gas,air-bags,5LB71DX9AI,5LB71DX9AI,Module | Steering Column Module,1:Screw,https://www.moparamerica.com/oem-parts/mopar-steering-column-module-5lb71dx9ai,https://www.moparamerica.com/v-2017-dodge-charger--r-t-scat-pack--6-4l-v8-gas/restraints--air-bags?assembly=1,evidence/mopar/illustrations/2C3CDXGJ2HH530684/air-bags__assembly-01.png
2C3CCAEG4HH586472,2017 Chrysler 300 C 3.6L V6 Gas,air-bags,5LB71LC5AI,5LB71LC5AI,Module | Steering Column Module,1:Screw,https://www.moparamerica.com/oem-parts/mopar-steering-column-module-5lb71lc5ai,https://www.moparamerica.com/v-2017-chrysler-300--c--3-6l-v6-gas/restraints--air-bags?assembly=1,evidence/mopar/illustrations/2C3CCAEG4HH586472/air-bags__assembly-01.png
2C3CCAEG4HH586472,2017 Chrysler 300 C 3.6L V6 Gas,air-bags,5LB72DX9AH,5LB72DX9AH,Module | Steering Column Module,1:Screw,https://www.moparamerica.com/oem-parts/mopar-steering-column-module-5lb72dx9ah,https://www.moparamerica.com/v-2017-chrysler-300--c--3-6l-v6-gas/restraints--air-bags?assembly=1,evidence/mopar/illustrations/2C3CCAEG4HH586472/air-bags__assembly-01.png
2C3CDXGJ2HH530684,2017 Dodge Charger R/T Scat Pack 6.4L V8 Gas,air-bags,5LB72DX9AH,5LB72DX9AH,Module | Steering Column Module,1:Screw,https://www.moparamerica.com/oem-parts/mopar-steering-column-module-5lb72dx9ah,https://www.moparamerica.com/v-2017-dodge-charger--r-t-scat-pack--6-4l-v8-gas/restraints--air-bags?assembly=1,evidence/mopar/illustrations/2C3CDXGJ2HH530684/air-bags__assembly-01.png
2C3CCAEG4HH586472,2017 Chrysler 300 C 3.6L V6 Gas,air-bags,5LB72LC5AH,5LB72LC5AH,Module | Steering Column Module,1:Screw,https://www.moparamerica.com/oem-parts/mopar-steering-column-module-5lb72lc5ah,https://www.moparamerica.com/v-2017-chrysler-300--c--3-6l-v6-gas/restraints--air-bags?assembly=1,evidence/mopar/illustrations/2C3CCAEG4HH586472/air-bags__assembly-01.png
2C3CDXGJ2HH530684,2017 Dodge Charger R/T Scat Pack 6.4L V8 Gas,air-bags,5LB73DX9AH,5LB73DX9AH,Module | Steering Column Module,1:Screw,https://www.moparamerica.com/oem-parts/mopar-steering-column-module-5lb73dx9ah,https://www.moparamerica.com/v-2017-dodge-charger--r-t-scat-pack--6-4l-v8-gas/restraints--air-bags?assembly=1,evidence/mopar/illustrations/2C3CDXGJ2HH530684/air-bags__assembly-01.png
2C3CCAEG4HH586472,2017 Chrysler 300 C 3.6L V6 Gas,air-bags,5PP65DX9AE,5PP65DX9AE,Bag,3:Passenger Air Bag,https://www.moparamerica.com/oem-parts/mopar-driver-air-bag-5pp65dx9ae,https://www.moparamerica.com/v-2017-chrysler-300--c--3-6l-v6-gas/restraints--air-bags?assembly=3,evidence/mopar/illustrations/2C3CCAEG4HH586472/air-bags__assembly-03.png
2C3CCAEG4HH586472,2017 Chrysler 300 C 3.6L V6 Gas,air-bags,5PP65LC5AE,5PP65LC5AE,Bag,3:Passenger Air Bag,https://www.moparamerica.com/oem-parts/mopar-driver-air-bag-5pp65lc5ae,https://www.moparamerica.com/v-2017-chrysler-300--c--3-6l-v6-gas/restraints--air-bags?assembly=3,evidence/mopar/illustrations/2C3CCAEG4HH586472/air-bags__assembly-03.png
2C3CCAEG4HH586472,2017 Chrysler 300 C 3.6L V6 Gas,air-bags,6030441,6030441,Pin,"2:Side Curtain Air Bag, Left",https://www.moparamerica.com/oem-parts/mopar-push-pin-6030441,https://www.moparamerica.com/v-2017-chrysler-300--c--3-6l-v6-gas/restraints--air-bags?assembly=2,evidence/mopar/illustrations/2C3CCAEG4HH586472/air-bags__assembly-02.png
2C3CCAEG4HH586472,2017 Chrysler 300 C 3.6L V6 Gas,air-bags,6102132AA,6102132AA,Hex Head Screw | Screw,3:Passenger Air Bag,https://www.moparamerica.com/oem-parts/mopar-hex-head-screw-6102132aa,https://www.moparamerica.com/v-2017-chrysler-300--c--3-6l-v6-gas/restraints--air-bags?assembly=3,evidence/mopar/illustrations/2C3CCAEG4HH586472/air-bags__assembly-03.png
2C3CDXGJ2HH530684,2017 Dodge Charger R/T Scat Pack 6.4L V8 Gas,air-bags,6102132AA,6102132AA,Hex Head Screw | Screw,3:Passenger Air Bag,https://www.moparamerica.com/oem-parts/mopar-hex-head-screw-6102132aa,https://www.moparamerica.com/v-2017-dodge-charger--r-t-scat-pack--6-4l-v8-gas/restraints--air-bags?assembly=3,evidence/mopar/illustrations/2C3CDXGJ2HH530684/air-bags__assembly-03.png
2C3CCAEG4HH586472,2017 Chrysler 300 C 3.6L V6 Gas,air-bags,6104725AA,06104725AA | 6104725AA,Hex Nut | Washer,3:Passenger Air Bag,https://www.moparamerica.com/oem-parts/mopar-hex-nut-6104725aa,https://www.moparamerica.com/v-2017-chrysler-300--c--3-6l-v6-gas/restraints--air-bags?assembly=3,evidence/mopar/illustrations/2C3CCAEG4HH586472/air-bags__assembly-03.png
2C3CDXGJ2HH530684,2017 Dodge Charger R/T Scat Pack 6.4L V8 Gas,air-bags,6104725AA,06104725AA | 6104725AA,Hex Nut | Washer,3:Passenger Air Bag,https://www.moparamerica.com/oem-parts/mopar-hex-nut-6104725aa,https://www.moparamerica.com/v-2017-dodge-charger--r-t-scat-pack--6-4l-v8-gas/restraints--air-bags?assembly=3,evidence/mopar/illustrations/2C3CDXGJ2HH530684/air-bags__assembly-03.png
2C3CCAEG4HH586472,2017 Chrysler 300 C 3.6L V6 Gas,air-bags,6105038AA,6105038AA,Bolt | Hex Flange Head Bolt,1:Screw,https://www.moparamerica.com/oem-parts/mopar-hex-flange-head-bolt-6105038aa,https://www.moparamerica.com/v-2017-chrysler-300--c--3-6l-v6-gas/restraints--air-bags?assembly=1,evidence/mopar/illustrations/2C3CCAEG4HH586472/air-bags__assembly-01.png
2C3CCAEG4HH586472,2017 Chrysler 300 C 3.6L V6 Gas,air-bags,6507559AA,6507559AA,Bumper Nut | U-nut,"2:Side Curtain Air Bag, Left",https://www.moparamerica.com/oem-parts/mopar-bumper-nut-6507559aa,https://www.moparamerica.com/v-2017-chrysler-300--c--3-6l-v6-gas/restraints--air-bags?assembly=2,evidence/mopar/illustrations/2C3CCAEG4HH586472/air-bags__assembly-02.png
2C3CCAEG4HH586472,2017 Chrysler 300 C 3.6L V6 Gas,air-bags,6508182AA,06508182AA | 6508182AA,Hex Head Screw And Washer | Washer,"2:Side Curtain Air Bag, Left",https://www.moparamerica.com/oem-parts/mopar-hex-head-screw-and-washer-6508182aa,https://www.moparamerica.com/v-2017-chrysler-300--c--3-6l-v6-gas/restraints--air-bags?assembly=2,evidence/mopar/illustrations/2C3CCAEG4HH586472/air-bags__assembly-02.png
2C3CCAEG4HH586472,2017 Chrysler 300 C 3.6L V6 Gas,air-bags,6510026AA,6510026AA,Screw,1:Screw,https://www.moparamerica.com/oem-parts/mopar-screw-6510026aa,https://www.moparamerica.com/v-2017-chrysler-300--c--3-6l-v6-gas/restraints--air-bags?assembly=1,evidence/mopar/illustrations/2C3CCAEG4HH586472/air-bags__assembly-01.png
2C3CDXGJ2HH530684,2017 Dodge Charger R/T Scat Pack 6.4L V8 Gas,air-bags,6510026AA,6510026AA,Screw,1:Screw,https://www.moparamerica.com/oem-parts/mopar-screw-6510026aa,https://www.moparamerica.com/v-2017-dodge-charger--r-t-scat-pack--6-4l-v8-gas/restraints--air-bags?assembly=1,evidence/mopar/illustrations/2C3CDXGJ2HH530684/air-bags__assembly-01.png
2C3CCAEG4HH586472,2017 Chrysler 300 C 3.6L V6 Gas,air-bags,68036991AA,68036991AA,Plate | Tapping Plate,1:Screw,https://www.moparamerica.com/oem-parts/mopar-tapping-plate-68036991aa,https://www.moparamerica.com/v-2017-chrysler-300--c--3-6l-v6-gas/restraints--air-bags?assembly=1,evidence/mopar/illustrations/2C3CCAEG4HH586472/air-bags__assembly-01.png
2C3CCAEG4HH586472,2017 Chrysler 300 C 3.6L V6 Gas,air-bags,68038976AD,68038976AD,2011-2020 Chrysler 300 - Side Air Bag Support Right | Right,"2:Side Curtain Air Bag, Left",https://www.moparamerica.com/oem-parts/mopar-2011-2020-chrysler-300-side-air-bag-support-right-68038976ad,https://www.moparamerica.com/v-2017-chrysler-300--c--3-6l-v6-gas/restraints--air-bags?assembly=2,evidence/mopar/illustrations/2C3CCAEG4HH586472/air-bags__assembly-02.png
2C3CCAEG4HH586472,2017 Chrysler 300 C 3.6L V6 Gas,air-bags,68038977AD,68038977AD,2011-2020 Chrysler 300 - Side Air Bag Support Left | Left,"2:Side Curtain Air Bag, Left",https://www.moparamerica.com/oem-parts/mopar-2011-2020-chrysler-300-side-air-bag-support-left-68038977ad,https://www.moparamerica.com/v-2017-chrysler-300--c--3-6l-v6-gas/restraints--air-bags?assembly=2,evidence/mopar/illustrations/2C3CCAEG4HH586472/air-bags__assembly-02.png
2C3CCAEG4HH586472,2017 Chrysler 300 C 3.6L V6 Gas,air-bags,68222742AH,68222742AH,Right,"2:Side Curtain Air Bag, Left",https://www.moparamerica.com/oem-parts/mopar-side-curtain-air-bag-right-68222742ah,https://www.moparamerica.com/v-2017-chrysler-300--c--3-6l-v6-gas/restraints--air-bags?assembly=2,evidence/mopar/illustrations/2C3CCAEG4HH586472/air-bags__assembly-02.png
2C3CCAEG4HH586472,2017 Chrysler 300 C 3.6L V6 Gas,air-bags,68222743AG,68222743AG,Left,"2:Side Curtain Air Bag, Left",https://www.moparamerica.com/oem-parts/mopar-side-curtain-air-bag-left-68222743ag,https://www.moparamerica.com/v-2017-chrysler-300--c--3-6l-v6-gas/restraints--air-bags?assembly=2,evidence/mopar/illustrations/2C3CCAEG4HH586472/air-bags__assembly-02.png
2C3CCAEG4HH586472,2017 Chrysler 300 C 3.6L V6 Gas,air-bags,68282914AD,68282914AD,Bag,3:Passenger Air Bag,https://www.moparamerica.com/oem-parts/mopar-passenger-air-bag-68282914ad,https://www.moparamerica.com/v-2017-chrysler-300--c--3-6l-v6-gas/restraints--air-bags?assembly=3,evidence/mopar/illustrations/2C3CCAEG4HH586472/air-bags__assembly-03.png
2C3CDXGJ2HH530684,2017 Dodge Charger R/T Scat Pack 6.4L V8 Gas,air-bags,68282914AD,68282914AD,Bag,3:Passenger Air Bag,https://www.moparamerica.com/oem-parts/mopar-passenger-air-bag-68282914ad,https://www.moparamerica.com/v-2017-dodge-charger--r-t-scat-pack--6-4l-v8-gas/restraints--air-bags?assembly=3,evidence/mopar/illustrations/2C3CDXGJ2HH530684/air-bags__assembly-03.png
2C3CDXGJ2HH530684,2017 Dodge Charger R/T Scat Pack 6.4L V8 Gas,air-bags,68530280AA,68530280AA,Module | Occupant Restraint Module,1:Screw,https://www.moparamerica.com/oem-parts/mopar-occupant-restraint-module-68530280aa,https://www.moparamerica.com/v-2017-dodge-charger--r-t-scat-pack--6-4l-v8-gas/restraints--air-bags?assembly=1,evidence/mopar/illustrations/2C3CDXGJ2HH530684/air-bags__assembly-01.png
2C3CCAEG4HH586472,2017 Chrysler 300 C 3.6L V6 Gas,air-bags,6MK181X9AD,6MK181X9AD,Bag,3:Passenger Air Bag,https://www.moparamerica.com/oem-parts/mopar-driver-air-bag-6mk181x9ad,https://www.moparamerica.com/v-2017-chrysler-300--c--3-6l-v6-gas/restraints--air-bags?assembly=3,evidence/mopar/illustrations/2C3CCAEG4HH586472/air-bags__assembly-03.png
2C3CCAEG4HH586472,2017 Chrysler 300 C 3.6L V6 Gas,front-seat-adjusters,1UV50DX9AA,1UV50DX9AA,Rear | Track Cover,1:Hex Head Screw | 2:Airbag Chute | 3:Hex Head Screw,https://www.moparamerica.com/oem-parts/mopar-track-cover-1uv50dx9aa,https://www.moparamerica.com/v-2017-chrysler-300--c--3-6l-v6-gas/interior-trim--front-seats-adjusters-recliners-shields-and-risers?assembly=1 | https://www.moparamerica.com/v-2017-chrysler-300--c--3-6l-v6-gas/interior-trim--front-seats-adjusters-recliners-shields-and-risers?assembly=2 | https://www.moparamerica.com/v-2017-chrysler-300--c--3-6l-v6-gas/interior-trim--front-seats-adjusters-recliners-shields-and-risers?assembly=3,evidence/mopar/illustrations/2C3CCAEG4HH586472/front-seat-adjusters__assembly-01.png | evidence/mopar/illustrations/2C3CCAEG4HH586472/front-seat-adjusters__assembly-02.png | evidence/mopar/illustrations/2C3CCAEG4HH586472/front-seat-adjusters__assembly-03.png
2C3CDXGJ2HH530684,2017 Dodge Charger R/T Scat Pack 6.4L V8 Gas,front-seat-adjusters,1UV50DX9AA,1UV50DX9AA,Cover | Track Cover,1:Seat Bolt | 2:Seat Back Blower | 3:Seat Bolt,https://www.moparamerica.com/oem-parts/mopar-track-cover-1uv50dx9aa,https://www.moparamerica.com/v-2017-dodge-charger--r-t-scat-pack--6-4l-v8-gas/interior-trim--front-seats-adjusters-recliners-shields-and-risers?assembly=1 | https://www.moparamerica.com/v-2017-dodge-charger--r-t-scat-pack--6-4l-v8-gas/interior-trim--front-seats-adjusters-recliners-shields-and-risers?assembly=2 | https://www.moparamerica.com/v-2017-dodge-charger--r-t-scat-pack--6-4l-v8-gas/interior-trim--front-seats-adjusters-recliners-shields-and-risers?assembly=3,evidence/mopar/illustrations/2C3CDXGJ2HH530684/front-seat-adjusters__assembly-01.png | evidence/mopar/illustrations/2C3CDXGJ2HH530684/front-seat-adjusters__assembly-02.png | evidence/mopar/illustrations/2C3CDXGJ2HH530684/front-seat-adjusters__assembly-03.png
2C3CCAEG4HH586472,2017 Chrysler 300 C 3.6L V6 Gas,front-seat-adjusters,1UV50LC5AA,1UV50LC5AA,"Rear | Track Cover, Rear",1:Hex Head Screw | 2:Airbag Chute,https://www.moparamerica.com/oem-parts/mopar-track-cover-rear-1uv50lc5aa,https://www.moparamerica.com/v-2017-chrysler-300--c--3-6l-v6-gas/interior-trim--front-seats-adjusters-recliners-shields-and-risers?assembly=1 | https://www.moparamerica.com/v-2017-chrysler-300--c--3-6l-v6-gas/interior-trim--front-seats-adjusters-recliners-shields-and-risers?assembly=2,evidence/mopar/illustrations/2C3CCAEG4HH586472/front-seat-adjusters__assembly-01.png | evidence/mopar/illustrations/2C3CCAEG4HH586472/front-seat-adjusters__assembly-02.png
2C3CCAEG4HH586472,2017 Chrysler 300 C 3.6L V6 Gas,front-seat-adjusters,1UV51DX9AA,1UV51DX9AA,Front | Track Cover,1:Hex Head Screw | 2:Airbag Chute | 3:Hex Head Screw,https://www.moparamerica.com/oem-parts/mopar-track-cover-1uv51dx9aa,https://www.moparamerica.com/v-2017-chrysler-300--c--3-6l-v6-gas/interior-trim--front-seats-adjusters-recliners-shields-and-risers?assembly=1 | https://www.moparamerica.com/v-2017-chrysler-300--c--3-6l-v6-gas/interior-trim--front-seats-adjusters-recliners-shields-and-risers?assembly=2 | https://www.moparamerica.com/v-2017-chrysler-300--c--3-6l-v6-gas/interior-trim--front-seats-adjusters-recliners-shields-and-risers?assembly=3,evidence/mopar/illustrations/2C3CCAEG4HH586472/front-seat-adjusters__assembly-01.png | evidence/mopar/illustrations/2C3CCAEG4HH586472/front-seat-adjusters__assembly-02.png | evidence/mopar/illustrations/2C3CCAEG4HH586472/front-seat-adjusters__assembly-03.png
2C3CDXGJ2HH530684,2017 Dodge Charger R/T Scat Pack 6.4L V8 Gas,front-seat-adjusters,1UV51DX9AA,1UV51DX9AA,Cover | Track Cover,1:Seat Bolt | 2:Seat Back Blower | 3:Seat Bolt,https://www.moparamerica.com/oem-parts/mopar-track-cover-1uv51dx9aa,https://www.moparamerica.com/v-2017-dodge-charger--r-t-scat-pack--6-4l-v8-gas/interior-trim--front-seats-adjusters-recliners-shields-and-risers?assembly=1 | https://www.moparamerica.com/v-2017-dodge-charger--r-t-scat-pack--6-4l-v8-gas/interior-trim--front-seats-adjusters-recliners-shields-and-risers?assembly=2 | https://www.moparamerica.com/v-2017-dodge-charger--r-t-scat-pack--6-4l-v8-gas/interior-trim--front-seats-adjusters-recliners-shields-and-risers?assembly=3,evidence/mopar/illustrations/2C3CDXGJ2HH530684/front-seat-adjusters__assembly-01.png | evidence/mopar/illustrations/2C3CDXGJ2HH530684/front-seat-adjusters__assembly-02.png | evidence/mopar/illustrations/2C3CDXGJ2HH530684/front-seat-adjusters__assembly-03.png
2C3CCAEG4HH586472,2017 Chrysler 300 C 3.6L V6 Gas,front-seat-adjusters,1UV51LC5AA,1UV51LC5AA,"Front | Track Cover, Front",1:Hex Head Screw | 2:Airbag Chute,https://www.moparamerica.com/oem-parts/mopar-track-cover-front-1uv51lc5aa,https://www.moparamerica.com/v-2017-chrysler-300--c--3-6l-v6-gas/interior-trim--front-seats-adjusters-recliners-shields-and-risers?assembly=1 | https://www.moparamerica.com/v-2017-chrysler-300--c--3-6l-v6-gas/interior-trim--front-seats-adjusters-recliners-shields-and-risers?assembly=2,evidence/mopar/illustrations/2C3CCAEG4HH586472/front-seat-adjusters__assembly-01.png | evidence/mopar/illustrations/2C3CCAEG4HH586472/front-seat-adjusters__assembly-02.png
2C3CCAEG4HH586472,2017 Chrysler 300 C 3.6L V6 Gas,front-seat-adjusters,1UV72DX9AA,1UV72DX9AA,Handle | Recliner Handle,3:Hex Head Screw,https://www.moparamerica.com/oem-parts/mopar-recliner-handle-1uv72dx9aa,https://www.moparamerica.com/v-2017-chrysler-300--c--3-6l-v6-gas/interior-trim--front-seats-adjusters-recliners-shields-and-risers?assembly=3,evidence/mopar/illustrations/2C3CCAEG4HH586472/front-seat-adjusters__assembly-03.png
2C3CDXGJ2HH530684,2017 Dodge Charger R/T Scat Pack 6.4L V8 Gas,front-seat-adjusters,1UV72DX9AA,1UV72DX9AA,Handle | Recliner Handle,1:Seat Bolt | 3:Seat Bolt,https://www.moparamerica.com/oem-parts/mopar-recliner-handle-1uv72dx9aa,https://www.moparamerica.com/v-2017-dodge-charger--r-t-scat-pack--6-4l-v8-gas/interior-trim--front-seats-adjusters-recliners-shields-and-risers?assembly=1 | https://www.moparamerica.com/v-2017-dodge-charger--r-t-scat-pack--6-4l-v8-gas/interior-trim--front-seats-adjusters-recliners-shields-and-risers?assembly=3,evidence/mopar/illustrations/2C3CDXGJ2HH530684/front-seat-adjusters__assembly-01.png | evidence/mopar/illustrations/2C3CDXGJ2HH530684/front-seat-adjusters__assembly-03.png
2C3CDXGJ2HH530684,2017 Dodge Charger R/T Scat Pack 6.4L V8 Gas,front-seat-adjusters,1UV73DX9AA,1UV73DX9AA,Handle | Recliner Handle,1:Seat Bolt,https://www.moparamerica.com/oem-parts/mopar-recliner-handle-1uv73dx9aa,https://www.moparamerica.com/v-2017-dodge-charger--r-t-scat-pack--6-4l-v8-gas/interior-trim--front-seats-adjusters-recliners-shields-and-risers?assembly=1,evidence/mopar/illustrations/2C3CDXGJ2HH530684/front-seat-adjusters__assembly-01.png
2C3CCAEG4HH586472,2017 Chrysler 300 C 3.6L V6 Gas,front-seat-adjusters,1UV75DX9AB,1UV75DX9AB,Cover | Front Seat Anchor Bolt Cover,1:Hex Head Screw | 2:Airbag Chute | 3:Hex Head Screw,https://www.moparamerica.com/oem-parts/mopar-front-seat-anchor-bolt-cover-1uv75dx9ab,https://www.moparamerica.com/v-2017-chrysler-300--c--3-6l-v6-gas/interior-trim--front-seats-adjusters-recliners-shields-and-risers?assembly=1 | https://www.moparamerica.com/v-2017-chrysler-300--c--3-6l-v6-gas/interior-trim--front-seats-adjusters-recliners-shields-and-risers?assembly=2 | https://www.moparamerica.com/v-2017-chrysler-300--c--3-6l-v6-gas/interior-trim--front-seats-adjusters-recliners-shields-and-risers?assembly=3,evidence/mopar/illustrations/2C3CCAEG4HH586472/front-seat-adjusters__assembly-01.png | evidence/mopar/illustrations/2C3CCAEG4HH586472/front-seat-adjusters__assembly-02.png | evidence/mopar/illustrations/2C3CCAEG4HH586472/front-seat-adjusters__assembly-03.png
2C3CDXGJ2HH530684,2017 Dodge Charger R/T Scat Pack 6.4L V8 Gas,front-seat-adjusters,1UV75DX9AB,1UV75DX9AB,Cover | Front Seat Anchor Bolt Cover,2:Seat Back Blower | 3:Seat Bolt,https://www.moparamerica.com/oem-parts/mopar-front-seat-anchor-bolt-cover-1uv75dx9ab,https://www.moparamerica.com/v-2017-dodge-charger--r-t-scat-pack--6-4l-v8-gas/interior-trim--front-seats-adjusters-recliners-shields-and-risers?assembly=2 | https://www.moparamerica.com/v-2017-dodge-charger--r-t-scat-pack--6-4l-v8-gas/interior-trim--front-seats-adjusters-recliners-shields-and-risers?assembly=3,evidence/mopar/illustrations/2C3CDXGJ2HH530684/front-seat-adjusters__assembly-02.png | evidence/mopar/illustrations/2C3CDXGJ2HH530684/front-seat-adjusters__assembly-03.png
2C3CCAEG4HH586472,2017 Chrysler 300 C 3.6L V6 Gas,front-seat-adjusters,1UV75LC5AB,1UV75LC5AB,"Cover | Front Seat Anchor Bolt Cover, Right",1:Hex Head Screw | 2:Airbag Chute,https://www.moparamerica.com/oem-parts/mopar-front-seat-anchor-bolt-cover-right-1uv75lc5ab,https://www.moparamerica.com/v-2017-chrysler-300--c--3-6l-v6-gas/interior-trim--front-seats-adjusters-recliners-shields-and-risers?assembly=1 | https://www.moparamerica.com/v-2017-chrysler-300--c--3-6l-v6-gas/interior-trim--front-seats-adjusters-recliners-shields-and-risers?assembly=2,evidence/mopar/illustrations/2C3CCAEG4HH586472/front-seat-adjusters__assembly-01.png | evidence/mopar/illustrations/2C3CCAEG4HH586472/front-seat-adjusters__assembly-02.png
2C3CDXGJ2HH530684,2017 Dodge Charger R/T Scat Pack 6.4L V8 Gas,front-seat-adjusters,1UW21DX9AC,1UW21DX9AC,Seat Adjuster Shield | Shield,1:Seat Bolt,https://www.moparamerica.com/oem-parts/mopar-2011-2021-dodge-charger-seat-adjuster-shield-1uw21dx9ac,https://www.moparamerica.com/v-2017-dodge-charger--r-t-scat-pack--6-4l-v8-gas/interior-trim--front-seats-adjusters-recliners-shields-and-risers?assembly=1,evidence/mopar/illustrations/2C3CDXGJ2HH530684/front-seat-adjusters__assembly-01.png
2C3CCAEG4HH586472,2017 Chrysler 300 C 3.6L V6 Gas,front-seat-adjusters,1UW231C3AA,1UW231C3AA,Front Seat Back Panel,1:Hex Head Screw | 2:Airbag Chute,https://www.moparamerica.com/oem-parts/mopar-front-seat-back-panel-1uw231c3aa,https://www.moparamerica.com/v-2017-chrysler-300--c--3-6l-v6-gas/interior-trim--front-seats-adjusters-recliners-shields-and-risers?assembly=1 | https://www.moparamerica.com/v-2017-chrysler-300--c--3-6l-v6-gas/interior-trim--front-seats-adjusters-recliners-shields-and-risers?assembly=2,evidence/mopar/illustrations/2C3CCAEG4HH586472/front-seat-adjusters__assembly-01.png | evidence/mopar/illustrations/2C3CCAEG4HH586472/front-seat-adjusters__assembly-02.png
2C3CCAEG4HH586472,2017 Chrysler 300 C 3.6L V6 Gas,front-seat-adjusters,1UW23LC5AA,1UW23LC5AA,Front Seat Back Panel,1:Hex Head Screw | 2:Airbag Chute,https://www.moparamerica.com/oem-parts/mopar-front-seat-back-panel-1uw23lc5aa,https://www.moparamerica.com/v-2017-chrysler-300--c--3-6l-v6-gas/interior-trim--front-seats-adjusters-recliners-shields-and-risers?assembly=1 | https://www.moparamerica.com/v-2017-chrysler-300--c--3-6l-v6-gas/interior-trim--front-seats-adjusters-recliners-shields-and-risers?assembly=2,evidence/mopar/illustrations/2C3CCAEG4HH586472/front-seat-adjusters__assembly-01.png | evidence/mopar/illustrations/2C3CCAEG4HH586472/front-seat-adjusters__assembly-02.png
2C3CCAEG4HH586472,2017 Chrysler 300 C 3.6L V6 Gas,front-seat-adjusters,1UW25DX9AB,1UW25DX9AB,"Cover | Front Seat Anchor Bolt Cover, Left",1:Hex Head Screw | 2:Airbag Chute,https://www.moparamerica.com/oem-parts/mopar-front-seat-anchor-bolt-cover-left-1uw25dx9ab,https://www.moparamerica.com/v-2017-chrysler-300--c--3-6l-v6-gas/interior-trim--front-seats-adjusters-recliners-shields-and-risers?assembly=1 | https://www.moparamerica.com/v-2017-chrysler-300--c--3-6l-v6-gas/interior-trim--front-seats-adjusters-recliners-shields-and-risers?assembly=2,evidence/mopar/illustrations/2C3CCAEG4HH586472/front-seat-adjusters__assembly-01.png | evidence/mopar/illustrations/2C3CCAEG4HH586472/front-seat-adjusters__assembly-02.png
2C3CDXGJ2HH530684,2017 Dodge Charger R/T Scat Pack 6.4L V8 Gas,front-seat-adjusters,1UW25DX9AB,1UW25DX9AB,"Cover | Front Seat Anchor Bolt Cover, Left",1:Seat Bolt,https://www.moparamerica.com/oem-parts/mopar-front-seat-anchor-bolt-cover-left-1uw25dx9ab,https://www.moparamerica.com/v-2017-dodge-charger--r-t-scat-pack--6-4l-v8-gas/interior-trim--front-seats-adjusters-recliners-shields-and-risers?assembly=1,evidence/mopar/illustrations/2C3CDXGJ2HH530684/front-seat-adjusters__assembly-01.png
2C3CCAEG4HH586472,2017 Chrysler 300 C 3.6L V6 Gas,front-seat-adjusters,1UW25LC5AB,1UW25LC5AB,"Cover | Front Seat Anchor Bolt Cover, Left",1:Hex Head Screw | 2:Airbag Chute,https://www.moparamerica.com/oem-parts/mopar-front-seat-anchor-bolt-cover-left-1uw25lc5ab,https://www.moparamerica.com/v-2017-chrysler-300--c--3-6l-v6-gas/interior-trim--front-seats-adjusters-recliners-shields-and-risers?assembly=1 | https://www.moparamerica.com/v-2017-chrysler-300--c--3-6l-v6-gas/interior-trim--front-seats-adjusters-recliners-shields-and-risers?assembly=2,evidence/mopar/illustrations/2C3CCAEG4HH586472/front-seat-adjusters__assembly-01.png | evidence/mopar/illustrations/2C3CCAEG4HH586472/front-seat-adjusters__assembly-02.png
2C3CCAEG4HH586472,2017 Chrysler 300 C 3.6L V6 Gas,front-seat-adjusters,1UY02DX9AC,1UY02DX9AC,2011-2021 Mopar Front Seat Back Panel | Panel,1:Hex Head Screw | 2:Airbag Chute | 3:Hex Head Screw,https://www.moparamerica.com/oem-parts/mopar-2011-2021-mopar-front-seat-back-panel-1uy02dx9ac,https://www.moparamerica.com/v-2017-chrysler-300--c--3-6l-v6-gas/interior-trim--front-seats-adjusters-recliners-shields-and-risers?assembly=1 | https://www.moparamerica.com/v-2017-chrysler-300--c--3-6l-v6-gas/interior-trim--front-seats-adjusters-recliners-shields-and-risers?assembly=2 | https://www.moparamerica.com/v-2017-chrysler-300--c--3-6l-v6-gas/interior-trim--front-seats-adjusters-recliners-shields-and-risers?assembly=3,evidence/mopar/illustrations/2C3CCAEG4HH586472/front-seat-adjusters__assembly-01.png | evidence/mopar/illustrations/2C3CCAEG4HH586472/front-seat-adjusters__assembly-02.png | evidence/mopar/illustrations/2C3CCAEG4HH586472/front-seat-adjusters__assembly-03.png
2C3CDXGJ2HH530684,2017 Dodge Charger R/T Scat Pack 6.4L V8 Gas,front-seat-adjusters,1UY02DX9AC,1UY02DX9AC,2011-2021 Mopar Front Seat Back Panel | Panel,2:Seat Back Blower | 3:Seat Bolt,https://www.moparamerica.com/oem-parts/mopar-2011-2021-mopar-front-seat-back-panel-1uy02dx9ac,https://www.moparamerica.com/v-2017-dodge-charger--r-t-scat-pack--6-4l-v8-gas/interior-trim--front-seats-adjusters-recliners-shields-and-risers?assembly=2 | https://www.moparamerica.com/v-2017-dodge-charger--r-t-scat-pack--6-4l-v8-gas/interior-trim--front-seats-adjusters-recliners-shields-and-risers?assembly=3,evidence/mopar/illustrations/2C3CDXGJ2HH530684/front-seat-adjusters__assembly-02.png | evidence/mopar/illustrations/2C3CDXGJ2HH530684/front-seat-adjusters__assembly-03.png
2C3CCAEG4HH586472,2017 Chrysler 300 C 3.6L V6 Gas,front-seat-adjusters,1UY02LC5AA,1UY02LC5AA,Front Seat Back Panel,1:Hex Head Screw | 2:Airbag Chute,https://www.moparamerica.com/oem-parts/mopar-front-seat-back-panel-1uy02lc5aa,https://www.moparamerica.com/v-2017-chrysler-300--c--3-6l-v6-gas/interior-trim--front-seats-adjusters-recliners-shields-and-risers?assembly=1 | https://www.moparamerica.com/v-2017-chrysler-300--c--3-6l-v6-gas/interior-trim--front-seats-adjusters-recliners-shields-and-risers?assembly=2,evidence/mopar/illustrations/2C3CCAEG4HH586472/front-seat-adjusters__assembly-01.png | evidence/mopar/illustrations/2C3CCAEG4HH586472/front-seat-adjusters__assembly-02.png
2C3CCAEG4HH586472,2017 Chrysler 300 C 3.6L V6 Gas,front-seat-adjusters,1UY08DX9AB,1UY08DX9AB,Seat Shield | Shield,3:Hex Head Screw,https://www.moparamerica.com/oem-parts/mopar-seat-shield-1uy08dx9ab,https://www.moparamerica.com/v-2017-chrysler-300--c--3-6l-v6-gas/interior-trim--front-seats-adjusters-recliners-shields-and-risers?assembly=3,evidence/mopar/illustrations/2C3CCAEG4HH586472/front-seat-adjusters__assembly-03.png
2C3CDXGJ2HH530684,2017 Dodge Charger R/T Scat Pack 6.4L V8 Gas,front-seat-adjusters,1UY08DX9AB,1UY08DX9AB,Seat Shield | Shield,3:Seat Bolt,https://www.moparamerica.com/oem-parts/mopar-seat-shield-1uy08dx9ab,https://www.moparamerica.com/v-2017-dodge-charger--r-t-scat-pack--6-4l-v8-gas/interior-trim--front-seats-adjusters-recliners-shields-and-risers?assembly=3,evidence/mopar/illustrations/2C3CDXGJ2HH530684/front-seat-adjusters__assembly-03.png
2C3CCAEG4HH586472,2017 Chrysler 300 C 3.6L V6 Gas,front-seat-adjusters,1UY33DX9AC,1UY33DX9AC,2011-2020 Mopar Seat Adjuster Shield | Shield,1:Hex Head Screw | 2:Airbag Chute,https://www.moparamerica.com/oem-parts/mopar-2011-2020-mopar-seat-adjuster-shield-1uy33dx9ac,https://www.moparamerica.com/v-2017-chrysler-300--c--3-6l-v6-gas/interior-trim--front-seats-adjusters-recliners-shields-and-risers?assembly=1 | https://www.moparamerica.com/v-2017-chrysler-300--c--3-6l-v6-gas/interior-trim--front-seats-adjusters-recliners-shields-and-risers?assembly=2,evidence/mopar/illustrations/2C3CCAEG4HH586472/front-seat-adjusters__assembly-01.png | evidence/mopar/illustrations/2C3CCAEG4HH586472/front-seat-adjusters__assembly-02.png
2C3CDXGJ2HH530684,2017 Dodge Charger R/T Scat Pack 6.4L V8 Gas,front-seat-adjusters,1UY33DX9AC,1UY33DX9AC,2011-2020 Mopar Seat Adjuster Shield | Shield,1:Seat Bolt,https://www.moparamerica.com/oem-parts/mopar-2011-2020-mopar-seat-adjuster-shield-1uy33dx9ac,https://www.moparamerica.com/v-2017-dodge-charger--r-t-scat-pack--6-4l-v8-gas/interior-trim--front-seats-adjusters-recliners-shields-and-risers?assembly=1,evidence/mopar/illustrations/2C3CDXGJ2HH530684/front-seat-adjusters__assembly-01.png
2C3CCAEG4HH586472,2017 Chrysler 300 C 3.6L V6 Gas,front-seat-adjusters,1UY33LC5AC,1UY33LC5AC,Seat Adjuster Shield | Shield,1:Hex Head Screw | 2:Airbag Chute,https://www.moparamerica.com/oem-parts/mopar-seat-adjuster-shield-1uy33lc5ac,https://www.moparamerica.com/v-2017-chrysler-300--c--3-6l-v6-gas/interior-trim--front-seats-adjusters-recliners-shields-and-risers?assembly=1 | https://www.moparamerica.com/v-2017-chrysler-300--c--3-6l-v6-gas/interior-trim--front-seats-adjusters-recliners-shields-and-risers?assembly=2,evidence/mopar/illustrations/2C3CCAEG4HH586472/front-seat-adjusters__assembly-01.png | evidence/mopar/illustrations/2C3CCAEG4HH586472/front-seat-adjusters__assembly-02.png
2C3CCAEG4HH586472,2017 Chrysler 300 C 3.6L V6 Gas,front-seat-adjusters,1UZ62DX9AC,1UZ62DX9AC,2011-2021 Mopar Seat Adjuster Shield | Shield,1:Hex Head Screw | 2:Airbag Chute,https://www.moparamerica.com/oem-parts/mopar-2011-2021-mopar-seat-adjuster-shield-1uz62dx9ac,https://www.moparamerica.com/v-2017-chrysler-300--c--3-6l-v6-gas/interior-trim--front-seats-adjusters-recliners-shields-and-risers?assembly=1 | https://www.moparamerica.com/v-2017-chrysler-300--c--3-6l-v6-gas/interior-trim--front-seats-adjusters-recliners-shields-and-risers?assembly=2,evidence/mopar/illustrations/2C3CCAEG4HH586472/front-seat-adjusters__assembly-01.png | evidence/mopar/illustrations/2C3CCAEG4HH586472/front-seat-adjusters__assembly-02.png
2C3CDXGJ2HH530684,2017 Dodge Charger R/T Scat Pack 6.4L V8 Gas,front-seat-adjusters,1UZ62DX9AC,1UZ62DX9AC,2011-2021 Mopar Seat Adjuster Shield | Shield,2:Seat Back Blower,https://www.moparamerica.com/oem-parts/mopar-2011-2021-mopar-seat-adjuster-shield-1uz62dx9ac,https://www.moparamerica.com/v-2017-dodge-charger--r-t-scat-pack--6-4l-v8-gas/interior-trim--front-seats-adjusters-recliners-shields-and-risers?assembly=2,evidence/mopar/illustrations/2C3CDXGJ2HH530684/front-seat-adjusters__assembly-02.png
2C3CCAEG4HH586472,2017 Chrysler 300 C 3.6L V6 Gas,front-seat-adjusters,1UZ62LC5AB,1UZ62LC5AB,"Seat Adjuster Shield, Right | Shield",1:Hex Head Screw | 2:Airbag Chute,https://www.moparamerica.com/oem-parts/mopar-seat-adjuster-shield-right-1uz62lc5ab,https://www.moparamerica.com/v-2017-chrysler-300--c--3-6l-v6-gas/interior-trim--front-seats-adjusters-recliners-shields-and-risers?assembly=1 | https://www.moparamerica.com/v-2017-chrysler-300--c--3-6l-v6-gas/interior-trim--front-seats-adjusters-recliners-shields-and-risers?assembly=2,evidence/mopar/illustrations/2C3CCAEG4HH586472/front-seat-adjusters__assembly-01.png | evidence/mopar/illustrations/2C3CCAEG4HH586472/front-seat-adjusters__assembly-02.png
2C3CDXGJ2HH530684,2017 Dodge Charger R/T Scat Pack 6.4L V8 Gas,front-seat-adjusters,1UZ63DX9AC,1UZ63DX9AC,2011-2021 Mopar Seat Adjuster Shield | Shield,1:Seat Bolt,https://www.moparamerica.com/oem-parts/mopar-2011-2021-mopar-seat-adjuster-shield-1uz63dx9ac,https://www.moparamerica.com/v-2017-dodge-charger--r-t-scat-pack--6-4l-v8-gas/interior-trim--front-seats-adjusters-recliners-shields-and-risers?assembly=1,evidence/mopar/illustrations/2C3CDXGJ2HH530684/front-seat-adjusters__assembly-01.png
2C3CCAEG4HH586472,2017 Chrysler 300 C 3.6L V6 Gas,front-seat-adjusters,55057389AD,55057389AD,Blower | Seat Back Blower,1:Hex Head Screw | 2:Airbag Chute,https://www.moparamerica.com/oem-parts/mopar-seat-back-blower-55057389ad,https://www.moparamerica.com/v-2017-chrysler-300--c--3-6l-v6-gas/interior-trim--front-seats-adjusters-recliners-shields-and-risers?assembly=1 | https://www.moparamerica.com/v-2017-chrysler-300--c--3-6l-v6-gas/interior-trim--front-seats-adjusters-recliners-shields-and-risers?assembly=2,evidence/mopar/illustrations/2C3CCAEG4HH586472/front-seat-adjusters__assembly-01.png | evidence/mopar/illustrations/2C3CCAEG4HH586472/front-seat-adjusters__assembly-02.png
2C3CDXGJ2HH530684,2017 Dodge Charger R/T Scat Pack 6.4L V8 Gas,front-seat-adjusters,55057389AD,55057389AD,Blower | Seat Back Blower,1:Seat Bolt | 2:Seat Back Blower,https://www.moparamerica.com/oem-parts/mopar-seat-back-blower-55057389ad,https://www.moparamerica.com/v-2017-dodge-charger--r-t-scat-pack--6-4l-v8-gas/interior-trim--front-seats-adjusters-recliners-shields-and-risers?assembly=1 | https://www.moparamerica.com/v-2017-dodge-charger--r-t-scat-pack--6-4l-v8-gas/interior-trim--front-seats-adjusters-recliners-shields-and-risers?assembly=2,evidence/mopar/illustrations/2C3CDXGJ2HH530684/front-seat-adjusters__assembly-01.png | evidence/mopar/illustrations/2C3CDXGJ2HH530684/front-seat-adjusters__assembly-02.png
2C3CCAEG4HH586472,2017 Chrysler 300 C 3.6L V6 Gas,front-seat-adjusters,6507594AA,6507594AA,Hex Head Screw,1:Hex Head Screw | 2:Airbag Chute | 3:Hex Head Screw,https://www.moparamerica.com/oem-parts/mopar-hex-head-screw-6507594aa,https://www.moparamerica.com/v-2017-chrysler-300--c--3-6l-v6-gas/interior-trim--front-seats-adjusters-recliners-shields-and-risers?assembly=1 | https://www.moparamerica.com/v-2017-chrysler-300--c--3-6l-v6-gas/interior-trim--front-seats-adjusters-recliners-shields-and-risers?assembly=2 | https://www.moparamerica.com/v-2017-chrysler-300--c--3-6l-v6-gas/interior-trim--front-seats-adjusters-recliners-shields-and-risers?assembly=3,evidence/mopar/illustrations/2C3CCAEG4HH586472/front-seat-adjusters__assembly-01.png | evidence/mopar/illustrations/2C3CCAEG4HH586472/front-seat-adjusters__assembly-02.png | evidence/mopar/illustrations/2C3CCAEG4HH586472/front-seat-adjusters__assembly-03.png
2C3CDXGJ2HH530684,2017 Dodge Charger R/T Scat Pack 6.4L V8 Gas,front-seat-adjusters,6507594AA,6507594AA,Hex Head Screw | Screw,1:Seat Bolt | 2:Seat Back Blower | 3:Seat Bolt,https://www.moparamerica.com/oem-parts/mopar-hex-head-screw-6507594aa,https://www.moparamerica.com/v-2017-dodge-charger--r-t-scat-pack--6-4l-v8-gas/interior-trim--front-seats-adjusters-recliners-shields-and-risers?assembly=1 | https://www.moparamerica.com/v-2017-dodge-charger--r-t-scat-pack--6-4l-v8-gas/interior-trim--front-seats-adjusters-recliners-shields-and-risers?assembly=2 | https://www.moparamerica.com/v-2017-dodge-charger--r-t-scat-pack--6-4l-v8-gas/interior-trim--front-seats-adjusters-recliners-shields-and-risers?assembly=3,evidence/mopar/illustrations/2C3CDXGJ2HH530684/front-seat-adjusters__assembly-01.png | evidence/mopar/illustrations/2C3CDXGJ2HH530684/front-seat-adjusters__assembly-02.png | evidence/mopar/illustrations/2C3CDXGJ2HH530684/front-seat-adjusters__assembly-03.png
2C3CDXGJ2HH530684,2017 Dodge Charger R/T Scat Pack 6.4L V8 Gas,front-seat-adjusters,68102131AA,68102131AA,Frame | Front Seat Back Frame,1:Seat Bolt,https://www.moparamerica.com/oem-parts/mopar-front-seat-back-frame-68102131aa,https://www.moparamerica.com/v-2017-dodge-charger--r-t-scat-pack--6-4l-v8-gas/interior-trim--front-seats-adjusters-recliners-shields-and-risers?assembly=1,evidence/mopar/illustrations/2C3CDXGJ2HH530684/front-seat-adjusters__assembly-01.png
2C3CCAEG4HH586472,2017 Chrysler 300 C 3.6L V6 Gas,front-seat-adjusters,68102980AA,68102980AA,Airbag Chute,1:Hex Head Screw | 2:Airbag Chute,https://www.moparamerica.com/oem-parts/mopar-airbag-chute-68102980aa,https://www.moparamerica.com/v-2017-chrysler-300--c--3-6l-v6-gas/interior-trim--front-seats-adjusters-recliners-shields-and-risers?assembly=1 | https://www.moparamerica.com/v-2017-chrysler-300--c--3-6l-v6-gas/interior-trim--front-seats-adjusters-recliners-shields-and-risers?assembly=2,evidence/mopar/illustrations/2C3CCAEG4HH586472/front-seat-adjusters__assembly-01.png | evidence/mopar/illustrations/2C3CCAEG4HH586472/front-seat-adjusters__assembly-02.png
2C3CDXGJ2HH530684,2017 Dodge Charger R/T Scat Pack 6.4L V8 Gas,front-seat-adjusters,68102980AA,68102980AA,Airbag Chute | Chute,1:Seat Bolt | 2:Seat Back Blower | 3:Seat Bolt,https://www.moparamerica.com/oem-parts/mopar-airbag-chute-68102980aa,https://www.moparamerica.com/v-2017-dodge-charger--r-t-scat-pack--6-4l-v8-gas/interior-trim--front-seats-adjusters-recliners-shields-and-risers?assembly=1 | https://www.moparamerica.com/v-2017-dodge-charger--r-t-scat-pack--6-4l-v8-gas/interior-trim--front-seats-adjusters-recliners-shields-and-risers?assembly=2 | https://www.moparamerica.com/v-2017-dodge-charger--r-t-scat-pack--6-4l-v8-gas/interior-trim--front-seats-adjusters-recliners-shields-and-risers?assembly=3,evidence/mopar/illustrations/2C3CDXGJ2HH530684/front-seat-adjusters__assembly-01.png | evidence/mopar/illustrations/2C3CDXGJ2HH530684/front-seat-adjusters__assembly-02.png | evidence/mopar/illustrations/2C3CDXGJ2HH530684/front-seat-adjusters__assembly-03.png
2C3CCAEG4HH586472,2017 Chrysler 300 C 3.6L V6 Gas,front-seat-adjusters,68103691AA,68103691AA,Airbag Chute,1:Hex Head Screw | 2:Airbag Chute,https://www.moparamerica.com/oem-parts/mopar-airbag-chute-68103691aa,https://www.moparamerica.com/v-2017-chrysler-300--c--3-6l-v6-gas/interior-trim--front-seats-adjusters-recliners-shields-and-risers?assembly=1 | https://www.moparamerica.com/v-2017-chrysler-300--c--3-6l-v6-gas/interior-trim--front-seats-adjusters-recliners-shields-and-risers?assembly=2,evidence/mopar/illustrations/2C3CCAEG4HH586472/front-seat-adjusters__assembly-01.png | evidence/mopar/illustrations/2C3CCAEG4HH586472/front-seat-adjusters__assembly-02.png
2C3CDXGJ2HH530684,2017 Dodge Charger R/T Scat Pack 6.4L V8 Gas,front-seat-adjusters,68103691AA,68103691AA,Airbag Chute | Chute,1:Seat Bolt | 2:Seat Back Blower | 3:Seat Bolt,https://www.moparamerica.com/oem-parts/mopar-airbag-chute-68103691aa,https://www.moparamerica.com/v-2017-dodge-charger--r-t-scat-pack--6-4l-v8-gas/interior-trim--front-seats-adjusters-recliners-shields-and-risers?assembly=1 | https://www.moparamerica.com/v-2017-dodge-charger--r-t-scat-pack--6-4l-v8-gas/interior-trim--front-seats-adjusters-recliners-shields-and-risers?assembly=2 | https://www.moparamerica.com/v-2017-dodge-charger--r-t-scat-pack--6-4l-v8-gas/interior-trim--front-seats-adjusters-recliners-shields-and-risers?assembly=3,evidence/mopar/illustrations/2C3CDXGJ2HH530684/front-seat-adjusters__assembly-01.png | evidence/mopar/illustrations/2C3CDXGJ2HH530684/front-seat-adjusters__assembly-02.png | evidence/mopar/illustrations/2C3CDXGJ2HH530684/front-seat-adjusters__assembly-03.png
2C3CCAEG4HH586472,2017 Chrysler 300 C 3.6L V6 Gas,front-seat-adjusters,68103696AA,68103696AA,Frame | Front Seat Back Frame,3:Hex Head Screw,https://www.moparamerica.com/oem-parts/mopar-front-seat-back-frame-68103696aa,https://www.moparamerica.com/v-2017-chrysler-300--c--3-6l-v6-gas/interior-trim--front-seats-adjusters-recliners-shields-and-risers?assembly=3,evidence/mopar/illustrations/2C3CCAEG4HH586472/front-seat-adjusters__assembly-03.png
2C3CDXGJ2HH530684,2017 Dodge Charger R/T Scat Pack 6.4L V8 Gas,front-seat-adjusters,68103696AA,68103696AA,Frame | Front Seat Back Frame,3:Seat Bolt,https://www.moparamerica.com/oem-parts/mopar-front-seat-back-frame-68103696aa,https://www.moparamerica.com/v-2017-dodge-charger--r-t-scat-pack--6-4l-v8-gas/interior-trim--front-seats-adjusters-recliners-shields-and-risers?assembly=3,evidence/mopar/illustrations/2C3CDXGJ2HH530684/front-seat-adjusters__assembly-03.png
2C3CCAEG4HH586472,2017 Chrysler 300 C 3.6L V6 Gas,front-seat-adjusters,68104427AA,68104427AA,Frame | Front Seat Back Frame,1:Hex Head Screw | 2:Airbag Chute,https://www.moparamerica.com/oem-parts/mopar-front-seat-back-frame-68104427aa,https://www.moparamerica.com/v-2017-chrysler-300--c--3-6l-v6-gas/interior-trim--front-seats-adjusters-recliners-shields-and-risers?assembly=1 | https://www.moparamerica.com/v-2017-chrysler-300--c--3-6l-v6-gas/interior-trim--front-seats-adjusters-recliners-shields-and-risers?assembly=2,evidence/mopar/illustrations/2C3CCAEG4HH586472/front-seat-adjusters__assembly-01.png | evidence/mopar/illustrations/2C3CCAEG4HH586472/front-seat-adjusters__assembly-02.png
2C3CDXGJ2HH530684,2017 Dodge Charger R/T Scat Pack 6.4L V8 Gas,front-seat-adjusters,68104427AA,68104427AA,Frame | Front Seat Back Frame,1:Seat Bolt | 2:Seat Back Blower,https://www.moparamerica.com/oem-parts/mopar-front-seat-back-frame-68104427aa,https://www.moparamerica.com/v-2017-dodge-charger--r-t-scat-pack--6-4l-v8-gas/interior-trim--front-seats-adjusters-recliners-shields-and-risers?assembly=1 | https://www.moparamerica.com/v-2017-dodge-charger--r-t-scat-pack--6-4l-v8-gas/interior-trim--front-seats-adjusters-recliners-shields-and-risers?assembly=2,evidence/mopar/illustrations/2C3CDXGJ2HH530684/front-seat-adjusters__assembly-01.png | evidence/mopar/illustrations/2C3CDXGJ2HH530684/front-seat-adjusters__assembly-02.png
2C3CCAEG4HH586472,2017 Chrysler 300 C 3.6L V6 Gas,front-seat-adjusters,68104489AA,68104489AA,Frame | Front Seat Back Frame,1:Hex Head Screw,https://www.moparamerica.com/oem-parts/mopar-front-seat-back-frame-68104489aa,https://www.moparamerica.com/v-2017-chrysler-300--c--3-6l-v6-gas/interior-trim--front-seats-adjusters-recliners-shields-and-risers?assembly=1,evidence/mopar/illustrations/2C3CCAEG4HH586472/front-seat-adjusters__assembly-01.png
2C3CDXGJ2HH530684,2017 Dodge Charger R/T Scat Pack 6.4L V8 Gas,front-seat-adjusters,68104489AA,68104489AA,Frame | Front Seat Back Frame,1:Seat Bolt,https://www.moparamerica.com/oem-parts/mopar-front-seat-back-frame-68104489aa,https://www.moparamerica.com/v-2017-dodge-charger--r-t-scat-pack--6-4l-v8-gas/interior-trim--front-seats-adjusters-recliners-shields-and-risers?assembly=1,evidence/mopar/illustrations/2C3CDXGJ2HH530684/front-seat-adjusters__assembly-01.png
2C3CDXGJ2HH530684,2017 Dodge Charger R/T Scat Pack 6.4L V8 Gas,front-seat-adjusters,68104960AA,68104960AA,Seat Bolt,1:Seat Bolt | 2:Seat Back Blower | 3:Seat Bolt,https://www.moparamerica.com/oem-parts/mopar-seat-bolt-68104960aa,https://www.moparamerica.com/v-2017-dodge-charger--r-t-scat-pack--6-4l-v8-gas/interior-trim--front-seats-adjusters-recliners-shields-and-risers?assembly=1 | https://www.moparamerica.com/v-2017-dodge-charger--r-t-scat-pack--6-4l-v8-gas/interior-trim--front-seats-adjusters-recliners-shields-and-risers?assembly=2 | https://www.moparamerica.com/v-2017-dodge-charger--r-t-scat-pack--6-4l-v8-gas/interior-trim--front-seats-adjusters-recliners-shields-and-risers?assembly=3,evidence/mopar/illustrations/2C3CDXGJ2HH530684/front-seat-adjusters__assembly-01.png | evidence/mopar/illustrations/2C3CDXGJ2HH530684/front-seat-adjusters__assembly-02.png | evidence/mopar/illustrations/2C3CDXGJ2HH530684/front-seat-adjusters__assembly-03.png
2C3CDXGJ2HH530684,2017 Dodge Charger R/T Scat Pack 6.4L V8 Gas,front-seat-adjusters,68104961AA,68104961AA,Nut,1:Seat Bolt | 2:Seat Back Blower | 3:Seat Bolt,https://www.moparamerica.com/oem-parts/mopar-nut-68104961aa,https://www.moparamerica.com/v-2017-dodge-charger--r-t-scat-pack--6-4l-v8-gas/interior-trim--front-seats-adjusters-recliners-shields-and-risers?assembly=1 | https://www.moparamerica.com/v-2017-dodge-charger--r-t-scat-pack--6-4l-v8-gas/interior-trim--front-seats-adjusters-recliners-shields-and-risers?assembly=2 | https://www.moparamerica.com/v-2017-dodge-charger--r-t-scat-pack--6-4l-v8-gas/interior-trim--front-seats-adjusters-recliners-shields-and-risers?assembly=3,evidence/mopar/illustrations/2C3CDXGJ2HH530684/front-seat-adjusters__assembly-01.png | evidence/mopar/illustrations/2C3CDXGJ2HH530684/front-seat-adjusters__assembly-02.png | evidence/mopar/illustrations/2C3CDXGJ2HH530684/front-seat-adjusters__assembly-03.png
2C3CCAEG4HH586472,2017 Chrysler 300 C 3.6L V6 Gas,front-seat-adjusters,68157098AA,68157098AA,Bracket | Seat Bracket,1:Hex Head Screw | 2:Airbag Chute,https://www.moparamerica.com/oem-parts/mopar-seat-bracket-68157098aa,https://www.moparamerica.com/v-2017-chrysler-300--c--3-6l-v6-gas/interior-trim--front-seats-adjusters-recliners-shields-and-risers?assembly=1 | https://www.moparamerica.com/v-2017-chrysler-300--c--3-6l-v6-gas/interior-trim--front-seats-adjusters-recliners-shields-and-risers?assembly=2,evidence/mopar/illustrations/2C3CCAEG4HH586472/front-seat-adjusters__assembly-01.png | evidence/mopar/illustrations/2C3CCAEG4HH586472/front-seat-adjusters__assembly-02.png
2C3CDXGJ2HH530684,2017 Dodge Charger R/T Scat Pack 6.4L V8 Gas,front-seat-adjusters,68157098AA,68157098AA,Bracket | Seat Bracket,2:Seat Back Blower,https://www.moparamerica.com/oem-parts/mopar-seat-bracket-68157098aa,https://www.moparamerica.com/v-2017-dodge-charger--r-t-scat-pack--6-4l-v8-gas/interior-trim--front-seats-adjusters-recliners-shields-and-risers?assembly=2,evidence/mopar/illustrations/2C3CDXGJ2HH530684/front-seat-adjusters__assembly-02.png
2C3CCAEG4HH586472,2017 Chrysler 300 C 3.6L V6 Gas,front-seat-adjusters,68157292AA,68157292AA,Bracket | Seat Bracket,3:Hex Head Screw,https://www.moparamerica.com/oem-parts/mopar-seat-bracket-68157292aa,https://www.moparamerica.com/v-2017-chrysler-300--c--3-6l-v6-gas/interior-trim--front-seats-adjusters-recliners-shields-and-risers?assembly=3,evidence/mopar/illustrations/2C3CCAEG4HH586472/front-seat-adjusters__assembly-03.png
2C3CDXGJ2HH530684,2017 Dodge Charger R/T Scat Pack 6.4L V8 Gas,front-seat-adjusters,68157292AA,68157292AA,Front | Seat Bracket,3:Seat Bolt,https://www.moparamerica.com/oem-parts/mopar-seat-bracket-68157292aa,https://www.moparamerica.com/v-2017-dodge-charger--r-t-scat-pack--6-4l-v8-gas/interior-trim--front-seats-adjusters-recliners-shields-and-risers?assembly=3,evidence/mopar/illustrations/2C3CDXGJ2HH530684/front-seat-adjusters__assembly-03.png
2C3CCAEG4HH586472,2017 Chrysler 300 C 3.6L V6 Gas,front-seat-adjusters,68157294AA,68157294AA,Bracket | Seat Bracket,3:Hex Head Screw,https://www.moparamerica.com/oem-parts/mopar-seat-bracket-68157294aa,https://www.moparamerica.com/v-2017-chrysler-300--c--3-6l-v6-gas/interior-trim--front-seats-adjusters-recliners-shields-and-risers?assembly=3,evidence/mopar/illustrations/2C3CCAEG4HH586472/front-seat-adjusters__assembly-03.png
2C3CDXGJ2HH530684,2017 Dodge Charger R/T Scat Pack 6.4L V8 Gas,front-seat-adjusters,68157294AA,68157294AA,Rear | Seat Bracket,3:Seat Bolt,https://www.moparamerica.com/oem-parts/mopar-seat-bracket-68157294aa,https://www.moparamerica.com/v-2017-dodge-charger--r-t-scat-pack--6-4l-v8-gas/interior-trim--front-seats-adjusters-recliners-shields-and-risers?assembly=3,evidence/mopar/illustrations/2C3CDXGJ2HH530684/front-seat-adjusters__assembly-03.png
2C3CCAEG4HH586472,2017 Chrysler 300 C 3.6L V6 Gas,front-seat-adjusters,68159137AA,68159137AA,Frame | Front Seat Back Frame,1:Hex Head Screw,https://www.moparamerica.com/oem-parts/mopar-front-seat-back-frame-68159137aa,https://www.moparamerica.com/v-2017-chrysler-300--c--3-6l-v6-gas/interior-trim--front-seats-adjusters-recliners-shields-and-risers?assembly=1,evidence/mopar/illustrations/2C3CCAEG4HH586472/front-seat-adjusters__assembly-01.png
2C3CDXGJ2HH530684,2017 Dodge Charger R/T Scat Pack 6.4L V8 Gas,front-seat-adjusters,68159137AA,68159137AA,Frame | Front Seat Back Frame,1:Seat Bolt,https://www.moparamerica.com/oem-parts/mopar-front-seat-back-frame-68159137aa,https://www.moparamerica.com/v-2017-dodge-charger--r-t-scat-pack--6-4l-v8-gas/interior-trim--front-seats-adjusters-recliners-shields-and-risers?assembly=1,evidence/mopar/illustrations/2C3CDXGJ2HH530684/front-seat-adjusters__assembly-01.png
2C3CCAEG4HH586472,2017 Chrysler 300 C 3.6L V6 Gas,front-seat-adjusters,68159139AA,68159139AA,Frame | Front Seat Back Frame,1:Hex Head Screw | 2:Airbag Chute,https://www.moparamerica.com/oem-parts/mopar-front-seat-back-frame-68159139aa,https://www.moparamerica.com/v-2017-chrysler-300--c--3-6l-v6-gas/interior-trim--front-seats-adjusters-recliners-shields-and-risers?assembly=1 | https://www.moparamerica.com/v-2017-chrysler-300--c--3-6l-v6-gas/interior-trim--front-seats-adjusters-recliners-shields-and-risers?assembly=2,evidence/mopar/illustrations/2C3CCAEG4HH586472/front-seat-adjusters__assembly-01.png | evidence/mopar/illustrations/2C3CCAEG4HH586472/front-seat-adjusters__assembly-02.png
2C3CDXGJ2HH530684,2017 Dodge Charger R/T Scat Pack 6.4L V8 Gas,front-seat-adjusters,68159139AA,68159139AA,Frame | Front Seat Back Frame,1:Seat Bolt | 2:Seat Back Blower,https://www.moparamerica.com/oem-parts/mopar-front-seat-back-frame-68159139aa,https://www.moparamerica.com/v-2017-dodge-charger--r-t-scat-pack--6-4l-v8-gas/interior-trim--front-seats-adjusters-recliners-shields-and-risers?assembly=1 | https://www.moparamerica.com/v-2017-dodge-charger--r-t-scat-pack--6-4l-v8-gas/interior-trim--front-seats-adjusters-recliners-shields-and-risers?assembly=2,evidence/mopar/illustrations/2C3CDXGJ2HH530684/front-seat-adjusters__assembly-01.png | evidence/mopar/illustrations/2C3CDXGJ2HH530684/front-seat-adjusters__assembly-02.png
2C3CCAEG4HH586472,2017 Chrysler 300 C 3.6L V6 Gas,front-seat-adjusters,68159141AA,68159141AA,Bracket | Seat Bracket,1:Hex Head Screw | 2:Airbag Chute,https://www.moparamerica.com/oem-parts/mopar-seat-bracket-68159141aa,https://www.moparamerica.com/v-2017-chrysler-300--c--3-6l-v6-gas/interior-trim--front-seats-adjusters-recliners-shields-and-risers?assembly=1 | https://www.moparamerica.com/v-2017-chrysler-300--c--3-6l-v6-gas/interior-trim--front-seats-adjusters-recliners-shields-and-risers?assembly=2,evidence/mopar/illustrations/2C3CCAEG4HH586472/front-seat-adjusters__assembly-01.png | evidence/mopar/illustrations/2C3CCAEG4HH586472/front-seat-adjusters__assembly-02.png
2C3CDXGJ2HH530684,2017 Dodge Charger R/T Scat Pack 6.4L V8 Gas,front-seat-adjusters,68159141AA,68159141AA,Bracket | Seat Bracket,1:Seat Bolt,https://www.moparamerica.com/oem-parts/mopar-seat-bracket-68159141aa,https://www.moparamerica.com/v-2017-dodge-charger--r-t-scat-pack--6-4l-v8-gas/interior-trim--front-seats-adjusters-recliners-shields-and-risers?assembly=1,evidence/mopar/illustrations/2C3CDXGJ2HH530684/front-seat-adjusters__assembly-01.png
2C3CCAEG4HH586472,2017 Chrysler 300 C 3.6L V6 Gas,front-seat-adjusters,68193458AC,68193458AC,2013-2021 Mopar Manual Seat Adjuster | Adjuster,3:Hex Head Screw,https://www.moparamerica.com/oem-parts/mopar-2013-2021-mopar-manual-seat-adjuster-68193458ac,https://www.moparamerica.com/v-2017-chrysler-300--c--3-6l-v6-gas/interior-trim--front-seats-adjusters-recliners-shields-and-risers?assembly=3,evidence/mopar/illustrations/2C3CCAEG4HH586472/front-seat-adjusters__assembly-03.png
2C3CDXGJ2HH530684,2017 Dodge Charger R/T Scat Pack 6.4L V8 Gas,front-seat-adjusters,68193458AC,68193458AC,2013-2021 Mopar Manual Seat Adjuster | Adjuster,3:Seat Bolt,https://www.moparamerica.com/oem-parts/mopar-2013-2021-mopar-manual-seat-adjuster-68193458ac,https://www.moparamerica.com/v-2017-dodge-charger--r-t-scat-pack--6-4l-v8-gas/interior-trim--front-seats-adjusters-recliners-shields-and-risers?assembly=3,evidence/mopar/illustrations/2C3CDXGJ2HH530684/front-seat-adjusters__assembly-03.png
2C3CCAEG4HH586472,2017 Chrysler 300 C 3.6L V6 Gas,front-seat-adjusters,68193460AC,68193460AC,Adjuster | Power Seat Adjuster,2:Airbag Chute,https://www.moparamerica.com/oem-parts/mopar-2014-2021-dodge-charger-power-seat-adjuster-68193460ac,https://www.moparamerica.com/v-2017-chrysler-300--c--3-6l-v6-gas/interior-trim--front-seats-adjusters-recliners-shields-and-risers?assembly=2,evidence/mopar/illustrations/2C3CCAEG4HH586472/front-seat-adjusters__assembly-02.png
2C3CDXGJ2HH530684,2017 Dodge Charger R/T Scat Pack 6.4L V8 Gas,front-seat-adjusters,68193460AC,68193460AC,Adjuster | Power Seat Adjuster,2:Seat Back Blower,https://www.moparamerica.com/oem-parts/mopar-2014-2021-dodge-charger-power-seat-adjuster-68193460ac,https://www.moparamerica.com/v-2017-dodge-charger--r-t-scat-pack--6-4l-v8-gas/interior-trim--front-seats-adjusters-recliners-shields-and-risers?assembly=2,evidence/mopar/illustrations/2C3CDXGJ2HH530684/front-seat-adjusters__assembly-02.png
2C3CCAEG4HH586472,2017 Chrysler 300 C 3.6L V6 Gas,front-seat-adjusters,68193462AC,68193462AC,2013-2020 Mopar Power Seat Adjuster | Adjuster,2:Airbag Chute,https://www.moparamerica.com/oem-parts/mopar-2013-2020-mopar-power-seat-adjuster-68193462ac,https://www.moparamerica.com/v-2017-chrysler-300--c--3-6l-v6-gas/interior-trim--front-seats-adjusters-recliners-shields-and-risers?assembly=2,evidence/mopar/illustrations/2C3CCAEG4HH586472/front-seat-adjusters__assembly-02.png
2C3CDXGJ2HH530684,2017 Dodge Charger R/T Scat Pack 6.4L V8 Gas,front-seat-adjusters,68193462AC,68193462AC,2013-2020 Mopar Power Seat Adjuster | Adjuster,2:Seat Back Blower,https://www.moparamerica.com/oem-parts/mopar-2013-2020-mopar-power-seat-adjuster-68193462ac,https://www.moparamerica.com/v-2017-dodge-charger--r-t-scat-pack--6-4l-v8-gas/interior-trim--front-seats-adjusters-recliners-shields-and-risers?assembly=2,evidence/mopar/illustrations/2C3CDXGJ2HH530684/front-seat-adjusters__assembly-02.png
2C3CCAEG4HH586472,2017 Chrysler 300 C 3.6L V6 Gas,front-seat-adjusters,68264615AB,68264615AB,Adjuster | Power Seat Adjuster,1:Hex Head Screw,https://www.moparamerica.com/oem-parts/mopar-2015-2019-dodge-charger-power-seat-adjuster-68264615ab,https://www.moparamerica.com/v-2017-chrysler-300--c--3-6l-v6-gas/interior-trim--front-seats-adjusters-recliners-shields-and-risers?assembly=1,evidence/mopar/illustrations/2C3CCAEG4HH586472/front-seat-adjusters__assembly-01.png
2C3CDXGJ2HH530684,2017 Dodge Charger R/T Scat Pack 6.4L V8 Gas,front-seat-adjusters,68264615AB,68264615AB,Adjuster | Power Seat Adjuster,1:Seat Bolt,https://www.moparamerica.com/oem-parts/mopar-2015-2019-dodge-charger-power-seat-adjuster-68264615ab,https://www.moparamerica.com/v-2017-dodge-charger--r-t-scat-pack--6-4l-v8-gas/interior-trim--front-seats-adjusters-recliners-shields-and-risers?assembly=1,evidence/mopar/illustrations/2C3CDXGJ2HH530684/front-seat-adjusters__assembly-01.png
2C3CCAEG4HH586472,2017 Chrysler 300 C 3.6L V6 Gas,front-seat-adjusters,68264619AB,68264619AB,2015-2021 Mopar Power Seat Adjuster | Adjuster,1:Hex Head Screw,https://www.moparamerica.com/oem-parts/mopar-2015-2021-mopar-power-seat-adjuster-68264619ab,https://www.moparamerica.com/v-2017-chrysler-300--c--3-6l-v6-gas/interior-trim--front-seats-adjusters-recliners-shields-and-risers?assembly=1,evidence/mopar/illustrations/2C3CCAEG4HH586472/front-seat-adjusters__assembly-01.png
2C3CDXGJ2HH530684,2017 Dodge Charger R/T Scat Pack 6.4L V8 Gas,front-seat-adjusters,68264619AB,68264619AB,2015-2021 Mopar Power Seat Adjuster | Adjuster,1:Seat Bolt,https://www.moparamerica.com/oem-parts/mopar-2015-2021-mopar-power-seat-adjuster-68264619ab,https://www.moparamerica.com/v-2017-dodge-charger--r-t-scat-pack--6-4l-v8-gas/interior-trim--front-seats-adjusters-recliners-shields-and-risers?assembly=1,evidence/mopar/illustrations/2C3CDXGJ2HH530684/front-seat-adjusters__assembly-01.png
2C3CCAEG4HH586472,2017 Chrysler 300 C 3.6L V6 Gas,front-seat-adjusters,68306763AA,68306763AA,Blower | Seat Cushion Blower,1:Hex Head Screw | 2:Airbag Chute,https://www.moparamerica.com/oem-parts/mopar-seat-cushion-blower-68306763aa,https://www.moparamerica.com/v-2017-chrysler-300--c--3-6l-v6-gas/interior-trim--front-seats-adjusters-recliners-shields-and-risers?assembly=1 | https://www.moparamerica.com/v-2017-chrysler-300--c--3-6l-v6-gas/interior-trim--front-seats-adjusters-recliners-shields-and-risers?assembly=2,evidence/mopar/illustrations/2C3CCAEG4HH586472/front-seat-adjusters__assembly-01.png | evidence/mopar/illustrations/2C3CCAEG4HH586472/front-seat-adjusters__assembly-02.png
2C3CDXGJ2HH530684,2017 Dodge Charger R/T Scat Pack 6.4L V8 Gas,front-seat-adjusters,68306763AA,68306763AA,Blower | Seat Cushion Blower,1:Seat Bolt | 2:Seat Back Blower,https://www.moparamerica.com/oem-parts/mopar-seat-cushion-blower-68306763aa,https://www.moparamerica.com/v-2017-dodge-charger--r-t-scat-pack--6-4l-v8-gas/interior-trim--front-seats-adjusters-recliners-shields-and-risers?assembly=1 | https://www.moparamerica.com/v-2017-dodge-charger--r-t-scat-pack--6-4l-v8-gas/interior-trim--front-seats-adjusters-recliners-shields-and-risers?assembly=2,evidence/mopar/illustrations/2C3CDXGJ2HH530684/front-seat-adjusters__assembly-01.png | evidence/mopar/illustrations/2C3CDXGJ2HH530684/front-seat-adjusters__assembly-02.png
2C3CDXGJ2HH530684,2017 Dodge Charger R/T Scat Pack 6.4L V8 Gas,front-seat-adjusters,68334702AB,68334702AB,Adjuster | Manual Seat Adjuster,3:Seat Bolt,https://www.moparamerica.com/oem-parts/mopar-manual-seat-adjuster-68334702ab,https://www.moparamerica.com/v-2017-dodge-charger--r-t-scat-pack--6-4l-v8-gas/interior-trim--front-seats-adjusters-recliners-shields-and-risers?assembly=3,evidence/mopar/illustrations/2C3CDXGJ2HH530684/front-seat-adjusters__assembly-03.png
2C3CDXGJ2HH530684,2017 Dodge Charger R/T Scat Pack 6.4L V8 Gas,front-seat-adjusters,68334704AA,68334704AA,Frame | Front Seat Back Frame,3:Seat Bolt,https://www.moparamerica.com/oem-parts/mopar-front-seat-back-frame-68334704aa,https://www.moparamerica.com/v-2017-dodge-charger--r-t-scat-pack--6-4l-v8-gas/interior-trim--front-seats-adjusters-recliners-shields-and-risers?assembly=3,evidence/mopar/illustrations/2C3CDXGJ2HH530684/front-seat-adjusters__assembly-03.png
2C3CCAEG4HH586472,2017 Chrysler 300 C 3.6L V6 Gas,front-seats-first-row,1UV38DX9AA,1UV38DX9AA,"Headrest Sleeve, Locking | Locking","1:Front Headrest, Right Or Left | 2:Front Headrest, Right Or Left | 3:Front Headrest, Right Or Left | 4:Front Headrest, Right Or Left | 5:Front Headrest, Right Or Left | 6:Front Headrest, Right Or Left | 7:Front Headrest, Right Or Left",https://www.moparamerica.com/oem-parts/mopar-headrest-sleeve-locking-1uv38dx9aa,https://www.moparamerica.com/v-2017-chrysler-300--c--3-6l-v6-gas/interior-trim--front-seats-first-row?assembly=1 | https://www.moparamerica.com/v-2017-chrysler-300--c--3-6l-v6-gas/interior-trim--front-seats-first-row?assembly=2 | https://www.moparamerica.com/v-2017-chrysler-300--c--3-6l-v6-gas/interior-trim--front-seats-first-row?assembly=3 | https://www.moparamerica.com/v-2017-chrysler-300--c--3-6l-v6-gas/interior-trim--front-seats-first-row?assembly=4 | https://www.moparamerica.com/v-2017-chrysler-300--c--3-6l-v6-gas/interior-trim--front-seats-first-row?assembly=5 | https://www.moparamerica.com/v-2017-chrysler-300--c--3-6l-v6-gas/interior-trim--front-seats-first-row?assembly=6 | https://www.moparamerica.com/v-2017-chrysler-300--c--3-6l-v6-gas/interior-trim--front-seats-first-row?assembly=7,evidence/mopar/illustrations/2C3CCAEG4HH586472/front-seats-first-row__assembly-01.png | evidence/mopar/illustrations/2C3CCAEG4HH586472/front-seats-first-row__assembly-02.png | evidence/mopar/illustrations/2C3CCAEG4HH586472/front-seats-first-row__assembly-03.png | evidence/mopar/illustrations/2C3CCAEG4HH586472/front-seats-first-row__assembly-04.png | evidence/mopar/illustrations/2C3CCAEG4HH586472/front-seats-first-row__assembly-05.png | evidence/mopar/illustrations/2C3CCAEG4HH586472/front-seats-first-row__assembly-06.png | evidence/mopar/illustrations/2C3CCAEG4HH586472/front-seats-first-row__assembly-07.png
2C3CCAEG4HH586472,2017 Chrysler 300 C 3.6L V6 Gas,front-seats-first-row,1UV38LC5AA,1UV38LC5AA,"Headrest Sleeve, Locking | Locking","3:Front Headrest, Right Or Left",https://www.moparamerica.com/oem-parts/mopar-headrest-sleeve-locking-1uv38lc5aa,https://www.moparamerica.com/v-2017-chrysler-300--c--3-6l-v6-gas/interior-trim--front-seats-first-row?assembly=3,evidence/mopar/illustrations/2C3CCAEG4HH586472/front-seats-first-row__assembly-03.png
2C3CCAEG4HH586472,2017 Chrysler 300 C 3.6L V6 Gas,front-seats-first-row,1UV38ML2AA,1UV38ML2AA,"Headrest Sleeve, Locking | Locking","1:Front Headrest, Right Or Left | 6:Front Headrest, Right Or Left | 7:Front Headrest, Right Or Left",https://www.moparamerica.com/oem-parts/mopar-headrest-sleeve-locking-1uv38ml2aa,https://www.moparamerica.com/v-2017-chrysler-300--c--3-6l-v6-gas/interior-trim--front-seats-first-row?assembly=1 | https://www.moparamerica.com/v-2017-chrysler-300--c--3-6l-v6-gas/interior-trim--front-seats-first-row?assembly=6 | https://www.moparamerica.com/v-2017-chrysler-300--c--3-6l-v6-gas/interior-trim--front-seats-first-row?assembly=7,evidence/mopar/illustrations/2C3CCAEG4HH586472/front-seats-first-row__assembly-01.png | evidence/mopar/illustrations/2C3CCAEG4HH586472/front-seats-first-row__assembly-06.png | evidence/mopar/illustrations/2C3CCAEG4HH586472/front-seats-first-row__assembly-07.png
2C3CCAEG4HH586472,2017 Chrysler 300 C 3.6L V6 Gas,front-seats-first-row,1UV38ND2AA,1UV38ND2AA,"Headrest Sleeve, Locking | Locking","2:Front Headrest, Right Or Left | 4:Front Headrest, Right Or Left",https://www.moparamerica.com/oem-parts/mopar-headrest-sleeve-locking-1uv38nd2aa,https://www.moparamerica.com/v-2017-chrysler-300--c--3-6l-v6-gas/interior-trim--front-seats-first-row?assembly=2 | https://www.moparamerica.com/v-2017-chrysler-300--c--3-6l-v6-gas/interior-trim--front-seats-first-row?assembly=4,evidence/mopar/illustrations/2C3CCAEG4HH586472/front-seats-first-row__assembly-02.png | evidence/mopar/illustrations/2C3CCAEG4HH586472/front-seats-first-row__assembly-04.png
2C3CCAEG4HH586472,2017 Chrysler 300 C 3.6L V6 Gas,front-seats-first-row,1UV39DX9AA,1UV39DX9AA,"Headrest Sleeve, Non-Locking | Non-locking","1:Front Headrest, Right Or Left | 2:Front Headrest, Right Or Left | 3:Front Headrest, Right Or Left | 4:Front Headrest, Right Or Left | 5:Front Headrest, Right Or Left | 6:Front Headrest, Right Or Left | 7:Front Headrest, Right Or Left",https://www.moparamerica.com/oem-parts/mopar-headrest-sleeve-non-locking-1uv39dx9aa,https://www.moparamerica.com/v-2017-chrysler-300--c--3-6l-v6-gas/interior-trim--front-seats-first-row?assembly=1 | https://www.moparamerica.com/v-2017-chrysler-300--c--3-6l-v6-gas/interior-trim--front-seats-first-row?assembly=2 | https://www.moparamerica.com/v-2017-chrysler-300--c--3-6l-v6-gas/interior-trim--front-seats-first-row?assembly=3 | https://www.moparamerica.com/v-2017-chrysler-300--c--3-6l-v6-gas/interior-trim--front-seats-first-row?assembly=4 | https://www.moparamerica.com/v-2017-chrysler-300--c--3-6l-v6-gas/interior-trim--front-seats-first-row?assembly=5 | https://www.moparamerica.com/v-2017-chrysler-300--c--3-6l-v6-gas/interior-trim--front-seats-first-row?assembly=6 | https://www.moparamerica.com/v-2017-chrysler-300--c--3-6l-v6-gas/interior-trim--front-seats-first-row?assembly=7,evidence/mopar/illustrations/2C3CCAEG4HH586472/front-seats-first-row__assembly-01.png | evidence/mopar/illustrations/2C3CCAEG4HH586472/front-seats-first-row__assembly-02.png | evidence/mopar/illustrations/2C3CCAEG4HH586472/front-seats-first-row__assembly-03.png | evidence/mopar/illustrations/2C3CCAEG4HH586472/front-seats-first-row__assembly-04.png | evidence/mopar/illustrations/2C3CCAEG4HH586472/front-seats-first-row__assembly-05.png | evidence/mopar/illustrations/2C3CCAEG4HH586472/front-seats-first-row__assembly-06.png | evidence/mopar/illustrations/2C3CCAEG4HH586472/front-seats-first-row__assembly-07.png
2C3CCAEG4HH586472,2017 Chrysler 300 C 3.6L V6 Gas,front-seats-first-row,1UV39LC5AA,1UV39LC5AA,"Headrest Sleeve, Non-Locking | Non-locking","3:Front Headrest, Right Or Left | 5:Front Headrest, Right Or Left",https://www.moparamerica.com/oem-parts/mopar-headrest-sleeve-non-locking-1uv39lc5aa,https://www.moparamerica.com/v-2017-chrysler-300--c--3-6l-v6-gas/interior-trim--front-seats-first-row?assembly=3 | https://www.moparamerica.com/v-2017-chrysler-300--c--3-6l-v6-gas/interior-trim--front-seats-first-row?assembly=5,evidence/mopar/illustrations/2C3CCAEG4HH586472/front-seats-first-row__assembly-03.png | evidence/mopar/illustrations/2C3CCAEG4HH586472/front-seats-first-row__assembly-05.png
2C3CCAEG4HH586472,2017 Chrysler 300 C 3.6L V6 Gas,front-seats-first-row,1UV39ML2AA,1UV39ML2AA,"Headrest Sleeve, Non-Locking | Non-locking","1:Front Headrest, Right Or Left | 5:Front Headrest, Right Or Left | 6:Front Headrest, Right Or Left | 7:Front Headrest, Right Or Left",https://www.moparamerica.com/oem-parts/mopar-headrest-sleeve-non-locking-1uv39ml2aa,https://www.moparamerica.com/v-2017-chrysler-300--c--3-6l-v6-gas/interior-trim--front-seats-first-row?assembly=1 | https://www.moparamerica.com/v-2017-chrysler-300--c--3-6l-v6-gas/interior-trim--front-seats-first-row?assembly=5 | https://www.moparamerica.com/v-2017-chrysler-300--c--3-6l-v6-gas/interior-trim--front-seats-first-row?assembly=6 | https://www.moparamerica.com/v-2017-chrysler-300--c--3-6l-v6-gas/interior-trim--front-seats-first-row?assembly=7,evidence/mopar/illustrations/2C3CCAEG4HH586472/front-seats-first-row__assembly-01.png | evidence/mopar/illustrations/2C3CCAEG4HH586472/front-seats-first-row__assembly-05.png | evidence/mopar/illustrations/2C3CCAEG4HH586472/front-seats-first-row__assembly-06.png | evidence/mopar/illustrations/2C3CCAEG4HH586472/front-seats-first-row__assembly-07.png
2C3CCAEG4HH586472,2017 Chrysler 300 C 3.6L V6 Gas,front-seats-first-row,1UV39ND2AA,1UV39ND2AA,"Headrest Sleeve, Non-Locking | Non-locking","2:Front Headrest, Right Or Left | 4:Front Headrest, Right Or Left | 5:Front Headrest, Right Or Left",https://www.moparamerica.com/oem-parts/mopar-headrest-sleeve-non-locking-1uv39nd2aa,https://www.moparamerica.com/v-2017-chrysler-300--c--3-6l-v6-gas/interior-trim--front-seats-first-row?assembly=2 | https://www.moparamerica.com/v-2017-chrysler-300--c--3-6l-v6-gas/interior-trim--front-seats-first-row?assembly=4 | https://www.moparamerica.com/v-2017-chrysler-300--c--3-6l-v6-gas/interior-trim--front-seats-first-row?assembly=5,evidence/mopar/illustrations/2C3CCAEG4HH586472/front-seats-first-row__assembly-02.png | evidence/mopar/illustrations/2C3CCAEG4HH586472/front-seats-first-row__assembly-04.png | evidence/mopar/illustrations/2C3CCAEG4HH586472/front-seats-first-row__assembly-05.png
2C3CCAEG4HH586472,2017 Chrysler 300 C 3.6L V6 Gas,front-seats-first-row,1VU88DX9AA,1VU88DX9AA,Front Headrest | Left,"6:Front Headrest, Right Or Left",https://www.moparamerica.com/oem-parts/mopar-front-headrest-1vu88dx9aa,https://www.moparamerica.com/v-2017-chrysler-300--c--3-6l-v6-gas/interior-trim--front-seats-first-row?assembly=6,evidence/mopar/illustrations/2C3CCAEG4HH586472/front-seats-first-row__assembly-06.png
2C3CCAEG4HH586472,2017 Chrysler 300 C 3.6L V6 Gas,front-seats-first-row,1VU88ML2AA,1VU88ML2AA,Front Headrest | Left,"6:Front Headrest, Right Or Left",https://www.moparamerica.com/oem-parts/mopar-front-headrest-1vu88ml2aa,https://www.moparamerica.com/v-2017-chrysler-300--c--3-6l-v6-gas/interior-trim--front-seats-first-row?assembly=6,evidence/mopar/illustrations/2C3CCAEG4HH586472/front-seats-first-row__assembly-06.png
2C3CCAEG4HH586472,2017 Chrysler 300 C 3.6L V6 Gas,front-seats-first-row,1XC47LA3AA,1XC47LA3AA,"Front Seat Cushion Cover, Left | Left","2:Front Headrest, Right Or Left",https://www.moparamerica.com/oem-parts/mopar-front-seat-cushion-cover-left-1xc47la3aa,https://www.moparamerica.com/v-2017-chrysler-300--c--3-6l-v6-gas/interior-trim--front-seats-first-row?assembly=2,evidence/mopar/illustrations/2C3CCAEG4HH586472/front-seats-first-row__assembly-02.png
2C3CCAEG4HH586472,2017 Chrysler 300 C 3.6L V6 Gas,front-seats-first-row,1XC47LK5AA,1XC47LK5AA,"Front Seat Cushion Cover, Left | Left","2:Front Headrest, Right Or Left",https://www.moparamerica.com/oem-parts/mopar-front-seat-cushion-cover-left-1xc47lk5aa,https://www.moparamerica.com/v-2017-chrysler-300--c--3-6l-v6-gas/interior-trim--front-seats-first-row?assembly=2,evidence/mopar/illustrations/2C3CCAEG4HH586472/front-seats-first-row__assembly-02.png
2C3CCAEG4HH586472,2017 Chrysler 300 C 3.6L V6 Gas,front-seats-first-row,1XC47ND2AA,1XC47ND2AA,"Front Seat Cushion Cover, Left | Left","2:Front Headrest, Right Or Left",https://www.moparamerica.com/oem-parts/mopar-front-seat-cushion-cover-left-1xc47nd2aa,https://www.moparamerica.com/v-2017-chrysler-300--c--3-6l-v6-gas/interior-trim--front-seats-first-row?assembly=2,evidence/mopar/illustrations/2C3CCAEG4HH586472/front-seats-first-row__assembly-02.png
2C3CCAEG4HH586472,2017 Chrysler 300 C 3.6L V6 Gas,front-seats-first-row,1XC48LA3AA,1XC48LA3AA,"Front Seat Cushion Cover, Right | Right","2:Front Headrest, Right Or Left",https://www.moparamerica.com/oem-parts/mopar-front-seat-cushion-cover-right-1xc48la3aa,https://www.moparamerica.com/v-2017-chrysler-300--c--3-6l-v6-gas/interior-trim--front-seats-first-row?assembly=2,evidence/mopar/illustrations/2C3CCAEG4HH586472/front-seats-first-row__assembly-02.png
2C3CCAEG4HH586472,2017 Chrysler 300 C 3.6L V6 Gas,front-seats-first-row,1XC48LK5AA,1XC48LK5AA,"Front Seat Cushion Cover, Right | Right","2:Front Headrest, Right Or Left",https://www.moparamerica.com/oem-parts/mopar-front-seat-cushion-cover-right-1xc48lk5aa,https://www.moparamerica.com/v-2017-chrysler-300--c--3-6l-v6-gas/interior-trim--front-seats-first-row?assembly=2,evidence/mopar/illustrations/2C3CCAEG4HH586472/front-seats-first-row__assembly-02.png
2C3CCAEG4HH586472,2017 Chrysler 300 C 3.6L V6 Gas,front-seats-first-row,1XC48ND2AA,1XC48ND2AA,"Front Seat Cushion Cover, Right","2:Front Headrest, Right Or Left",https://www.moparamerica.com/oem-parts/mopar-front-seat-cushion-cover-right-1xc48nd2aa,https://www.moparamerica.com/v-2017-chrysler-300--c--3-6l-v6-gas/interior-trim--front-seats-first-row?assembly=2,evidence/mopar/illustrations/2C3CCAEG4HH586472/front-seats-first-row__assembly-02.png
2C3CCAEG4HH586472,2017 Chrysler 300 C 3.6L V6 Gas,front-seats-first-row,5XZ49DX9AB,5XZ49DX9AB,Front Seat Cushion Cover Left | Left,"5:Front Headrest, Right Or Left",https://www.moparamerica.com/oem-parts/mopar-2015-2018-dodge-charger-front-seat-cushion-cover-left-5xz49dx9ab,https://www.moparamerica.com/v-2017-chrysler-300--c--3-6l-v6-gas/interior-trim--front-seats-first-row?assembly=5,evidence/mopar/illustrations/2C3CCAEG4HH586472/front-seats-first-row__assembly-05.png
2C3CCAEG4HH586472,2017 Chrysler 300 C 3.6L V6 Gas,front-seats-first-row,5XZ50DX9AB,5XZ50DX9AB,Front Seat Cushion Cover Right | Right,"5:Front Headrest, Right Or Left",https://www.moparamerica.com/oem-parts/mopar-2015-2018-dodge-charger-front-seat-cushion-cover-right-5xz50dx9ab,https://www.moparamerica.com/v-2017-chrysler-300--c--3-6l-v6-gas/interior-trim--front-seats-first-row?assembly=5,evidence/mopar/illustrations/2C3CCAEG4HH586472/front-seats-first-row__assembly-05.png
2C3CCAEG4HH586472,2017 Chrysler 300 C 3.6L V6 Gas,front-seats-first-row,5ZC07DX9AA,5ZC07DX9AA,"Front Seat Back Cover, Left | Left","7:Front Headrest, Right Or Left",https://www.moparamerica.com/oem-parts/mopar-front-seat-back-cover-left-5zc07dx9aa,https://www.moparamerica.com/v-2017-chrysler-300--c--3-6l-v6-gas/interior-trim--front-seats-first-row?assembly=7,evidence/mopar/illustrations/2C3CCAEG4HH586472/front-seats-first-row__assembly-07.png
2C3CCAEG4HH586472,2017 Chrysler 300 C 3.6L V6 Gas,front-seats-first-row,5ZC07ML2AA,5ZC07ML2AA,"Front Seat Back Cover, Left | Left","7:Front Headrest, Right Or Left",https://www.moparamerica.com/oem-parts/mopar-front-seat-back-cover-left-5zc07ml2aa,https://www.moparamerica.com/v-2017-chrysler-300--c--3-6l-v6-gas/interior-trim--front-seats-first-row?assembly=7,evidence/mopar/illustrations/2C3CCAEG4HH586472/front-seats-first-row__assembly-07.png
2C3CCAEG4HH586472,2017 Chrysler 300 C 3.6L V6 Gas,front-seats-first-row,5ZC08DX9AA,5ZC08DX9AA,"Front Seat Back Cover, Right | Right","7:Front Headrest, Right Or Left",https://www.moparamerica.com/oem-parts/mopar-front-seat-back-cover-right-5zc08dx9aa,https://www.moparamerica.com/v-2017-chrysler-300--c--3-6l-v6-gas/interior-trim--front-seats-first-row?assembly=7,evidence/mopar/illustrations/2C3CCAEG4HH586472/front-seats-first-row__assembly-07.png
2C3CCAEG4HH586472,2017 Chrysler 300 C 3.6L V6 Gas,front-seats-first-row,5ZC08ML2AA,5ZC08ML2AA,"Front Seat Back Cover, Right | Right","7:Front Headrest, Right Or Left",https://www.moparamerica.com/oem-parts/mopar-front-seat-back-cover-right-5zc08ml2aa,https://www.moparamerica.com/v-2017-chrysler-300--c--3-6l-v6-gas/interior-trim--front-seats-first-row?assembly=7,evidence/mopar/illustrations/2C3CCAEG4HH586472/front-seats-first-row__assembly-07.png
2C3CCAEG4HH586472,2017 Chrysler 300 C 3.6L V6 Gas,front-seats-first-row,5ZC09DX9AA,5ZC09DX9AA,"Front Seat Cushion Cover, Left | Left","7:Front Headrest, Right Or Left",https://www.moparamerica.com/oem-parts/mopar-front-seat-cushion-cover-left-5zc09dx9aa,https://www.moparamerica.com/v-2017-chrysler-300--c--3-6l-v6-gas/interior-trim--front-seats-first-row?assembly=7,evidence/mopar/illustrations/2C3CCAEG4HH586472/front-seats-first-row__assembly-07.png
2C3CCAEG4HH586472,2017 Chrysler 300 C 3.6L V6 Gas,front-seats-first-row,5ZC09ML2AA,5ZC09ML2AA,"Front Seat Cushion Cover, Left | Left","7:Front Headrest, Right Or Left",https://www.moparamerica.com/oem-parts/mopar-front-seat-cushion-cover-left-5zc09ml2aa,https://www.moparamerica.com/v-2017-chrysler-300--c--3-6l-v6-gas/interior-trim--front-seats-first-row?assembly=7,evidence/mopar/illustrations/2C3CCAEG4HH586472/front-seats-first-row__assembly-07.png
2C3CCAEG4HH586472,2017 Chrysler 300 C 3.6L V6 Gas,front-seats-first-row,5ZC10DX9AA,5ZC10DX9AA,"Front Seat Cushion Cover, Right | Right","7:Front Headrest, Right Or Left",https://www.moparamerica.com/oem-parts/mopar-front-seat-cushion-cover-right-5zc10dx9aa,https://www.moparamerica.com/v-2017-chrysler-300--c--3-6l-v6-gas/interior-trim--front-seats-first-row?assembly=7,evidence/mopar/illustrations/2C3CCAEG4HH586472/front-seats-first-row__assembly-07.png
2C3CCAEG4HH586472,2017 Chrysler 300 C 3.6L V6 Gas,front-seats-first-row,5ZC10ML2AA,5ZC10ML2AA,"Front Seat Cushion Cover, Right | Right","7:Front Headrest, Right Or Left",https://www.moparamerica.com/oem-parts/mopar-front-seat-cushion-cover-right-5zc10ml2aa,https://www.moparamerica.com/v-2017-chrysler-300--c--3-6l-v6-gas/interior-trim--front-seats-first-row?assembly=7,evidence/mopar/illustrations/2C3CCAEG4HH586472/front-seats-first-row__assembly-07.png
2C3CCAEG4HH586472,2017 Chrysler 300 C 3.6L V6 Gas,front-seats-first-row,5ZC14DX9AA,5ZC14DX9AA,Front Headrest | Left,"7:Front Headrest, Right Or Left",https://www.moparamerica.com/oem-parts/mopar-front-headrest-5zc14dx9aa,https://www.moparamerica.com/v-2017-chrysler-300--c--3-6l-v6-gas/interior-trim--front-seats-first-row?assembly=7,evidence/mopar/illustrations/2C3CCAEG4HH586472/front-seats-first-row__assembly-07.png
2C3CCAEG4HH586472,2017 Chrysler 300 C 3.6L V6 Gas,front-seats-first-row,5ZC14ML2AA,5ZC14ML2AA,Front Headrest | Left,"7:Front Headrest, Right Or Left",https://www.moparamerica.com/oem-parts/mopar-front-headrest-5zc14ml2aa,https://www.moparamerica.com/v-2017-chrysler-300--c--3-6l-v6-gas/interior-trim--front-seats-first-row?assembly=7,evidence/mopar/illustrations/2C3CCAEG4HH586472/front-seats-first-row__assembly-07.png
2C3CCAEG4HH586472,2017 Chrysler 300 C 3.6L V6 Gas,front-seats-first-row,5ZC24DX9AA,5ZC24DX9AA,Front Headrest | Left,"3:Front Headrest, Right Or Left",https://www.moparamerica.com/oem-parts/mopar-front-headrest-5zc24dx9aa,https://www.moparamerica.com/v-2017-chrysler-300--c--3-6l-v6-gas/interior-trim--front-seats-first-row?assembly=3,evidence/mopar/illustrations/2C3CCAEG4HH586472/front-seats-first-row__assembly-03.png
2C3CCAEG4HH586472,2017 Chrysler 300 C 3.6L V6 Gas,front-seats-first-row,5ZC24ML2AA,5ZC24ML2AA,Front Headrest | Left,"3:Front Headrest, Right Or Left",https://www.moparamerica.com/oem-parts/mopar-front-headrest-5zc24ml2aa,https://www.moparamerica.com/v-2017-chrysler-300--c--3-6l-v6-gas/interior-trim--front-seats-first-row?assembly=3,evidence/mopar/illustrations/2C3CCAEG4HH586472/front-seats-first-row__assembly-03.png
2C3CCAEG4HH586472,2017 Chrysler 300 C 3.6L V6 Gas,front-seats-first-row,5ZC26DX9AA,5ZC26DX9AA,"Front Seat Back Cover, Right | Right","6:Front Headrest, Right Or Left",https://www.moparamerica.com/oem-parts/mopar-front-seat-back-cover-right-5zc26dx9aa,https://www.moparamerica.com/v-2017-chrysler-300--c--3-6l-v6-gas/interior-trim--front-seats-first-row?assembly=6,evidence/mopar/illustrations/2C3CCAEG4HH586472/front-seats-first-row__assembly-06.png
2C3CCAEG4HH586472,2017 Chrysler 300 C 3.6L V6 Gas,front-seats-first-row,5ZC26ML2AA,5ZC26ML2AA,"Front Seat Back Cover, Right | Right","6:Front Headrest, Right Or Left",https://www.moparamerica.com/oem-parts/mopar-front-seat-back-cover-right-5zc26ml2aa,https://www.moparamerica.com/v-2017-chrysler-300--c--3-6l-v6-gas/interior-trim--front-seats-first-row?assembly=6,evidence/mopar/illustrations/2C3CCAEG4HH586472/front-seats-first-row__assembly-06.png
2C3CCAEG4HH586472,2017 Chrysler 300 C 3.6L V6 Gas,front-seats-first-row,5ZC27DX9AA,5ZC27DX9AA,"Front Seat Back Cover, Left | Left","6:Front Headrest, Right Or Left",https://www.moparamerica.com/oem-parts/mopar-front-seat-back-cover-left-5zc27dx9aa,https://www.moparamerica.com/v-2017-chrysler-300--c--3-6l-v6-gas/interior-trim--front-seats-first-row?assembly=6,evidence/mopar/illustrations/2C3CCAEG4HH586472/front-seats-first-row__assembly-06.png
2C3CCAEG4HH586472,2017 Chrysler 300 C 3.6L V6 Gas,front-seats-first-row,5ZC27ML2AA,5ZC27ML2AA,"Front Seat Back Cover, Left | Left","6:Front Headrest, Right Or Left",https://www.moparamerica.com/oem-parts/mopar-front-seat-back-cover-left-5zc27ml2aa,https://www.moparamerica.com/v-2017-chrysler-300--c--3-6l-v6-gas/interior-trim--front-seats-first-row?assembly=6,evidence/mopar/illustrations/2C3CCAEG4HH586472/front-seats-first-row__assembly-06.png
2C3CCAEG4HH586472,2017 Chrysler 300 C 3.6L V6 Gas,front-seats-first-row,5ZC28DX9AA,5ZC28DX9AA,"Front Seat Cushion Cover, Right | Right","6:Front Headrest, Right Or Left",https://www.moparamerica.com/oem-parts/mopar-front-seat-cushion-cover-right-5zc28dx9aa,https://www.moparamerica.com/v-2017-chrysler-300--c--3-6l-v6-gas/interior-trim--front-seats-first-row?assembly=6,evidence/mopar/illustrations/2C3CCAEG4HH586472/front-seats-first-row__assembly-06.png
2C3CCAEG4HH586472,2017 Chrysler 300 C 3.6L V6 Gas,front-seats-first-row,5ZC28ML2AA,5ZC28ML2AA,"Front Seat Cushion Cover, Right | Right","6:Front Headrest, Right Or Left",https://www.moparamerica.com/oem-parts/mopar-front-seat-cushion-cover-right-5zc28ml2aa,https://www.moparamerica.com/v-2017-chrysler-300--c--3-6l-v6-gas/interior-trim--front-seats-first-row?assembly=6,evidence/mopar/illustrations/2C3CCAEG4HH586472/front-seats-first-row__assembly-06.png
2C3CCAEG4HH586472,2017 Chrysler 300 C 3.6L V6 Gas,front-seats-first-row,5ZC29DX9AA,5ZC29DX9AA,"Front Seat Cushion Cover, Left | Left","6:Front Headrest, Right Or Left",https://www.moparamerica.com/oem-parts/mopar-front-seat-cushion-cover-left-5zc29dx9aa,https://www.moparamerica.com/v-2017-chrysler-300--c--3-6l-v6-gas/interior-trim--front-seats-first-row?assembly=6,evidence/mopar/illustrations/2C3CCAEG4HH586472/front-seats-first-row__assembly-06.png
2C3CCAEG4HH586472,2017 Chrysler 300 C 3.6L V6 Gas,front-seats-first-row,5ZC29ML2AA,5ZC29ML2AA,"Front Seat Cushion Cover, Left | Left","6:Front Headrest, Right Or Left",https://www.moparamerica.com/oem-parts/mopar-front-seat-cushion-cover-left-5zc29ml2aa,https://www.moparamerica.com/v-2017-chrysler-300--c--3-6l-v6-gas/interior-trim--front-seats-first-row?assembly=6,evidence/mopar/illustrations/2C3CCAEG4HH586472/front-seats-first-row__assembly-06.png
2C3CCAEG4HH586472,2017 Chrysler 300 C 3.6L V6 Gas,front-seats-first-row,5ZC37LA3AA,5ZC37LA3AA,"Front Seat Back Cover, Left | Left","2:Front Headrest, Right Or Left",https://www.moparamerica.com/oem-parts/mopar-front-seat-back-cover-left-5zc37la3aa,https://www.moparamerica.com/v-2017-chrysler-300--c--3-6l-v6-gas/interior-trim--front-seats-first-row?assembly=2,evidence/mopar/illustrations/2C3CCAEG4HH586472/front-seats-first-row__assembly-02.png
2C3CCAEG4HH586472,2017 Chrysler 300 C 3.6L V6 Gas,front-seats-first-row,5ZC37LK5AA,5ZC37LK5AA,"Front Seat Back Cover, Left","2:Front Headrest, Right Or Left",https://www.moparamerica.com/oem-parts/mopar-front-seat-back-cover-left-5zc37lk5aa,https://www.moparamerica.com/v-2017-chrysler-300--c--3-6l-v6-gas/interior-trim--front-seats-first-row?assembly=2,evidence/mopar/illustrations/2C3CCAEG4HH586472/front-seats-first-row__assembly-02.png
2C3CCAEG4HH586472,2017 Chrysler 300 C 3.6L V6 Gas,front-seats-first-row,5ZC37ND2AA,5ZC37ND2AA,"Front Seat Back Cover, Left | Left","2:Front Headrest, Right Or Left",https://www.moparamerica.com/oem-parts/mopar-front-seat-back-cover-left-5zc37nd2aa,https://www.moparamerica.com/v-2017-chrysler-300--c--3-6l-v6-gas/interior-trim--front-seats-first-row?assembly=2,evidence/mopar/illustrations/2C3CCAEG4HH586472/front-seats-first-row__assembly-02.png
2C3CCAEG4HH586472,2017 Chrysler 300 C 3.6L V6 Gas,front-seats-first-row,5ZC38LA3AA,5ZC38LA3AA,"Front Seat Back Cover, Right | Right","2:Front Headrest, Right Or Left",https://www.moparamerica.com/oem-parts/mopar-front-seat-back-cover-right-5zc38la3aa,https://www.moparamerica.com/v-2017-chrysler-300--c--3-6l-v6-gas/interior-trim--front-seats-first-row?assembly=2,evidence/mopar/illustrations/2C3CCAEG4HH586472/front-seats-first-row__assembly-02.png
2C3CCAEG4HH586472,2017 Chrysler 300 C 3.6L V6 Gas,front-seats-first-row,5ZC38LK5AA,5ZC38LK5AA,"Front Seat Back Cover, Right | Right","2:Front Headrest, Right Or Left",https://www.moparamerica.com/oem-parts/mopar-front-seat-back-cover-right-5zc38lk5aa,https://www.moparamerica.com/v-2017-chrysler-300--c--3-6l-v6-gas/interior-trim--front-seats-first-row?assembly=2,evidence/mopar/illustrations/2C3CCAEG4HH586472/front-seats-first-row__assembly-02.png
2C3CCAEG4HH586472,2017 Chrysler 300 C 3.6L V6 Gas,front-seats-first-row,5ZC38ND2AA,5ZC38ND2AA,"Front Seat Back Cover, Right | Right","2:Front Headrest, Right Or Left",https://www.moparamerica.com/oem-parts/mopar-front-seat-back-cover-right-5zc38nd2aa,https://www.moparamerica.com/v-2017-chrysler-300--c--3-6l-v6-gas/interior-trim--front-seats-first-row?assembly=2,evidence/mopar/illustrations/2C3CCAEG4HH586472/front-seats-first-row__assembly-02.png
2C3CCAEG4HH586472,2017 Chrysler 300 C 3.6L V6 Gas,front-seats-first-row,68102969AA,68102969AA,"Heater Pad, Seat Back | Left","1:Front Headrest, Right Or Left | 2:Front Headrest, Right Or Left",https://www.moparamerica.com/oem-parts/mopar-heater-pad-seat-back-68102969aa,https://www.moparamerica.com/v-2017-chrysler-300--c--3-6l-v6-gas/interior-trim--front-seats-first-row?assembly=1 | https://www.moparamerica.com/v-2017-chrysler-300--c--3-6l-v6-gas/interior-trim--front-seats-first-row?assembly=2,evidence/mopar/illustrations/2C3CCAEG4HH586472/front-seats-first-row__assembly-01.png | evidence/mopar/illustrations/2C3CCAEG4HH586472/front-seats-first-row__assembly-02.png
2C3CCAEG4HH586472,2017 Chrysler 300 C 3.6L V6 Gas,front-seats-first-row,68102970AA,68102970AA,Left | Seat Cushion Heated Pad,"2:Front Headrest, Right Or Left",https://www.moparamerica.com/oem-parts/mopar-seat-cushion-heated-pad-68102970aa,https://www.moparamerica.com/v-2017-chrysler-300--c--3-6l-v6-gas/interior-trim--front-seats-first-row?assembly=2,evidence/mopar/illustrations/2C3CCAEG4HH586472/front-seats-first-row__assembly-02.png
2C3CCAEG4HH586472,2017 Chrysler 300 C 3.6L V6 Gas,front-seats-first-row,68104490AB,68104490AB,2011-2014 2020 Chrysler 300 - Seat Back Foam Right | Right,"7:Front Headrest, Right Or Left",https://www.moparamerica.com/oem-parts/mopar-2011-2014-2020-chrysler-300-seat-back-foam-right-68104490ab,https://www.moparamerica.com/v-2017-chrysler-300--c--3-6l-v6-gas/interior-trim--front-seats-first-row?assembly=7,evidence/mopar/illustrations/2C3CCAEG4HH586472/front-seats-first-row__assembly-07.png
2C3CCAEG4HH586472,2017 Chrysler 300 C 3.6L V6 Gas,front-seats-first-row,68104552AA,68104552AA,"Left | Seat Cushion Foam, Left","1:Front Headrest, Right Or Left | 7:Front Headrest, Right Or Left",https://www.moparamerica.com/oem-parts/mopar-seat-cushion-foam-left-68104552aa,https://www.moparamerica.com/v-2017-chrysler-300--c--3-6l-v6-gas/interior-trim--front-seats-first-row?assembly=1 | https://www.moparamerica.com/v-2017-chrysler-300--c--3-6l-v6-gas/interior-trim--front-seats-first-row?assembly=7,evidence/mopar/illustrations/2C3CCAEG4HH586472/front-seats-first-row__assembly-01.png | evidence/mopar/illustrations/2C3CCAEG4HH586472/front-seats-first-row__assembly-07.png
2C3CCAEG4HH586472,2017 Chrysler 300 C 3.6L V6 Gas,front-seats-first-row,68104553AB,68104553AB,2011-2020 Chrysler 300 - Seat Back Foam Left | Left,"1:Front Headrest, Right Or Left | 7:Front Headrest, Right Or Left",https://www.moparamerica.com/oem-parts/mopar-2011-2020-chrysler-300-seat-back-foam-left-68104553ab,https://www.moparamerica.com/v-2017-chrysler-300--c--3-6l-v6-gas/interior-trim--front-seats-first-row?assembly=1 | https://www.moparamerica.com/v-2017-chrysler-300--c--3-6l-v6-gas/interior-trim--front-seats-first-row?assembly=7,evidence/mopar/illustrations/2C3CCAEG4HH586472/front-seats-first-row__assembly-01.png | evidence/mopar/illustrations/2C3CCAEG4HH586472/front-seats-first-row__assembly-07.png
2C3CCAEG4HH586472,2017 Chrysler 300 C 3.6L V6 Gas,front-seats-first-row,68104681AA,68104681AA,Left | Seat Cushion Heated Pad,"1:Front Headrest, Right Or Left",https://www.moparamerica.com/oem-parts/mopar-seat-cushion-heated-pad-68104681aa,https://www.moparamerica.com/v-2017-chrysler-300--c--3-6l-v6-gas/interior-trim--front-seats-first-row?assembly=1,evidence/mopar/illustrations/2C3CCAEG4HH586472/front-seats-first-row__assembly-01.png
2C3CCAEG4HH586472,2017 Chrysler 300 C 3.6L V6 Gas,front-seats-first-row,68104692AB,68104692AB,2015-2020 Chrysler 300 - Seat Back Foam Right | Right,"1:Front Headrest, Right Or Left | 7:Front Headrest, Right Or Left",https://www.moparamerica.com/oem-parts/mopar-2015-2020-chrysler-300-seat-back-foam-right-68104692ab,https://www.moparamerica.com/v-2017-chrysler-300--c--3-6l-v6-gas/interior-trim--front-seats-first-row?assembly=1 | https://www.moparamerica.com/v-2017-chrysler-300--c--3-6l-v6-gas/interior-trim--front-seats-first-row?assembly=7,evidence/mopar/illustrations/2C3CCAEG4HH586472/front-seats-first-row__assembly-01.png | evidence/mopar/illustrations/2C3CCAEG4HH586472/front-seats-first-row__assembly-07.png
2C3CCAEG4HH586472,2017 Chrysler 300 C 3.6L V6 Gas,front-seats-first-row,68104704AA,68104704AA,Left | Seat Cushion Ventilation Bag,"3:Front Headrest, Right Or Left | 6:Front Headrest, Right Or Left",https://www.moparamerica.com/oem-parts/mopar-seat-cushion-ventilation-bag-68104704aa,https://www.moparamerica.com/v-2017-chrysler-300--c--3-6l-v6-gas/interior-trim--front-seats-first-row?assembly=3 | https://www.moparamerica.com/v-2017-chrysler-300--c--3-6l-v6-gas/interior-trim--front-seats-first-row?assembly=6,evidence/mopar/illustrations/2C3CCAEG4HH586472/front-seats-first-row__assembly-03.png | evidence/mopar/illustrations/2C3CCAEG4HH586472/front-seats-first-row__assembly-06.png
2C3CCAEG4HH586472,2017 Chrysler 300 C 3.6L V6 Gas,front-seats-first-row,68104706AA,68104706AA,Left | Seat Back Ventilation Bag,"3:Front Headrest, Right Or Left | 6:Front Headrest, Right Or Left",https://www.moparamerica.com/oem-parts/mopar-seat-back-ventilation-bag-68104706aa,https://www.moparamerica.com/v-2017-chrysler-300--c--3-6l-v6-gas/interior-trim--front-seats-first-row?assembly=3 | https://www.moparamerica.com/v-2017-chrysler-300--c--3-6l-v6-gas/interior-trim--front-seats-first-row?assembly=6,evidence/mopar/illustrations/2C3CCAEG4HH586472/front-seats-first-row__assembly-03.png | evidence/mopar/illustrations/2C3CCAEG4HH586472/front-seats-first-row__assembly-06.png
2C3CCAEG4HH586472,2017 Chrysler 300 C 3.6L V6 Gas,front-seats-first-row,68138236AA,68138236AA,"Right | Seat Cushion Foam, Right","1:Front Headrest, Right Or Left | 7:Front Headrest, Right Or Left",https://www.moparamerica.com/oem-parts/mopar-seat-cushion-foam-right-68138236aa,https://www.moparamerica.com/v-2017-chrysler-300--c--3-6l-v6-gas/interior-trim--front-seats-first-row?assembly=1 | https://www.moparamerica.com/v-2017-chrysler-300--c--3-6l-v6-gas/interior-trim--front-seats-first-row?assembly=7,evidence/mopar/illustrations/2C3CCAEG4HH586472/front-seats-first-row__assembly-01.png | evidence/mopar/illustrations/2C3CCAEG4HH586472/front-seats-first-row__assembly-07.png
2C3CCAEG4HH586472,2017 Chrysler 300 C 3.6L V6 Gas,front-seats-first-row,68138323AA,68138323AA,"Left | Seat Cushion Foam, Left","3:Front Headrest, Right Or Left | 6:Front Headrest, Right Or Left",https://www.moparamerica.com/oem-parts/mopar-seat-cushion-foam-left-68138323aa,https://www.moparamerica.com/v-2017-chrysler-300--c--3-6l-v6-gas/interior-trim--front-seats-first-row?assembly=3 | https://www.moparamerica.com/v-2017-chrysler-300--c--3-6l-v6-gas/interior-trim--front-seats-first-row?assembly=6,evidence/mopar/illustrations/2C3CCAEG4HH586472/front-seats-first-row__assembly-03.png | evidence/mopar/illustrations/2C3CCAEG4HH586472/front-seats-first-row__assembly-06.png
2C3CCAEG4HH586472,2017 Chrysler 300 C 3.6L V6 Gas,front-seats-first-row,68138326AA,68138326AA,"Right | Seat Cushion Foam, Right","3:Front Headrest, Right Or Left | 6:Front Headrest, Right Or Left",https://www.moparamerica.com/oem-parts/mopar-seat-cushion-foam-right-68138326aa,https://www.moparamerica.com/v-2017-chrysler-300--c--3-6l-v6-gas/interior-trim--front-seats-first-row?assembly=3 | https://www.moparamerica.com/v-2017-chrysler-300--c--3-6l-v6-gas/interior-trim--front-seats-first-row?assembly=6,evidence/mopar/illustrations/2C3CCAEG4HH586472/front-seats-first-row__assembly-03.png | evidence/mopar/illustrations/2C3CCAEG4HH586472/front-seats-first-row__assembly-06.png
2C3CCAEG4HH586472,2017 Chrysler 300 C 3.6L V6 Gas,front-seats-first-row,68148804AB,68148804AB,2012-2017 2019 2020 Chrysler 300 - Seat Back Foam Right | Right,"2:Front Headrest, Right Or Left",https://www.moparamerica.com/oem-parts/mopar-2012-2017-2019-2020-chrysler-300-seat-back-foam-right-68148804ab,https://www.moparamerica.com/v-2017-chrysler-300--c--3-6l-v6-gas/interior-trim--front-seats-first-row?assembly=2,evidence/mopar/illustrations/2C3CCAEG4HH586472/front-seats-first-row__assembly-02.png
2C3CCAEG4HH586472,2017 Chrysler 300 C 3.6L V6 Gas,front-seats-first-row,68148805AB,68148805AB,2012-2020 Mopar Seat Back Foam Left | Left,"2:Front Headrest, Right Or Left",https://www.moparamerica.com/oem-parts/mopar-2012-2020-mopar-seat-back-foam-left-68148805ab,https://www.moparamerica.com/v-2017-chrysler-300--c--3-6l-v6-gas/interior-trim--front-seats-first-row?assembly=2,evidence/mopar/illustrations/2C3CCAEG4HH586472/front-seats-first-row__assembly-02.png
2C3CCAEG4HH586472,2017 Chrysler 300 C 3.6L V6 Gas,front-seats-first-row,68148806AA,68148806AA,"Right | Seat Cushion Foam, Right","2:Front Headrest, Right Or Left",https://www.moparamerica.com/oem-parts/mopar-seat-cushion-foam-right-68148806aa,https://www.moparamerica.com/v-2017-chrysler-300--c--3-6l-v6-gas/interior-trim--front-seats-first-row?assembly=2,evidence/mopar/illustrations/2C3CCAEG4HH586472/front-seats-first-row__assembly-02.png
2C3CCAEG4HH586472,2017 Chrysler 300 C 3.6L V6 Gas,front-seats-first-row,68148807AA,68148807AA,"Left | Seat Cushion Foam, Left","2:Front Headrest, Right Or Left",https://www.moparamerica.com/oem-parts/mopar-seat-cushion-foam-left-68148807aa,https://www.moparamerica.com/v-2017-chrysler-300--c--3-6l-v6-gas/interior-trim--front-seats-first-row?assembly=2,evidence/mopar/illustrations/2C3CCAEG4HH586472/front-seats-first-row__assembly-02.png
2C3CCAEG4HH586472,2017 Chrysler 300 C 3.6L V6 Gas,front-seats-first-row,68156158AC,68156158AC,"Right | Seat Back Foam, Right","5:Front Headrest, Right Or Left",https://www.moparamerica.com/oem-parts/mopar-seat-back-foam-right-68156158ac,https://www.moparamerica.com/v-2017-chrysler-300--c--3-6l-v6-gas/interior-trim--front-seats-first-row?assembly=5,evidence/mopar/illustrations/2C3CCAEG4HH586472/front-seats-first-row__assembly-05.png
2C3CCAEG4HH586472,2017 Chrysler 300 C 3.6L V6 Gas,front-seats-first-row,68156166AB,68156166AB,"Right | Seat Cushion Foam, Right","5:Front Headrest, Right Or Left",https://www.moparamerica.com/oem-parts/mopar-seat-cushion-foam-right-68156166ab,https://www.moparamerica.com/v-2017-chrysler-300--c--3-6l-v6-gas/interior-trim--front-seats-first-row?assembly=5,evidence/mopar/illustrations/2C3CCAEG4HH586472/front-seats-first-row__assembly-05.png
2C3CCAEG4HH586472,2017 Chrysler 300 C 3.6L V6 Gas,front-seats-first-row,68156167AB,68156167AB,Left | Seat Back Foam Left,"5:Front Headrest, Right Or Left",https://www.moparamerica.com/oem-parts/mopar-2012-2021-dodge-charger-seat-back-foam-left-68156167ab,https://www.moparamerica.com/v-2017-chrysler-300--c--3-6l-v6-gas/interior-trim--front-seats-first-row?assembly=5,evidence/mopar/illustrations/2C3CCAEG4HH586472/front-seats-first-row__assembly-05.png
2C3CCAEG4HH586472,2017 Chrysler 300 C 3.6L V6 Gas,front-seats-first-row,68156999AB,68156999AB,2012-2020 Chrysler 300 - Seat Back Foam Left | Left,"3:Front Headrest, Right Or Left | 6:Front Headrest, Right Or Left",https://www.moparamerica.com/oem-parts/mopar-2012-2020-chrysler-300-seat-back-foam-left-68156999ab,https://www.moparamerica.com/v-2017-chrysler-300--c--3-6l-v6-gas/interior-trim--front-seats-first-row?assembly=3 | https://www.moparamerica.com/v-2017-chrysler-300--c--3-6l-v6-gas/interior-trim--front-seats-first-row?assembly=6,evidence/mopar/illustrations/2C3CCAEG4HH586472/front-seats-first-row__assembly-03.png | evidence/mopar/illustrations/2C3CCAEG4HH586472/front-seats-first-row__assembly-06.png
2C3CCAEG4HH586472,2017 Chrysler 300 C 3.6L V6 Gas,front-seats-first-row,68159289AA,68159289AA,Left | Seat Cushion Ventilation Bag,"4:Front Headrest, Right Or Left | 5:Front Headrest, Right Or Left",https://www.moparamerica.com/oem-parts/mopar-seat-cushion-ventilation-bag-68159289aa,https://www.moparamerica.com/v-2017-chrysler-300--c--3-6l-v6-gas/interior-trim--front-seats-first-row?assembly=4 | https://www.moparamerica.com/v-2017-chrysler-300--c--3-6l-v6-gas/interior-trim--front-seats-first-row?assembly=5,evidence/mopar/illustrations/2C3CCAEG4HH586472/front-seats-first-row__assembly-04.png | evidence/mopar/illustrations/2C3CCAEG4HH586472/front-seats-first-row__assembly-05.png
2C3CCAEG4HH586472,2017 Chrysler 300 C 3.6L V6 Gas,front-seats-first-row,68159290AA,68159290AA,Left | Seat Back Ventilation Bag,"4:Front Headrest, Right Or Left | 5:Front Headrest, Right Or Left",https://www.moparamerica.com/oem-parts/mopar-seat-back-ventilation-bag-68159290aa,https://www.moparamerica.com/v-2017-chrysler-300--c--3-6l-v6-gas/interior-trim--front-seats-first-row?assembly=4 | https://www.moparamerica.com/v-2017-chrysler-300--c--3-6l-v6-gas/interior-trim--front-seats-first-row?assembly=5,evidence/mopar/illustrations/2C3CCAEG4HH586472/front-seats-first-row__assembly-04.png | evidence/mopar/illustrations/2C3CCAEG4HH586472/front-seats-first-row__assembly-05.png
2C3CCAEG4HH586472,2017 Chrysler 300 C 3.6L V6 Gas,front-seats-first-row,68159301AA,68159301AA,"Left | Seat Cushion Foam, Left","4:Front Headrest, Right Or Left",https://www.moparamerica.com/oem-parts/mopar-seat-cushion-foam-left-68159301aa,https://www.moparamerica.com/v-2017-chrysler-300--c--3-6l-v6-gas/interior-trim--front-seats-first-row?assembly=4,evidence/mopar/illustrations/2C3CCAEG4HH586472/front-seats-first-row__assembly-04.png
2C3CCAEG4HH586472,2017 Chrysler 300 C 3.6L V6 Gas,front-seats-first-row,68159302AA,68159302AA,"Right | Seat Cushion Foam, Right","4:Front Headrest, Right Or Left",https://www.moparamerica.com/oem-parts/mopar-seat-cushion-foam-right-68159302aa,https://www.moparamerica.com/v-2017-chrysler-300--c--3-6l-v6-gas/interior-trim--front-seats-first-row?assembly=4,evidence/mopar/illustrations/2C3CCAEG4HH586472/front-seats-first-row__assembly-04.png
2C3CCAEG4HH586472,2017 Chrysler 300 C 3.6L V6 Gas,front-seats-first-row,68159307AB,68159307AB,"Left | Seat Cushion Foam, Left","5:Front Headrest, Right Or Left",https://www.moparamerica.com/oem-parts/mopar-seat-cushion-foam-left-68159307ab,https://www.moparamerica.com/v-2017-chrysler-300--c--3-6l-v6-gas/interior-trim--front-seats-first-row?assembly=5,evidence/mopar/illustrations/2C3CCAEG4HH586472/front-seats-first-row__assembly-05.png
2C3CCAEG4HH586472,2017 Chrysler 300 C 3.6L V6 Gas,front-seats-first-row,68349610AB,68349610AB,2017-2020 Chrysler 300 - Seat Back Foam Right | Right,"4:Front Headrest, Right Or Left",https://www.moparamerica.com/oem-parts/mopar-2017-2020-chrysler-300-seat-back-foam-right-68349610ab,https://www.moparamerica.com/v-2017-chrysler-300--c--3-6l-v6-gas/interior-trim--front-seats-first-row?assembly=4,evidence/mopar/illustrations/2C3CCAEG4HH586472/front-seats-first-row__assembly-04.png
2C3CCAEG4HH586472,2017 Chrysler 300 C 3.6L V6 Gas,front-seats-first-row,68349611AB,68349611AB,2017-2020 Chrysler 300 - Seat Back Foam Left | Left,"4:Front Headrest, Right Or Left",https://www.moparamerica.com/oem-parts/mopar-2017-2020-chrysler-300-seat-back-foam-left-68349611ab,https://www.moparamerica.com/v-2017-chrysler-300--c--3-6l-v6-gas/interior-trim--front-seats-first-row?assembly=4,evidence/mopar/illustrations/2C3CCAEG4HH586472/front-seats-first-row__assembly-04.png
2C3CCAEG4HH586472,2017 Chrysler 300 C 3.6L V6 Gas,front-seats-first-row,68370042AA,68370042AA,2012-2020 Chrysler 300 - Seat Back Foam Right | Right,"3:Front Headrest, Right Or Left | 6:Front Headrest, Right Or Left",https://www.moparamerica.com/oem-parts/mopar-2012-2020-chrysler-300-seat-back-foam-right-68370042aa,https://www.moparamerica.com/v-2017-chrysler-300--c--3-6l-v6-gas/interior-trim--front-seats-first-row?assembly=3 | https://www.moparamerica.com/v-2017-chrysler-300--c--3-6l-v6-gas/interior-trim--front-seats-first-row?assembly=6,evidence/mopar/illustrations/2C3CCAEG4HH586472/front-seats-first-row__assembly-03.png | evidence/mopar/illustrations/2C3CCAEG4HH586472/front-seats-first-row__assembly-06.png
2C3CCAEG4HH586472,2017 Chrysler 300 C 3.6L V6 Gas,front-seats-first-row,6HZ55LA3AB,6HZ55LA3AB,Front Seat Back Cover Left | Left,"5:Front Headrest, Right Or Left",https://www.moparamerica.com/oem-parts/mopar-front-seat-back-cover-left-6hz55la3ab,https://www.moparamerica.com/v-2017-chrysler-300--c--3-6l-v6-gas/interior-trim--front-seats-first-row?assembly=5,evidence/mopar/illustrations/2C3CCAEG4HH586472/front-seats-first-row__assembly-05.png
2C3CCAEG4HH586472,2017 Chrysler 300 C 3.6L V6 Gas,front-seats-first-row,6HZ56LA3AB,6HZ56LA3AB,Front Seat Back Cover Right | Right,"5:Front Headrest, Right Or Left",https://www.moparamerica.com/oem-parts/mopar-front-seat-back-cover-right-6hz56la3ab,https://www.moparamerica.com/v-2017-chrysler-300--c--3-6l-v6-gas/interior-trim--front-seats-first-row?assembly=5,evidence/mopar/illustrations/2C3CCAEG4HH586472/front-seats-first-row__assembly-05.png
2C3CCAEG4HH586472,2017 Chrysler 300 C 3.6L V6 Gas,front-seats-first-row,6LZ70LA3AA,6LZ70LA3AA,2017-2020 Chrysler 300 - Front Seat Back Cover Right | Right,"4:Front Headrest, Right Or Left",https://www.moparamerica.com/oem-parts/mopar-2017-2020-chrysler-300-front-seat-back-cover-right-6lz70la3aa,https://www.moparamerica.com/v-2017-chrysler-300--c--3-6l-v6-gas/interior-trim--front-seats-first-row?assembly=4,evidence/mopar/illustrations/2C3CCAEG4HH586472/front-seats-first-row__assembly-04.png
2C3CCAEG4HH586472,2017 Chrysler 300 C 3.6L V6 Gas,front-seats-first-row,6LZ70LK5AA,6LZ70LK5AA,2017-2020 Chrysler 300 - Front Seat Back Cover Right | Right,"4:Front Headrest, Right Or Left",https://www.moparamerica.com/oem-parts/mopar-2017-2020-chrysler-300-front-seat-back-cover-right-6lz70lk5aa,https://www.moparamerica.com/v-2017-chrysler-300--c--3-6l-v6-gas/interior-trim--front-seats-first-row?assembly=4,evidence/mopar/illustrations/2C3CCAEG4HH586472/front-seats-first-row__assembly-04.png
2C3CCAEG4HH586472,2017 Chrysler 300 C 3.6L V6 Gas,front-seats-first-row,6LZ70ND2AA,6LZ70ND2AA,2017-2020 Chrysler 300 - Front Seat Back Cover Right | Right,"4:Front Headrest, Right Or Left",https://www.moparamerica.com/oem-parts/mopar-2017-2020-chrysler-300-front-seat-back-cover-right-6lz70nd2aa,https://www.moparamerica.com/v-2017-chrysler-300--c--3-6l-v6-gas/interior-trim--front-seats-first-row?assembly=4,evidence/mopar/illustrations/2C3CCAEG4HH586472/front-seats-first-row__assembly-04.png
2C3CCAEG4HH586472,2017 Chrysler 300 C 3.6L V6 Gas,front-seats-first-row,6LZ71LA3AA,6LZ71LA3AA,2017-2020 Chrysler 300 - Front Seat Back Cover Left | Left,"4:Front Headrest, Right Or Left",https://www.moparamerica.com/oem-parts/mopar-2017-2020-chrysler-300-front-seat-back-cover-left-6lz71la3aa,https://www.moparamerica.com/v-2017-chrysler-300--c--3-6l-v6-gas/interior-trim--front-seats-first-row?assembly=4,evidence/mopar/illustrations/2C3CCAEG4HH586472/front-seats-first-row__assembly-04.png
2C3CCAEG4HH586472,2017 Chrysler 300 C 3.6L V6 Gas,front-seats-first-row,6LZ71LK5AA,6LZ71LK5AA,2017-2020 Chrysler 300 - Front Seat Back Cover Left | Left,"4:Front Headrest, Right Or Left",https://www.moparamerica.com/oem-parts/mopar-2017-2020-chrysler-300-front-seat-back-cover-left-6lz71lk5aa,https://www.moparamerica.com/v-2017-chrysler-300--c--3-6l-v6-gas/interior-trim--front-seats-first-row?assembly=4,evidence/mopar/illustrations/2C3CCAEG4HH586472/front-seats-first-row__assembly-04.png
2C3CCAEG4HH586472,2017 Chrysler 300 C 3.6L V6 Gas,front-seats-first-row,6LZ71ND2AA,6LZ71ND2AA,2017-2020 Chrysler 300 - Front Seat Back Cover Left,"4:Front Headrest, Right Or Left",https://www.moparamerica.com/oem-parts/mopar-2017-2020-chrysler-300-front-seat-back-cover-left-6lz71nd2aa,https://www.moparamerica.com/v-2017-chrysler-300--c--3-6l-v6-gas/interior-trim--front-seats-first-row?assembly=4,evidence/mopar/illustrations/2C3CCAEG4HH586472/front-seats-first-row__assembly-04.png
2C3CCAEG4HH586472,2017 Chrysler 300 C 3.6L V6 Gas,front-seats-first-row,6LZ73LA3AA,6LZ73LA3AA,2017-2020 Chrysler 300 - Front Seat Cushion Cover Left | Left,"4:Front Headrest, Right Or Left",https://www.moparamerica.com/oem-parts/mopar-2017-2020-chrysler-300-front-seat-cushion-cover-left-6lz73la3aa,https://www.moparamerica.com/v-2017-chrysler-300--c--3-6l-v6-gas/interior-trim--front-seats-first-row?assembly=4,evidence/mopar/illustrations/2C3CCAEG4HH586472/front-seats-first-row__assembly-04.png
2C3CCAEG4HH586472,2017 Chrysler 300 C 3.6L V6 Gas,front-seats-first-row,6LZ73LK5AA,6LZ73LK5AA,2017-2020 Chrysler 300 - Front Seat Cushion Cover Left | Left,"4:Front Headrest, Right Or Left",https://www.moparamerica.com/oem-parts/mopar-2017-2020-chrysler-300-front-seat-cushion-cover-left-6lz73lk5aa,https://www.moparamerica.com/v-2017-chrysler-300--c--3-6l-v6-gas/interior-trim--front-seats-first-row?assembly=4,evidence/mopar/illustrations/2C3CCAEG4HH586472/front-seats-first-row__assembly-04.png
2C3CCAEG4HH586472,2017 Chrysler 300 C 3.6L V6 Gas,front-seats-first-row,6LZ73ND2AA,6LZ73ND2AA,"Front Seat Cushion Cover, Left | Left","4:Front Headrest, Right Or Left",https://www.moparamerica.com/oem-parts/mopar-front-seat-cushion-cover-left-6lz73nd2aa,https://www.moparamerica.com/v-2017-chrysler-300--c--3-6l-v6-gas/interior-trim--front-seats-first-row?assembly=4,evidence/mopar/illustrations/2C3CCAEG4HH586472/front-seats-first-row__assembly-04.png
2C3CCAEG4HH586472,2017 Chrysler 300 C 3.6L V6 Gas,front-seats-first-row,6LZ74LA3AA,6LZ74LA3AA,2017-2020 Chrysler 300 - Front Seat Cushion Cover Right,"4:Front Headrest, Right Or Left",https://www.moparamerica.com/oem-parts/mopar-2017-2020-chrysler-300-front-seat-cushion-cover-right-6lz74la3aa,https://www.moparamerica.com/v-2017-chrysler-300--c--3-6l-v6-gas/interior-trim--front-seats-first-row?assembly=4,evidence/mopar/illustrations/2C3CCAEG4HH586472/front-seats-first-row__assembly-04.png
2C3CCAEG4HH586472,2017 Chrysler 300 C 3.6L V6 Gas,front-seats-first-row,6LZ74LK5AA,6LZ74LK5AA,2017-2020 Chrysler 300 - Front Seat Cushion Cover Right | Right,"4:Front Headrest, Right Or Left",https://www.moparamerica.com/oem-parts/mopar-2017-2020-chrysler-300-front-seat-cushion-cover-right-6lz74lk5aa,https://www.moparamerica.com/v-2017-chrysler-300--c--3-6l-v6-gas/interior-trim--front-seats-first-row?assembly=4,evidence/mopar/illustrations/2C3CCAEG4HH586472/front-seats-first-row__assembly-04.png
2C3CCAEG4HH586472,2017 Chrysler 300 C 3.6L V6 Gas,front-seats-first-row,6LZ74ND2AA,6LZ74ND2AA,"Front Seat Cushion Cover, Right | Right","4:Front Headrest, Right Or Left",https://www.moparamerica.com/oem-parts/mopar-front-seat-cushion-cover-right-6lz74nd2aa,https://www.moparamerica.com/v-2017-chrysler-300--c--3-6l-v6-gas/interior-trim--front-seats-first-row?assembly=4,evidence/mopar/illustrations/2C3CCAEG4HH586472/front-seats-first-row__assembly-04.png
2C3CCAEG4HH586472,2017 Chrysler 300 C 3.6L V6 Gas,instrument-panel,1JN63DX9AF,1JN63DX9AF,2011-2021 Mopar Steering Column Opening Kneeblocker | Kneeblocker,"1:Instrument Panel Closeout Panel, Left, Inboard 122",https://www.moparamerica.com/oem-parts/mopar-2011-2021-mopar-steering-column-opening-kneeblocker-1jn63dx9af,https://www.moparamerica.com/v-2017-chrysler-300--c--3-6l-v6-gas/interior-trim--instrument-panel,evidence/mopar/illustrations/2C3CCAEG4HH586472/instrument-panel__assembly-01.png
2C3CDXGJ2HH530684,2017 Dodge Charger R/T Scat Pack 6.4L V8 Gas,instrument-panel,1JN63DX9AF,1JN63DX9AF,2011-2021 Mopar Steering Column Opening Kneeblocker | Kneeblocker,1:Screw 76,https://www.moparamerica.com/oem-parts/mopar-2011-2021-mopar-steering-column-opening-kneeblocker-1jn63dx9af,https://www.moparamerica.com/v-2017-dodge-charger--r-t-scat-pack--6-4l-v8-gas/interior-trim--instrument-panel,evidence/mopar/illustrations/2C3CDXGJ2HH530684/instrument-panel__assembly-01.png
2C3CCAEG4HH586472,2017 Chrysler 300 C 3.6L V6 Gas,instrument-panel,1JN63LC5AF,1JN63LC5AF,Kneeblocker | Steering Column Opening Kneeblocker,"1:Instrument Panel Closeout Panel, Left, Inboard 122",https://www.moparamerica.com/oem-parts/mopar-steering-column-opening-kneeblocker-1jn63lc5af,https://www.moparamerica.com/v-2017-chrysler-300--c--3-6l-v6-gas/interior-trim--instrument-panel,evidence/mopar/illustrations/2C3CCAEG4HH586472/instrument-panel__assembly-01.png
2C3CCAEG4HH586472,2017 Chrysler 300 C 3.6L V6 Gas,instrument-panel,1JQ67DX9AL,1JQ67DX9AL,Defroster Grille | Grille,"1:Instrument Panel Closeout Panel, Left, Inboard 122",https://www.moparamerica.com/oem-parts/mopar-defroster-grille-1jq67dx9al,https://www.moparamerica.com/v-2017-chrysler-300--c--3-6l-v6-gas/interior-trim--instrument-panel,evidence/mopar/illustrations/2C3CCAEG4HH586472/instrument-panel__assembly-01.png
2C3CDXGJ2HH530684,2017 Dodge Charger R/T Scat Pack 6.4L V8 Gas,instrument-panel,1JQ67DX9AL,1JQ67DX9AL,Defroster Grille | Grille,1:Screw 76,https://www.moparamerica.com/oem-parts/mopar-defroster-grille-1jq67dx9al,https://www.moparamerica.com/v-2017-dodge-charger--r-t-scat-pack--6-4l-v8-gas/interior-trim--instrument-panel,evidence/mopar/illustrations/2C3CDXGJ2HH530684/instrument-panel__assembly-01.png
2C3CCAEG4HH586472,2017 Chrysler 300 C 3.6L V6 Gas,instrument-panel,1JQ67LC5AK,1JQ67LC5AK,Defroster Grille | Grille,"1:Instrument Panel Closeout Panel, Left, Inboard 122",https://www.moparamerica.com/oem-parts/mopar-defroster-grille-1jq67lc5ak,https://www.moparamerica.com/v-2017-chrysler-300--c--3-6l-v6-gas/interior-trim--instrument-panel,evidence/mopar/illustrations/2C3CCAEG4HH586472/instrument-panel__assembly-01.png
2C3CDXGJ2HH530684,2017 Dodge Charger R/T Scat Pack 6.4L V8 Gas,instrument-panel,1QD22DX9AE,1QD22DX9AE,"Instrument Panel End Cap, Right | Right",1:Screw 76,https://www.moparamerica.com/oem-parts/mopar-instrument-panel-end-cap-right-1qd22dx9ae,https://www.moparamerica.com/v-2017-dodge-charger--r-t-scat-pack--6-4l-v8-gas/interior-trim--instrument-panel,evidence/mopar/illustrations/2C3CDXGJ2HH530684/instrument-panel__assembly-01.png
2C3CCAEG4HH586472,2017 Chrysler 300 C 3.6L V6 Gas,instrument-panel,1QD23DX9AF,1QD23DX9AF,"Instrument Panel End Cap, Left | Left","1:Instrument Panel Closeout Panel, Left, Inboard 122",https://www.moparamerica.com/oem-parts/mopar-instrument-panel-end-cap-left-1qd23dx9af,https://www.moparamerica.com/v-2017-chrysler-300--c--3-6l-v6-gas/interior-trim--instrument-panel,evidence/mopar/illustrations/2C3CCAEG4HH586472/instrument-panel__assembly-01.png
2C3CDXGJ2HH530684,2017 Dodge Charger R/T Scat Pack 6.4L V8 Gas,instrument-panel,1QD23DX9AF,1QD23DX9AF,"Instrument Panel End Cap, Left | Left",1:Screw 76,https://www.moparamerica.com/oem-parts/mopar-instrument-panel-end-cap-left-1qd23dx9af,https://www.moparamerica.com/v-2017-dodge-charger--r-t-scat-pack--6-4l-v8-gas/interior-trim--instrument-panel,evidence/mopar/illustrations/2C3CDXGJ2HH530684/instrument-panel__assembly-01.png
2C3CCAEG4HH586472,2017 Chrysler 300 C 3.6L V6 Gas,instrument-panel,1QD23LC5AF,1QD23LC5AF,"Instrument Panel End Cap, Left | Left","1:Instrument Panel Closeout Panel, Left, Inboard 122",https://www.moparamerica.com/oem-parts/mopar-instrument-panel-end-cap-left-1qd23lc5af,https://www.moparamerica.com/v-2017-chrysler-300--c--3-6l-v6-gas/interior-trim--instrument-panel,evidence/mopar/illustrations/2C3CCAEG4HH586472/instrument-panel__assembly-01.png
2C3CCAEG4HH586472,2017 Chrysler 300 C 3.6L V6 Gas,instrument-panel,1QF13DX9AP,1QF13DX9AP,2011-2021 Mopar Instrument Panel Glove Box | Box,"1:Instrument Panel Closeout Panel, Left, Inboard 122",https://www.moparamerica.com/oem-parts/mopar-2011-2021-mopar-instrument-panel-glove-box-1qf13dx9ap,https://www.moparamerica.com/v-2017-chrysler-300--c--3-6l-v6-gas/interior-trim--instrument-panel,evidence/mopar/illustrations/2C3CCAEG4HH586472/instrument-panel__assembly-01.png
2C3CDXGJ2HH530684,2017 Dodge Charger R/T Scat Pack 6.4L V8 Gas,instrument-panel,1QF13DX9AP,1QF13DX9AP,2011-2021 Mopar Instrument Panel Glove Box | Box,1:Screw 76,https://www.moparamerica.com/oem-parts/mopar-2011-2021-mopar-instrument-panel-glove-box-1qf13dx9ap,https://www.moparamerica.com/v-2017-dodge-charger--r-t-scat-pack--6-4l-v8-gas/interior-trim--instrument-panel,evidence/mopar/illustrations/2C3CDXGJ2HH530684/instrument-panel__assembly-01.png
2C3CCAEG4HH586472,2017 Chrysler 300 C 3.6L V6 Gas,instrument-panel,1QF13LC5AP,1QF13LC5AP,Box | Instrument Panel Glove Box,"1:Instrument Panel Closeout Panel, Left, Inboard 122",https://www.moparamerica.com/oem-parts/mopar-instrument-panel-glove-box-1qf13lc5ap,https://www.moparamerica.com/v-2017-chrysler-300--c--3-6l-v6-gas/interior-trim--instrument-panel,evidence/mopar/illustrations/2C3CCAEG4HH586472/instrument-panel__assembly-01.png
2C3CDXGJ2HH530684,2017 Dodge Charger R/T Scat Pack 6.4L V8 Gas,instrument-panel,1SW62DX9AF,1SW62DX9AF,Kneeblocker | Steering Column Opening Kneeblocker,1:Screw 76,https://www.moparamerica.com/oem-parts/mopar-2014-2021-dodge-charger-steering-column-opening-kneeblocker-1sw62dx9af,https://www.moparamerica.com/v-2017-dodge-charger--r-t-scat-pack--6-4l-v8-gas/interior-trim--instrument-panel,evidence/mopar/illustrations/2C3CDXGJ2HH530684/instrument-panel__assembly-01.png
2C3CDXGJ2HH530684,2017 Dodge Charger R/T Scat Pack 6.4L V8 Gas,instrument-panel,1VM59DX9AC,1VM59DX9AC,"Air Conditioning & Heater Outlet, Left | Left",1:Screw 76,https://www.moparamerica.com/oem-parts/mopar-air-conditioning-and-heater-outlet-left-1vm59dx9ac,https://www.moparamerica.com/v-2017-dodge-charger--r-t-scat-pack--6-4l-v8-gas/interior-trim--instrument-panel,evidence/mopar/illustrations/2C3CDXGJ2HH530684/instrument-panel__assembly-01.png
2C3CDXGJ2HH530684,2017 Dodge Charger R/T Scat Pack 6.4L V8 Gas,instrument-panel,1VM60DX9AB,1VM60DX9AB,"Air Conditioning & Heater Outlet, Right | Right",1:Screw 76,https://www.moparamerica.com/oem-parts/mopar-air-conditioning-and-heater-outlet-right-1vm60dx9ab,https://www.moparamerica.com/v-2017-dodge-charger--r-t-scat-pack--6-4l-v8-gas/interior-trim--instrument-panel,evidence/mopar/illustrations/2C3CDXGJ2HH530684/instrument-panel__assembly-01.png
2C3CDXGJ2HH530684,2017 Dodge Charger R/T Scat Pack 6.4L V8 Gas,instrument-panel,1VM61DX9AB,1VM61DX9AB,"Center Outlet, Left | Left",1:Screw 76,https://www.moparamerica.com/oem-parts/mopar-center-outlet-left-1vm61dx9ab,https://www.moparamerica.com/v-2017-dodge-charger--r-t-scat-pack--6-4l-v8-gas/interior-trim--instrument-panel,evidence/mopar/illustrations/2C3CDXGJ2HH530684/instrument-panel__assembly-01.png
2C3CDXGJ2HH530684,2017 Dodge Charger R/T Scat Pack 6.4L V8 Gas,instrument-panel,1VM62DX9AB,1VM62DX9AB,"Center Outlet, Right | Right",1:Screw 76,https://www.moparamerica.com/oem-parts/mopar-center-outlet-right-1vm62dx9ab,https://www.moparamerica.com/v-2017-dodge-charger--r-t-scat-pack--6-4l-v8-gas/interior-trim--instrument-panel,evidence/mopar/illustrations/2C3CDXGJ2HH530684/instrument-panel__assembly-01.png
2C3CCAEG4HH586472,2017 Chrysler 300 C 3.6L V6 Gas,instrument-panel,4746315,4746315,Console Lock Cylinder | Cylinder,"1:Instrument Panel Closeout Panel, Left, Inboard 122",https://www.moparamerica.com/oem-parts/mopar-console-lock-cylinder-4746315,https://www.moparamerica.com/v-2017-chrysler-300--c--3-6l-v6-gas/interior-trim--instrument-panel,evidence/mopar/illustrations/2C3CCAEG4HH586472/instrument-panel__assembly-01.png
2C3CDXGJ2HH530684,2017 Dodge Charger R/T Scat Pack 6.4L V8 Gas,instrument-panel,4746315,4746315,Console Lock Cylinder,1:Screw 76,https://www.moparamerica.com/oem-parts/mopar-console-lock-cylinder-4746315,https://www.moparamerica.com/v-2017-dodge-charger--r-t-scat-pack--6-4l-v8-gas/interior-trim--instrument-panel,evidence/mopar/illustrations/2C3CDXGJ2HH530684/instrument-panel__assembly-01.png
2C3CCAEG4HH586472,2017 Chrysler 300 C 3.6L V6 Gas,instrument-panel,4746873,4746873,Lock Cylinder Tumbler Spring,"1:Instrument Panel Closeout Panel, Left, Inboard 122",https://www.moparamerica.com/oem-parts/mopar-lock-cylinder-tumbler-spring-4746873,https://www.moparamerica.com/v-2017-chrysler-300--c--3-6l-v6-gas/interior-trim--instrument-panel,evidence/mopar/illustrations/2C3CCAEG4HH586472/instrument-panel__assembly-01.png
2C3CCAEG4HH586472,2017 Chrysler 300 C 3.6L V6 Gas,instrument-panel,5108264AB,5108264AB,"Instrument Panel Closeout Panel, Left, Outboard","1:Instrument Panel Closeout Panel, Left, Inboard 122",https://www.moparamerica.com/oem-parts/mopar-instrument-panel-closeout-panel-left-outboard-5108264ab,https://www.moparamerica.com/v-2017-chrysler-300--c--3-6l-v6-gas/interior-trim--instrument-panel,evidence/mopar/illustrations/2C3CCAEG4HH586472/instrument-panel__assembly-01.png
2C3CDXGJ2HH530684,2017 Dodge Charger R/T Scat Pack 6.4L V8 Gas,instrument-panel,5108264AB,5108264AB,"Instrument Panel Closeout Panel, Left, Outboard | Left",1:Screw 76,https://www.moparamerica.com/oem-parts/mopar-instrument-panel-closeout-panel-left-outboard-5108264ab,https://www.moparamerica.com/v-2017-dodge-charger--r-t-scat-pack--6-4l-v8-gas/interior-trim--instrument-panel,evidence/mopar/illustrations/2C3CDXGJ2HH530684/instrument-panel__assembly-01.png
2C3CCAEG4HH586472,2017 Chrysler 300 C 3.6L V6 Gas,instrument-panel,5257132AB,5257132AB,Number 1 Tumbler,"1:Instrument Panel Closeout Panel, Left, Inboard 122",https://www.moparamerica.com/oem-parts/mopar-number-1-tumbler-5257132ab,https://www.moparamerica.com/v-2017-chrysler-300--c--3-6l-v6-gas/interior-trim--instrument-panel,evidence/mopar/illustrations/2C3CCAEG4HH586472/instrument-panel__assembly-01.png
2C3CDXGJ2HH530684,2017 Dodge Charger R/T Scat Pack 6.4L V8 Gas,instrument-panel,5257132AB,5257132AB,Number 1 Tumbler,1:Screw 76,https://www.moparamerica.com/oem-parts/mopar-number-1-tumbler-5257132ab,https://www.moparamerica.com/v-2017-dodge-charger--r-t-scat-pack--6-4l-v8-gas/interior-trim--instrument-panel,evidence/mopar/illustrations/2C3CDXGJ2HH530684/instrument-panel__assembly-01.png
2C3CCAEG4HH586472,2017 Chrysler 300 C 3.6L V6 Gas,instrument-panel,5257133AB,5257133AB,Number 2 Tumbler,"1:Instrument Panel Closeout Panel, Left, Inboard 122",https://www.moparamerica.com/oem-parts/mopar-number-2-tumbler-5257133ab,https://www.moparamerica.com/v-2017-chrysler-300--c--3-6l-v6-gas/interior-trim--instrument-panel,evidence/mopar/illustrations/2C3CCAEG4HH586472/instrument-panel__assembly-01.png
2C3CDXGJ2HH530684,2017 Dodge Charger R/T Scat Pack 6.4L V8 Gas,instrument-panel,5257133AB,5257133AB,Number 2 Tumbler,1:Screw 76,https://www.moparamerica.com/oem-parts/mopar-number-2-tumbler-5257133ab,https://www.moparamerica.com/v-2017-dodge-charger--r-t-scat-pack--6-4l-v8-gas/interior-trim--instrument-panel,evidence/mopar/illustrations/2C3CDXGJ2HH530684/instrument-panel__assembly-01.png
2C3CCAEG4HH586472,2017 Chrysler 300 C 3.6L V6 Gas,instrument-panel,5257134AB,5257134AB,Number 3 Tumbler,"1:Instrument Panel Closeout Panel, Left, Inboard 122",https://www.moparamerica.com/oem-parts/mopar-number-3-tumbler-5257134ab,https://www.moparamerica.com/v-2017-chrysler-300--c--3-6l-v6-gas/interior-trim--instrument-panel,evidence/mopar/illustrations/2C3CCAEG4HH586472/instrument-panel__assembly-01.png
2C3CDXGJ2HH530684,2017 Dodge Charger R/T Scat Pack 6.4L V8 Gas,instrument-panel,5257134AB,5257134AB,Number 3 Tumbler,1:Screw 76,https://www.moparamerica.com/oem-parts/mopar-number-3-tumbler-5257134ab,https://www.moparamerica.com/v-2017-dodge-charger--r-t-scat-pack--6-4l-v8-gas/interior-trim--instrument-panel,evidence/mopar/illustrations/2C3CDXGJ2HH530684/instrument-panel__assembly-01.png
2C3CCAEG4HH586472,2017 Chrysler 300 C 3.6L V6 Gas,instrument-panel,5257135AB,5257135AB,Number 4 Tumbler,"1:Instrument Panel Closeout Panel, Left, Inboard 122",https://www.moparamerica.com/oem-parts/mopar-number-4-tumbler-5257135ab,https://www.moparamerica.com/v-2017-chrysler-300--c--3-6l-v6-gas/interior-trim--instrument-panel,evidence/mopar/illustrations/2C3CCAEG4HH586472/instrument-panel__assembly-01.png
2C3CDXGJ2HH530684,2017 Dodge Charger R/T Scat Pack 6.4L V8 Gas,instrument-panel,5257135AB,5257135AB,Number 4 Tumbler,1:Screw 76,https://www.moparamerica.com/oem-parts/mopar-number-4-tumbler-5257135ab,https://www.moparamerica.com/v-2017-dodge-charger--r-t-scat-pack--6-4l-v8-gas/interior-trim--instrument-panel,evidence/mopar/illustrations/2C3CDXGJ2HH530684/instrument-panel__assembly-01.png
2C3CCAEG4HH586472,2017 Chrysler 300 C 3.6L V6 Gas,instrument-panel,5PL76DX9AD,5PL76DX9AD,"Air Conditioning & Heater Outlet, Center Right | Right","1:Instrument Panel Closeout Panel, Left, Inboard 122",https://www.moparamerica.com/oem-parts/mopar-air-conditioning-and-heater-outlet-center-right-5pl76dx9ad,https://www.moparamerica.com/v-2017-chrysler-300--c--3-6l-v6-gas/interior-trim--instrument-panel,evidence/mopar/illustrations/2C3CCAEG4HH586472/instrument-panel__assembly-01.png
2C3CCAEG4HH586472,2017 Chrysler 300 C 3.6L V6 Gas,instrument-panel,5RJ92DX9AA,5RJ92DX9AA,"Air Conditioning & Heater Outlet, Right | Right","1:Instrument Panel Closeout Panel, Left, Inboard 122",https://www.moparamerica.com/oem-parts/mopar-air-conditioning-and-heater-outlet-right-5rj92dx9aa,https://www.moparamerica.com/v-2017-chrysler-300--c--3-6l-v6-gas/interior-trim--instrument-panel,evidence/mopar/illustrations/2C3CCAEG4HH586472/instrument-panel__assembly-01.png
2C3CCAEG4HH586472,2017 Chrysler 300 C 3.6L V6 Gas,instrument-panel,5RJ93DX9AA,5RJ93DX9AA,"Air Conditioning & Heater Outlet, Left | Left","1:Instrument Panel Closeout Panel, Left, Inboard 122",https://www.moparamerica.com/oem-parts/mopar-air-conditioning-and-heater-outlet-left-5rj93dx9aa,https://www.moparamerica.com/v-2017-chrysler-300--c--3-6l-v6-gas/interior-trim--instrument-panel,evidence/mopar/illustrations/2C3CCAEG4HH586472/instrument-panel__assembly-01.png
2C3CCAEG4HH586472,2017 Chrysler 300 C 3.6L V6 Gas,instrument-panel,5RJ96DX9AA,5RJ96DX9AA,"Air Conditioning & Heater Outlet, Right | Right","1:Instrument Panel Closeout Panel, Left, Inboard 122",https://www.moparamerica.com/oem-parts/mopar-air-conditioning-and-heater-outlet-right-5rj96dx9aa,https://www.moparamerica.com/v-2017-chrysler-300--c--3-6l-v6-gas/interior-trim--instrument-panel,evidence/mopar/illustrations/2C3CCAEG4HH586472/instrument-panel__assembly-01.png
2C3CCAEG4HH586472,2017 Chrysler 300 C 3.6L V6 Gas,instrument-panel,5RJ97DX9AA,5RJ97DX9AA,"Air Conditioning & Heater Outlet, Left | Left","1:Instrument Panel Closeout Panel, Left, Inboard 122",https://www.moparamerica.com/oem-parts/mopar-air-conditioning-and-heater-outlet-left-5rj97dx9aa,https://www.moparamerica.com/v-2017-chrysler-300--c--3-6l-v6-gas/interior-trim--instrument-panel,evidence/mopar/illustrations/2C3CCAEG4HH586472/instrument-panel__assembly-01.png
2C3CDXGJ2HH530684,2017 Dodge Charger R/T Scat Pack 6.4L V8 Gas,instrument-panel,5SP99DX9AB,5SP99DX9AB,Hider | Steering Column Shroud Gap Hider,1:Screw 76,https://www.moparamerica.com/oem-parts/mopar-steering-column-shroud-gap-hider-5sp99dx9ab,https://www.moparamerica.com/v-2017-dodge-charger--r-t-scat-pack--6-4l-v8-gas/interior-trim--instrument-panel,evidence/mopar/illustrations/2C3CDXGJ2HH530684/instrument-panel__assembly-01.png
2C3CDXGJ2HH530684,2017 Dodge Charger R/T Scat Pack 6.4L V8 Gas,instrument-panel,5YT02DX9AA,5YT02DX9AA,Hider | Steering Column Shroud Gap Hider,1:Screw 76,https://www.moparamerica.com/oem-parts/mopar-steering-column-shroud-gap-hider-5yt02dx9aa,https://www.moparamerica.com/v-2017-dodge-charger--r-t-scat-pack--6-4l-v8-gas/interior-trim--instrument-panel,evidence/mopar/illustrations/2C3CDXGJ2HH530684/instrument-panel__assembly-01.png
2C3CCAEG4HH586472,2017 Chrysler 300 C 3.6L V6 Gas,instrument-panel,5ZB90DX9AA,5ZB90DX9AA,Steering Column Shroud Gap Hider,"1:Instrument Panel Closeout Panel, Left, Inboard 122",https://www.moparamerica.com/oem-parts/mopar-steering-column-shroud-gap-hider-5zb90dx9aa,https://www.moparamerica.com/v-2017-chrysler-300--c--3-6l-v6-gas/interior-trim--instrument-panel,evidence/mopar/illustrations/2C3CCAEG4HH586472/instrument-panel__assembly-01.png
2C3CCAEG4HH586472,2017 Chrysler 300 C 3.6L V6 Gas,instrument-panel,5ZB91DX9AB,5ZB91DX9AB,2015-2020 Chrysler 300 - Hood Bezel,"1:Instrument Panel Closeout Panel, Left, Inboard 122",https://www.moparamerica.com/oem-parts/mopar-2015-2020-chrysler-300-hood-bezel-5zb91dx9ab,https://www.moparamerica.com/v-2017-chrysler-300--c--3-6l-v6-gas/interior-trim--instrument-panel,evidence/mopar/illustrations/2C3CCAEG4HH586472/instrument-panel__assembly-01.png
2C3CCAEG4HH586472,2017 Chrysler 300 C 3.6L V6 Gas,instrument-panel,5ZB91LA3AB,5ZB91LA3AB,Bezel | Hood Bezel,"1:Instrument Panel Closeout Panel, Left, Inboard 122",https://www.moparamerica.com/oem-parts/mopar-hood-bezel-5zb91la3ab,https://www.moparamerica.com/v-2017-chrysler-300--c--3-6l-v6-gas/interior-trim--instrument-panel,evidence/mopar/illustrations/2C3CCAEG4HH586472/instrument-panel__assembly-01.png
2C3CCAEG4HH586472,2017 Chrysler 300 C 3.6L V6 Gas,instrument-panel,5ZB91LK5AB,5ZB91LK5AB,Bezel | Hood Bezel,"1:Instrument Panel Closeout Panel, Left, Inboard 122",https://www.moparamerica.com/oem-parts/mopar-hood-bezel-5zb91lk5ab,https://www.moparamerica.com/v-2017-chrysler-300--c--3-6l-v6-gas/interior-trim--instrument-panel,evidence/mopar/illustrations/2C3CCAEG4HH586472/instrument-panel__assembly-01.png
2C3CCAEG4HH586472,2017 Chrysler 300 C 3.6L V6 Gas,instrument-panel,5ZB91MTLAB,5ZB91MTLAB,Bezel | Hood Bezel,"1:Instrument Panel Closeout Panel, Left, Inboard 122",https://www.moparamerica.com/oem-parts/mopar-hood-bezel-5zb91mtlab,https://www.moparamerica.com/v-2017-chrysler-300--c--3-6l-v6-gas/interior-trim--instrument-panel,evidence/mopar/illustrations/2C3CCAEG4HH586472/instrument-panel__assembly-01.png
2C3CCAEG4HH586472,2017 Chrysler 300 C 3.6L V6 Gas,instrument-panel,5ZB91YSAAB,5ZB91YSAAB,Bezel | Hood Bezel,"1:Instrument Panel Closeout Panel, Left, Inboard 122",https://www.moparamerica.com/oem-parts/mopar-hood-bezel-5zb91ysaab,https://www.moparamerica.com/v-2017-chrysler-300--c--3-6l-v6-gas/interior-trim--instrument-panel,evidence/mopar/illustrations/2C3CCAEG4HH586472/instrument-panel__assembly-01.png
2C3CCAEG4HH586472,2017 Chrysler 300 C 3.6L V6 Gas,instrument-panel,5ZB92AAAAE,5ZB92AAAAE,Instrument Panel Panel | Panel,"1:Instrument Panel Closeout Panel, Left, Inboard 122",https://www.moparamerica.com/oem-parts/mopar-instrument-panel-panel-5zb92aaaae,https://www.moparamerica.com/v-2017-chrysler-300--c--3-6l-v6-gas/interior-trim--instrument-panel,evidence/mopar/illustrations/2C3CCAEG4HH586472/instrument-panel__assembly-01.png
2C3CCAEG4HH586472,2017 Chrysler 300 C 3.6L V6 Gas,instrument-panel,5ZC69DX9AB,5ZC69DX9AB,Hood Bezel,"1:Instrument Panel Closeout Panel, Left, Inboard 122",https://www.moparamerica.com/oem-parts/mopar-hood-bezel-5zc69dx9ab,https://www.moparamerica.com/v-2017-chrysler-300--c--3-6l-v6-gas/interior-trim--instrument-panel,evidence/mopar/illustrations/2C3CCAEG4HH586472/instrument-panel__assembly-01.png
2C3CCAEG4HH586472,2017 Chrysler 300 C 3.6L V6 Gas,instrument-panel,5ZC69LC5AB,5ZC69LC5AB,2018-2020 Chrysler 300 - Hood Bezel,"1:Instrument Panel Closeout Panel, Left, Inboard 122",https://www.moparamerica.com/oem-parts/mopar-2018-2020-chrysler-300-hood-bezel-5zc69lc5ab,https://www.moparamerica.com/v-2017-chrysler-300--c--3-6l-v6-gas/interior-trim--instrument-panel,evidence/mopar/illustrations/2C3CCAEG4HH586472/instrument-panel__assembly-01.png
2C3CDXGJ2HH530684,2017 Dodge Charger R/T Scat Pack 6.4L V8 Gas,instrument-panel,6102132AA,6102132AA,Hex Head Screw,1:Screw 76,https://www.moparamerica.com/oem-parts/mopar-hex-head-screw-6102132aa,https://www.moparamerica.com/v-2017-dodge-charger--r-t-scat-pack--6-4l-v8-gas/interior-trim--instrument-panel,evidence/mopar/illustrations/2C3CDXGJ2HH530684/instrument-panel__assembly-01.png
2C3CDXGJ2HH530684,2017 Dodge Charger R/T Scat Pack 6.4L V8 Gas,instrument-panel,6104368AA,06104368AA,Hex Head Bolt,1:Screw 76,https://www.moparamerica.com/oem-parts/mopar-hex-head-bolt-6104368aa,https://www.moparamerica.com/v-2017-dodge-charger--r-t-scat-pack--6-4l-v8-gas/interior-trim--instrument-panel,evidence/mopar/illustrations/2C3CDXGJ2HH530684/instrument-panel__assembly-01.png
2C3CDXGJ2HH530684,2017 Dodge Charger R/T Scat Pack 6.4L V8 Gas,instrument-panel,6507023AA,6507023AA,Screw,1:Screw 76,https://www.moparamerica.com/oem-parts/mopar-screw-6507023aa,https://www.moparamerica.com/v-2017-dodge-charger--r-t-scat-pack--6-4l-v8-gas/interior-trim--instrument-panel,evidence/mopar/illustrations/2C3CDXGJ2HH530684/instrument-panel__assembly-01.png
2C3CDXGJ2HH530684,2017 Dodge Charger R/T Scat Pack 6.4L V8 Gas,instrument-panel,6509940AA,6509940AA,Trailer Brake Hardware Component Kit,1:Screw 76,https://www.moparamerica.com/oem-parts/mopar-trailer-brake-hardware-component-kit-6509940aa,https://www.moparamerica.com/v-2017-dodge-charger--r-t-scat-pack--6-4l-v8-gas/interior-trim--instrument-panel,evidence/mopar/illustrations/2C3CDXGJ2HH530684/instrument-panel__assembly-01.png
2C3CDXGJ2HH530684,2017 Dodge Charger R/T Scat Pack 6.4L V8 Gas,instrument-panel,6512212AA,6512212AA,Spring Nut,1:Screw 76,https://www.moparamerica.com/oem-parts/mopar-spring-nut-6512212aa,https://www.moparamerica.com/v-2017-dodge-charger--r-t-scat-pack--6-4l-v8-gas/interior-trim--instrument-panel,evidence/mopar/illustrations/2C3CDXGJ2HH530684/instrument-panel__assembly-01.png
2C3CDXGJ2HH530684,2017 Dodge Charger R/T Scat Pack 6.4L V8 Gas,instrument-panel,68110641AA,68110641AA,"A/C Outlet Bezel, Chromed | Bezel",1:Screw 76,https://www.moparamerica.com/oem-parts/mopar-a-c-outlet-bezel-chromed-68110641aa,https://www.moparamerica.com/v-2017-dodge-charger--r-t-scat-pack--6-4l-v8-gas/interior-trim--instrument-panel,evidence/mopar/illustrations/2C3CDXGJ2HH530684/instrument-panel__assembly-01.png
2C3CDXGJ2HH530684,2017 Dodge Charger R/T Scat Pack 6.4L V8 Gas,instrument-panel,68110642AA,68110642AA,"A/C Outlet Bezel, Right | Right",1:Screw 76,https://www.moparamerica.com/oem-parts/mopar-a-c-outlet-bezel-right-68110642aa,https://www.moparamerica.com/v-2017-dodge-charger--r-t-scat-pack--6-4l-v8-gas/interior-trim--instrument-panel,evidence/mopar/illustrations/2C3CDXGJ2HH530684/instrument-panel__assembly-01.png
2C3CDXGJ2HH530684,2017 Dodge Charger R/T Scat Pack 6.4L V8 Gas,instrument-panel,68110643AA,68110643AA,"A/C Outlet Bezel, Left | Left",1:Screw 76,https://www.moparamerica.com/oem-parts/mopar-a-c-outlet-bezel-left-68110643aa,https://www.moparamerica.com/v-2017-dodge-charger--r-t-scat-pack--6-4l-v8-gas/interior-trim--instrument-panel,evidence/mopar/illustrations/2C3CDXGJ2HH530684/instrument-panel__assembly-01.png
2C3CDXGJ2HH530684,2017 Dodge Charger R/T Scat Pack 6.4L V8 Gas,instrument-panel,68110649AA,68110649AA,Dampener | Glove Box Door Dampener,1:Screw 76,https://www.moparamerica.com/oem-parts/mopar-glove-box-door-dampener-68110649aa,https://www.moparamerica.com/v-2017-dodge-charger--r-t-scat-pack--6-4l-v8-gas/interior-trim--instrument-panel,evidence/mopar/illustrations/2C3CDXGJ2HH530684/instrument-panel__assembly-01.png
2C3CDXGJ2HH530684,2017 Dodge Charger R/T Scat Pack 6.4L V8 Gas,instrument-panel,68110650AA,68110650AA,Glove Box Door Latch Striker | Striker,1:Screw 76,https://www.moparamerica.com/oem-parts/mopar-glove-box-door-latch-striker-68110650aa,https://www.moparamerica.com/v-2017-dodge-charger--r-t-scat-pack--6-4l-v8-gas/interior-trim--instrument-panel,evidence/mopar/illustrations/2C3CDXGJ2HH530684/instrument-panel__assembly-01.png
2C3CCAEG4HH586472,2017 Chrysler 300 C 3.6L V6 Gas,instrument-panel,68141784AA,68141784AA,Ignition Switch Bracket,"1:Instrument Panel Closeout Panel, Left, Inboard 122",https://www.moparamerica.com/oem-parts/mopar-ignition-switch-bracket-68141784aa,https://www.moparamerica.com/v-2017-chrysler-300--c--3-6l-v6-gas/interior-trim--instrument-panel,evidence/mopar/illustrations/2C3CCAEG4HH586472/instrument-panel__assembly-01.png
2C3CCAEG4HH586472,2017 Chrysler 300 C 3.6L V6 Gas,instrument-panel,68159364AA,68159364AA,Export | Instrument Panel Applique,"1:Instrument Panel Closeout Panel, Left, Inboard 122",https://www.moparamerica.com/oem-parts/mopar-instrument-panel-applique-68159364aa,https://www.moparamerica.com/v-2017-chrysler-300--c--3-6l-v6-gas/interior-trim--instrument-panel,evidence/mopar/illustrations/2C3CCAEG4HH586472/instrument-panel__assembly-01.png
2C3CCAEG4HH586472,2017 Chrysler 300 C 3.6L V6 Gas,instrument-panel,68159365AA,68159365AA,Applique | Instrument Panel Applique,"1:Instrument Panel Closeout Panel, Left, Inboard 122",https://www.moparamerica.com/oem-parts/mopar-instrument-panel-applique-68159365aa,https://www.moparamerica.com/v-2017-chrysler-300--c--3-6l-v6-gas/interior-trim--instrument-panel,evidence/mopar/illustrations/2C3CCAEG4HH586472/instrument-panel__assembly-01.png
2C3CCAEG4HH586472,2017 Chrysler 300 C 3.6L V6 Gas,instrument-panel,68159366AA,68159366AA,Applique | Instrument Panel Applique,"1:Instrument Panel Closeout Panel, Left, Inboard 122",https://www.moparamerica.com/oem-parts/mopar-instrument-panel-applique-68159366aa,https://www.moparamerica.com/v-2017-chrysler-300--c--3-6l-v6-gas/interior-trim--instrument-panel,evidence/mopar/illustrations/2C3CCAEG4HH586472/instrument-panel__assembly-01.png
2C3CCAEG4HH586472,2017 Chrysler 300 C 3.6L V6 Gas,instrument-panel,68159458AC,68159458AC,2015-2020 Chrysler 300 - Instrument Panel Applique | Instrument Panel Applique,"1:Instrument Panel Closeout Panel, Left, Inboard 122",https://www.moparamerica.com/oem-parts/mopar-2015-2020-chrysler-300-instrument-panel-applique-68159458ac,https://www.moparamerica.com/v-2017-chrysler-300--c--3-6l-v6-gas/interior-trim--instrument-panel,evidence/mopar/illustrations/2C3CCAEG4HH586472/instrument-panel__assembly-01.png
2C3CCAEG4HH586472,2017 Chrysler 300 C 3.6L V6 Gas,instrument-panel,68159459AC,68159459AC,2015-2020 Chrysler 300 - Instrument Panel Applique | Instrument Panel Applique,"1:Instrument Panel Closeout Panel, Left, Inboard 122",https://www.moparamerica.com/oem-parts/mopar-2015-2020-chrysler-300-instrument-panel-applique-68159459ac,https://www.moparamerica.com/v-2017-chrysler-300--c--3-6l-v6-gas/interior-trim--instrument-panel,evidence/mopar/illustrations/2C3CCAEG4HH586472/instrument-panel__assembly-01.png
2C3CCAEG4HH586472,2017 Chrysler 300 C 3.6L V6 Gas,instrument-panel,68159568AA,68159568AA,Applique | Instrument Panel Applique,"1:Instrument Panel Closeout Panel, Left, Inboard 122",https://www.moparamerica.com/oem-parts/mopar-instrument-panel-applique-68159568aa,https://www.moparamerica.com/v-2017-chrysler-300--c--3-6l-v6-gas/interior-trim--instrument-panel,evidence/mopar/illustrations/2C3CCAEG4HH586472/instrument-panel__assembly-01.png
2C3CCAEG4HH586472,2017 Chrysler 300 C 3.6L V6 Gas,instrument-panel,68159569AA,68159569AA,Applique | Instrument Panel Applique,"1:Instrument Panel Closeout Panel, Left, Inboard 122",https://www.moparamerica.com/oem-parts/mopar-instrument-panel-applique-68159569aa,https://www.moparamerica.com/v-2017-chrysler-300--c--3-6l-v6-gas/interior-trim--instrument-panel,evidence/mopar/illustrations/2C3CCAEG4HH586472/instrument-panel__assembly-01.png
2C3CCAEG4HH586472,2017 Chrysler 300 C 3.6L V6 Gas,instrument-panel,68159570AA,68159570AA,Applique | Instrument Panel Applique,"1:Instrument Panel Closeout Panel, Left, Inboard 122",https://www.moparamerica.com/oem-parts/mopar-instrument-panel-applique-68159570aa,https://www.moparamerica.com/v-2017-chrysler-300--c--3-6l-v6-gas/interior-trim--instrument-panel,evidence/mopar/illustrations/2C3CCAEG4HH586472/instrument-panel__assembly-01.png
2C3CDXGJ2HH530684,2017 Dodge Charger R/T Scat Pack 6.4L V8 Gas,instrument-panel,68161105AB,68161105AB,A/C Outlet Bezel | Bezel,1:Screw 76,https://www.moparamerica.com/oem-parts/mopar-a-c-outlet-bezel-68161105ab,https://www.moparamerica.com/v-2017-dodge-charger--r-t-scat-pack--6-4l-v8-gas/interior-trim--instrument-panel,evidence/mopar/illustrations/2C3CDXGJ2HH530684/instrument-panel__assembly-01.png
2C3CDXGJ2HH530684,2017 Dodge Charger R/T Scat Pack 6.4L V8 Gas,instrument-panel,68217665AF,68217665AF,Instrument Panel Reinforcement | Reinforcement,1:Screw 76,https://www.moparamerica.com/oem-parts/mopar-instrument-panel-reinforcement-68217665af,https://www.moparamerica.com/v-2017-dodge-charger--r-t-scat-pack--6-4l-v8-gas/interior-trim--instrument-panel,evidence/mopar/illustrations/2C3CDXGJ2HH530684/instrument-panel__assembly-01.png
2C3CCAEG4HH586472,2017 Chrysler 300 C 3.6L V6 Gas,instrument-panel,68225095AD,68225095AD,Clock,"1:Instrument Panel Closeout Panel, Left, Inboard 122",https://www.moparamerica.com/oem-parts/mopar-clock-68225095ad,https://www.moparamerica.com/v-2017-chrysler-300--c--3-6l-v6-gas/interior-trim--instrument-panel,evidence/mopar/illustrations/2C3CCAEG4HH586472/instrument-panel__assembly-01.png
2C3CDXGJ2HH530684,2017 Dodge Charger R/T Scat Pack 6.4L V8 Gas,instrument-panel,68270812AA,68270812AA,Instrument Panel Nameplate | Nameplate,1:Screw 76,https://www.moparamerica.com/oem-parts/mopar-instrument-panel-nameplate-68270812aa,https://www.moparamerica.com/v-2017-dodge-charger--r-t-scat-pack--6-4l-v8-gas/interior-trim--instrument-panel,evidence/mopar/illustrations/2C3CDXGJ2HH530684/instrument-panel__assembly-01.png
2C3CCAEG4HH586472,2017 Chrysler 300 C 3.6L V6 Gas,instrument-panel,68274708AC,68274708AC,2015-2020 Chrysler 300 - Instrument Panel Bezel | Bezel,"1:Instrument Panel Closeout Panel, Left, Inboard 122",https://www.moparamerica.com/oem-parts/mopar-2015-2020-chrysler-300-instrument-panel-bezel-68274708ac,https://www.moparamerica.com/v-2017-chrysler-300--c--3-6l-v6-gas/interior-trim--instrument-panel,evidence/mopar/illustrations/2C3CCAEG4HH586472/instrument-panel__assembly-01.png
2C3CCAEG4HH586472,2017 Chrysler 300 C 3.6L V6 Gas,instrument-panel,68274709AC,68274709AC,2015-2020 Chrysler 300 - Instrument Panel Bezel | Bezel,"1:Instrument Panel Closeout Panel, Left, Inboard 122",https://www.moparamerica.com/oem-parts/mopar-2015-2020-chrysler-300-instrument-panel-bezel-68274709ac,https://www.moparamerica.com/v-2017-chrysler-300--c--3-6l-v6-gas/interior-trim--instrument-panel,evidence/mopar/illustrations/2C3CCAEG4HH586472/instrument-panel__assembly-01.png
2C3CCAEG4HH586472,2017 Chrysler 300 C 3.6L V6 Gas,instrument-panel,68274740AA,68274740AA,Applique | Instrument Panel Applique,"1:Instrument Panel Closeout Panel, Left, Inboard 122",https://www.moparamerica.com/oem-parts/mopar-instrument-panel-applique-68274740aa,https://www.moparamerica.com/v-2017-chrysler-300--c--3-6l-v6-gas/interior-trim--instrument-panel,evidence/mopar/illustrations/2C3CCAEG4HH586472/instrument-panel__assembly-01.png
2C3CCAEG4HH586472,2017 Chrysler 300 C 3.6L V6 Gas,instrument-panel,68274741AA,68274741AA,Applique | Instrument Panel Applique,"1:Instrument Panel Closeout Panel, Left, Inboard 122",https://www.moparamerica.com/oem-parts/mopar-instrument-panel-applique-68274741aa,https://www.moparamerica.com/v-2017-chrysler-300--c--3-6l-v6-gas/interior-trim--instrument-panel,evidence/mopar/illustrations/2C3CCAEG4HH586472/instrument-panel__assembly-01.png
2C3CCAEG4HH586472,2017 Chrysler 300 C 3.6L V6 Gas,instrument-panel,68274742AA,68274742AA,Applique | Instrument Panel Applique,"1:Instrument Panel Closeout Panel, Left, Inboard 122",https://www.moparamerica.com/oem-parts/mopar-instrument-panel-applique-68274742aa,https://www.moparamerica.com/v-2017-chrysler-300--c--3-6l-v6-gas/interior-trim--instrument-panel,evidence/mopar/illustrations/2C3CCAEG4HH586472/instrument-panel__assembly-01.png
2C3CCAEG4HH586472,2017 Chrysler 300 C 3.6L V6 Gas,instrument-panel,68293628AD,68293628AD,Vehicle Feature Controls Center Stack,"1:Instrument Panel Closeout Panel, Left, Inboard 122",https://www.moparamerica.com/oem-parts/mopar-vehicle-feature-controls-center-stack-68293628ad,https://www.moparamerica.com/v-2017-chrysler-300--c--3-6l-v6-gas/interior-trim--instrument-panel,evidence/mopar/illustrations/2C3CCAEG4HH586472/instrument-panel__assembly-01.png
2C3CCAEG4HH586472,2017 Chrysler 300 C 3.6L V6 Gas,instrument-panel,68293629AC,68293629AC,Stack | Vehicle Feature Controls Center Stack,"1:Instrument Panel Closeout Panel, Left, Inboard 122",https://www.moparamerica.com/oem-parts/mopar-vehicle-feature-controls-center-stack-68293629ac,https://www.moparamerica.com/v-2017-chrysler-300--c--3-6l-v6-gas/interior-trim--instrument-panel,evidence/mopar/illustrations/2C3CCAEG4HH586472/instrument-panel__assembly-01.png
2C3CCAEG4HH586472,2017 Chrysler 300 C 3.6L V6 Gas,instrument-panel,68293630AE,68293630AE,Vehicle Feature Controls Center Stack,"1:Instrument Panel Closeout Panel, Left, Inboard 122",https://www.moparamerica.com/oem-parts/mopar-vehicle-feature-controls-center-stack-68293630ae,https://www.moparamerica.com/v-2017-chrysler-300--c--3-6l-v6-gas/interior-trim--instrument-panel,evidence/mopar/illustrations/2C3CCAEG4HH586472/instrument-panel__assembly-01.png
2C3CCAEG4HH586472,2017 Chrysler 300 C 3.6L V6 Gas,instrument-panel,68293631AD,68293631AD,2018 2019 Chrysler 300 - Vehicle Feature Controls Center Stack,"1:Instrument Panel Closeout Panel, Left, Inboard 122",https://www.moparamerica.com/oem-parts/mopar-2018-2019-chrysler-300-vehicle-feature-controls-center-stack-68293631ad,https://www.moparamerica.com/v-2017-chrysler-300--c--3-6l-v6-gas/interior-trim--instrument-panel,evidence/mopar/illustrations/2C3CCAEG4HH586472/instrument-panel__assembly-01.png
2C3CCAEG4HH586472,2017 Chrysler 300 C 3.6L V6 Gas,instrument-panel,68293632AD,68293632AD,2017-2020 Chrysler 300 - Vehicle Feature Controls Center Stack,"1:Instrument Panel Closeout Panel, Left, Inboard 122",https://www.moparamerica.com/oem-parts/mopar-2017-2020-chrysler-300-vehicle-feature-controls-center-stack-68293632ad,https://www.moparamerica.com/v-2017-chrysler-300--c--3-6l-v6-gas/interior-trim--instrument-panel,evidence/mopar/illustrations/2C3CCAEG4HH586472/instrument-panel__assembly-01.png
2C3CCAEG4HH586472,2017 Chrysler 300 C 3.6L V6 Gas,instrument-panel,68293633AD,68293633AD,Stack | Vehicle Feature Controls Center Stack,"1:Instrument Panel Closeout Panel, Left, Inboard 122",https://www.moparamerica.com/oem-parts/mopar-vehicle-feature-controls-center-stack-68293633ad,https://www.moparamerica.com/v-2017-chrysler-300--c--3-6l-v6-gas/interior-trim--instrument-panel,evidence/mopar/illustrations/2C3CCAEG4HH586472/instrument-panel__assembly-01.png
2C3CCAEG4HH586472,2017 Chrysler 300 C 3.6L V6 Gas,instrument-panel,68293634AC,68293634AC,Stack | Vehicle Feature Controls Center Stack,"1:Instrument Panel Closeout Panel, Left, Inboard 122",https://www.moparamerica.com/oem-parts/mopar-vehicle-feature-controls-center-stack-68293634ac,https://www.moparamerica.com/v-2017-chrysler-300--c--3-6l-v6-gas/interior-trim--instrument-panel,evidence/mopar/illustrations/2C3CCAEG4HH586472/instrument-panel__assembly-01.png
2C3CCAEG4HH586472,2017 Chrysler 300 C 3.6L V6 Gas,instrument-panel,68293635AC,68293635AC,Vehicle Feature Controls Center Stack,"1:Instrument Panel Closeout Panel, Left, Inboard 122",https://www.moparamerica.com/oem-parts/mopar-vehicle-feature-controls-center-stack-68293635ac,https://www.moparamerica.com/v-2017-chrysler-300--c--3-6l-v6-gas/interior-trim--instrument-panel,evidence/mopar/illustrations/2C3CCAEG4HH586472/instrument-panel__assembly-01.png
2C3CCAEG4HH586472,2017 Chrysler 300 C 3.6L V6 Gas,instrument-panel,68293636AE,68293636AE,Vehicle Feature Controls Center Stack,"1:Instrument Panel Closeout Panel, Left, Inboard 122",https://www.moparamerica.com/oem-parts/mopar-vehicle-feature-controls-center-stack-68293636ae,https://www.moparamerica.com/v-2017-chrysler-300--c--3-6l-v6-gas/interior-trim--instrument-panel,evidence/mopar/illustrations/2C3CCAEG4HH586472/instrument-panel__assembly-01.png
2C3CCAEG4HH586472,2017 Chrysler 300 C 3.6L V6 Gas,instrument-panel,68293637AE,68293637AE,Stack | Vehicle Feature Controls Center Stack,"1:Instrument Panel Closeout Panel, Left, Inboard 122",https://www.moparamerica.com/oem-parts/mopar-vehicle-feature-controls-center-stack-68293637ae,https://www.moparamerica.com/v-2017-chrysler-300--c--3-6l-v6-gas/interior-trim--instrument-panel,evidence/mopar/illustrations/2C3CCAEG4HH586472/instrument-panel__assembly-01.png
2C3CCAEG4HH586472,2017 Chrysler 300 C 3.6L V6 Gas,instrument-panel,68293641AC,68293641AC,Vehicle Feature Controls Center Stack,"1:Instrument Panel Closeout Panel, Left, Inboard 122",https://www.moparamerica.com/oem-parts/mopar-vehicle-feature-controls-center-stack-68293641ac,https://www.moparamerica.com/v-2017-chrysler-300--c--3-6l-v6-gas/interior-trim--instrument-panel,evidence/mopar/illustrations/2C3CCAEG4HH586472/instrument-panel__assembly-01.png
2C3CCAEG4HH586472,2017 Chrysler 300 C 3.6L V6 Gas,instrument-panel,68293651AC,68293651AC,Stack | Vehicle Feature Controls Center Stack,"1:Instrument Panel Closeout Panel, Left, Inboard 122",https://www.moparamerica.com/oem-parts/mopar-vehicle-feature-controls-center-stack-68293651ac,https://www.moparamerica.com/v-2017-chrysler-300--c--3-6l-v6-gas/interior-trim--instrument-panel,evidence/mopar/illustrations/2C3CCAEG4HH586472/instrument-panel__assembly-01.png
2C3CCAEG4HH586472,2017 Chrysler 300 C 3.6L V6 Gas,instrument-panel,68293653AD,68293653AD,2018 2019 Chrysler 300 - Vehicle Feature Controls Center Stack,"1:Instrument Panel Closeout Panel, Left, Inboard 122",https://www.moparamerica.com/oem-parts/mopar-2018-2019-chrysler-300-vehicle-feature-controls-center-stack-68293653ad,https://www.moparamerica.com/v-2017-chrysler-300--c--3-6l-v6-gas/interior-trim--instrument-panel,evidence/mopar/illustrations/2C3CCAEG4HH586472/instrument-panel__assembly-01.png
2C3CDXGJ2HH530684,2017 Dodge Charger R/T Scat Pack 6.4L V8 Gas,instrument-panel,68294120AA,68294120AA,Instrument Cluster Bezel,1:Screw 76,https://www.moparamerica.com/oem-parts/mopar-instrument-cluster-bezel-68294120aa,https://www.moparamerica.com/v-2017-dodge-charger--r-t-scat-pack--6-4l-v8-gas/interior-trim--instrument-panel,evidence/mopar/illustrations/2C3CDXGJ2HH530684/instrument-panel__assembly-01.png
2C3CDXGJ2HH530684,2017 Dodge Charger R/T Scat Pack 6.4L V8 Gas,instrument-panel,68294121AA,68294121AA,Instrument Cluster Bezel,1:Screw 76,https://www.moparamerica.com/oem-parts/mopar-instrument-cluster-bezel-68294121aa,https://www.moparamerica.com/v-2017-dodge-charger--r-t-scat-pack--6-4l-v8-gas/interior-trim--instrument-panel,evidence/mopar/illustrations/2C3CDXGJ2HH530684/instrument-panel__assembly-01.png
2C3CDXGJ2HH530684,2017 Dodge Charger R/T Scat Pack 6.4L V8 Gas,instrument-panel,68294122AA,68294122AA,Bezel | Instrument Cluster Bezel,1:Screw 76,https://www.moparamerica.com/oem-parts/mopar-instrument-cluster-bezel-68294122aa,https://www.moparamerica.com/v-2017-dodge-charger--r-t-scat-pack--6-4l-v8-gas/interior-trim--instrument-panel,evidence/mopar/illustrations/2C3CDXGJ2HH530684/instrument-panel__assembly-01.png
2C3CCAEG4HH586472,2017 Chrysler 300 C 3.6L V6 Gas,instrument-panel,68296239AA,68296239AA,Clock,"1:Instrument Panel Closeout Panel, Left, Inboard 122",https://www.moparamerica.com/oem-parts/mopar-clock-68296239aa,https://www.moparamerica.com/v-2017-chrysler-300--c--3-6l-v6-gas/interior-trim--instrument-panel,evidence/mopar/illustrations/2C3CCAEG4HH586472/instrument-panel__assembly-01.png
2C3CDXGJ2HH530684,2017 Dodge Charger R/T Scat Pack 6.4L V8 Gas,instrument-panel,68306652AA,68306652AA,Instrument Panel Reinforcement,1:Screw 76,https://www.moparamerica.com/oem-parts/mopar-instrument-panel-reinforcement-68306652aa,https://www.moparamerica.com/v-2017-dodge-charger--r-t-scat-pack--6-4l-v8-gas/interior-trim--instrument-panel,evidence/mopar/illustrations/2C3CDXGJ2HH530684/instrument-panel__assembly-01.png
2C3CDXGJ2HH530684,2017 Dodge Charger R/T Scat Pack 6.4L V8 Gas,instrument-panel,68311025AA,68311025AA,Instrument Cluster Bezel,1:Screw 76,https://www.moparamerica.com/oem-parts/mopar-instrument-cluster-bezel-68311025aa,https://www.moparamerica.com/v-2017-dodge-charger--r-t-scat-pack--6-4l-v8-gas/interior-trim--instrument-panel,evidence/mopar/illustrations/2C3CDXGJ2HH530684/instrument-panel__assembly-01.png
2C3CDXGJ2HH530684,2017 Dodge Charger R/T Scat Pack 6.4L V8 Gas,instrument-panel,68319394AA,68319394AA,Instrument Cluster Bezel,1:Screw 76,https://www.moparamerica.com/oem-parts/mopar-instrument-cluster-bezel-68319394aa,https://www.moparamerica.com/v-2017-dodge-charger--r-t-scat-pack--6-4l-v8-gas/interior-trim--instrument-panel,evidence/mopar/illustrations/2C3CDXGJ2HH530684/instrument-panel__assembly-01.png
2C3CDXGJ2HH530684,2017 Dodge Charger R/T Scat Pack 6.4L V8 Gas,instrument-panel,68319626AA,68319626AA,"A/C Outlet Bezel, Right | A/c Outlet Bezel",1:Screw 76,https://www.moparamerica.com/oem-parts/mopar-a-c-outlet-bezel-right-68319626aa,https://www.moparamerica.com/v-2017-dodge-charger--r-t-scat-pack--6-4l-v8-gas/interior-trim--instrument-panel,evidence/mopar/illustrations/2C3CDXGJ2HH530684/instrument-panel__assembly-01.png
2C3CDXGJ2HH530684,2017 Dodge Charger R/T Scat Pack 6.4L V8 Gas,instrument-panel,68322969AA,68322969AA,Bezel | Instrument Cluster Bezel,1:Screw 76,https://www.moparamerica.com/oem-parts/mopar-instrument-cluster-bezel-68322969aa,https://www.moparamerica.com/v-2017-dodge-charger--r-t-scat-pack--6-4l-v8-gas/interior-trim--instrument-panel,evidence/mopar/illustrations/2C3CDXGJ2HH530684/instrument-panel__assembly-01.png
2C3CCAEG4HH586472,2017 Chrysler 300 C 3.6L V6 Gas,instrument-panel,68335585AD,68335585AD,Instrument Panel Closeout Panel Right,"1:Instrument Panel Closeout Panel, Left, Inboard 122",https://www.moparamerica.com/oem-parts/mopar-instrument-panel-closeout-panel-right-68335585ad,https://www.moparamerica.com/v-2017-chrysler-300--c--3-6l-v6-gas/interior-trim--instrument-panel,evidence/mopar/illustrations/2C3CCAEG4HH586472/instrument-panel__assembly-01.png
2C3CDXGJ2HH530684,2017 Dodge Charger R/T Scat Pack 6.4L V8 Gas,instrument-panel,68335585AD,68335585AD,Instrument Panel Closeout Panel Right | Panel,1:Screw 76,https://www.moparamerica.com/oem-parts/mopar-instrument-panel-closeout-panel-right-68335585ad,https://www.moparamerica.com/v-2017-dodge-charger--r-t-scat-pack--6-4l-v8-gas/interior-trim--instrument-panel,evidence/mopar/illustrations/2C3CDXGJ2HH530684/instrument-panel__assembly-01.png
2C3CCAEG4HH586472,2017 Chrysler 300 C 3.6L V6 Gas,instrument-panel,68335586AC,68335586AC,Instrument Panel Closeout Panel Left,"1:Instrument Panel Closeout Panel, Left, Inboard 122",https://www.moparamerica.com/oem-parts/mopar-2012-2017-dodge-charger-instrument-panel-closeout-panel-left-68335586ac,https://www.moparamerica.com/v-2017-chrysler-300--c--3-6l-v6-gas/interior-trim--instrument-panel,evidence/mopar/illustrations/2C3CCAEG4HH586472/instrument-panel__assembly-01.png
2C3CDXGJ2HH530684,2017 Dodge Charger R/T Scat Pack 6.4L V8 Gas,instrument-panel,68335586AC,68335586AC,Instrument Panel Closeout Panel Left | Left,1:Screw 76,https://www.moparamerica.com/oem-parts/mopar-2012-2017-dodge-charger-instrument-panel-closeout-panel-left-68335586ac,https://www.moparamerica.com/v-2017-dodge-charger--r-t-scat-pack--6-4l-v8-gas/interior-trim--instrument-panel,evidence/mopar/illustrations/2C3CDXGJ2HH530684/instrument-panel__assembly-01.png
2C3CCAEG4HH586472,2017 Chrysler 300 C 3.6L V6 Gas,instrument-panel,68335587AC,68335587AC,Instrument Panel Closeout Panel Left,"1:Instrument Panel Closeout Panel, Left, Inboard 122",https://www.moparamerica.com/oem-parts/mopar-2018-2021-dodge-charger-instrument-panel-closeout-panel-left-68335587ac,https://www.moparamerica.com/v-2017-chrysler-300--c--3-6l-v6-gas/interior-trim--instrument-panel,evidence/mopar/illustrations/2C3CCAEG4HH586472/instrument-panel__assembly-01.png
2C3CDXGJ2HH530684,2017 Dodge Charger R/T Scat Pack 6.4L V8 Gas,instrument-panel,68335587AC,68335587AC,Instrument Panel Closeout Panel Left | Left,1:Screw 76,https://www.moparamerica.com/oem-parts/mopar-2018-2021-dodge-charger-instrument-panel-closeout-panel-left-68335587ac,https://www.moparamerica.com/v-2017-dodge-charger--r-t-scat-pack--6-4l-v8-gas/interior-trim--instrument-panel,evidence/mopar/illustrations/2C3CDXGJ2HH530684/instrument-panel__assembly-01.png
2C3CCAEG4HH586472,2017 Chrysler 300 C 3.6L V6 Gas,instrument-panel,68346615AC,68346615AC,Instrument Panel Reinforcement,"1:Instrument Panel Closeout Panel, Left, Inboard 122",https://www.moparamerica.com/oem-parts/mopar-instrument-panel-reinforcement-68346615ac,https://www.moparamerica.com/v-2017-chrysler-300--c--3-6l-v6-gas/interior-trim--instrument-panel,evidence/mopar/illustrations/2C3CCAEG4HH586472/instrument-panel__assembly-01.png
2C3CDXGJ2HH530684,2017 Dodge Charger R/T Scat Pack 6.4L V8 Gas,instrument-panel,68346615AC,68346615AC,Instrument Panel Reinforcement | Reinforcement,1:Screw 76,https://www.moparamerica.com/oem-parts/mopar-instrument-panel-reinforcement-68346615ac,https://www.moparamerica.com/v-2017-dodge-charger--r-t-scat-pack--6-4l-v8-gas/interior-trim--instrument-panel,evidence/mopar/illustrations/2C3CDXGJ2HH530684/instrument-panel__assembly-01.png
2C3CCAEG4HH586472,2017 Chrysler 300 C 3.6L V6 Gas,instrument-panel,68346966AA,68346966AA,Applique | Instrument Panel Applique,"1:Instrument Panel Closeout Panel, Left, Inboard 122",https://www.moparamerica.com/oem-parts/mopar-instrument-panel-applique-68346966aa,https://www.moparamerica.com/v-2017-chrysler-300--c--3-6l-v6-gas/interior-trim--instrument-panel,evidence/mopar/illustrations/2C3CCAEG4HH586472/instrument-panel__assembly-01.png
2C3CCAEG4HH586472,2017 Chrysler 300 C 3.6L V6 Gas,instrument-panel,68346967AA,68346967AA,Applique | Instrument Panel Applique,"1:Instrument Panel Closeout Panel, Left, Inboard 122",https://www.moparamerica.com/oem-parts/mopar-instrument-panel-applique-68346967aa,https://www.moparamerica.com/v-2017-chrysler-300--c--3-6l-v6-gas/interior-trim--instrument-panel,evidence/mopar/illustrations/2C3CCAEG4HH586472/instrument-panel__assembly-01.png
2C3CCAEG4HH586472,2017 Chrysler 300 C 3.6L V6 Gas,instrument-panel,68346968AA,68346968AA,Applique | Instrument Panel Applique,"1:Instrument Panel Closeout Panel, Left, Inboard 122",https://www.moparamerica.com/oem-parts/mopar-instrument-panel-applique-68346968aa,https://www.moparamerica.com/v-2017-chrysler-300--c--3-6l-v6-gas/interior-trim--instrument-panel,evidence/mopar/illustrations/2C3CCAEG4HH586472/instrument-panel__assembly-01.png
2C3CDXGJ2HH530684,2017 Dodge Charger R/T Scat Pack 6.4L V8 Gas,instrument-panel,68359485AA,68359485AA,Instrument Panel Nameplate,1:Screw 76,https://www.moparamerica.com/oem-parts/mopar-instrument-panel-nameplate-68359485aa,https://www.moparamerica.com/v-2017-dodge-charger--r-t-scat-pack--6-4l-v8-gas/interior-trim--instrument-panel,evidence/mopar/illustrations/2C3CDXGJ2HH530684/instrument-panel__assembly-01.png
2C3CDXGJ2HH530684,2017 Dodge Charger R/T Scat Pack 6.4L V8 Gas,instrument-panel,68368987AA,68368987AA,Instrument Panel Nameplate,1:Screw 76,https://www.moparamerica.com/oem-parts/mopar-instrument-panel-nameplate-68368987aa,https://www.moparamerica.com/v-2017-dodge-charger--r-t-scat-pack--6-4l-v8-gas/interior-trim--instrument-panel,evidence/mopar/illustrations/2C3CDXGJ2HH530684/instrument-panel__assembly-01.png
2C3CDXGJ2HH530684,2017 Dodge Charger R/T Scat Pack 6.4L V8 Gas,instrument-panel,68377778AA,68377778AA,Bezel | Instrument Cluster Bezel,1:Screw 76,https://www.moparamerica.com/oem-parts/mopar-instrument-cluster-bezel-68377778aa,https://www.moparamerica.com/v-2017-dodge-charger--r-t-scat-pack--6-4l-v8-gas/interior-trim--instrument-panel,evidence/mopar/illustrations/2C3CDXGJ2HH530684/instrument-panel__assembly-01.png
2C3CDXGJ2HH530684,2017 Dodge Charger R/T Scat Pack 6.4L V8 Gas,instrument-panel,68395106AA,68395106AA,A/C Outlet Bezel Right | Right,1:Screw 76,https://www.moparamerica.com/oem-parts/mopar-a-c-outlet-bezel-right-68395106aa,https://www.moparamerica.com/v-2017-dodge-charger--r-t-scat-pack--6-4l-v8-gas/interior-trim--instrument-panel,evidence/mopar/illustrations/2C3CDXGJ2HH530684/instrument-panel__assembly-01.png
2C3CDXGJ2HH530684,2017 Dodge Charger R/T Scat Pack 6.4L V8 Gas,instrument-panel,68395107AA,68395107AA,A/C Outlet Bezel Left | Left,1:Screw 76,https://www.moparamerica.com/oem-parts/mopar-a-c-outlet-bezel-left-68395107aa,https://www.moparamerica.com/v-2017-dodge-charger--r-t-scat-pack--6-4l-v8-gas/interior-trim--instrument-panel,evidence/mopar/illustrations/2C3CDXGJ2HH530684/instrument-panel__assembly-01.png
2C3CDXGJ2HH530684,2017 Dodge Charger R/T Scat Pack 6.4L V8 Gas,instrument-panel,68404422AA,68404422AA,Ignition Switch Trim Ring,1:Screw 76,https://www.moparamerica.com/oem-parts/mopar-ignition-switch-trim-ring-68404422aa,https://www.moparamerica.com/v-2017-dodge-charger--r-t-scat-pack--6-4l-v8-gas/interior-trim--instrument-panel,evidence/mopar/illustrations/2C3CDXGJ2HH530684/instrument-panel__assembly-01.png
2C3CCAEG4HH586472,2017 Chrysler 300 C 3.6L V6 Gas,instrument-panel,6CL53DX9AE,6CL53DX9AE,Instrument Panel Panel | Panel,"1:Instrument Panel Closeout Panel, Left, Inboard 122",https://www.moparamerica.com/oem-parts/mopar-instrument-panel-panel-6cl53dx9ae,https://www.moparamerica.com/v-2017-chrysler-300--c--3-6l-v6-gas/interior-trim--instrument-panel,evidence/mopar/illustrations/2C3CCAEG4HH586472/instrument-panel__assembly-01.png
2C3CCAEG4HH586472,2017 Chrysler 300 C 3.6L V6 Gas,instrument-panel,6CL53LC5AE,6CL53LC5AE,Instrument Panel Panel | Panel,"1:Instrument Panel Closeout Panel, Left, Inboard 122",https://www.moparamerica.com/oem-parts/mopar-instrument-panel-panel-6cl53lc5ae,https://www.moparamerica.com/v-2017-chrysler-300--c--3-6l-v6-gas/interior-trim--instrument-panel,evidence/mopar/illustrations/2C3CCAEG4HH586472/instrument-panel__assembly-01.png
2C3CCAEG4HH586472,2017 Chrysler 300 C 3.6L V6 Gas,instrument-panel,6CL53YSAAE,6CL53YSAAE,Instrument Panel Panel | Panel,"1:Instrument Panel Closeout Panel, Left, Inboard 122",https://www.moparamerica.com/oem-parts/mopar-instrument-panel-panel-6cl53ysaae,https://www.moparamerica.com/v-2017-chrysler-300--c--3-6l-v6-gas/interior-trim--instrument-panel,evidence/mopar/illustrations/2C3CCAEG4HH586472/instrument-panel__assembly-01.png
2C3CDXGJ2HH530684,2017 Dodge Charger R/T Scat Pack 6.4L V8 Gas,instrument-panel,6DE19DX9AD,6DE19DX9AD,Instrument Panel Panel | Panel,1:Screw 76,https://www.moparamerica.com/oem-parts/mopar-instrument-panel-panel-6de19dx9ad,https://www.moparamerica.com/v-2017-dodge-charger--r-t-scat-pack--6-4l-v8-gas/interior-trim--instrument-panel,evidence/mopar/illustrations/2C3CDXGJ2HH530684/instrument-panel__assembly-01.png
2C3CDXGJ2HH530684,2017 Dodge Charger R/T Scat Pack 6.4L V8 Gas,instrument-panel,6DE36DX9AF,6DE36DX9AF,Instrument Panel Panel | Panel,1:Screw 76,https://www.moparamerica.com/oem-parts/mopar-instrument-panel-panel-6de36dx9af,https://www.moparamerica.com/v-2017-dodge-charger--r-t-scat-pack--6-4l-v8-gas/interior-trim--instrument-panel,evidence/mopar/illustrations/2C3CDXGJ2HH530684/instrument-panel__assembly-01.png
2C3CDXGJ2HH530684,2017 Dodge Charger R/T Scat Pack 6.4L V8 Gas,instrument-panel,6DJ56DX9AD,6DJ56DX9AD,Instrument Panel Panel | Panel,1:Screw 76,https://www.moparamerica.com/oem-parts/mopar-instrument-panel-panel-6dj56dx9ad,https://www.moparamerica.com/v-2017-dodge-charger--r-t-scat-pack--6-4l-v8-gas/interior-trim--instrument-panel,evidence/mopar/illustrations/2C3CDXGJ2HH530684/instrument-panel__assembly-01.png
2C3CDXGJ2HH530684,2017 Dodge Charger R/T Scat Pack 6.4L V8 Gas,instrument-panel,6ED43DX9AD,6ED43DX9AD,Instrument Panel Panel | Panel,1:Screw 76,https://www.moparamerica.com/oem-parts/mopar-instrument-panel-panel-6ed43dx9ad,https://www.moparamerica.com/v-2017-dodge-charger--r-t-scat-pack--6-4l-v8-gas/interior-trim--instrument-panel,evidence/mopar/illustrations/2C3CDXGJ2HH530684/instrument-panel__assembly-01.png
2C3CDXGJ2HH530684,2017 Dodge Charger R/T Scat Pack 6.4L V8 Gas,instrument-panel,6ED44DX9AE,6ED44DX9AE,Instrument Panel Panel,1:Screw 76,https://www.moparamerica.com/oem-parts/mopar-instrument-panel-panel-6ed44dx9ae,https://www.moparamerica.com/v-2017-dodge-charger--r-t-scat-pack--6-4l-v8-gas/interior-trim--instrument-panel,evidence/mopar/illustrations/2C3CDXGJ2HH530684/instrument-panel__assembly-01.png
2C3CCAEG4HH586472,2017 Chrysler 300 C 3.6L V6 Gas,instrument-panel,6LG79DX9AA,6LG79DX9AA,2018-2020 Chrysler 300 - Steering Column Shroud Gap Hider | Hider,"1:Instrument Panel Closeout Panel, Left, Inboard 122",https://www.moparamerica.com/oem-parts/mopar-2018-2020-chrysler-300-steering-column-shroud-gap-hider-6lg79dx9aa,https://www.moparamerica.com/v-2017-chrysler-300--c--3-6l-v6-gas/interior-trim--instrument-panel,evidence/mopar/illustrations/2C3CCAEG4HH586472/instrument-panel__assembly-01.png
2C3CCAEG4HH586472,2017 Chrysler 300 C 3.6L V6 Gas,instrument-panel,6LG79LC5AA,6LG79LC5AA,2018-2020 Chrysler 300 - Steering Column Shroud Gap Hider | Hider,"1:Instrument Panel Closeout Panel, Left, Inboard 122",https://www.moparamerica.com/oem-parts/mopar-2018-2020-chrysler-300-steering-column-shroud-gap-hider-6lg79lc5aa,https://www.moparamerica.com/v-2017-chrysler-300--c--3-6l-v6-gas/interior-trim--instrument-panel,evidence/mopar/illustrations/2C3CCAEG4HH586472/instrument-panel__assembly-01.png
2C3CCAEG4HH586472,2017 Chrysler 300 C 3.6L V6 Gas,instrument-panel,7TJ51DX9AA,7TJ51DX9AA,"Air Conditioning & Heater Outlet, Center Left | Left","1:Instrument Panel Closeout Panel, Left, Inboard 122",https://www.moparamerica.com/oem-parts/mopar-air-conditioning-and-heater-outlet-center-left-7tj51dx9aa,https://www.moparamerica.com/v-2017-chrysler-300--c--3-6l-v6-gas/interior-trim--instrument-panel,evidence/mopar/illustrations/2C3CCAEG4HH586472/instrument-panel__assembly-01.png
2C3CCAEG4HH586472,2017 Chrysler 300 C 3.6L V6 Gas,rear-seat-adjusters,1TV15DX9AA,1TV15DX9AA,Close-Out Cover | Cover,1:Bushing 32,https://www.moparamerica.com/oem-parts/mopar-close-out-cover-1tv15dx9aa,https://www.moparamerica.com/v-2017-chrysler-300--c--3-6l-v6-gas/interior-trim--rear-seats-second-row-adjusters-recliners-shields-and-risers,evidence/mopar/illustrations/2C3CCAEG4HH586472/rear-seat-adjusters__assembly-01.png
2C3CDXGJ2HH530684,2017 Dodge Charger R/T Scat Pack 6.4L V8 Gas,rear-seat-adjusters,1TV15DX9AA,1TV15DX9AA,Close-Out Cover | Cover,1:Bushing 21,https://www.moparamerica.com/oem-parts/mopar-close-out-cover-1tv15dx9aa,https://www.moparamerica.com/v-2017-dodge-charger--r-t-scat-pack--6-4l-v8-gas/interior-trim--rear-seats-second-row-adjusters-recliners-shields-and-risers,evidence/mopar/illustrations/2C3CDXGJ2HH530684/rear-seat-adjusters__assembly-01.png
2C3CCAEG4HH586472,2017 Chrysler 300 C 3.6L V6 Gas,rear-seat-adjusters,1TV15ML2AA,1TV15ML2AA,Close-Out Cover | Cover,1:Bushing 32,https://www.moparamerica.com/oem-parts/mopar-close-out-cover-1tv15ml2aa,https://www.moparamerica.com/v-2017-chrysler-300--c--3-6l-v6-gas/interior-trim--rear-seats-second-row-adjusters-recliners-shields-and-risers,evidence/mopar/illustrations/2C3CCAEG4HH586472/rear-seat-adjusters__assembly-01.png
2C3CCAEG4HH586472,2017 Chrysler 300 C 3.6L V6 Gas,rear-seat-adjusters,1TV15ND2AA,1TV15ND2AA,Close-Out Cover | Cover,1:Bushing 32,https://www.moparamerica.com/oem-parts/mopar-close-out-cover-1tv15nd2aa,https://www.moparamerica.com/v-2017-chrysler-300--c--3-6l-v6-gas/interior-trim--rear-seats-second-row-adjusters-recliners-shields-and-risers,evidence/mopar/illustrations/2C3CCAEG4HH586472/rear-seat-adjusters__assembly-01.png
2C3CCAEG4HH586472,2017 Chrysler 300 C 3.6L V6 Gas,rear-seat-adjusters,1UR141C3AA,1UR141C3AA,Close-Out Cover | Cover,1:Bushing 32,https://www.moparamerica.com/oem-parts/mopar-close-out-cover-1ur141c3aa,https://www.moparamerica.com/v-2017-chrysler-300--c--3-6l-v6-gas/interior-trim--rear-seats-second-row-adjusters-recliners-shields-and-risers,evidence/mopar/illustrations/2C3CCAEG4HH586472/rear-seat-adjusters__assembly-01.png
2C3CCAEG4HH586472,2017 Chrysler 300 C 3.6L V6 Gas,rear-seat-adjusters,1UR14DX9AA,1UR14DX9AA,Close-Out Cover | Cover,1:Bushing 32,https://www.moparamerica.com/oem-parts/mopar-close-out-cover-1ur14dx9aa,https://www.moparamerica.com/v-2017-chrysler-300--c--3-6l-v6-gas/interior-trim--rear-seats-second-row-adjusters-recliners-shields-and-risers,evidence/mopar/illustrations/2C3CCAEG4HH586472/rear-seat-adjusters__assembly-01.png
2C3CDXGJ2HH530684,2017 Dodge Charger R/T Scat Pack 6.4L V8 Gas,rear-seat-adjusters,1UR14DX9AA,1UR14DX9AA,Close-Out Cover | Cover,1:Bushing 21,https://www.moparamerica.com/oem-parts/mopar-close-out-cover-1ur14dx9aa,https://www.moparamerica.com/v-2017-dodge-charger--r-t-scat-pack--6-4l-v8-gas/interior-trim--rear-seats-second-row-adjusters-recliners-shields-and-risers,evidence/mopar/illustrations/2C3CDXGJ2HH530684/rear-seat-adjusters__assembly-01.png
2C3CCAEG4HH586472,2017 Chrysler 300 C 3.6L V6 Gas,rear-seat-adjusters,1UR14ML2AA,1UR14ML2AA,Close-Out Cover | Cover,1:Bushing 32,https://www.moparamerica.com/oem-parts/mopar-close-out-cover-1ur14ml2aa,https://www.moparamerica.com/v-2017-chrysler-300--c--3-6l-v6-gas/interior-trim--rear-seats-second-row-adjusters-recliners-shields-and-risers,evidence/mopar/illustrations/2C3CCAEG4HH586472/rear-seat-adjusters__assembly-01.png
2C3CCAEG4HH586472,2017 Chrysler 300 C 3.6L V6 Gas,rear-seat-adjusters,1UR14ND2AA,1UR14ND2AA,Close-Out Cover | Cover,1:Bushing 32,https://www.moparamerica.com/oem-parts/mopar-close-out-cover-1ur14nd2aa,https://www.moparamerica.com/v-2017-chrysler-300--c--3-6l-v6-gas/interior-trim--rear-seats-second-row-adjusters-recliners-shields-and-risers,evidence/mopar/illustrations/2C3CCAEG4HH586472/rear-seat-adjusters__assembly-01.png
2C3CCAEG4HH586472,2017 Chrysler 300 C 3.6L V6 Gas,rear-seat-adjusters,1UR18DX9AA,1UR18DX9AA,Close-Out Cover,1:Bushing 32,https://www.moparamerica.com/oem-parts/mopar-close-out-cover-1ur18dx9aa,https://www.moparamerica.com/v-2017-chrysler-300--c--3-6l-v6-gas/interior-trim--rear-seats-second-row-adjusters-recliners-shields-and-risers,evidence/mopar/illustrations/2C3CCAEG4HH586472/rear-seat-adjusters__assembly-01.png
2C3CDXGJ2HH530684,2017 Dodge Charger R/T Scat Pack 6.4L V8 Gas,rear-seat-adjusters,1UR18DX9AA,1UR18DX9AA,Close-Out Cover,1:Bushing 21,https://www.moparamerica.com/oem-parts/mopar-close-out-cover-1ur18dx9aa,https://www.moparamerica.com/v-2017-dodge-charger--r-t-scat-pack--6-4l-v8-gas/interior-trim--rear-seats-second-row-adjusters-recliners-shields-and-risers,evidence/mopar/illustrations/2C3CDXGJ2HH530684/rear-seat-adjusters__assembly-01.png
2C3CCAEG4HH586472,2017 Chrysler 300 C 3.6L V6 Gas,rear-seat-adjusters,1UR18ML2AA,1UR18ML2AA,Close-Out Cover,1:Bushing 32,https://www.moparamerica.com/oem-parts/mopar-close-out-cover-1ur18ml2aa,https://www.moparamerica.com/v-2017-chrysler-300--c--3-6l-v6-gas/interior-trim--rear-seats-second-row-adjusters-recliners-shields-and-risers,evidence/mopar/illustrations/2C3CCAEG4HH586472/rear-seat-adjusters__assembly-01.png
2C3CCAEG4HH586472,2017 Chrysler 300 C 3.6L V6 Gas,rear-seat-adjusters,1UR18ND2AA,1UR18ND2AA,Close-Out Cover,1:Bushing 32,https://www.moparamerica.com/oem-parts/mopar-close-out-cover-1ur18nd2aa,https://www.moparamerica.com/v-2017-chrysler-300--c--3-6l-v6-gas/interior-trim--rear-seats-second-row-adjusters-recliners-shields-and-risers,evidence/mopar/illustrations/2C3CCAEG4HH586472/rear-seat-adjusters__assembly-01.png
2C3CCAEG4HH586472,2017 Chrysler 300 C 3.6L V6 Gas,rear-seat-adjusters,1VL641X9AA,1VL641X9AA,Assist Strap | Strap,1:Bushing 32,https://www.moparamerica.com/oem-parts/mopar-assist-strap-1vl641x9aa,https://www.moparamerica.com/v-2017-chrysler-300--c--3-6l-v6-gas/interior-trim--rear-seats-second-row-adjusters-recliners-shields-and-risers,evidence/mopar/illustrations/2C3CCAEG4HH586472/rear-seat-adjusters__assembly-01.png
2C3CCAEG4HH586472,2017 Chrysler 300 C 3.6L V6 Gas,rear-seat-adjusters,1VL64DX9AA,1VL64DX9AA,Assist Strap | Strap,1:Bushing 32,https://www.moparamerica.com/oem-parts/mopar-assist-strap-1vl64dx9aa,https://www.moparamerica.com/v-2017-chrysler-300--c--3-6l-v6-gas/interior-trim--rear-seats-second-row-adjusters-recliners-shields-and-risers,evidence/mopar/illustrations/2C3CCAEG4HH586472/rear-seat-adjusters__assembly-01.png
2C3CDXGJ2HH530684,2017 Dodge Charger R/T Scat Pack 6.4L V8 Gas,rear-seat-adjusters,1VL64DX9AA,1VL64DX9AA,Assist Strap | Strap,1:Bushing 21,https://www.moparamerica.com/oem-parts/mopar-assist-strap-1vl64dx9aa,https://www.moparamerica.com/v-2017-dodge-charger--r-t-scat-pack--6-4l-v8-gas/interior-trim--rear-seats-second-row-adjusters-recliners-shields-and-risers,evidence/mopar/illustrations/2C3CDXGJ2HH530684/rear-seat-adjusters__assembly-01.png
2C3CDXGJ2HH530684,2017 Dodge Charger R/T Scat Pack 6.4L V8 Gas,rear-seat-adjusters,1VL64LV5AA,1VL64LV5AA,Assist Strap | Strap,1:Bushing 21,https://www.moparamerica.com/oem-parts/mopar-assist-strap-1vl64lv5aa,https://www.moparamerica.com/v-2017-dodge-charger--r-t-scat-pack--6-4l-v8-gas/interior-trim--rear-seats-second-row-adjusters-recliners-shields-and-risers,evidence/mopar/illustrations/2C3CDXGJ2HH530684/rear-seat-adjusters__assembly-01.png
2C3CCAEG4HH586472,2017 Chrysler 300 C 3.6L V6 Gas,rear-seat-adjusters,1VL64ML2AA,1VL64ML2AA,Assist Strap | Strap,1:Bushing 32,https://www.moparamerica.com/oem-parts/mopar-assist-strap-1vl64ml2aa,https://www.moparamerica.com/v-2017-chrysler-300--c--3-6l-v6-gas/interior-trim--rear-seats-second-row-adjusters-recliners-shields-and-risers,evidence/mopar/illustrations/2C3CCAEG4HH586472/rear-seat-adjusters__assembly-01.png
2C3CCAEG4HH586472,2017 Chrysler 300 C 3.6L V6 Gas,rear-seat-adjusters,1VL64ND2AA,1VL64ND2AA,Assist Strap | Strap,1:Bushing 32,https://www.moparamerica.com/oem-parts/mopar-assist-strap-1vl64nd2aa,https://www.moparamerica.com/v-2017-chrysler-300--c--3-6l-v6-gas/interior-trim--rear-seats-second-row-adjusters-recliners-shields-and-risers,evidence/mopar/illustrations/2C3CCAEG4HH586472/rear-seat-adjusters__assembly-01.png
2C3CCAEG4HH586472,2017 Chrysler 300 C 3.6L V6 Gas,rear-seat-adjusters,4628848AB,4628848AB,Seat Back Latch Striker | Striker,1:Bushing 32,https://www.moparamerica.com/oem-parts/mopar-seat-back-latch-striker-4628848ab,https://www.moparamerica.com/v-2017-chrysler-300--c--3-6l-v6-gas/interior-trim--rear-seats-second-row-adjusters-recliners-shields-and-risers,evidence/mopar/illustrations/2C3CCAEG4HH586472/rear-seat-adjusters__assembly-01.png
2C3CDXGJ2HH530684,2017 Dodge Charger R/T Scat Pack 6.4L V8 Gas,rear-seat-adjusters,4628848AB,4628848AB,Seat Back Latch Striker | Striker,1:Bushing 21,https://www.moparamerica.com/oem-parts/mopar-seat-back-latch-striker-4628848ab,https://www.moparamerica.com/v-2017-dodge-charger--r-t-scat-pack--6-4l-v8-gas/interior-trim--rear-seats-second-row-adjusters-recliners-shields-and-risers,evidence/mopar/illustrations/2C3CDXGJ2HH530684/rear-seat-adjusters__assembly-01.png
2C3CCAEG4HH586472,2017 Chrysler 300 C 3.6L V6 Gas,rear-seat-adjusters,4645939AB,4645939AB,Retainer | Seat Cushion Retainer,1:Bushing 32,https://www.moparamerica.com/oem-parts/mopar-seat-cushion-retainer-4645939ab,https://www.moparamerica.com/v-2017-chrysler-300--c--3-6l-v6-gas/interior-trim--rear-seats-second-row-adjusters-recliners-shields-and-risers,evidence/mopar/illustrations/2C3CCAEG4HH586472/rear-seat-adjusters__assembly-01.png
2C3CDXGJ2HH530684,2017 Dodge Charger R/T Scat Pack 6.4L V8 Gas,rear-seat-adjusters,4645939AB,4645939AB,Retainer | Seat Cushion Retainer,1:Bushing 21,https://www.moparamerica.com/oem-parts/mopar-seat-cushion-retainer-4645939ab,https://www.moparamerica.com/v-2017-dodge-charger--r-t-scat-pack--6-4l-v8-gas/interior-trim--rear-seats-second-row-adjusters-recliners-shields-and-risers,evidence/mopar/illustrations/2C3CDXGJ2HH530684/rear-seat-adjusters__assembly-01.png
2C3CCAEG4HH586472,2017 Chrysler 300 C 3.6L V6 Gas,rear-seat-adjusters,6101712,6101712,Nut | U Nut,1:Bushing 32,https://www.moparamerica.com/oem-parts/mopar-u-nut-6101712,https://www.moparamerica.com/v-2017-chrysler-300--c--3-6l-v6-gas/interior-trim--rear-seats-second-row-adjusters-recliners-shields-and-risers,evidence/mopar/illustrations/2C3CCAEG4HH586472/rear-seat-adjusters__assembly-01.png
2C3CDXGJ2HH530684,2017 Dodge Charger R/T Scat Pack 6.4L V8 Gas,rear-seat-adjusters,6101712,6101712,Nut | U Nut,1:Bushing 21,https://www.moparamerica.com/oem-parts/mopar-u-nut-6101712,https://www.moparamerica.com/v-2017-dodge-charger--r-t-scat-pack--6-4l-v8-gas/interior-trim--rear-seats-second-row-adjusters-recliners-shields-and-risers,evidence/mopar/illustrations/2C3CDXGJ2HH530684/rear-seat-adjusters__assembly-01.png
2C3CCAEG4HH586472,2017 Chrysler 300 C 3.6L V6 Gas,rear-seat-adjusters,6502724,6502724,Hex Flange Nut | Nut,1:Bushing 32,https://www.moparamerica.com/oem-parts/mopar-hex-flange-nut-6502724,https://www.moparamerica.com/v-2017-chrysler-300--c--3-6l-v6-gas/interior-trim--rear-seats-second-row-adjusters-recliners-shields-and-risers,evidence/mopar/illustrations/2C3CCAEG4HH586472/rear-seat-adjusters__assembly-01.png
2C3CDXGJ2HH530684,2017 Dodge Charger R/T Scat Pack 6.4L V8 Gas,rear-seat-adjusters,6502724,6502724,Hex Flange Nut | Nut,1:Bushing 21,https://www.moparamerica.com/oem-parts/mopar-hex-flange-nut-6502724,https://www.moparamerica.com/v-2017-dodge-charger--r-t-scat-pack--6-4l-v8-gas/interior-trim--rear-seats-second-row-adjusters-recliners-shields-and-risers,evidence/mopar/illustrations/2C3CDXGJ2HH530684/rear-seat-adjusters__assembly-01.png
2C3CCAEG4HH586472,2017 Chrysler 300 C 3.6L V6 Gas,rear-seat-adjusters,6506220AA,6506220AA,Hex Flange Head Screw,1:Bushing 32,https://www.moparamerica.com/oem-parts/mopar-hex-flange-head-screw-6506220aa,https://www.moparamerica.com/v-2017-chrysler-300--c--3-6l-v6-gas/interior-trim--rear-seats-second-row-adjusters-recliners-shields-and-risers,evidence/mopar/illustrations/2C3CCAEG4HH586472/rear-seat-adjusters__assembly-01.png
2C3CDXGJ2HH530684,2017 Dodge Charger R/T Scat Pack 6.4L V8 Gas,rear-seat-adjusters,6506220AA,6506220AA,Hex Flange Head Screw,1:Bushing 21,https://www.moparamerica.com/oem-parts/mopar-hex-flange-head-screw-6506220aa,https://www.moparamerica.com/v-2017-dodge-charger--r-t-scat-pack--6-4l-v8-gas/interior-trim--rear-seats-second-row-adjusters-recliners-shields-and-risers,evidence/mopar/illustrations/2C3CDXGJ2HH530684/rear-seat-adjusters__assembly-01.png
2C3CCAEG4HH586472,2017 Chrysler 300 C 3.6L V6 Gas,rear-seat-adjusters,68104422AB,68104422AB,"Rear Seat Back Panel, Right | Right",1:Bushing 32,https://www.moparamerica.com/oem-parts/mopar-rear-seat-back-panel-right-68104422ab,https://www.moparamerica.com/v-2017-chrysler-300--c--3-6l-v6-gas/interior-trim--rear-seats-second-row-adjusters-recliners-shields-and-risers,evidence/mopar/illustrations/2C3CCAEG4HH586472/rear-seat-adjusters__assembly-01.png
2C3CDXGJ2HH530684,2017 Dodge Charger R/T Scat Pack 6.4L V8 Gas,rear-seat-adjusters,68104422AB,68104422AB,"Rear Seat Back Panel, Right | Right",1:Bushing 21,https://www.moparamerica.com/oem-parts/mopar-rear-seat-back-panel-right-68104422ab,https://www.moparamerica.com/v-2017-dodge-charger--r-t-scat-pack--6-4l-v8-gas/interior-trim--rear-seats-second-row-adjusters-recliners-shields-and-risers,evidence/mopar/illustrations/2C3CDXGJ2HH530684/rear-seat-adjusters__assembly-01.png
2C3CCAEG4HH586472,2017 Chrysler 300 C 3.6L V6 Gas,rear-seat-adjusters,68104423AB,68104423AB,"Left | Rear Seat Back Panel, Left",1:Bushing 32,https://www.moparamerica.com/oem-parts/mopar-rear-seat-back-panel-left-68104423ab,https://www.moparamerica.com/v-2017-chrysler-300--c--3-6l-v6-gas/interior-trim--rear-seats-second-row-adjusters-recliners-shields-and-risers,evidence/mopar/illustrations/2C3CCAEG4HH586472/rear-seat-adjusters__assembly-01.png
2C3CDXGJ2HH530684,2017 Dodge Charger R/T Scat Pack 6.4L V8 Gas,rear-seat-adjusters,68104423AB,68104423AB,"Left | Rear Seat Back Panel, Left",1:Bushing 21,https://www.moparamerica.com/oem-parts/mopar-rear-seat-back-panel-left-68104423ab,https://www.moparamerica.com/v-2017-dodge-charger--r-t-scat-pack--6-4l-v8-gas/interior-trim--rear-seats-second-row-adjusters-recliners-shields-and-risers,evidence/mopar/illustrations/2C3CDXGJ2HH530684/rear-seat-adjusters__assembly-01.png
2C3CCAEG4HH586472,2017 Chrysler 300 C 3.6L V6 Gas,rear-seat-adjusters,68104425AA,68104425AA,Bracket,1:Bushing 32,https://www.moparamerica.com/oem-parts/mopar-bracket-68104425aa,https://www.moparamerica.com/v-2017-chrysler-300--c--3-6l-v6-gas/interior-trim--rear-seats-second-row-adjusters-recliners-shields-and-risers,evidence/mopar/illustrations/2C3CCAEG4HH586472/rear-seat-adjusters__assembly-01.png
2C3CDXGJ2HH530684,2017 Dodge Charger R/T Scat Pack 6.4L V8 Gas,rear-seat-adjusters,68104425AA,68104425AA,Bracket,1:Bushing 21,https://www.moparamerica.com/oem-parts/mopar-bracket-68104425aa,https://www.moparamerica.com/v-2017-dodge-charger--r-t-scat-pack--6-4l-v8-gas/interior-trim--rear-seats-second-row-adjusters-recliners-shields-and-risers,evidence/mopar/illustrations/2C3CDXGJ2HH530684/rear-seat-adjusters__assembly-01.png
2C3CCAEG4HH586472,2017 Chrysler 300 C 3.6L V6 Gas,rear-seat-adjusters,68104426AA,68104426AA,Bushing,1:Bushing 32,https://www.moparamerica.com/oem-parts/mopar-bushing-68104426aa,https://www.moparamerica.com/v-2017-chrysler-300--c--3-6l-v6-gas/interior-trim--rear-seats-second-row-adjusters-recliners-shields-and-risers,evidence/mopar/illustrations/2C3CCAEG4HH586472/rear-seat-adjusters__assembly-01.png
2C3CDXGJ2HH530684,2017 Dodge Charger R/T Scat Pack 6.4L V8 Gas,rear-seat-adjusters,68104426AA,68104426AA,Bushing,1:Bushing 21,https://www.moparamerica.com/oem-parts/mopar-bushing-68104426aa,https://www.moparamerica.com/v-2017-dodge-charger--r-t-scat-pack--6-4l-v8-gas/interior-trim--rear-seats-second-row-adjusters-recliners-shields-and-risers,evidence/mopar/illustrations/2C3CDXGJ2HH530684/rear-seat-adjusters__assembly-01.png
2C3CCAEG4HH586472,2017 Chrysler 300 C 3.6L V6 Gas,rear-seat-adjusters,68110212AA,68110212AA,Bracket | Seat Bracket,1:Bushing 32,https://www.moparamerica.com/oem-parts/mopar-seat-bracket-68110212aa,https://www.moparamerica.com/v-2017-chrysler-300--c--3-6l-v6-gas/interior-trim--rear-seats-second-row-adjusters-recliners-shields-and-risers,evidence/mopar/illustrations/2C3CCAEG4HH586472/rear-seat-adjusters__assembly-01.png
2C3CDXGJ2HH530684,2017 Dodge Charger R/T Scat Pack 6.4L V8 Gas,rear-seat-adjusters,68110212AA,68110212AA,Bracket | Seat Bracket,1:Bushing 21,https://www.moparamerica.com/oem-parts/mopar-seat-bracket-68110212aa,https://www.moparamerica.com/v-2017-dodge-charger--r-t-scat-pack--6-4l-v8-gas/interior-trim--rear-seats-second-row-adjusters-recliners-shields-and-risers,evidence/mopar/illustrations/2C3CDXGJ2HH530684/rear-seat-adjusters__assembly-01.png
2C3CCAEG4HH586472,2017 Chrysler 300 C 3.6L V6 Gas,rear-seat-adjusters,68110213AA,68110213AA,Bracket | Seat Bracket,1:Bushing 32,https://www.moparamerica.com/oem-parts/mopar-seat-bracket-68110213aa,https://www.moparamerica.com/v-2017-chrysler-300--c--3-6l-v6-gas/interior-trim--rear-seats-second-row-adjusters-recliners-shields-and-risers,evidence/mopar/illustrations/2C3CCAEG4HH586472/rear-seat-adjusters__assembly-01.png
2C3CDXGJ2HH530684,2017 Dodge Charger R/T Scat Pack 6.4L V8 Gas,rear-seat-adjusters,68110213AA,68110213AA,Bracket | Seat Bracket,1:Bushing 21,https://www.moparamerica.com/oem-parts/mopar-seat-bracket-68110213aa,https://www.moparamerica.com/v-2017-dodge-charger--r-t-scat-pack--6-4l-v8-gas/interior-trim--rear-seats-second-row-adjusters-recliners-shields-and-risers,evidence/mopar/illustrations/2C3CDXGJ2HH530684/rear-seat-adjusters__assembly-01.png
2C3CCAEG4HH586472,2017 Chrysler 300 C 3.6L V6 Gas,rear-seat-adjusters,68110214AA,68110214AA,Bracket | Seat Bracket,1:Bushing 32,https://www.moparamerica.com/oem-parts/mopar-seat-bracket-68110214aa,https://www.moparamerica.com/v-2017-chrysler-300--c--3-6l-v6-gas/interior-trim--rear-seats-second-row-adjusters-recliners-shields-and-risers,evidence/mopar/illustrations/2C3CCAEG4HH586472/rear-seat-adjusters__assembly-01.png
2C3CDXGJ2HH530684,2017 Dodge Charger R/T Scat Pack 6.4L V8 Gas,rear-seat-adjusters,68110214AA,68110214AA,Bracket | Seat Bracket,1:Bushing 21,https://www.moparamerica.com/oem-parts/mopar-seat-bracket-68110214aa,https://www.moparamerica.com/v-2017-dodge-charger--r-t-scat-pack--6-4l-v8-gas/interior-trim--rear-seats-second-row-adjusters-recliners-shields-and-risers,evidence/mopar/illustrations/2C3CDXGJ2HH530684/rear-seat-adjusters__assembly-01.png
2C3CCAEG4HH586472,2017 Chrysler 300 C 3.6L V6 Gas,rear-seat-adjusters,68110232AA,68110232AA,Latch | Seat Latch,1:Bushing 32,https://www.moparamerica.com/oem-parts/mopar-seat-latch-68110232aa,https://www.moparamerica.com/v-2017-chrysler-300--c--3-6l-v6-gas/interior-trim--rear-seats-second-row-adjusters-recliners-shields-and-risers,evidence/mopar/illustrations/2C3CCAEG4HH586472/rear-seat-adjusters__assembly-01.png
2C3CDXGJ2HH530684,2017 Dodge Charger R/T Scat Pack 6.4L V8 Gas,rear-seat-adjusters,68110232AA,68110232AA,Latch | Seat Latch,1:Bushing 21,https://www.moparamerica.com/oem-parts/mopar-seat-latch-68110232aa,https://www.moparamerica.com/v-2017-dodge-charger--r-t-scat-pack--6-4l-v8-gas/interior-trim--rear-seats-second-row-adjusters-recliners-shields-and-risers,evidence/mopar/illustrations/2C3CDXGJ2HH530684/rear-seat-adjusters__assembly-01.png
2C3CCAEG4HH586472,2017 Chrysler 300 C 3.6L V6 Gas,rear-seat-adjusters,68110233AA,68110233AA,Bushing,1:Bushing 32,https://www.moparamerica.com/oem-parts/mopar-bushing-68110233aa,https://www.moparamerica.com/v-2017-chrysler-300--c--3-6l-v6-gas/interior-trim--rear-seats-second-row-adjusters-recliners-shields-and-risers,evidence/mopar/illustrations/2C3CCAEG4HH586472/rear-seat-adjusters__assembly-01.png
2C3CDXGJ2HH530684,2017 Dodge Charger R/T Scat Pack 6.4L V8 Gas,rear-seat-adjusters,68110233AA,68110233AA,Bushing,1:Bushing 21,https://www.moparamerica.com/oem-parts/mopar-bushing-68110233aa,https://www.moparamerica.com/v-2017-dodge-charger--r-t-scat-pack--6-4l-v8-gas/interior-trim--rear-seats-second-row-adjusters-recliners-shields-and-risers,evidence/mopar/illustrations/2C3CDXGJ2HH530684/rear-seat-adjusters__assembly-01.png
2C3CCAEG4HH586472,2017 Chrysler 300 C 3.6L V6 Gas,rear-seat-adjusters,68193479AA,68193479AA,Lock Nut | Nut,1:Bushing 32,https://www.moparamerica.com/oem-parts/mopar-lock-nut-68193479aa,https://www.moparamerica.com/v-2017-chrysler-300--c--3-6l-v6-gas/interior-trim--rear-seats-second-row-adjusters-recliners-shields-and-risers,evidence/mopar/illustrations/2C3CCAEG4HH586472/rear-seat-adjusters__assembly-01.png
2C3CDXGJ2HH530684,2017 Dodge Charger R/T Scat Pack 6.4L V8 Gas,rear-seat-adjusters,68193479AA,68193479AA,Lock Nut | Nut,1:Bushing 21,https://www.moparamerica.com/oem-parts/mopar-lock-nut-68193479aa,https://www.moparamerica.com/v-2017-dodge-charger--r-t-scat-pack--6-4l-v8-gas/interior-trim--rear-seats-second-row-adjusters-recliners-shields-and-risers,evidence/mopar/illustrations/2C3CDXGJ2HH530684/rear-seat-adjusters__assembly-01.png
2C3CDXGJ2HH530684,2017 Dodge Charger R/T Scat Pack 6.4L V8 Gas,rear-seat-adjusters,68439661AA,68439661AA,Bracket | Seat Bracket,1:Bushing 21,https://www.moparamerica.com/oem-parts/mopar-seat-bracket-68439661aa,https://www.moparamerica.com/v-2017-dodge-charger--r-t-scat-pack--6-4l-v8-gas/interior-trim--rear-seats-second-row-adjusters-recliners-shields-and-risers,evidence/mopar/illustrations/2C3CDXGJ2HH530684/rear-seat-adjusters__assembly-01.png
2C3CCAEG4HH586472,2017 Chrysler 300 C 3.6L V6 Gas,rear-seats-second-row,1DL16DX9AA,1DL16DX9AA,"Headrest Sleeve, Locking | Locking",1:Armrest Lid Hinge Pin | 2:Armrest Lid Hinge Pin | 3:Armrest Lid Hinge Pin | 4:Armrest Lid Hinge Pin | 5:Armrest Lid Hinge Pin | 6:Armrest Lid Hinge Pin | 7:Rear Headrest,https://www.moparamerica.com/oem-parts/mopar-headrest-sleeve-locking-1dl16dx9aa,https://www.moparamerica.com/v-2017-chrysler-300--c--3-6l-v6-gas/interior-trim--rear-seats-second-row?assembly=1 | https://www.moparamerica.com/v-2017-chrysler-300--c--3-6l-v6-gas/interior-trim--rear-seats-second-row?assembly=2 | https://www.moparamerica.com/v-2017-chrysler-300--c--3-6l-v6-gas/interior-trim--rear-seats-second-row?assembly=3 | https://www.moparamerica.com/v-2017-chrysler-300--c--3-6l-v6-gas/interior-trim--rear-seats-second-row?assembly=4 | https://www.moparamerica.com/v-2017-chrysler-300--c--3-6l-v6-gas/interior-trim--rear-seats-second-row?assembly=5 | https://www.moparamerica.com/v-2017-chrysler-300--c--3-6l-v6-gas/interior-trim--rear-seats-second-row?assembly=6 | https://www.moparamerica.com/v-2017-chrysler-300--c--3-6l-v6-gas/interior-trim--rear-seats-second-row?assembly=7,evidence/mopar/illustrations/2C3CCAEG4HH586472/rear-seats-second-row__assembly-01.png | evidence/mopar/illustrations/2C3CCAEG4HH586472/rear-seats-second-row__assembly-02.png | evidence/mopar/illustrations/2C3CCAEG4HH586472/rear-seats-second-row__assembly-03.png | evidence/mopar/illustrations/2C3CCAEG4HH586472/rear-seats-second-row__assembly-04.png | evidence/mopar/illustrations/2C3CCAEG4HH586472/rear-seats-second-row__assembly-05.png | evidence/mopar/illustrations/2C3CCAEG4HH586472/rear-seats-second-row__assembly-06.png | evidence/mopar/illustrations/2C3CCAEG4HH586472/rear-seats-second-row__assembly-07.png
2C3CDXGJ2HH530684,2017 Dodge Charger R/T Scat Pack 6.4L V8 Gas,rear-seats-second-row,1DL16DX9AA,1DL16DX9AA,"Headrest Sleeve, Locking | Locking",1:Assist Strap,https://www.moparamerica.com/oem-parts/mopar-headrest-sleeve-locking-1dl16dx9aa,https://www.moparamerica.com/v-2017-dodge-charger--r-t-scat-pack--6-4l-v8-gas/interior-trim--rear-seats-second-row?assembly=1,evidence/mopar/illustrations/2C3CDXGJ2HH530684/rear-seats-second-row__assembly-01.png
2C3CDXGJ2HH530684,2017 Dodge Charger R/T Scat Pack 6.4L V8 Gas,rear-seats-second-row,1DL16LV5AA,1DL16LV5AA,"Headrest Sleeve, Locking | Locking",1:Assist Strap,https://www.moparamerica.com/oem-parts/mopar-headrest-sleeve-locking-1dl16lv5aa,https://www.moparamerica.com/v-2017-dodge-charger--r-t-scat-pack--6-4l-v8-gas/interior-trim--rear-seats-second-row?assembly=1,evidence/mopar/illustrations/2C3CDXGJ2HH530684/rear-seats-second-row__assembly-01.png
2C3CCAEG4HH586472,2017 Chrysler 300 C 3.6L V6 Gas,rear-seats-second-row,1DL16ML2AA,1DL16ML2AA,"Headrest Sleeve, Locking | Locking",3:Armrest Lid Hinge Pin | 4:Armrest Lid Hinge Pin | 5:Armrest Lid Hinge Pin | 7:Rear Headrest,https://www.moparamerica.com/oem-parts/mopar-headrest-sleeve-locking-1dl16ml2aa,https://www.moparamerica.com/v-2017-chrysler-300--c--3-6l-v6-gas/interior-trim--rear-seats-second-row?assembly=3 | https://www.moparamerica.com/v-2017-chrysler-300--c--3-6l-v6-gas/interior-trim--rear-seats-second-row?assembly=4 | https://www.moparamerica.com/v-2017-chrysler-300--c--3-6l-v6-gas/interior-trim--rear-seats-second-row?assembly=5 | https://www.moparamerica.com/v-2017-chrysler-300--c--3-6l-v6-gas/interior-trim--rear-seats-second-row?assembly=7,evidence/mopar/illustrations/2C3CCAEG4HH586472/rear-seats-second-row__assembly-03.png | evidence/mopar/illustrations/2C3CCAEG4HH586472/rear-seats-second-row__assembly-04.png | evidence/mopar/illustrations/2C3CCAEG4HH586472/rear-seats-second-row__assembly-05.png | evidence/mopar/illustrations/2C3CCAEG4HH586472/rear-seats-second-row__assembly-07.png
2C3CCAEG4HH586472,2017 Chrysler 300 C 3.6L V6 Gas,rear-seats-second-row,1DL16ND2AA,1DL16ND2AA,"Headrest Sleeve, Locking | Locking",1:Armrest Lid Hinge Pin | 2:Armrest Lid Hinge Pin,https://www.moparamerica.com/oem-parts/mopar-headrest-sleeve-locking-1dl16nd2aa,https://www.moparamerica.com/v-2017-chrysler-300--c--3-6l-v6-gas/interior-trim--rear-seats-second-row?assembly=1 | https://www.moparamerica.com/v-2017-chrysler-300--c--3-6l-v6-gas/interior-trim--rear-seats-second-row?assembly=2,evidence/mopar/illustrations/2C3CCAEG4HH586472/rear-seats-second-row__assembly-01.png | evidence/mopar/illustrations/2C3CCAEG4HH586472/rear-seats-second-row__assembly-02.png
2C3CCAEG4HH586472,2017 Chrysler 300 C 3.6L V6 Gas,rear-seats-second-row,1UY04DX9AB,1UY04DX9AB,"Headrest Sleeve, Non-Locking | Non-locking",1:Armrest Lid Hinge Pin | 2:Armrest Lid Hinge Pin | 3:Armrest Lid Hinge Pin | 4:Armrest Lid Hinge Pin | 5:Armrest Lid Hinge Pin | 6:Armrest Lid Hinge Pin | 7:Rear Headrest,https://www.moparamerica.com/oem-parts/mopar-headrest-sleeve-non-locking-1uy04dx9ab,https://www.moparamerica.com/v-2017-chrysler-300--c--3-6l-v6-gas/interior-trim--rear-seats-second-row?assembly=1 | https://www.moparamerica.com/v-2017-chrysler-300--c--3-6l-v6-gas/interior-trim--rear-seats-second-row?assembly=2 | https://www.moparamerica.com/v-2017-chrysler-300--c--3-6l-v6-gas/interior-trim--rear-seats-second-row?assembly=3 | https://www.moparamerica.com/v-2017-chrysler-300--c--3-6l-v6-gas/interior-trim--rear-seats-second-row?assembly=4 | https://www.moparamerica.com/v-2017-chrysler-300--c--3-6l-v6-gas/interior-trim--rear-seats-second-row?assembly=5 | https://www.moparamerica.com/v-2017-chrysler-300--c--3-6l-v6-gas/interior-trim--rear-seats-second-row?assembly=6 | https://www.moparamerica.com/v-2017-chrysler-300--c--3-6l-v6-gas/interior-trim--rear-seats-second-row?assembly=7,evidence/mopar/illustrations/2C3CCAEG4HH586472/rear-seats-second-row__assembly-01.png | evidence/mopar/illustrations/2C3CCAEG4HH586472/rear-seats-second-row__assembly-02.png | evidence/mopar/illustrations/2C3CCAEG4HH586472/rear-seats-second-row__assembly-03.png | evidence/mopar/illustrations/2C3CCAEG4HH586472/rear-seats-second-row__assembly-04.png | evidence/mopar/illustrations/2C3CCAEG4HH586472/rear-seats-second-row__assembly-05.png | evidence/mopar/illustrations/2C3CCAEG4HH586472/rear-seats-second-row__assembly-06.png | evidence/mopar/illustrations/2C3CCAEG4HH586472/rear-seats-second-row__assembly-07.png
2C3CDXGJ2HH530684,2017 Dodge Charger R/T Scat Pack 6.4L V8 Gas,rear-seats-second-row,1UY04DX9AB,1UY04DX9AB,"Headrest Sleeve, Non-Locking | Non-locking",1:Assist Strap,https://www.moparamerica.com/oem-parts/mopar-headrest-sleeve-non-locking-1uy04dx9ab,https://www.moparamerica.com/v-2017-dodge-charger--r-t-scat-pack--6-4l-v8-gas/interior-trim--rear-seats-second-row?assembly=1,evidence/mopar/illustrations/2C3CDXGJ2HH530684/rear-seats-second-row__assembly-01.png
2C3CCAEG4HH586472,2017 Chrysler 300 C 3.6L V6 Gas,rear-seats-second-row,1UY04LC5AB,1UY04LC5AB,"Headrest Sleeve, Non-Locking | Non-locking",4:Armrest Lid Hinge Pin,https://www.moparamerica.com/oem-parts/mopar-headrest-sleeve-non-locking-1uy04lc5ab,https://www.moparamerica.com/v-2017-chrysler-300--c--3-6l-v6-gas/interior-trim--rear-seats-second-row?assembly=4,evidence/mopar/illustrations/2C3CCAEG4HH586472/rear-seats-second-row__assembly-04.png
2C3CDXGJ2HH530684,2017 Dodge Charger R/T Scat Pack 6.4L V8 Gas,rear-seats-second-row,1UY04LV5AB,1UY04LV5AB,"Headrest Sleeve, Non-Locking | Non-locking",1:Assist Strap,https://www.moparamerica.com/oem-parts/mopar-headrest-sleeve-non-locking-1uy04lv5ab,https://www.moparamerica.com/v-2017-dodge-charger--r-t-scat-pack--6-4l-v8-gas/interior-trim--rear-seats-second-row?assembly=1,evidence/mopar/illustrations/2C3CDXGJ2HH530684/rear-seats-second-row__assembly-01.png
2C3CCAEG4HH586472,2017 Chrysler 300 C 3.6L V6 Gas,rear-seats-second-row,1UY04ML2AB,1UY04ML2AB,"Headrest Sleeve, Non-Locking | Non-locking",3:Armrest Lid Hinge Pin | 4:Armrest Lid Hinge Pin | 5:Armrest Lid Hinge Pin | 7:Rear Headrest,https://www.moparamerica.com/oem-parts/mopar-headrest-sleeve-non-locking-1uy04ml2ab,https://www.moparamerica.com/v-2017-chrysler-300--c--3-6l-v6-gas/interior-trim--rear-seats-second-row?assembly=3 | https://www.moparamerica.com/v-2017-chrysler-300--c--3-6l-v6-gas/interior-trim--rear-seats-second-row?assembly=4 | https://www.moparamerica.com/v-2017-chrysler-300--c--3-6l-v6-gas/interior-trim--rear-seats-second-row?assembly=5 | https://www.moparamerica.com/v-2017-chrysler-300--c--3-6l-v6-gas/interior-trim--rear-seats-second-row?assembly=7,evidence/mopar/illustrations/2C3CCAEG4HH586472/rear-seats-second-row__assembly-03.png | evidence/mopar/illustrations/2C3CCAEG4HH586472/rear-seats-second-row__assembly-04.png | evidence/mopar/illustrations/2C3CCAEG4HH586472/rear-seats-second-row__assembly-05.png | evidence/mopar/illustrations/2C3CCAEG4HH586472/rear-seats-second-row__assembly-07.png
2C3CCAEG4HH586472,2017 Chrysler 300 C 3.6L V6 Gas,rear-seats-second-row,1UY04ND2AB,1UY04ND2AB,"Headrest Sleeve, Non-Locking | Non-locking",1:Armrest Lid Hinge Pin | 2:Armrest Lid Hinge Pin,https://www.moparamerica.com/oem-parts/mopar-headrest-sleeve-non-locking-1uy04nd2ab,https://www.moparamerica.com/v-2017-chrysler-300--c--3-6l-v6-gas/interior-trim--rear-seats-second-row?assembly=1 | https://www.moparamerica.com/v-2017-chrysler-300--c--3-6l-v6-gas/interior-trim--rear-seats-second-row?assembly=2,evidence/mopar/illustrations/2C3CCAEG4HH586472/rear-seats-second-row__assembly-01.png | evidence/mopar/illustrations/2C3CCAEG4HH586472/rear-seats-second-row__assembly-02.png
2C3CDXGJ2HH530684,2017 Dodge Charger R/T Scat Pack 6.4L V8 Gas,rear-seats-second-row,1VL64DX9AA,1VL64DX9AA,Assist Strap,1:Assist Strap,https://www.moparamerica.com/oem-parts/mopar-assist-strap-1vl64dx9aa,https://www.moparamerica.com/v-2017-dodge-charger--r-t-scat-pack--6-4l-v8-gas/interior-trim--rear-seats-second-row?assembly=1,evidence/mopar/illustrations/2C3CDXGJ2HH530684/rear-seats-second-row__assembly-01.png
2C3CDXGJ2HH530684,2017 Dodge Charger R/T Scat Pack 6.4L V8 Gas,rear-seats-second-row,1VL64LV5AA,1VL64LV5AA,Assist Strap,1:Assist Strap,https://www.moparamerica.com/oem-parts/mopar-assist-strap-1vl64lv5aa,https://www.moparamerica.com/v-2017-dodge-charger--r-t-scat-pack--6-4l-v8-gas/interior-trim--rear-seats-second-row?assembly=1,evidence/mopar/illustrations/2C3CDXGJ2HH530684/rear-seats-second-row__assembly-01.png
2C3CCAEG4HH586472,2017 Chrysler 300 C 3.6L V6 Gas,rear-seats-second-row,1VV33DX9AB,1VV33DX9AB,Armrest Bin | Bin,1:Armrest Lid Hinge Pin | 2:Armrest Lid Hinge Pin | 3:Armrest Lid Hinge Pin | 4:Armrest Lid Hinge Pin | 5:Armrest Lid Hinge Pin | 6:Armrest Lid Hinge Pin,https://www.moparamerica.com/oem-parts/mopar-armrest-bin-1vv33dx9ab,https://www.moparamerica.com/v-2017-chrysler-300--c--3-6l-v6-gas/interior-trim--rear-seats-second-row?assembly=1 | https://www.moparamerica.com/v-2017-chrysler-300--c--3-6l-v6-gas/interior-trim--rear-seats-second-row?assembly=2 | https://www.moparamerica.com/v-2017-chrysler-300--c--3-6l-v6-gas/interior-trim--rear-seats-second-row?assembly=3 | https://www.moparamerica.com/v-2017-chrysler-300--c--3-6l-v6-gas/interior-trim--rear-seats-second-row?assembly=4 | https://www.moparamerica.com/v-2017-chrysler-300--c--3-6l-v6-gas/interior-trim--rear-seats-second-row?assembly=5 | https://www.moparamerica.com/v-2017-chrysler-300--c--3-6l-v6-gas/interior-trim--rear-seats-second-row?assembly=6,evidence/mopar/illustrations/2C3CCAEG4HH586472/rear-seats-second-row__assembly-01.png | evidence/mopar/illustrations/2C3CCAEG4HH586472/rear-seats-second-row__assembly-02.png | evidence/mopar/illustrations/2C3CCAEG4HH586472/rear-seats-second-row__assembly-03.png | evidence/mopar/illustrations/2C3CCAEG4HH586472/rear-seats-second-row__assembly-04.png | evidence/mopar/illustrations/2C3CCAEG4HH586472/rear-seats-second-row__assembly-05.png | evidence/mopar/illustrations/2C3CCAEG4HH586472/rear-seats-second-row__assembly-06.png
2C3CCAEG4HH586472,2017 Chrysler 300 C 3.6L V6 Gas,rear-seats-second-row,1VV33ML2AB,1VV33ML2AB,Armrest Bin | Bin,3:Armrest Lid Hinge Pin | 4:Armrest Lid Hinge Pin | 5:Armrest Lid Hinge Pin | 6:Armrest Lid Hinge Pin,https://www.moparamerica.com/oem-parts/mopar-armrest-bin-1vv33ml2ab,https://www.moparamerica.com/v-2017-chrysler-300--c--3-6l-v6-gas/interior-trim--rear-seats-second-row?assembly=3 | https://www.moparamerica.com/v-2017-chrysler-300--c--3-6l-v6-gas/interior-trim--rear-seats-second-row?assembly=4 | https://www.moparamerica.com/v-2017-chrysler-300--c--3-6l-v6-gas/interior-trim--rear-seats-second-row?assembly=5 | https://www.moparamerica.com/v-2017-chrysler-300--c--3-6l-v6-gas/interior-trim--rear-seats-second-row?assembly=6,evidence/mopar/illustrations/2C3CCAEG4HH586472/rear-seats-second-row__assembly-03.png | evidence/mopar/illustrations/2C3CCAEG4HH586472/rear-seats-second-row__assembly-04.png | evidence/mopar/illustrations/2C3CCAEG4HH586472/rear-seats-second-row__assembly-05.png | evidence/mopar/illustrations/2C3CCAEG4HH586472/rear-seats-second-row__assembly-06.png
2C3CCAEG4HH586472,2017 Chrysler 300 C 3.6L V6 Gas,rear-seats-second-row,1VV33ND2AB,1VV33ND2AB,Armrest Bin | Bin,1:Armrest Lid Hinge Pin | 2:Armrest Lid Hinge Pin | 6:Armrest Lid Hinge Pin,https://www.moparamerica.com/oem-parts/mopar-armrest-bin-1vv33nd2ab,https://www.moparamerica.com/v-2017-chrysler-300--c--3-6l-v6-gas/interior-trim--rear-seats-second-row?assembly=1 | https://www.moparamerica.com/v-2017-chrysler-300--c--3-6l-v6-gas/interior-trim--rear-seats-second-row?assembly=2 | https://www.moparamerica.com/v-2017-chrysler-300--c--3-6l-v6-gas/interior-trim--rear-seats-second-row?assembly=6,evidence/mopar/illustrations/2C3CCAEG4HH586472/rear-seats-second-row__assembly-01.png | evidence/mopar/illustrations/2C3CCAEG4HH586472/rear-seats-second-row__assembly-02.png | evidence/mopar/illustrations/2C3CCAEG4HH586472/rear-seats-second-row__assembly-06.png
2C3CDXGJ2HH530684,2017 Dodge Charger R/T Scat Pack 6.4L V8 Gas,rear-seats-second-row,5PT421KXAB,5PT421KXAB,"Seat Bolster, Right",1:Assist Strap,https://www.moparamerica.com/oem-parts/mopar-seat-bolster-right-5pt421kxab,https://www.moparamerica.com/v-2017-dodge-charger--r-t-scat-pack--6-4l-v8-gas/interior-trim--rear-seats-second-row?assembly=1,evidence/mopar/illustrations/2C3CDXGJ2HH530684/rear-seats-second-row__assembly-01.png
2C3CDXGJ2HH530684,2017 Dodge Charger R/T Scat Pack 6.4L V8 Gas,rear-seats-second-row,5PT421XCAB,5PT421XCAB,"Seat Bolster, Right",1:Assist Strap,https://www.moparamerica.com/oem-parts/mopar-seat-bolster-right-5pt421xcab,https://www.moparamerica.com/v-2017-dodge-charger--r-t-scat-pack--6-4l-v8-gas/interior-trim--rear-seats-second-row?assembly=1,evidence/mopar/illustrations/2C3CDXGJ2HH530684/rear-seats-second-row__assembly-01.png
2C3CDXGJ2HH530684,2017 Dodge Charger R/T Scat Pack 6.4L V8 Gas,rear-seats-second-row,5PT421XWAB,5PT421XWAB,"Seat Bolster, Right",1:Assist Strap,https://www.moparamerica.com/oem-parts/mopar-seat-bolster-right-5pt421xwab,https://www.moparamerica.com/v-2017-dodge-charger--r-t-scat-pack--6-4l-v8-gas/interior-trim--rear-seats-second-row?assembly=1,evidence/mopar/illustrations/2C3CDXGJ2HH530684/rear-seats-second-row__assembly-01.png
2C3CCAEG4HH586472,2017 Chrysler 300 C 3.6L V6 Gas,rear-seats-second-row,5PT423X9AB,5PT423X9AB,"Right | Seat Bolster, Right",6:Armrest Lid Hinge Pin,https://www.moparamerica.com/oem-parts/mopar-seat-bolster-right-5pt423x9ab,https://www.moparamerica.com/v-2017-chrysler-300--c--3-6l-v6-gas/interior-trim--rear-seats-second-row?assembly=6,evidence/mopar/illustrations/2C3CCAEG4HH586472/rear-seats-second-row__assembly-06.png
2C3CDXGJ2HH530684,2017 Dodge Charger R/T Scat Pack 6.4L V8 Gas,rear-seats-second-row,5PT431KXAB,5PT431KXAB,"Seat Bolster, Left",1:Assist Strap,https://www.moparamerica.com/oem-parts/mopar-seat-bolster-left-5pt431kxab,https://www.moparamerica.com/v-2017-dodge-charger--r-t-scat-pack--6-4l-v8-gas/interior-trim--rear-seats-second-row?assembly=1,evidence/mopar/illustrations/2C3CDXGJ2HH530684/rear-seats-second-row__assembly-01.png
2C3CDXGJ2HH530684,2017 Dodge Charger R/T Scat Pack 6.4L V8 Gas,rear-seats-second-row,5PT431XCAB,5PT431XCAB,"Left | Seat Bolster, Left",1:Assist Strap,https://www.moparamerica.com/oem-parts/mopar-seat-bolster-left-5pt431xcab,https://www.moparamerica.com/v-2017-dodge-charger--r-t-scat-pack--6-4l-v8-gas/interior-trim--rear-seats-second-row?assembly=1,evidence/mopar/illustrations/2C3CDXGJ2HH530684/rear-seats-second-row__assembly-01.png
2C3CDXGJ2HH530684,2017 Dodge Charger R/T Scat Pack 6.4L V8 Gas,rear-seats-second-row,5PT431XWAB,5PT431XWAB,"Seat Bolster, Left",1:Assist Strap,https://www.moparamerica.com/oem-parts/mopar-seat-bolster-left-5pt431xwab,https://www.moparamerica.com/v-2017-dodge-charger--r-t-scat-pack--6-4l-v8-gas/interior-trim--rear-seats-second-row?assembly=1,evidence/mopar/illustrations/2C3CDXGJ2HH530684/rear-seats-second-row__assembly-01.png
2C3CCAEG4HH586472,2017 Chrysler 300 C 3.6L V6 Gas,rear-seats-second-row,5PT433X9AB,5PT433X9AB,"Left | Seat Bolster, Left",6:Armrest Lid Hinge Pin,https://www.moparamerica.com/oem-parts/mopar-seat-bolster-left-5pt433x9ab,https://www.moparamerica.com/v-2017-chrysler-300--c--3-6l-v6-gas/interior-trim--rear-seats-second-row?assembly=6,evidence/mopar/illustrations/2C3CCAEG4HH586472/rear-seats-second-row__assembly-06.png
2C3CCAEG4HH586472,2017 Chrysler 300 C 3.6L V6 Gas,rear-seats-second-row,5PT441X9AB,5PT441X9AB,"Right | Seat Bolster, Right","10:Seat Bolster, Right",https://www.moparamerica.com/oem-parts/mopar-seat-bolster-right-5pt441x9ab,https://www.moparamerica.com/v-2017-chrysler-300--c--3-6l-v6-gas/interior-trim--rear-seats-second-row?assembly=10,evidence/mopar/illustrations/2C3CCAEG4HH586472/rear-seats-second-row__assembly-10.png
2C3CCAEG4HH586472,2017 Chrysler 300 C 3.6L V6 Gas,rear-seats-second-row,5PT451X9AB,5PT451X9AB,"Left | Seat Bolster, Left","10:Seat Bolster, Right",https://www.moparamerica.com/oem-parts/mopar-seat-bolster-left-5pt451x9ab,https://www.moparamerica.com/v-2017-chrysler-300--c--3-6l-v6-gas/interior-trim--rear-seats-second-row?assembly=10,evidence/mopar/illustrations/2C3CCAEG4HH586472/rear-seats-second-row__assembly-10.png
2C3CCAEG4HH586472,2017 Chrysler 300 C 3.6L V6 Gas,rear-seats-second-row,5SB021V5AB,5SB021V5AB,"Right | Seat Bolster, Right","8:Seat Bolster, Left",https://www.moparamerica.com/oem-parts/mopar-seat-bolster-right-5sb021v5ab,https://www.moparamerica.com/v-2017-chrysler-300--c--3-6l-v6-gas/interior-trim--rear-seats-second-row?assembly=8,evidence/mopar/illustrations/2C3CCAEG4HH586472/rear-seats-second-row__assembly-08.png
2C3CDXGJ2HH530684,2017 Dodge Charger R/T Scat Pack 6.4L V8 Gas,rear-seats-second-row,5SB021V5AB,5SB021V5AB,"Seat Bolster, Right",1:Assist Strap,https://www.moparamerica.com/oem-parts/mopar-seat-bolster-right-5sb021v5ab,https://www.moparamerica.com/v-2017-dodge-charger--r-t-scat-pack--6-4l-v8-gas/interior-trim--rear-seats-second-row?assembly=1,evidence/mopar/illustrations/2C3CDXGJ2HH530684/rear-seats-second-row__assembly-01.png
2C3CDXGJ2HH530684,2017 Dodge Charger R/T Scat Pack 6.4L V8 Gas,rear-seats-second-row,5SB021X9AB,5SB021X9AB,"Seat Bolster, Right",1:Assist Strap,https://www.moparamerica.com/oem-parts/mopar-seat-bolster-right-5sb021x9ab,https://www.moparamerica.com/v-2017-dodge-charger--r-t-scat-pack--6-4l-v8-gas/interior-trim--rear-seats-second-row?assembly=1,evidence/mopar/illustrations/2C3CDXGJ2HH530684/rear-seats-second-row__assembly-01.png
2C3CCAEG4HH586472,2017 Chrysler 300 C 3.6L V6 Gas,rear-seats-second-row,5SB031V5AB,5SB031V5AB,"Left | Seat Bolster, Left","8:Seat Bolster, Left",https://www.moparamerica.com/oem-parts/mopar-seat-bolster-left-5sb031v5ab,https://www.moparamerica.com/v-2017-chrysler-300--c--3-6l-v6-gas/interior-trim--rear-seats-second-row?assembly=8,evidence/mopar/illustrations/2C3CCAEG4HH586472/rear-seats-second-row__assembly-08.png
2C3CDXGJ2HH530684,2017 Dodge Charger R/T Scat Pack 6.4L V8 Gas,rear-seats-second-row,5SB031V5AB,5SB031V5AB,"Seat Bolster, Left",1:Assist Strap,https://www.moparamerica.com/oem-parts/mopar-seat-bolster-left-5sb031v5ab,https://www.moparamerica.com/v-2017-dodge-charger--r-t-scat-pack--6-4l-v8-gas/interior-trim--rear-seats-second-row?assembly=1,evidence/mopar/illustrations/2C3CDXGJ2HH530684/rear-seats-second-row__assembly-01.png
2C3CDXGJ2HH530684,2017 Dodge Charger R/T Scat Pack 6.4L V8 Gas,rear-seats-second-row,5SB031X9AB,5SB031X9AB,"Seat Bolster, Left",1:Assist Strap,https://www.moparamerica.com/oem-parts/mopar-seat-bolster-left-5sb031x9ab,https://www.moparamerica.com/v-2017-dodge-charger--r-t-scat-pack--6-4l-v8-gas/interior-trim--rear-seats-second-row?assembly=1,evidence/mopar/illustrations/2C3CDXGJ2HH530684/rear-seats-second-row__assembly-01.png
2C3CCAEG4HH586472,2017 Chrysler 300 C 3.6L V6 Gas,rear-seats-second-row,5SB041X9AB,5SB041X9AB,"Right | Seat Bolster, Right","9:Seat Bolster, Left",https://www.moparamerica.com/oem-parts/mopar-seat-bolster-right-5sb041x9ab,https://www.moparamerica.com/v-2017-chrysler-300--c--3-6l-v6-gas/interior-trim--rear-seats-second-row?assembly=9,evidence/mopar/illustrations/2C3CCAEG4HH586472/rear-seats-second-row__assembly-09.png
2C3CDXGJ2HH530684,2017 Dodge Charger R/T Scat Pack 6.4L V8 Gas,rear-seats-second-row,5SB041X9AB,5SB041X9AB,"Seat Bolster, Right",1:Assist Strap,https://www.moparamerica.com/oem-parts/mopar-seat-bolster-right-5sb041x9ab,https://www.moparamerica.com/v-2017-dodge-charger--r-t-scat-pack--6-4l-v8-gas/interior-trim--rear-seats-second-row?assembly=1,evidence/mopar/illustrations/2C3CDXGJ2HH530684/rear-seats-second-row__assembly-01.png
2C3CCAEG4HH586472,2017 Chrysler 300 C 3.6L V6 Gas,rear-seats-second-row,5SB051X9AB,5SB051X9AB,"Left | Seat Bolster, Left","9:Seat Bolster, Left",https://www.moparamerica.com/oem-parts/mopar-seat-bolster-left-5sb051x9ab,https://www.moparamerica.com/v-2017-chrysler-300--c--3-6l-v6-gas/interior-trim--rear-seats-second-row?assembly=9,evidence/mopar/illustrations/2C3CCAEG4HH586472/rear-seats-second-row__assembly-09.png
2C3CDXGJ2HH530684,2017 Dodge Charger R/T Scat Pack 6.4L V8 Gas,rear-seats-second-row,5SB051X9AB,5SB051X9AB,"Seat Bolster, Left",1:Assist Strap,https://www.moparamerica.com/oem-parts/mopar-seat-bolster-left-5sb051x9ab,https://www.moparamerica.com/v-2017-dodge-charger--r-t-scat-pack--6-4l-v8-gas/interior-trim--rear-seats-second-row?assembly=1,evidence/mopar/illustrations/2C3CDXGJ2HH530684/rear-seats-second-row__assembly-01.png
2C3CDXGJ2HH530684,2017 Dodge Charger R/T Scat Pack 6.4L V8 Gas,rear-seats-second-row,5XZ34DX9AA,5XZ34DX9AA,Headrest | Rear Headrest,1:Assist Strap,https://www.moparamerica.com/oem-parts/mopar-rear-headrest-5xz34dx9aa,https://www.moparamerica.com/v-2017-dodge-charger--r-t-scat-pack--6-4l-v8-gas/interior-trim--rear-seats-second-row?assembly=1,evidence/mopar/illustrations/2C3CDXGJ2HH530684/rear-seats-second-row__assembly-01.png
2C3CDXGJ2HH530684,2017 Dodge Charger R/T Scat Pack 6.4L V8 Gas,rear-seats-second-row,5XZ34LV5AA,5XZ34LV5AA,Headrest | Rear Headrest,1:Assist Strap,https://www.moparamerica.com/oem-parts/mopar-rear-headrest-5xz34lv5aa,https://www.moparamerica.com/v-2017-dodge-charger--r-t-scat-pack--6-4l-v8-gas/interior-trim--rear-seats-second-row?assembly=1,evidence/mopar/illustrations/2C3CDXGJ2HH530684/rear-seats-second-row__assembly-01.png
2C3CDXGJ2HH530684,2017 Dodge Charger R/T Scat Pack 6.4L V8 Gas,rear-seats-second-row,5XZ41DX9AA,5XZ41DX9AA,Rear Seat Back Cover,1:Assist Strap,https://www.moparamerica.com/oem-parts/mopar-rear-seat-back-cover-5xz41dx9aa,https://www.moparamerica.com/v-2017-dodge-charger--r-t-scat-pack--6-4l-v8-gas/interior-trim--rear-seats-second-row?assembly=1,evidence/mopar/illustrations/2C3CDXGJ2HH530684/rear-seats-second-row__assembly-01.png
2C3CDXGJ2HH530684,2017 Dodge Charger R/T Scat Pack 6.4L V8 Gas,rear-seats-second-row,5XZ41LV5AA,5XZ41LV5AA,Rear Seat Back Cover,1:Assist Strap,https://www.moparamerica.com/oem-parts/mopar-rear-seat-back-cover-5xz41lv5aa,https://www.moparamerica.com/v-2017-dodge-charger--r-t-scat-pack--6-4l-v8-gas/interior-trim--rear-seats-second-row?assembly=1,evidence/mopar/illustrations/2C3CDXGJ2HH530684/rear-seats-second-row__assembly-01.png
2C3CDXGJ2HH530684,2017 Dodge Charger R/T Scat Pack 6.4L V8 Gas,rear-seats-second-row,5XZ42DX9AA,5XZ42DX9AA,Rear Seat Back Cover,1:Assist Strap,https://www.moparamerica.com/oem-parts/mopar-rear-seat-back-cover-5xz42dx9aa,https://www.moparamerica.com/v-2017-dodge-charger--r-t-scat-pack--6-4l-v8-gas/interior-trim--rear-seats-second-row?assembly=1,evidence/mopar/illustrations/2C3CDXGJ2HH530684/rear-seats-second-row__assembly-01.png
2C3CDXGJ2HH530684,2017 Dodge Charger R/T Scat Pack 6.4L V8 Gas,rear-seats-second-row,5XZ42LV5AA,5XZ42LV5AA,Rear Seat Back Cover,1:Assist Strap,https://www.moparamerica.com/oem-parts/mopar-rear-seat-back-cover-5xz42lv5aa,https://www.moparamerica.com/v-2017-dodge-charger--r-t-scat-pack--6-4l-v8-gas/interior-trim--rear-seats-second-row?assembly=1,evidence/mopar/illustrations/2C3CDXGJ2HH530684/rear-seats-second-row__assembly-01.png
2C3CDXGJ2HH530684,2017 Dodge Charger R/T Scat Pack 6.4L V8 Gas,rear-seats-second-row,5XZ43DX9AA,5XZ43DX9AA,Rear Seat Cushion Cover,1:Assist Strap,https://www.moparamerica.com/oem-parts/mopar-rear-seat-cushion-cover-5xz43dx9aa,https://www.moparamerica.com/v-2017-dodge-charger--r-t-scat-pack--6-4l-v8-gas/interior-trim--rear-seats-second-row?assembly=1,evidence/mopar/illustrations/2C3CDXGJ2HH530684/rear-seats-second-row__assembly-01.png
2C3CDXGJ2HH530684,2017 Dodge Charger R/T Scat Pack 6.4L V8 Gas,rear-seats-second-row,5XZ43LV5AA,5XZ43LV5AA,Rear Seat Cushion Cover,1:Assist Strap,https://www.moparamerica.com/oem-parts/mopar-rear-seat-cushion-cover-5xz43lv5aa,https://www.moparamerica.com/v-2017-dodge-charger--r-t-scat-pack--6-4l-v8-gas/interior-trim--rear-seats-second-row?assembly=1,evidence/mopar/illustrations/2C3CDXGJ2HH530684/rear-seats-second-row__assembly-01.png
2C3CDXGJ2HH530684,2017 Dodge Charger R/T Scat Pack 6.4L V8 Gas,rear-seats-second-row,5XZ51DX9AB,5XZ51DX9AB,Rear Seat Back Cover,1:Assist Strap,https://www.moparamerica.com/oem-parts/mopar-2015-2021-dodge-charger-rear-seat-back-cover-5xz51dx9ab,https://www.moparamerica.com/v-2017-dodge-charger--r-t-scat-pack--6-4l-v8-gas/interior-trim--rear-seats-second-row?assembly=1,evidence/mopar/illustrations/2C3CDXGJ2HH530684/rear-seats-second-row__assembly-01.png
2C3CCAEG4HH586472,2017 Chrysler 300 C 3.6L V6 Gas,rear-seats-second-row,5XZ51LA3AB,5XZ51LA3AB,Cover | Rear Seat Back Cover,6:Armrest Lid Hinge Pin,https://www.moparamerica.com/oem-parts/mopar-rear-seat-back-cover-5xz51la3ab,https://www.moparamerica.com/v-2017-chrysler-300--c--3-6l-v6-gas/interior-trim--rear-seats-second-row?assembly=6,evidence/mopar/illustrations/2C3CCAEG4HH586472/rear-seats-second-row__assembly-06.png
2C3CDXGJ2HH530684,2017 Dodge Charger R/T Scat Pack 6.4L V8 Gas,rear-seats-second-row,5XZ51LR5AA,5XZ51LR5AA,Rear Seat Back Cover,1:Assist Strap,https://www.moparamerica.com/oem-parts/mopar-rear-seat-back-cover-5xz51lr5aa,https://www.moparamerica.com/v-2017-dodge-charger--r-t-scat-pack--6-4l-v8-gas/interior-trim--rear-seats-second-row?assembly=1,evidence/mopar/illustrations/2C3CDXGJ2HH530684/rear-seats-second-row__assembly-01.png
2C3CDXGJ2HH530684,2017 Dodge Charger R/T Scat Pack 6.4L V8 Gas,rear-seats-second-row,5XZ52DX9AB,5XZ52DX9AB,Cover | Rear Seat Back Cover,1:Assist Strap,https://www.moparamerica.com/oem-parts/mopar-2015-2021-dodge-charger-rear-seat-back-cover-5xz52dx9ab,https://www.moparamerica.com/v-2017-dodge-charger--r-t-scat-pack--6-4l-v8-gas/interior-trim--rear-seats-second-row?assembly=1,evidence/mopar/illustrations/2C3CDXGJ2HH530684/rear-seats-second-row__assembly-01.png
2C3CCAEG4HH586472,2017 Chrysler 300 C 3.6L V6 Gas,rear-seats-second-row,5XZ52LA3AB,5XZ52LA3AB,Cover | Rear Seat Back Cover,6:Armrest Lid Hinge Pin,https://www.moparamerica.com/oem-parts/mopar-rear-seat-back-cover-5xz52la3ab,https://www.moparamerica.com/v-2017-chrysler-300--c--3-6l-v6-gas/interior-trim--rear-seats-second-row?assembly=6,evidence/mopar/illustrations/2C3CCAEG4HH586472/rear-seats-second-row__assembly-06.png
2C3CDXGJ2HH530684,2017 Dodge Charger R/T Scat Pack 6.4L V8 Gas,rear-seats-second-row,5XZ52LR5AB,5XZ52LR5AB,Rear Seat Back Cover,1:Assist Strap,https://www.moparamerica.com/oem-parts/mopar-2015-2021-dodge-charger-rear-seat-back-cover-5xz52lr5ab,https://www.moparamerica.com/v-2017-dodge-charger--r-t-scat-pack--6-4l-v8-gas/interior-trim--rear-seats-second-row?assembly=1,evidence/mopar/illustrations/2C3CDXGJ2HH530684/rear-seats-second-row__assembly-01.png
2C3CDXGJ2HH530684,2017 Dodge Charger R/T Scat Pack 6.4L V8 Gas,rear-seats-second-row,5XZ53DX9AB,5XZ53DX9AB,Rear Seat Cushion Cover,1:Assist Strap,https://www.moparamerica.com/oem-parts/mopar-2015-2021-dodge-charger-rear-seat-cushion-cover-5xz53dx9ab,https://www.moparamerica.com/v-2017-dodge-charger--r-t-scat-pack--6-4l-v8-gas/interior-trim--rear-seats-second-row?assembly=1,evidence/mopar/illustrations/2C3CDXGJ2HH530684/rear-seats-second-row__assembly-01.png
2C3CCAEG4HH586472,2017 Chrysler 300 C 3.6L V6 Gas,rear-seats-second-row,5XZ53LA3AB,5XZ53LA3AB,Cover | Rear Seat Cushion Cover,6:Armrest Lid Hinge Pin,https://www.moparamerica.com/oem-parts/mopar-rear-seat-cushion-cover-5xz53la3ab,https://www.moparamerica.com/v-2017-chrysler-300--c--3-6l-v6-gas/interior-trim--rear-seats-second-row?assembly=6,evidence/mopar/illustrations/2C3CCAEG4HH586472/rear-seats-second-row__assembly-06.png
2C3CDXGJ2HH530684,2017 Dodge Charger R/T Scat Pack 6.4L V8 Gas,rear-seats-second-row,5XZ53LR5AB,5XZ53LR5AB,Cover | Rear Seat Cushion Cover,1:Assist Strap,https://www.moparamerica.com/oem-parts/mopar-2015-2021-dodge-charger-rear-seat-cushion-cover-5xz53lr5ab,https://www.moparamerica.com/v-2017-dodge-charger--r-t-scat-pack--6-4l-v8-gas/interior-trim--rear-seats-second-row?assembly=1,evidence/mopar/illustrations/2C3CDXGJ2HH530684/rear-seats-second-row__assembly-01.png
2C3CDXGJ2HH530684,2017 Dodge Charger R/T Scat Pack 6.4L V8 Gas,rear-seats-second-row,5XZ58DX9AB,5XZ58DX9AB,Cover | Rear Seat Back Cover,1:Assist Strap,https://www.moparamerica.com/oem-parts/mopar-rear-seat-back-cover-5xz58dx9ab,https://www.moparamerica.com/v-2017-dodge-charger--r-t-scat-pack--6-4l-v8-gas/interior-trim--rear-seats-second-row?assembly=1,evidence/mopar/illustrations/2C3CDXGJ2HH530684/rear-seats-second-row__assembly-01.png
2C3CDXGJ2HH530684,2017 Dodge Charger R/T Scat Pack 6.4L V8 Gas,rear-seats-second-row,5XZ58LR5AB,5XZ58LR5AB,Cover | Rear Seat Back Cover,1:Assist Strap,https://www.moparamerica.com/oem-parts/mopar-2019-2021-dodge-charger-rear-seat-back-cover-5xz58lr5ab,https://www.moparamerica.com/v-2017-dodge-charger--r-t-scat-pack--6-4l-v8-gas/interior-trim--rear-seats-second-row?assembly=1,evidence/mopar/illustrations/2C3CDXGJ2HH530684/rear-seats-second-row__assembly-01.png
2C3CDXGJ2HH530684,2017 Dodge Charger R/T Scat Pack 6.4L V8 Gas,rear-seats-second-row,5XZ59DX9AB,5XZ59DX9AB,Cover | Rear Seat Back Cover,1:Assist Strap,https://www.moparamerica.com/oem-parts/mopar-rear-seat-back-cover-5xz59dx9ab,https://www.moparamerica.com/v-2017-dodge-charger--r-t-scat-pack--6-4l-v8-gas/interior-trim--rear-seats-second-row?assembly=1,evidence/mopar/illustrations/2C3CDXGJ2HH530684/rear-seats-second-row__assembly-01.png
2C3CDXGJ2HH530684,2017 Dodge Charger R/T Scat Pack 6.4L V8 Gas,rear-seats-second-row,5XZ59LR5AB,5XZ59LR5AB,Cover | Rear Seat Back Cover,1:Assist Strap,https://www.moparamerica.com/oem-parts/mopar-2019-2021-dodge-charger-rear-seat-back-cover-5xz59lr5ab,https://www.moparamerica.com/v-2017-dodge-charger--r-t-scat-pack--6-4l-v8-gas/interior-trim--rear-seats-second-row?assembly=1,evidence/mopar/illustrations/2C3CDXGJ2HH530684/rear-seats-second-row__assembly-01.png
2C3CDXGJ2HH530684,2017 Dodge Charger R/T Scat Pack 6.4L V8 Gas,rear-seats-second-row,5XZ61DX9AA,5XZ61DX9AA,Rear Seat Cushion Cover,1:Assist Strap,https://www.moparamerica.com/oem-parts/mopar-rear-seat-cushion-cover-5xz61dx9aa,https://www.moparamerica.com/v-2017-dodge-charger--r-t-scat-pack--6-4l-v8-gas/interior-trim--rear-seats-second-row?assembly=1,evidence/mopar/illustrations/2C3CDXGJ2HH530684/rear-seats-second-row__assembly-01.png
2C3CDXGJ2HH530684,2017 Dodge Charger R/T Scat Pack 6.4L V8 Gas,rear-seats-second-row,5XZ61LR5AA,5XZ61LR5AA,Cover | Rear Seat Cushion Cover,1:Assist Strap,https://www.moparamerica.com/oem-parts/mopar-rear-seat-cushion-cover-5xz61lr5aa,https://www.moparamerica.com/v-2017-dodge-charger--r-t-scat-pack--6-4l-v8-gas/interior-trim--rear-seats-second-row?assembly=1,evidence/mopar/illustrations/2C3CDXGJ2HH530684/rear-seats-second-row__assembly-01.png
2C3CDXGJ2HH530684,2017 Dodge Charger R/T Scat Pack 6.4L V8 Gas,rear-seats-second-row,5XZ74DX9AA,5XZ74DX9AA,Rear Seat Back Cover,1:Assist Strap,https://www.moparamerica.com/oem-parts/mopar-rear-seat-back-cover-5xz74dx9aa,https://www.moparamerica.com/v-2017-dodge-charger--r-t-scat-pack--6-4l-v8-gas/interior-trim--rear-seats-second-row?assembly=1,evidence/mopar/illustrations/2C3CDXGJ2HH530684/rear-seats-second-row__assembly-01.png
2C3CDXGJ2HH530684,2017 Dodge Charger R/T Scat Pack 6.4L V8 Gas,rear-seats-second-row,5XZ75DX9AA,5XZ75DX9AA,Rear Seat Cushion Cover,1:Assist Strap,https://www.moparamerica.com/oem-parts/mopar-rear-seat-cushion-cover-5xz75dx9aa,https://www.moparamerica.com/v-2017-dodge-charger--r-t-scat-pack--6-4l-v8-gas/interior-trim--rear-seats-second-row?assembly=1,evidence/mopar/illustrations/2C3CDXGJ2HH530684/rear-seats-second-row__assembly-01.png
2C3CDXGJ2HH530684,2017 Dodge Charger R/T Scat Pack 6.4L V8 Gas,rear-seats-second-row,5YA00DX9AA,5YA00DX9AA,Rear Seat Back Cover,1:Assist Strap,https://www.moparamerica.com/oem-parts/mopar-rear-seat-back-cover-5ya00dx9aa,https://www.moparamerica.com/v-2017-dodge-charger--r-t-scat-pack--6-4l-v8-gas/interior-trim--rear-seats-second-row?assembly=1,evidence/mopar/illustrations/2C3CDXGJ2HH530684/rear-seats-second-row__assembly-01.png
2C3CDXGJ2HH530684,2017 Dodge Charger R/T Scat Pack 6.4L V8 Gas,rear-seats-second-row,5YA01DX9AA,5YA01DX9AA,Rear Seat Back Cover,1:Assist Strap,https://www.moparamerica.com/oem-parts/mopar-rear-seat-back-cover-5ya01dx9aa,https://www.moparamerica.com/v-2017-dodge-charger--r-t-scat-pack--6-4l-v8-gas/interior-trim--rear-seats-second-row?assembly=1,evidence/mopar/illustrations/2C3CDXGJ2HH530684/rear-seats-second-row__assembly-01.png
2C3CDXGJ2HH530684,2017 Dodge Charger R/T Scat Pack 6.4L V8 Gas,rear-seats-second-row,5YA11DX9AA,5YA11DX9AA,Rear Seat Cushion Cover,1:Assist Strap,https://www.moparamerica.com/oem-parts/mopar-rear-seat-cushion-cover-5ya11dx9aa,https://www.moparamerica.com/v-2017-dodge-charger--r-t-scat-pack--6-4l-v8-gas/interior-trim--rear-seats-second-row?assembly=1,evidence/mopar/illustrations/2C3CDXGJ2HH530684/rear-seats-second-row__assembly-01.png
2C3CDXGJ2HH530684,2017 Dodge Charger R/T Scat Pack 6.4L V8 Gas,rear-seats-second-row,5YA33DX9AA,5YA33DX9AA,Rear Seat Back Cover,1:Assist Strap,https://www.moparamerica.com/oem-parts/mopar-rear-seat-back-cover-5ya33dx9aa,https://www.moparamerica.com/v-2017-dodge-charger--r-t-scat-pack--6-4l-v8-gas/interior-trim--rear-seats-second-row?assembly=1,evidence/mopar/illustrations/2C3CDXGJ2HH530684/rear-seats-second-row__assembly-01.png
2C3CDXGJ2HH530684,2017 Dodge Charger R/T Scat Pack 6.4L V8 Gas,rear-seats-second-row,5YA33LR5AA,5YA33LR5AA,Rear Seat Back Cover,1:Assist Strap,https://www.moparamerica.com/oem-parts/mopar-rear-seat-back-cover-5ya33lr5aa,https://www.moparamerica.com/v-2017-dodge-charger--r-t-scat-pack--6-4l-v8-gas/interior-trim--rear-seats-second-row?assembly=1,evidence/mopar/illustrations/2C3CDXGJ2HH530684/rear-seats-second-row__assembly-01.png
2C3CDXGJ2HH530684,2017 Dodge Charger R/T Scat Pack 6.4L V8 Gas,rear-seats-second-row,5YA34DX9AA,5YA34DX9AA,Rear Seat Back Cover,1:Assist Strap,https://www.moparamerica.com/oem-parts/mopar-rear-seat-back-cover-5ya34dx9aa,https://www.moparamerica.com/v-2017-dodge-charger--r-t-scat-pack--6-4l-v8-gas/interior-trim--rear-seats-second-row?assembly=1,evidence/mopar/illustrations/2C3CDXGJ2HH530684/rear-seats-second-row__assembly-01.png
2C3CDXGJ2HH530684,2017 Dodge Charger R/T Scat Pack 6.4L V8 Gas,rear-seats-second-row,5YA34LR5AB,5YA34LR5AB,Cover | Rear Seat Back Cover,1:Assist Strap,https://www.moparamerica.com/oem-parts/mopar-rear-seat-back-cover-5ya34lr5ab,https://www.moparamerica.com/v-2017-dodge-charger--r-t-scat-pack--6-4l-v8-gas/interior-trim--rear-seats-second-row?assembly=1,evidence/mopar/illustrations/2C3CDXGJ2HH530684/rear-seats-second-row__assembly-01.png
2C3CDXGJ2HH530684,2017 Dodge Charger R/T Scat Pack 6.4L V8 Gas,rear-seats-second-row,5YA35DX9AB,5YA35DX9AB,Cover | Rear Seat Cushion Cover,1:Assist Strap,https://www.moparamerica.com/oem-parts/mopar-rear-seat-cushion-cover-5ya35dx9ab,https://www.moparamerica.com/v-2017-dodge-charger--r-t-scat-pack--6-4l-v8-gas/interior-trim--rear-seats-second-row?assembly=1,evidence/mopar/illustrations/2C3CDXGJ2HH530684/rear-seats-second-row__assembly-01.png
2C3CDXGJ2HH530684,2017 Dodge Charger R/T Scat Pack 6.4L V8 Gas,rear-seats-second-row,5YA35LR5AA,5YA35LR5AA,Rear Seat Cushion Cover,1:Assist Strap,https://www.moparamerica.com/oem-parts/mopar-rear-seat-cushion-cover-5ya35lr5aa,https://www.moparamerica.com/v-2017-dodge-charger--r-t-scat-pack--6-4l-v8-gas/interior-trim--rear-seats-second-row?assembly=1,evidence/mopar/illustrations/2C3CDXGJ2HH530684/rear-seats-second-row__assembly-01.png
2C3CDXGJ2HH530684,2017 Dodge Charger R/T Scat Pack 6.4L V8 Gas,rear-seats-second-row,5YA35LR5AB,5YA35LR5AB,Cover | Rear Seat Cushion Cover,1:Assist Strap,https://www.moparamerica.com/oem-parts/mopar-rear-seat-cushion-cover-5ya35lr5ab,https://www.moparamerica.com/v-2017-dodge-charger--r-t-scat-pack--6-4l-v8-gas/interior-trim--rear-seats-second-row?assembly=1,evidence/mopar/illustrations/2C3CDXGJ2HH530684/rear-seats-second-row__assembly-01.png
2C3CCAEG4HH586472,2017 Chrysler 300 C 3.6L V6 Gas,rear-seats-second-row,5YA39DX9AA,5YA39DX9AA,Headrest | Rear Headrest,1:Armrest Lid Hinge Pin | 2:Armrest Lid Hinge Pin | 5:Armrest Lid Hinge Pin | 6:Armrest Lid Hinge Pin,https://www.moparamerica.com/oem-parts/mopar-rear-headrest-5ya39dx9aa,https://www.moparamerica.com/v-2017-chrysler-300--c--3-6l-v6-gas/interior-trim--rear-seats-second-row?assembly=1 | https://www.moparamerica.com/v-2017-chrysler-300--c--3-6l-v6-gas/interior-trim--rear-seats-second-row?assembly=2 | https://www.moparamerica.com/v-2017-chrysler-300--c--3-6l-v6-gas/interior-trim--rear-seats-second-row?assembly=5 | https://www.moparamerica.com/v-2017-chrysler-300--c--3-6l-v6-gas/interior-trim--rear-seats-second-row?assembly=6,evidence/mopar/illustrations/2C3CCAEG4HH586472/rear-seats-second-row__assembly-01.png | evidence/mopar/illustrations/2C3CCAEG4HH586472/rear-seats-second-row__assembly-02.png | evidence/mopar/illustrations/2C3CCAEG4HH586472/rear-seats-second-row__assembly-05.png | evidence/mopar/illustrations/2C3CCAEG4HH586472/rear-seats-second-row__assembly-06.png
2C3CDXGJ2HH530684,2017 Dodge Charger R/T Scat Pack 6.4L V8 Gas,rear-seats-second-row,5YA39DX9AA,5YA39DX9AA,Headrest | Rear Headrest,1:Assist Strap,https://www.moparamerica.com/oem-parts/mopar-rear-headrest-5ya39dx9aa,https://www.moparamerica.com/v-2017-dodge-charger--r-t-scat-pack--6-4l-v8-gas/interior-trim--rear-seats-second-row?assembly=1,evidence/mopar/illustrations/2C3CDXGJ2HH530684/rear-seats-second-row__assembly-01.png
2C3CCAEG4HH586472,2017 Chrysler 300 C 3.6L V6 Gas,rear-seats-second-row,5YA39ML2AA,5YA39ML2AA,Headrest | Rear Headrest,5:Armrest Lid Hinge Pin,https://www.moparamerica.com/oem-parts/mopar-rear-headrest-5ya39ml2aa,https://www.moparamerica.com/v-2017-chrysler-300--c--3-6l-v6-gas/interior-trim--rear-seats-second-row?assembly=5,evidence/mopar/illustrations/2C3CCAEG4HH586472/rear-seats-second-row__assembly-05.png
2C3CCAEG4HH586472,2017 Chrysler 300 C 3.6L V6 Gas,rear-seats-second-row,5YA39ND2AA,5YA39ND2AA,Headrest | Rear Headrest,1:Armrest Lid Hinge Pin | 2:Armrest Lid Hinge Pin | 6:Armrest Lid Hinge Pin,https://www.moparamerica.com/oem-parts/mopar-rear-headrest-5ya39nd2aa,https://www.moparamerica.com/v-2017-chrysler-300--c--3-6l-v6-gas/interior-trim--rear-seats-second-row?assembly=1 | https://www.moparamerica.com/v-2017-chrysler-300--c--3-6l-v6-gas/interior-trim--rear-seats-second-row?assembly=2 | https://www.moparamerica.com/v-2017-chrysler-300--c--3-6l-v6-gas/interior-trim--rear-seats-second-row?assembly=6,evidence/mopar/illustrations/2C3CCAEG4HH586472/rear-seats-second-row__assembly-01.png | evidence/mopar/illustrations/2C3CCAEG4HH586472/rear-seats-second-row__assembly-02.png | evidence/mopar/illustrations/2C3CCAEG4HH586472/rear-seats-second-row__assembly-06.png
2C3CDXGJ2HH530684,2017 Dodge Charger R/T Scat Pack 6.4L V8 Gas,rear-seats-second-row,5YB53DX9AA,5YB53DX9AA,Headrest | Rear Headrest,1:Assist Strap,https://www.moparamerica.com/oem-parts/mopar-rear-headrest-5yb53dx9aa,https://www.moparamerica.com/v-2017-dodge-charger--r-t-scat-pack--6-4l-v8-gas/interior-trim--rear-seats-second-row?assembly=1,evidence/mopar/illustrations/2C3CDXGJ2HH530684/rear-seats-second-row__assembly-01.png
2C3CDXGJ2HH530684,2017 Dodge Charger R/T Scat Pack 6.4L V8 Gas,rear-seats-second-row,5YB74DX9AA,5YB74DX9AA,Rear Seat Back Cover,1:Assist Strap,https://www.moparamerica.com/oem-parts/mopar-rear-seat-back-cover-5yb74dx9aa,https://www.moparamerica.com/v-2017-dodge-charger--r-t-scat-pack--6-4l-v8-gas/interior-trim--rear-seats-second-row?assembly=1,evidence/mopar/illustrations/2C3CDXGJ2HH530684/rear-seats-second-row__assembly-01.png
2C3CDXGJ2HH530684,2017 Dodge Charger R/T Scat Pack 6.4L V8 Gas,rear-seats-second-row,5YB75DX9AA,5YB75DX9AA,Rear Seat Back Cover,1:Assist Strap,https://www.moparamerica.com/oem-parts/mopar-rear-seat-back-cover-5yb75dx9aa,https://www.moparamerica.com/v-2017-dodge-charger--r-t-scat-pack--6-4l-v8-gas/interior-trim--rear-seats-second-row?assembly=1,evidence/mopar/illustrations/2C3CDXGJ2HH530684/rear-seats-second-row__assembly-01.png
2C3CDXGJ2HH530684,2017 Dodge Charger R/T Scat Pack 6.4L V8 Gas,rear-seats-second-row,5YB76DX9AA,5YB76DX9AA,Rear Seat Cushion Cover,1:Assist Strap,https://www.moparamerica.com/oem-parts/mopar-rear-seat-cushion-cover-5yb76dx9aa,https://www.moparamerica.com/v-2017-dodge-charger--r-t-scat-pack--6-4l-v8-gas/interior-trim--rear-seats-second-row?assembly=1,evidence/mopar/illustrations/2C3CDXGJ2HH530684/rear-seats-second-row__assembly-01.png
2C3CDXGJ2HH530684,2017 Dodge Charger R/T Scat Pack 6.4L V8 Gas,rear-seats-second-row,5YB76LA8AA,5YB76LA8AA,Rear Seat Cushion Cover,1:Assist Strap,https://www.moparamerica.com/oem-parts/mopar-rear-seat-cushion-cover-5yb76la8aa,https://www.moparamerica.com/v-2017-dodge-charger--r-t-scat-pack--6-4l-v8-gas/interior-trim--rear-seats-second-row?assembly=1,evidence/mopar/illustrations/2C3CDXGJ2HH530684/rear-seats-second-row__assembly-01.png
2C3CDXGJ2HH530684,2017 Dodge Charger R/T Scat Pack 6.4L V8 Gas,rear-seats-second-row,5YB81DW1AB,5YB81DW1AB,Rear Seat Back Cover,1:Assist Strap,https://www.moparamerica.com/oem-parts/mopar-rear-seat-back-cover-5yb81dw1ab,https://www.moparamerica.com/v-2017-dodge-charger--r-t-scat-pack--6-4l-v8-gas/interior-trim--rear-seats-second-row?assembly=1,evidence/mopar/illustrations/2C3CDXGJ2HH530684/rear-seats-second-row__assembly-01.png
2C3CDXGJ2HH530684,2017 Dodge Charger R/T Scat Pack 6.4L V8 Gas,rear-seats-second-row,5YB82DW1AA,5YB82DW1AA,Rear Seat Back Cover,1:Assist Strap,https://www.moparamerica.com/oem-parts/mopar-rear-seat-back-cover-5yb82dw1aa,https://www.moparamerica.com/v-2017-dodge-charger--r-t-scat-pack--6-4l-v8-gas/interior-trim--rear-seats-second-row?assembly=1,evidence/mopar/illustrations/2C3CDXGJ2HH530684/rear-seats-second-row__assembly-01.png
2C3CDXGJ2HH530684,2017 Dodge Charger R/T Scat Pack 6.4L V8 Gas,rear-seats-second-row,5YB83DW1AA,5YB83DW1AA,Rear Seat Cushion Cover,1:Assist Strap,https://www.moparamerica.com/oem-parts/mopar-rear-seat-cushion-cover-5yb83dw1aa,https://www.moparamerica.com/v-2017-dodge-charger--r-t-scat-pack--6-4l-v8-gas/interior-trim--rear-seats-second-row?assembly=1,evidence/mopar/illustrations/2C3CDXGJ2HH530684/rear-seats-second-row__assembly-01.png
2C3CCAEG4HH586472,2017 Chrysler 300 C 3.6L V6 Gas,rear-seats-second-row,5ZC13DX9AA,5ZC13DX9AA,Cover | Rear Seat Cushion Cover,7:Rear Headrest,https://www.moparamerica.com/oem-parts/mopar-rear-seat-cushion-cover-5zc13dx9aa,https://www.moparamerica.com/v-2017-chrysler-300--c--3-6l-v6-gas/interior-trim--rear-seats-second-row?assembly=7,evidence/mopar/illustrations/2C3CCAEG4HH586472/rear-seats-second-row__assembly-07.png
2C3CCAEG4HH586472,2017 Chrysler 300 C 3.6L V6 Gas,rear-seats-second-row,5ZC13ML2AA,5ZC13ML2AA,Cover | Rear Seat Cushion Cover,7:Rear Headrest,https://www.moparamerica.com/oem-parts/mopar-rear-seat-cushion-cover-5zc13ml2aa,https://www.moparamerica.com/v-2017-chrysler-300--c--3-6l-v6-gas/interior-trim--rear-seats-second-row?assembly=7,evidence/mopar/illustrations/2C3CCAEG4HH586472/rear-seats-second-row__assembly-07.png
2C3CCAEG4HH586472,2017 Chrysler 300 C 3.6L V6 Gas,rear-seats-second-row,5ZC15DX9AA,5ZC15DX9AA,Headrest | Rear Headrest,7:Rear Headrest,https://www.moparamerica.com/oem-parts/mopar-rear-headrest-5zc15dx9aa,https://www.moparamerica.com/v-2017-chrysler-300--c--3-6l-v6-gas/interior-trim--rear-seats-second-row?assembly=7,evidence/mopar/illustrations/2C3CCAEG4HH586472/rear-seats-second-row__assembly-07.png
2C3CCAEG4HH586472,2017 Chrysler 300 C 3.6L V6 Gas,rear-seats-second-row,5ZC15ML2AA,5ZC15ML2AA,Headrest | Rear Headrest,7:Rear Headrest,https://www.moparamerica.com/oem-parts/mopar-rear-headrest-5zc15ml2aa,https://www.moparamerica.com/v-2017-chrysler-300--c--3-6l-v6-gas/interior-trim--rear-seats-second-row?assembly=7,evidence/mopar/illustrations/2C3CCAEG4HH586472/rear-seats-second-row__assembly-07.png
2C3CCAEG4HH586472,2017 Chrysler 300 C 3.6L V6 Gas,rear-seats-second-row,5ZC23DX9AA,5ZC23DX9AA,Cover | Rear Seat Cushion Cover,4:Armrest Lid Hinge Pin,https://www.moparamerica.com/oem-parts/mopar-rear-seat-cushion-cover-5zc23dx9aa,https://www.moparamerica.com/v-2017-chrysler-300--c--3-6l-v6-gas/interior-trim--rear-seats-second-row?assembly=4,evidence/mopar/illustrations/2C3CCAEG4HH586472/rear-seats-second-row__assembly-04.png
2C3CCAEG4HH586472,2017 Chrysler 300 C 3.6L V6 Gas,rear-seats-second-row,5ZC23ML2AA,5ZC23ML2AA,Cover | Rear Seat Cushion Cover,4:Armrest Lid Hinge Pin,https://www.moparamerica.com/oem-parts/mopar-rear-seat-cushion-cover-5zc23ml2aa,https://www.moparamerica.com/v-2017-chrysler-300--c--3-6l-v6-gas/interior-trim--rear-seats-second-row?assembly=4,evidence/mopar/illustrations/2C3CCAEG4HH586472/rear-seats-second-row__assembly-04.png
2C3CCAEG4HH586472,2017 Chrysler 300 C 3.6L V6 Gas,rear-seats-second-row,5ZC25DX9AA,5ZC25DX9AA,Headrest | Rear Headrest,3:Armrest Lid Hinge Pin | 4:Armrest Lid Hinge Pin,https://www.moparamerica.com/oem-parts/mopar-rear-headrest-5zc25dx9aa,https://www.moparamerica.com/v-2017-chrysler-300--c--3-6l-v6-gas/interior-trim--rear-seats-second-row?assembly=3 | https://www.moparamerica.com/v-2017-chrysler-300--c--3-6l-v6-gas/interior-trim--rear-seats-second-row?assembly=4,evidence/mopar/illustrations/2C3CCAEG4HH586472/rear-seats-second-row__assembly-03.png | evidence/mopar/illustrations/2C3CCAEG4HH586472/rear-seats-second-row__assembly-04.png
2C3CCAEG4HH586472,2017 Chrysler 300 C 3.6L V6 Gas,rear-seats-second-row,5ZC25ML2AA,5ZC25ML2AA,Headrest | Rear Headrest,3:Armrest Lid Hinge Pin | 4:Armrest Lid Hinge Pin,https://www.moparamerica.com/oem-parts/mopar-rear-headrest-5zc25ml2aa,https://www.moparamerica.com/v-2017-chrysler-300--c--3-6l-v6-gas/interior-trim--rear-seats-second-row?assembly=3 | https://www.moparamerica.com/v-2017-chrysler-300--c--3-6l-v6-gas/interior-trim--rear-seats-second-row?assembly=4,evidence/mopar/illustrations/2C3CCAEG4HH586472/rear-seats-second-row__assembly-03.png | evidence/mopar/illustrations/2C3CCAEG4HH586472/rear-seats-second-row__assembly-04.png
2C3CCAEG4HH586472,2017 Chrysler 300 C 3.6L V6 Gas,rear-seats-second-row,5ZC32DX9AB,5ZC32DX9AB,2015-2020 Chrysler 300 - Rear Seat Cushion Cover | Cover,3:Armrest Lid Hinge Pin,https://www.moparamerica.com/oem-parts/mopar-2015-2020-chrysler-300-rear-seat-cushion-cover-5zc32dx9ab,https://www.moparamerica.com/v-2017-chrysler-300--c--3-6l-v6-gas/interior-trim--rear-seats-second-row?assembly=3,evidence/mopar/illustrations/2C3CCAEG4HH586472/rear-seats-second-row__assembly-03.png
2C3CCAEG4HH586472,2017 Chrysler 300 C 3.6L V6 Gas,rear-seats-second-row,5ZC32ML2AB,5ZC32ML2AB,2015-2020 Chrysler 300 - Rear Seat Cushion Cover | Cover,3:Armrest Lid Hinge Pin,https://www.moparamerica.com/oem-parts/mopar-2015-2020-chrysler-300-rear-seat-cushion-cover-5zc32ml2ab,https://www.moparamerica.com/v-2017-chrysler-300--c--3-6l-v6-gas/interior-trim--rear-seats-second-row?assembly=3,evidence/mopar/illustrations/2C3CCAEG4HH586472/rear-seats-second-row__assembly-03.png
2C3CCAEG4HH586472,2017 Chrysler 300 C 3.6L V6 Gas,rear-seats-second-row,5ZC33DX9AA,5ZC33DX9AA,Armrest | Rear Seat Center Armrest,7:Rear Headrest,https://www.moparamerica.com/oem-parts/mopar-rear-seat-center-armrest-5zc33dx9aa,https://www.moparamerica.com/v-2017-chrysler-300--c--3-6l-v6-gas/interior-trim--rear-seats-second-row?assembly=7,evidence/mopar/illustrations/2C3CCAEG4HH586472/rear-seats-second-row__assembly-07.png
2C3CCAEG4HH586472,2017 Chrysler 300 C 3.6L V6 Gas,rear-seats-second-row,5ZC33ML2AA,5ZC33ML2AA,Armrest | Rear Seat Center Armrest,7:Rear Headrest,https://www.moparamerica.com/oem-parts/mopar-rear-seat-center-armrest-5zc33ml2aa,https://www.moparamerica.com/v-2017-chrysler-300--c--3-6l-v6-gas/interior-trim--rear-seats-second-row?assembly=7,evidence/mopar/illustrations/2C3CCAEG4HH586472/rear-seats-second-row__assembly-07.png
2C3CCAEG4HH586472,2017 Chrysler 300 C 3.6L V6 Gas,rear-seats-second-row,5ZC34DX9AA,5ZC34DX9AA,Cover | Rear Seat Back Cover,7:Rear Headrest,https://www.moparamerica.com/oem-parts/mopar-rear-seat-back-cover-5zc34dx9aa,https://www.moparamerica.com/v-2017-chrysler-300--c--3-6l-v6-gas/interior-trim--rear-seats-second-row?assembly=7,evidence/mopar/illustrations/2C3CCAEG4HH586472/rear-seats-second-row__assembly-07.png
2C3CCAEG4HH586472,2017 Chrysler 300 C 3.6L V6 Gas,rear-seats-second-row,5ZC34ML2AA,5ZC34ML2AA,Cover | Rear Seat Back Cover,7:Rear Headrest,https://www.moparamerica.com/oem-parts/mopar-rear-seat-back-cover-5zc34ml2aa,https://www.moparamerica.com/v-2017-chrysler-300--c--3-6l-v6-gas/interior-trim--rear-seats-second-row?assembly=7,evidence/mopar/illustrations/2C3CCAEG4HH586472/rear-seats-second-row__assembly-07.png
2C3CCAEG4HH586472,2017 Chrysler 300 C 3.6L V6 Gas,rear-seats-second-row,5ZC35DX9AA,5ZC35DX9AA,Cover | Rear Seat Back Cover,7:Rear Headrest,https://www.moparamerica.com/oem-parts/mopar-rear-seat-back-cover-5zc35dx9aa,https://www.moparamerica.com/v-2017-chrysler-300--c--3-6l-v6-gas/interior-trim--rear-seats-second-row?assembly=7,evidence/mopar/illustrations/2C3CCAEG4HH586472/rear-seats-second-row__assembly-07.png
2C3CCAEG4HH586472,2017 Chrysler 300 C 3.6L V6 Gas,rear-seats-second-row,5ZC35ML2AA,5ZC35ML2AA,Cover | Rear Seat Back Cover,7:Rear Headrest,https://www.moparamerica.com/oem-parts/mopar-rear-seat-back-cover-5zc35ml2aa,https://www.moparamerica.com/v-2017-chrysler-300--c--3-6l-v6-gas/interior-trim--rear-seats-second-row?assembly=7,evidence/mopar/illustrations/2C3CCAEG4HH586472/rear-seats-second-row__assembly-07.png
2C3CCAEG4HH586472,2017 Chrysler 300 C 3.6L V6 Gas,rear-seats-second-row,5ZC39LA3AD,5ZC39LA3AD,Rear Seat Back Cover,1:Armrest Lid Hinge Pin,https://www.moparamerica.com/oem-parts/mopar-rear-seat-back-cover-5zc39la3ad,https://www.moparamerica.com/v-2017-chrysler-300--c--3-6l-v6-gas/interior-trim--rear-seats-second-row?assembly=1,evidence/mopar/illustrations/2C3CCAEG4HH586472/rear-seats-second-row__assembly-01.png
2C3CCAEG4HH586472,2017 Chrysler 300 C 3.6L V6 Gas,rear-seats-second-row,5ZC43LA3AB,5ZC43LA3AB,Rear Seat Cushion Cover,1:Armrest Lid Hinge Pin,https://www.moparamerica.com/oem-parts/mopar-rear-seat-cushion-cover-5zc43la3ab,https://www.moparamerica.com/v-2017-chrysler-300--c--3-6l-v6-gas/interior-trim--rear-seats-second-row?assembly=1,evidence/mopar/illustrations/2C3CCAEG4HH586472/rear-seats-second-row__assembly-01.png
2C3CCAEG4HH586472,2017 Chrysler 300 C 3.6L V6 Gas,rear-seats-second-row,5ZC48DX9AB,5ZC48DX9AB,2013-2020 Chrysler 300 - Rear Seat Back Cover | Cover,4:Armrest Lid Hinge Pin,https://www.moparamerica.com/oem-parts/mopar-2013-2020-chrysler-300-rear-seat-back-cover-5zc48dx9ab,https://www.moparamerica.com/v-2017-chrysler-300--c--3-6l-v6-gas/interior-trim--rear-seats-second-row?assembly=4,evidence/mopar/illustrations/2C3CCAEG4HH586472/rear-seats-second-row__assembly-04.png
2C3CCAEG4HH586472,2017 Chrysler 300 C 3.6L V6 Gas,rear-seats-second-row,5ZC49DX9AB,5ZC49DX9AB,2013-2020 Chrysler 300 - Rear Seat Back Cover | Cover,4:Armrest Lid Hinge Pin,https://www.moparamerica.com/oem-parts/mopar-2013-2020-chrysler-300-rear-seat-back-cover-5zc49dx9ab,https://www.moparamerica.com/v-2017-chrysler-300--c--3-6l-v6-gas/interior-trim--rear-seats-second-row?assembly=4,evidence/mopar/illustrations/2C3CCAEG4HH586472/rear-seats-second-row__assembly-04.png
2C3CCAEG4HH586472,2017 Chrysler 300 C 3.6L V6 Gas,rear-seats-second-row,5ZC49ML2AB,5ZC49ML2AB,2013-2020 Chrysler 300 - Rear Seat Back Cover | Cover,4:Armrest Lid Hinge Pin,https://www.moparamerica.com/oem-parts/mopar-2013-2020-chrysler-300-rear-seat-back-cover-5zc49ml2ab,https://www.moparamerica.com/v-2017-chrysler-300--c--3-6l-v6-gas/interior-trim--rear-seats-second-row?assembly=4,evidence/mopar/illustrations/2C3CCAEG4HH586472/rear-seats-second-row__assembly-04.png
2C3CCAEG4HH586472,2017 Chrysler 300 C 3.6L V6 Gas,rear-seats-second-row,5ZC54DX9AA,5ZC54DX9AA,Armrest | Rear Seat Center Armrest,1:Armrest Lid Hinge Pin | 2:Armrest Lid Hinge Pin | 3:Armrest Lid Hinge Pin | 4:Armrest Lid Hinge Pin | 5:Armrest Lid Hinge Pin | 6:Armrest Lid Hinge Pin,https://www.moparamerica.com/oem-parts/mopar-rear-seat-center-armrest-5zc54dx9aa,https://www.moparamerica.com/v-2017-chrysler-300--c--3-6l-v6-gas/interior-trim--rear-seats-second-row?assembly=1 | https://www.moparamerica.com/v-2017-chrysler-300--c--3-6l-v6-gas/interior-trim--rear-seats-second-row?assembly=2 | https://www.moparamerica.com/v-2017-chrysler-300--c--3-6l-v6-gas/interior-trim--rear-seats-second-row?assembly=3 | https://www.moparamerica.com/v-2017-chrysler-300--c--3-6l-v6-gas/interior-trim--rear-seats-second-row?assembly=4 | https://www.moparamerica.com/v-2017-chrysler-300--c--3-6l-v6-gas/interior-trim--rear-seats-second-row?assembly=5 | https://www.moparamerica.com/v-2017-chrysler-300--c--3-6l-v6-gas/interior-trim--rear-seats-second-row?assembly=6,evidence/mopar/illustrations/2C3CCAEG4HH586472/rear-seats-second-row__assembly-01.png | evidence/mopar/illustrations/2C3CCAEG4HH586472/rear-seats-second-row__assembly-02.png | evidence/mopar/illustrations/2C3CCAEG4HH586472/rear-seats-second-row__assembly-03.png | evidence/mopar/illustrations/2C3CCAEG4HH586472/rear-seats-second-row__assembly-04.png | evidence/mopar/illustrations/2C3CCAEG4HH586472/rear-seats-second-row__assembly-05.png | evidence/mopar/illustrations/2C3CCAEG4HH586472/rear-seats-second-row__assembly-06.png
2C3CCAEG4HH586472,2017 Chrysler 300 C 3.6L V6 Gas,rear-seats-second-row,5ZC54MBBAA,5ZC54MBBAA,Armrest | Rear Seat Center Armrest,2:Armrest Lid Hinge Pin | 3:Armrest Lid Hinge Pin | 6:Armrest Lid Hinge Pin,https://www.moparamerica.com/oem-parts/mopar-rear-seat-center-armrest-5zc54mbbaa,https://www.moparamerica.com/v-2017-chrysler-300--c--3-6l-v6-gas/interior-trim--rear-seats-second-row?assembly=2 | https://www.moparamerica.com/v-2017-chrysler-300--c--3-6l-v6-gas/interior-trim--rear-seats-second-row?assembly=3 | https://www.moparamerica.com/v-2017-chrysler-300--c--3-6l-v6-gas/interior-trim--rear-seats-second-row?assembly=6,evidence/mopar/illustrations/2C3CCAEG4HH586472/rear-seats-second-row__assembly-02.png | evidence/mopar/illustrations/2C3CCAEG4HH586472/rear-seats-second-row__assembly-03.png | evidence/mopar/illustrations/2C3CCAEG4HH586472/rear-seats-second-row__assembly-06.png
2C3CCAEG4HH586472,2017 Chrysler 300 C 3.6L V6 Gas,rear-seats-second-row,5ZC54ML2AA,5ZC54ML2AA,Armrest | Rear Seat Center Armrest,3:Armrest Lid Hinge Pin | 4:Armrest Lid Hinge Pin | 5:Armrest Lid Hinge Pin,https://www.moparamerica.com/oem-parts/mopar-rear-seat-center-armrest-5zc54ml2aa,https://www.moparamerica.com/v-2017-chrysler-300--c--3-6l-v6-gas/interior-trim--rear-seats-second-row?assembly=3 | https://www.moparamerica.com/v-2017-chrysler-300--c--3-6l-v6-gas/interior-trim--rear-seats-second-row?assembly=4 | https://www.moparamerica.com/v-2017-chrysler-300--c--3-6l-v6-gas/interior-trim--rear-seats-second-row?assembly=5,evidence/mopar/illustrations/2C3CCAEG4HH586472/rear-seats-second-row__assembly-03.png | evidence/mopar/illustrations/2C3CCAEG4HH586472/rear-seats-second-row__assembly-04.png | evidence/mopar/illustrations/2C3CCAEG4HH586472/rear-seats-second-row__assembly-05.png
2C3CCAEG4HH586472,2017 Chrysler 300 C 3.6L V6 Gas,rear-seats-second-row,5ZC54ND2AA,5ZC54ND2AA,Armrest | Rear Seat Center Armrest,1:Armrest Lid Hinge Pin | 2:Armrest Lid Hinge Pin,https://www.moparamerica.com/oem-parts/mopar-rear-seat-center-armrest-5zc54nd2aa,https://www.moparamerica.com/v-2017-chrysler-300--c--3-6l-v6-gas/interior-trim--rear-seats-second-row?assembly=1 | https://www.moparamerica.com/v-2017-chrysler-300--c--3-6l-v6-gas/interior-trim--rear-seats-second-row?assembly=2,evidence/mopar/illustrations/2C3CCAEG4HH586472/rear-seats-second-row__assembly-01.png | evidence/mopar/illustrations/2C3CCAEG4HH586472/rear-seats-second-row__assembly-02.png
2C3CCAEG4HH586472,2017 Chrysler 300 C 3.6L V6 Gas,rear-seats-second-row,5ZC59ML2AB,5ZC59ML2AB,2015-2020 Chrysler 300 - Rear Seat Back Cover | Cover,3:Armrest Lid Hinge Pin,https://www.moparamerica.com/oem-parts/mopar-2015-2020-chrysler-300-rear-seat-back-cover-5zc59ml2ab,https://www.moparamerica.com/v-2017-chrysler-300--c--3-6l-v6-gas/interior-trim--rear-seats-second-row?assembly=3,evidence/mopar/illustrations/2C3CCAEG4HH586472/rear-seats-second-row__assembly-03.png
2C3CCAEG4HH586472,2017 Chrysler 300 C 3.6L V6 Gas,rear-seats-second-row,5ZC60DX9AB,5ZC60DX9AB,2015-2020 Chrysler 300 - Rear Seat Back Cover | Cover,3:Armrest Lid Hinge Pin,https://www.moparamerica.com/oem-parts/mopar-2015-2020-chrysler-300-rear-seat-back-cover-5zc60dx9ab,https://www.moparamerica.com/v-2017-chrysler-300--c--3-6l-v6-gas/interior-trim--rear-seats-second-row?assembly=3,evidence/mopar/illustrations/2C3CCAEG4HH586472/rear-seats-second-row__assembly-03.png
2C3CCAEG4HH586472,2017 Chrysler 300 C 3.6L V6 Gas,rear-seats-second-row,5ZC60ML2AB,5ZC60ML2AB,2015-2020 Chrysler 300 - Rear Seat Back Cover | Cover,3:Armrest Lid Hinge Pin,https://www.moparamerica.com/oem-parts/mopar-2015-2020-chrysler-300-rear-seat-back-cover-5zc60ml2ab,https://www.moparamerica.com/v-2017-chrysler-300--c--3-6l-v6-gas/interior-trim--rear-seats-second-row?assembly=3,evidence/mopar/illustrations/2C3CCAEG4HH586472/rear-seats-second-row__assembly-03.png
2C3CCAEG4HH586472,2017 Chrysler 300 C 3.6L V6 Gas,rear-seats-second-row,5ZP61DX9AA,5ZP61DX9AA,Cup-Holder | Cupholder,1:Armrest Lid Hinge Pin | 2:Armrest Lid Hinge Pin | 3:Armrest Lid Hinge Pin | 4:Armrest Lid Hinge Pin | 5:Armrest Lid Hinge Pin | 6:Armrest Lid Hinge Pin,https://www.moparamerica.com/oem-parts/mopar-cup-holder-5zp61dx9aa,https://www.moparamerica.com/v-2017-chrysler-300--c--3-6l-v6-gas/interior-trim--rear-seats-second-row?assembly=1 | https://www.moparamerica.com/v-2017-chrysler-300--c--3-6l-v6-gas/interior-trim--rear-seats-second-row?assembly=2 | https://www.moparamerica.com/v-2017-chrysler-300--c--3-6l-v6-gas/interior-trim--rear-seats-second-row?assembly=3 | https://www.moparamerica.com/v-2017-chrysler-300--c--3-6l-v6-gas/interior-trim--rear-seats-second-row?assembly=4 | https://www.moparamerica.com/v-2017-chrysler-300--c--3-6l-v6-gas/interior-trim--rear-seats-second-row?assembly=5 | https://www.moparamerica.com/v-2017-chrysler-300--c--3-6l-v6-gas/interior-trim--rear-seats-second-row?assembly=6,evidence/mopar/illustrations/2C3CCAEG4HH586472/rear-seats-second-row__assembly-01.png | evidence/mopar/illustrations/2C3CCAEG4HH586472/rear-seats-second-row__assembly-02.png | evidence/mopar/illustrations/2C3CCAEG4HH586472/rear-seats-second-row__assembly-03.png | evidence/mopar/illustrations/2C3CCAEG4HH586472/rear-seats-second-row__assembly-04.png | evidence/mopar/illustrations/2C3CCAEG4HH586472/rear-seats-second-row__assembly-05.png | evidence/mopar/illustrations/2C3CCAEG4HH586472/rear-seats-second-row__assembly-06.png
2C3CCAEG4HH586472,2017 Chrysler 300 C 3.6L V6 Gas,rear-seats-second-row,5ZP61ML2AA,5ZP61ML2AA,Cup-Holder | Cupholder,3:Armrest Lid Hinge Pin | 4:Armrest Lid Hinge Pin | 5:Armrest Lid Hinge Pin,https://www.moparamerica.com/oem-parts/mopar-cup-holder-5zp61ml2aa,https://www.moparamerica.com/v-2017-chrysler-300--c--3-6l-v6-gas/interior-trim--rear-seats-second-row?assembly=3 | https://www.moparamerica.com/v-2017-chrysler-300--c--3-6l-v6-gas/interior-trim--rear-seats-second-row?assembly=4 | https://www.moparamerica.com/v-2017-chrysler-300--c--3-6l-v6-gas/interior-trim--rear-seats-second-row?assembly=5,evidence/mopar/illustrations/2C3CCAEG4HH586472/rear-seats-second-row__assembly-03.png | evidence/mopar/illustrations/2C3CCAEG4HH586472/rear-seats-second-row__assembly-04.png | evidence/mopar/illustrations/2C3CCAEG4HH586472/rear-seats-second-row__assembly-05.png
2C3CCAEG4HH586472,2017 Chrysler 300 C 3.6L V6 Gas,rear-seats-second-row,5ZP61ND2AA,5ZP61ND2AA,Cup-Holder | Cupholder,1:Armrest Lid Hinge Pin | 2:Armrest Lid Hinge Pin,https://www.moparamerica.com/oem-parts/mopar-cup-holder-5zp61nd2aa,https://www.moparamerica.com/v-2017-chrysler-300--c--3-6l-v6-gas/interior-trim--rear-seats-second-row?assembly=1 | https://www.moparamerica.com/v-2017-chrysler-300--c--3-6l-v6-gas/interior-trim--rear-seats-second-row?assembly=2,evidence/mopar/illustrations/2C3CCAEG4HH586472/rear-seats-second-row__assembly-01.png | evidence/mopar/illustrations/2C3CCAEG4HH586472/rear-seats-second-row__assembly-02.png
2C3CCAEG4HH586472,2017 Chrysler 300 C 3.6L V6 Gas,rear-seats-second-row,5ZP76DX9AA,5ZP76DX9AA,Center Console Storage Lid | Lid,1:Armrest Lid Hinge Pin | 2:Armrest Lid Hinge Pin | 3:Armrest Lid Hinge Pin | 4:Armrest Lid Hinge Pin | 5:Armrest Lid Hinge Pin | 6:Armrest Lid Hinge Pin,https://www.moparamerica.com/oem-parts/mopar-center-console-storage-lid-5zp76dx9aa,https://www.moparamerica.com/v-2017-chrysler-300--c--3-6l-v6-gas/interior-trim--rear-seats-second-row?assembly=1 | https://www.moparamerica.com/v-2017-chrysler-300--c--3-6l-v6-gas/interior-trim--rear-seats-second-row?assembly=2 | https://www.moparamerica.com/v-2017-chrysler-300--c--3-6l-v6-gas/interior-trim--rear-seats-second-row?assembly=3 | https://www.moparamerica.com/v-2017-chrysler-300--c--3-6l-v6-gas/interior-trim--rear-seats-second-row?assembly=4 | https://www.moparamerica.com/v-2017-chrysler-300--c--3-6l-v6-gas/interior-trim--rear-seats-second-row?assembly=5 | https://www.moparamerica.com/v-2017-chrysler-300--c--3-6l-v6-gas/interior-trim--rear-seats-second-row?assembly=6,evidence/mopar/illustrations/2C3CCAEG4HH586472/rear-seats-second-row__assembly-01.png | evidence/mopar/illustrations/2C3CCAEG4HH586472/rear-seats-second-row__assembly-02.png | evidence/mopar/illustrations/2C3CCAEG4HH586472/rear-seats-second-row__assembly-03.png | evidence/mopar/illustrations/2C3CCAEG4HH586472/rear-seats-second-row__assembly-04.png | evidence/mopar/illustrations/2C3CCAEG4HH586472/rear-seats-second-row__assembly-05.png | evidence/mopar/illustrations/2C3CCAEG4HH586472/rear-seats-second-row__assembly-06.png
2C3CCAEG4HH586472,2017 Chrysler 300 C 3.6L V6 Gas,rear-seats-second-row,5ZP76ML2AA,5ZP76ML2AA,Center Console Storage Lid | Lid,3:Armrest Lid Hinge Pin | 4:Armrest Lid Hinge Pin | 5:Armrest Lid Hinge Pin,https://www.moparamerica.com/oem-parts/mopar-center-console-storage-lid-5zp76ml2aa,https://www.moparamerica.com/v-2017-chrysler-300--c--3-6l-v6-gas/interior-trim--rear-seats-second-row?assembly=3 | https://www.moparamerica.com/v-2017-chrysler-300--c--3-6l-v6-gas/interior-trim--rear-seats-second-row?assembly=4 | https://www.moparamerica.com/v-2017-chrysler-300--c--3-6l-v6-gas/interior-trim--rear-seats-second-row?assembly=5,evidence/mopar/illustrations/2C3CCAEG4HH586472/rear-seats-second-row__assembly-03.png | evidence/mopar/illustrations/2C3CCAEG4HH586472/rear-seats-second-row__assembly-04.png | evidence/mopar/illustrations/2C3CCAEG4HH586472/rear-seats-second-row__assembly-05.png
2C3CCAEG4HH586472,2017 Chrysler 300 C 3.6L V6 Gas,rear-seats-second-row,5ZP76ND2AA,5ZP76ND2AA,Center Console Storage Lid | Lid,1:Armrest Lid Hinge Pin | 2:Armrest Lid Hinge Pin,https://www.moparamerica.com/oem-parts/mopar-center-console-storage-lid-5zp76nd2aa,https://www.moparamerica.com/v-2017-chrysler-300--c--3-6l-v6-gas/interior-trim--rear-seats-second-row?assembly=1 | https://www.moparamerica.com/v-2017-chrysler-300--c--3-6l-v6-gas/interior-trim--rear-seats-second-row?assembly=2,evidence/mopar/illustrations/2C3CCAEG4HH586472/rear-seats-second-row__assembly-01.png | evidence/mopar/illustrations/2C3CCAEG4HH586472/rear-seats-second-row__assembly-02.png
2C3CCAEG4HH586472,2017 Chrysler 300 C 3.6L V6 Gas,rear-seats-second-row,68102973AA,68102973AA,Foam | Seat Back Foam,1:Armrest Lid Hinge Pin | 2:Armrest Lid Hinge Pin | 6:Armrest Lid Hinge Pin,https://www.moparamerica.com/oem-parts/mopar-seat-back-foam-68102973aa,https://www.moparamerica.com/v-2017-chrysler-300--c--3-6l-v6-gas/interior-trim--rear-seats-second-row?assembly=1 | https://www.moparamerica.com/v-2017-chrysler-300--c--3-6l-v6-gas/interior-trim--rear-seats-second-row?assembly=2 | https://www.moparamerica.com/v-2017-chrysler-300--c--3-6l-v6-gas/interior-trim--rear-seats-second-row?assembly=6,evidence/mopar/illustrations/2C3CCAEG4HH586472/rear-seats-second-row__assembly-01.png | evidence/mopar/illustrations/2C3CCAEG4HH586472/rear-seats-second-row__assembly-02.png | evidence/mopar/illustrations/2C3CCAEG4HH586472/rear-seats-second-row__assembly-06.png
2C3CDXGJ2HH530684,2017 Dodge Charger R/T Scat Pack 6.4L V8 Gas,rear-seats-second-row,68102973AA,68102973AA,Foam | Seat Back Foam,1:Assist Strap,https://www.moparamerica.com/oem-parts/mopar-seat-back-foam-68102973aa,https://www.moparamerica.com/v-2017-dodge-charger--r-t-scat-pack--6-4l-v8-gas/interior-trim--rear-seats-second-row?assembly=1,evidence/mopar/illustrations/2C3CDXGJ2HH530684/rear-seats-second-row__assembly-01.png
2C3CCAEG4HH586472,2017 Chrysler 300 C 3.6L V6 Gas,rear-seats-second-row,68104310AA,68104310AA,Foam | Seat Back Foam,1:Armrest Lid Hinge Pin | 2:Armrest Lid Hinge Pin | 6:Armrest Lid Hinge Pin,https://www.moparamerica.com/oem-parts/mopar-seat-back-foam-68104310aa,https://www.moparamerica.com/v-2017-chrysler-300--c--3-6l-v6-gas/interior-trim--rear-seats-second-row?assembly=1 | https://www.moparamerica.com/v-2017-chrysler-300--c--3-6l-v6-gas/interior-trim--rear-seats-second-row?assembly=2 | https://www.moparamerica.com/v-2017-chrysler-300--c--3-6l-v6-gas/interior-trim--rear-seats-second-row?assembly=6,evidence/mopar/illustrations/2C3CCAEG4HH586472/rear-seats-second-row__assembly-01.png | evidence/mopar/illustrations/2C3CCAEG4HH586472/rear-seats-second-row__assembly-02.png | evidence/mopar/illustrations/2C3CCAEG4HH586472/rear-seats-second-row__assembly-06.png
2C3CDXGJ2HH530684,2017 Dodge Charger R/T Scat Pack 6.4L V8 Gas,rear-seats-second-row,68104310AA,68104310AA,Foam | Seat Back Foam,1:Assist Strap,https://www.moparamerica.com/oem-parts/mopar-seat-back-foam-68104310aa,https://www.moparamerica.com/v-2017-dodge-charger--r-t-scat-pack--6-4l-v8-gas/interior-trim--rear-seats-second-row?assembly=1,evidence/mopar/illustrations/2C3CDXGJ2HH530684/rear-seats-second-row__assembly-01.png
2C3CCAEG4HH586472,2017 Chrysler 300 C 3.6L V6 Gas,rear-seats-second-row,68104327AA,68104327AA,Cap | Rear Seat Cup Holder,7:Rear Headrest,https://www.moparamerica.com/oem-parts/mopar-rear-seat-cup-holder-68104327aa,https://www.moparamerica.com/v-2017-chrysler-300--c--3-6l-v6-gas/interior-trim--rear-seats-second-row?assembly=7,evidence/mopar/illustrations/2C3CCAEG4HH586472/rear-seats-second-row__assembly-07.png
2C3CCAEG4HH586472,2017 Chrysler 300 C 3.6L V6 Gas,rear-seats-second-row,68104482AA,68104482AA,Armrest Lid Hinge Pin,1:Armrest Lid Hinge Pin | 2:Armrest Lid Hinge Pin | 3:Armrest Lid Hinge Pin | 4:Armrest Lid Hinge Pin | 5:Armrest Lid Hinge Pin | 6:Armrest Lid Hinge Pin,https://www.moparamerica.com/oem-parts/mopar-armrest-lid-hinge-pin-68104482aa,https://www.moparamerica.com/v-2017-chrysler-300--c--3-6l-v6-gas/interior-trim--rear-seats-second-row?assembly=1 | https://www.moparamerica.com/v-2017-chrysler-300--c--3-6l-v6-gas/interior-trim--rear-seats-second-row?assembly=2 | https://www.moparamerica.com/v-2017-chrysler-300--c--3-6l-v6-gas/interior-trim--rear-seats-second-row?assembly=3 | https://www.moparamerica.com/v-2017-chrysler-300--c--3-6l-v6-gas/interior-trim--rear-seats-second-row?assembly=4 | https://www.moparamerica.com/v-2017-chrysler-300--c--3-6l-v6-gas/interior-trim--rear-seats-second-row?assembly=5 | https://www.moparamerica.com/v-2017-chrysler-300--c--3-6l-v6-gas/interior-trim--rear-seats-second-row?assembly=6,evidence/mopar/illustrations/2C3CCAEG4HH586472/rear-seats-second-row__assembly-01.png | evidence/mopar/illustrations/2C3CCAEG4HH586472/rear-seats-second-row__assembly-02.png | evidence/mopar/illustrations/2C3CCAEG4HH586472/rear-seats-second-row__assembly-03.png | evidence/mopar/illustrations/2C3CCAEG4HH586472/rear-seats-second-row__assembly-04.png | evidence/mopar/illustrations/2C3CCAEG4HH586472/rear-seats-second-row__assembly-05.png | evidence/mopar/illustrations/2C3CCAEG4HH586472/rear-seats-second-row__assembly-06.png
2C3CCAEG4HH586472,2017 Chrysler 300 C 3.6L V6 Gas,rear-seats-second-row,68104600AA,68104600AA,Foam | Seat Back Foam,3:Armrest Lid Hinge Pin | 4:Armrest Lid Hinge Pin | 5:Armrest Lid Hinge Pin | 7:Rear Headrest,https://www.moparamerica.com/oem-parts/mopar-seat-back-foam-68104600aa,https://www.moparamerica.com/v-2017-chrysler-300--c--3-6l-v6-gas/interior-trim--rear-seats-second-row?assembly=3 | https://www.moparamerica.com/v-2017-chrysler-300--c--3-6l-v6-gas/interior-trim--rear-seats-second-row?assembly=4 | https://www.moparamerica.com/v-2017-chrysler-300--c--3-6l-v6-gas/interior-trim--rear-seats-second-row?assembly=5 | https://www.moparamerica.com/v-2017-chrysler-300--c--3-6l-v6-gas/interior-trim--rear-seats-second-row?assembly=7,evidence/mopar/illustrations/2C3CCAEG4HH586472/rear-seats-second-row__assembly-03.png | evidence/mopar/illustrations/2C3CCAEG4HH586472/rear-seats-second-row__assembly-04.png | evidence/mopar/illustrations/2C3CCAEG4HH586472/rear-seats-second-row__assembly-05.png | evidence/mopar/illustrations/2C3CCAEG4HH586472/rear-seats-second-row__assembly-07.png
2C3CCAEG4HH586472,2017 Chrysler 300 C 3.6L V6 Gas,rear-seats-second-row,68104601AA,68104601AA,Foam | Seat Back Foam,3:Armrest Lid Hinge Pin | 4:Armrest Lid Hinge Pin | 5:Armrest Lid Hinge Pin | 7:Rear Headrest,https://www.moparamerica.com/oem-parts/mopar-seat-back-foam-68104601aa,https://www.moparamerica.com/v-2017-chrysler-300--c--3-6l-v6-gas/interior-trim--rear-seats-second-row?assembly=3 | https://www.moparamerica.com/v-2017-chrysler-300--c--3-6l-v6-gas/interior-trim--rear-seats-second-row?assembly=4 | https://www.moparamerica.com/v-2017-chrysler-300--c--3-6l-v6-gas/interior-trim--rear-seats-second-row?assembly=5 | https://www.moparamerica.com/v-2017-chrysler-300--c--3-6l-v6-gas/interior-trim--rear-seats-second-row?assembly=7,evidence/mopar/illustrations/2C3CCAEG4HH586472/rear-seats-second-row__assembly-03.png | evidence/mopar/illustrations/2C3CCAEG4HH586472/rear-seats-second-row__assembly-04.png | evidence/mopar/illustrations/2C3CCAEG4HH586472/rear-seats-second-row__assembly-05.png | evidence/mopar/illustrations/2C3CCAEG4HH586472/rear-seats-second-row__assembly-07.png
2C3CCAEG4HH586472,2017 Chrysler 300 C 3.6L V6 Gas,rear-seats-second-row,68104680AA,68104680AA,"Heater Pad, Left | Left",2:Armrest Lid Hinge Pin | 3:Armrest Lid Hinge Pin | 4:Armrest Lid Hinge Pin | 6:Armrest Lid Hinge Pin,https://www.moparamerica.com/oem-parts/mopar-heater-pad-left-68104680aa,https://www.moparamerica.com/v-2017-chrysler-300--c--3-6l-v6-gas/interior-trim--rear-seats-second-row?assembly=2 | https://www.moparamerica.com/v-2017-chrysler-300--c--3-6l-v6-gas/interior-trim--rear-seats-second-row?assembly=3 | https://www.moparamerica.com/v-2017-chrysler-300--c--3-6l-v6-gas/interior-trim--rear-seats-second-row?assembly=4 | https://www.moparamerica.com/v-2017-chrysler-300--c--3-6l-v6-gas/interior-trim--rear-seats-second-row?assembly=6,evidence/mopar/illustrations/2C3CCAEG4HH586472/rear-seats-second-row__assembly-02.png | evidence/mopar/illustrations/2C3CCAEG4HH586472/rear-seats-second-row__assembly-03.png | evidence/mopar/illustrations/2C3CCAEG4HH586472/rear-seats-second-row__assembly-04.png | evidence/mopar/illustrations/2C3CCAEG4HH586472/rear-seats-second-row__assembly-06.png
2C3CDXGJ2HH530684,2017 Dodge Charger R/T Scat Pack 6.4L V8 Gas,rear-seats-second-row,68104680AA,68104680AA,"Heater Pad, Left | Left",1:Assist Strap,https://www.moparamerica.com/oem-parts/mopar-heater-pad-left-68104680aa,https://www.moparamerica.com/v-2017-dodge-charger--r-t-scat-pack--6-4l-v8-gas/interior-trim--rear-seats-second-row?assembly=1,evidence/mopar/illustrations/2C3CDXGJ2HH530684/rear-seats-second-row__assembly-01.png
2C3CCAEG4HH586472,2017 Chrysler 300 C 3.6L V6 Gas,rear-seats-second-row,68104698AA,68104698AA,"Heater Pad, Right | Right",2:Armrest Lid Hinge Pin | 3:Armrest Lid Hinge Pin | 4:Armrest Lid Hinge Pin | 6:Armrest Lid Hinge Pin,https://www.moparamerica.com/oem-parts/mopar-heater-pad-right-68104698aa,https://www.moparamerica.com/v-2017-chrysler-300--c--3-6l-v6-gas/interior-trim--rear-seats-second-row?assembly=2 | https://www.moparamerica.com/v-2017-chrysler-300--c--3-6l-v6-gas/interior-trim--rear-seats-second-row?assembly=3 | https://www.moparamerica.com/v-2017-chrysler-300--c--3-6l-v6-gas/interior-trim--rear-seats-second-row?assembly=4 | https://www.moparamerica.com/v-2017-chrysler-300--c--3-6l-v6-gas/interior-trim--rear-seats-second-row?assembly=6,evidence/mopar/illustrations/2C3CCAEG4HH586472/rear-seats-second-row__assembly-02.png | evidence/mopar/illustrations/2C3CCAEG4HH586472/rear-seats-second-row__assembly-03.png | evidence/mopar/illustrations/2C3CCAEG4HH586472/rear-seats-second-row__assembly-04.png | evidence/mopar/illustrations/2C3CCAEG4HH586472/rear-seats-second-row__assembly-06.png
2C3CDXGJ2HH530684,2017 Dodge Charger R/T Scat Pack 6.4L V8 Gas,rear-seats-second-row,68104698AA,68104698AA,"Heater Pad, Right | Right",1:Assist Strap,https://www.moparamerica.com/oem-parts/mopar-heater-pad-right-68104698aa,https://www.moparamerica.com/v-2017-dodge-charger--r-t-scat-pack--6-4l-v8-gas/interior-trim--rear-seats-second-row?assembly=1,evidence/mopar/illustrations/2C3CDXGJ2HH530684/rear-seats-second-row__assembly-01.png
2C3CCAEG4HH586472,2017 Chrysler 300 C 3.6L V6 Gas,rear-seats-second-row,68104699AA,68104699AA,"Heater Pad, Left | Left",2:Armrest Lid Hinge Pin | 3:Armrest Lid Hinge Pin | 4:Armrest Lid Hinge Pin | 6:Armrest Lid Hinge Pin,https://www.moparamerica.com/oem-parts/mopar-heater-pad-left-68104699aa,https://www.moparamerica.com/v-2017-chrysler-300--c--3-6l-v6-gas/interior-trim--rear-seats-second-row?assembly=2 | https://www.moparamerica.com/v-2017-chrysler-300--c--3-6l-v6-gas/interior-trim--rear-seats-second-row?assembly=3 | https://www.moparamerica.com/v-2017-chrysler-300--c--3-6l-v6-gas/interior-trim--rear-seats-second-row?assembly=4 | https://www.moparamerica.com/v-2017-chrysler-300--c--3-6l-v6-gas/interior-trim--rear-seats-second-row?assembly=6,evidence/mopar/illustrations/2C3CCAEG4HH586472/rear-seats-second-row__assembly-02.png | evidence/mopar/illustrations/2C3CCAEG4HH586472/rear-seats-second-row__assembly-03.png | evidence/mopar/illustrations/2C3CCAEG4HH586472/rear-seats-second-row__assembly-04.png | evidence/mopar/illustrations/2C3CCAEG4HH586472/rear-seats-second-row__assembly-06.png
2C3CDXGJ2HH530684,2017 Dodge Charger R/T Scat Pack 6.4L V8 Gas,rear-seats-second-row,68104699AA,68104699AA,"Heater Pad, Left | Left",1:Assist Strap,https://www.moparamerica.com/oem-parts/mopar-heater-pad-left-68104699aa,https://www.moparamerica.com/v-2017-dodge-charger--r-t-scat-pack--6-4l-v8-gas/interior-trim--rear-seats-second-row?assembly=1,evidence/mopar/illustrations/2C3CDXGJ2HH530684/rear-seats-second-row__assembly-01.png
2C3CCAEG4HH586472,2017 Chrysler 300 C 3.6L V6 Gas,rear-seats-second-row,68104700AA,68104700AA,"Heater Pad, Right | Right",2:Armrest Lid Hinge Pin | 3:Armrest Lid Hinge Pin | 4:Armrest Lid Hinge Pin | 6:Armrest Lid Hinge Pin,https://www.moparamerica.com/oem-parts/mopar-heater-pad-right-68104700aa,https://www.moparamerica.com/v-2017-chrysler-300--c--3-6l-v6-gas/interior-trim--rear-seats-second-row?assembly=2 | https://www.moparamerica.com/v-2017-chrysler-300--c--3-6l-v6-gas/interior-trim--rear-seats-second-row?assembly=3 | https://www.moparamerica.com/v-2017-chrysler-300--c--3-6l-v6-gas/interior-trim--rear-seats-second-row?assembly=4 | https://www.moparamerica.com/v-2017-chrysler-300--c--3-6l-v6-gas/interior-trim--rear-seats-second-row?assembly=6,evidence/mopar/illustrations/2C3CCAEG4HH586472/rear-seats-second-row__assembly-02.png | evidence/mopar/illustrations/2C3CCAEG4HH586472/rear-seats-second-row__assembly-03.png | evidence/mopar/illustrations/2C3CCAEG4HH586472/rear-seats-second-row__assembly-04.png | evidence/mopar/illustrations/2C3CCAEG4HH586472/rear-seats-second-row__assembly-06.png
2C3CDXGJ2HH530684,2017 Dodge Charger R/T Scat Pack 6.4L V8 Gas,rear-seats-second-row,68104700AA,68104700AA,"Heater Pad, Right | Right",1:Assist Strap,https://www.moparamerica.com/oem-parts/mopar-heater-pad-right-68104700aa,https://www.moparamerica.com/v-2017-dodge-charger--r-t-scat-pack--6-4l-v8-gas/interior-trim--rear-seats-second-row?assembly=1,evidence/mopar/illustrations/2C3CDXGJ2HH530684/rear-seats-second-row__assembly-01.png
2C3CCAEG4HH586472,2017 Chrysler 300 C 3.6L V6 Gas,rear-seats-second-row,68158388AA,68158388AA,Foam | Seat Cushion Foam,3:Armrest Lid Hinge Pin | 4:Armrest Lid Hinge Pin | 5:Armrest Lid Hinge Pin | 7:Rear Headrest,https://www.moparamerica.com/oem-parts/mopar-seat-cushion-foam-68158388aa,https://www.moparamerica.com/v-2017-chrysler-300--c--3-6l-v6-gas/interior-trim--rear-seats-second-row?assembly=3 | https://www.moparamerica.com/v-2017-chrysler-300--c--3-6l-v6-gas/interior-trim--rear-seats-second-row?assembly=4 | https://www.moparamerica.com/v-2017-chrysler-300--c--3-6l-v6-gas/interior-trim--rear-seats-second-row?assembly=5 | https://www.moparamerica.com/v-2017-chrysler-300--c--3-6l-v6-gas/interior-trim--rear-seats-second-row?assembly=7,evidence/mopar/illustrations/2C3CCAEG4HH586472/rear-seats-second-row__assembly-03.png | evidence/mopar/illustrations/2C3CCAEG4HH586472/rear-seats-second-row__assembly-04.png | evidence/mopar/illustrations/2C3CCAEG4HH586472/rear-seats-second-row__assembly-05.png | evidence/mopar/illustrations/2C3CCAEG4HH586472/rear-seats-second-row__assembly-07.png
2C3CCAEG4HH586472,2017 Chrysler 300 C 3.6L V6 Gas,rear-seats-second-row,68159129AA,68159129AA,Frame | Rear Seat Cushion Frame,1:Armrest Lid Hinge Pin | 2:Armrest Lid Hinge Pin | 3:Armrest Lid Hinge Pin | 4:Armrest Lid Hinge Pin | 5:Armrest Lid Hinge Pin | 6:Armrest Lid Hinge Pin | 7:Rear Headrest,https://www.moparamerica.com/oem-parts/mopar-rear-seat-cushion-frame-68159129aa,https://www.moparamerica.com/v-2017-chrysler-300--c--3-6l-v6-gas/interior-trim--rear-seats-second-row?assembly=1 | https://www.moparamerica.com/v-2017-chrysler-300--c--3-6l-v6-gas/interior-trim--rear-seats-second-row?assembly=2 | https://www.moparamerica.com/v-2017-chrysler-300--c--3-6l-v6-gas/interior-trim--rear-seats-second-row?assembly=3 | https://www.moparamerica.com/v-2017-chrysler-300--c--3-6l-v6-gas/interior-trim--rear-seats-second-row?assembly=4 | https://www.moparamerica.com/v-2017-chrysler-300--c--3-6l-v6-gas/interior-trim--rear-seats-second-row?assembly=5 | https://www.moparamerica.com/v-2017-chrysler-300--c--3-6l-v6-gas/interior-trim--rear-seats-second-row?assembly=6 | https://www.moparamerica.com/v-2017-chrysler-300--c--3-6l-v6-gas/interior-trim--rear-seats-second-row?assembly=7,evidence/mopar/illustrations/2C3CCAEG4HH586472/rear-seats-second-row__assembly-01.png | evidence/mopar/illustrations/2C3CCAEG4HH586472/rear-seats-second-row__assembly-02.png | evidence/mopar/illustrations/2C3CCAEG4HH586472/rear-seats-second-row__assembly-03.png | evidence/mopar/illustrations/2C3CCAEG4HH586472/rear-seats-second-row__assembly-04.png | evidence/mopar/illustrations/2C3CCAEG4HH586472/rear-seats-second-row__assembly-05.png | evidence/mopar/illustrations/2C3CCAEG4HH586472/rear-seats-second-row__assembly-06.png | evidence/mopar/illustrations/2C3CCAEG4HH586472/rear-seats-second-row__assembly-07.png
2C3CDXGJ2HH530684,2017 Dodge Charger R/T Scat Pack 6.4L V8 Gas,rear-seats-second-row,68159129AA,68159129AA,Frame | Rear Seat Cushion Frame,1:Assist Strap,https://www.moparamerica.com/oem-parts/mopar-rear-seat-cushion-frame-68159129aa,https://www.moparamerica.com/v-2017-dodge-charger--r-t-scat-pack--6-4l-v8-gas/interior-trim--rear-seats-second-row?assembly=1,evidence/mopar/illustrations/2C3CDXGJ2HH530684/rear-seats-second-row__assembly-01.png
2C3CCAEG4HH586472,2017 Chrysler 300 C 3.6L V6 Gas,rear-seats-second-row,68159140AA,68159140AA,Foam | Seat Cushion Foam,1:Armrest Lid Hinge Pin | 2:Armrest Lid Hinge Pin | 6:Armrest Lid Hinge Pin,https://www.moparamerica.com/oem-parts/mopar-seat-cushion-foam-68159140aa,https://www.moparamerica.com/v-2017-chrysler-300--c--3-6l-v6-gas/interior-trim--rear-seats-second-row?assembly=1 | https://www.moparamerica.com/v-2017-chrysler-300--c--3-6l-v6-gas/interior-trim--rear-seats-second-row?assembly=2 | https://www.moparamerica.com/v-2017-chrysler-300--c--3-6l-v6-gas/interior-trim--rear-seats-second-row?assembly=6,evidence/mopar/illustrations/2C3CCAEG4HH586472/rear-seats-second-row__assembly-01.png | evidence/mopar/illustrations/2C3CCAEG4HH586472/rear-seats-second-row__assembly-02.png | evidence/mopar/illustrations/2C3CCAEG4HH586472/rear-seats-second-row__assembly-06.png
2C3CDXGJ2HH530684,2017 Dodge Charger R/T Scat Pack 6.4L V8 Gas,rear-seats-second-row,68159140AA,68159140AA,Foam | Seat Cushion Foam,1:Assist Strap,https://www.moparamerica.com/oem-parts/mopar-seat-cushion-foam-68159140aa,https://www.moparamerica.com/v-2017-dodge-charger--r-t-scat-pack--6-4l-v8-gas/interior-trim--rear-seats-second-row?assembly=1,evidence/mopar/illustrations/2C3CDXGJ2HH530684/rear-seats-second-row__assembly-01.png
2C3CDXGJ2HH530684,2017 Dodge Charger R/T Scat Pack 6.4L V8 Gas,rear-seats-second-row,68275385AA,68275385AA,Foam | Seat Back Foam,1:Assist Strap,https://www.moparamerica.com/oem-parts/mopar-seat-back-foam-68275385aa,https://www.moparamerica.com/v-2017-dodge-charger--r-t-scat-pack--6-4l-v8-gas/interior-trim--rear-seats-second-row?assembly=1,evidence/mopar/illustrations/2C3CDXGJ2HH530684/rear-seats-second-row__assembly-01.png
2C3CDXGJ2HH530684,2017 Dodge Charger R/T Scat Pack 6.4L V8 Gas,rear-seats-second-row,68275386AA,68275386AA,Foam | Seat Back Foam,1:Assist Strap,https://www.moparamerica.com/oem-parts/mopar-seat-back-foam-68275386aa,https://www.moparamerica.com/v-2017-dodge-charger--r-t-scat-pack--6-4l-v8-gas/interior-trim--rear-seats-second-row?assembly=1,evidence/mopar/illustrations/2C3CDXGJ2HH530684/rear-seats-second-row__assembly-01.png
2C3CDXGJ2HH530684,2017 Dodge Charger R/T Scat Pack 6.4L V8 Gas,rear-seats-second-row,68275387AA,68275387AA,Foam | Seat Cushion Foam,1:Assist Strap,https://www.moparamerica.com/oem-parts/mopar-seat-cushion-foam-68275387aa,https://www.moparamerica.com/v-2017-dodge-charger--r-t-scat-pack--6-4l-v8-gas/interior-trim--rear-seats-second-row?assembly=1,evidence/mopar/illustrations/2C3CDXGJ2HH530684/rear-seats-second-row__assembly-01.png
2C3CDXGJ2HH530684,2017 Dodge Charger R/T Scat Pack 6.4L V8 Gas,rear-seats-second-row,68284429AA,68284429AA,Foam | Seat Back Foam,1:Assist Strap,https://www.moparamerica.com/oem-parts/mopar-seat-back-foam-68284429aa,https://www.moparamerica.com/v-2017-dodge-charger--r-t-scat-pack--6-4l-v8-gas/interior-trim--rear-seats-second-row?assembly=1,evidence/mopar/illustrations/2C3CDXGJ2HH530684/rear-seats-second-row__assembly-01.png
2C3CDXGJ2HH530684,2017 Dodge Charger R/T Scat Pack 6.4L V8 Gas,rear-seats-second-row,6AL35DX9AA,6AL35DX9AA,Rear Seat Back Cover,1:Assist Strap,https://www.moparamerica.com/oem-parts/mopar-rear-seat-back-cover-6al35dx9aa,https://www.moparamerica.com/v-2017-dodge-charger--r-t-scat-pack--6-4l-v8-gas/interior-trim--rear-seats-second-row?assembly=1,evidence/mopar/illustrations/2C3CDXGJ2HH530684/rear-seats-second-row__assembly-01.png
2C3CDXGJ2HH530684,2017 Dodge Charger R/T Scat Pack 6.4L V8 Gas,rear-seats-second-row,6AL95LR5AB,6AL95LR5AB,Rear Seat Back Cover,1:Assist Strap,https://www.moparamerica.com/oem-parts/mopar-rear-seat-back-cover-6al95lr5ab,https://www.moparamerica.com/v-2017-dodge-charger--r-t-scat-pack--6-4l-v8-gas/interior-trim--rear-seats-second-row?assembly=1,evidence/mopar/illustrations/2C3CDXGJ2HH530684/rear-seats-second-row__assembly-01.png
2C3CCAEG4HH586472,2017 Chrysler 300 C 3.6L V6 Gas,rear-seats-second-row,6CS213X9AB,6CS213X9AB,"Left | Seat Bolster, Left",1:Armrest Lid Hinge Pin | 2:Armrest Lid Hinge Pin,https://www.moparamerica.com/oem-parts/mopar-seat-bolster-left-6cs213x9ab,https://www.moparamerica.com/v-2017-chrysler-300--c--3-6l-v6-gas/interior-trim--rear-seats-second-row?assembly=1 | https://www.moparamerica.com/v-2017-chrysler-300--c--3-6l-v6-gas/interior-trim--rear-seats-second-row?assembly=2,evidence/mopar/illustrations/2C3CCAEG4HH586472/rear-seats-second-row__assembly-01.png | evidence/mopar/illustrations/2C3CCAEG4HH586472/rear-seats-second-row__assembly-02.png
2C3CCAEG4HH586472,2017 Chrysler 300 C 3.6L V6 Gas,rear-seats-second-row,6CS221KXAB,6CS221KXAB,"Right | Seat Bolster, Right",1:Armrest Lid Hinge Pin | 2:Armrest Lid Hinge Pin,https://www.moparamerica.com/oem-parts/mopar-seat-bolster-right-6cs221kxab,https://www.moparamerica.com/v-2017-chrysler-300--c--3-6l-v6-gas/interior-trim--rear-seats-second-row?assembly=1 | https://www.moparamerica.com/v-2017-chrysler-300--c--3-6l-v6-gas/interior-trim--rear-seats-second-row?assembly=2,evidence/mopar/illustrations/2C3CCAEG4HH586472/rear-seats-second-row__assembly-01.png | evidence/mopar/illustrations/2C3CCAEG4HH586472/rear-seats-second-row__assembly-02.png
2C3CCAEG4HH586472,2017 Chrysler 300 C 3.6L V6 Gas,rear-seats-second-row,6CS223X9AB,6CS223X9AB,"Right | Seat Bolster, Right",1:Armrest Lid Hinge Pin | 2:Armrest Lid Hinge Pin,https://www.moparamerica.com/oem-parts/mopar-seat-bolster-right-6cs223x9ab,https://www.moparamerica.com/v-2017-chrysler-300--c--3-6l-v6-gas/interior-trim--rear-seats-second-row?assembly=1 | https://www.moparamerica.com/v-2017-chrysler-300--c--3-6l-v6-gas/interior-trim--rear-seats-second-row?assembly=2,evidence/mopar/illustrations/2C3CCAEG4HH586472/rear-seats-second-row__assembly-01.png | evidence/mopar/illustrations/2C3CCAEG4HH586472/rear-seats-second-row__assembly-02.png
2C3CDXGJ2HH530684,2017 Dodge Charger R/T Scat Pack 6.4L V8 Gas,rear-seats-second-row,6DG41DX9AA,6DG41DX9AA,Cover | Rear Seat Back Cover,1:Assist Strap,https://www.moparamerica.com/oem-parts/mopar-rear-seat-back-cover-6dg41dx9aa,https://www.moparamerica.com/v-2017-dodge-charger--r-t-scat-pack--6-4l-v8-gas/interior-trim--rear-seats-second-row?assembly=1,evidence/mopar/illustrations/2C3CDXGJ2HH530684/rear-seats-second-row__assembly-01.png
2C3CDXGJ2HH530684,2017 Dodge Charger R/T Scat Pack 6.4L V8 Gas,rear-seats-second-row,6DG41LV5AA,6DG41LV5AA,Rear Seat Back Cover,1:Assist Strap,https://www.moparamerica.com/oem-parts/mopar-rear-seat-back-cover-6dg41lv5aa,https://www.moparamerica.com/v-2017-dodge-charger--r-t-scat-pack--6-4l-v8-gas/interior-trim--rear-seats-second-row?assembly=1,evidence/mopar/illustrations/2C3CDXGJ2HH530684/rear-seats-second-row__assembly-01.png
2C3CDXGJ2HH530684,2017 Dodge Charger R/T Scat Pack 6.4L V8 Gas,rear-seats-second-row,6EP79LA8AA,6EP79LA8AA,Rear Seat Back Cover,1:Assist Strap,https://www.moparamerica.com/oem-parts/mopar-rear-seat-back-cover-6ep79la8aa,https://www.moparamerica.com/v-2017-dodge-charger--r-t-scat-pack--6-4l-v8-gas/interior-trim--rear-seats-second-row?assembly=1,evidence/mopar/illustrations/2C3CDXGJ2HH530684/rear-seats-second-row__assembly-01.png
2C3CDXGJ2HH530684,2017 Dodge Charger R/T Scat Pack 6.4L V8 Gas,rear-seats-second-row,6EP80LA8AA,6EP80LA8AA,Cover | Rear Seat Back Cover,1:Assist Strap,https://www.moparamerica.com/oem-parts/mopar-rear-seat-back-cover-6ep80la8aa,https://www.moparamerica.com/v-2017-dodge-charger--r-t-scat-pack--6-4l-v8-gas/interior-trim--rear-seats-second-row?assembly=1,evidence/mopar/illustrations/2C3CDXGJ2HH530684/rear-seats-second-row__assembly-01.png
2C3CDXGJ2HH530684,2017 Dodge Charger R/T Scat Pack 6.4L V8 Gas,rear-seats-second-row,6EP81LA8AA,6EP81LA8AA,Rear Seat Cushion Cover,1:Assist Strap,https://www.moparamerica.com/oem-parts/mopar-rear-seat-cushion-cover-6ep81la8aa,https://www.moparamerica.com/v-2017-dodge-charger--r-t-scat-pack--6-4l-v8-gas/interior-trim--rear-seats-second-row?assembly=1,evidence/mopar/illustrations/2C3CDXGJ2HH530684/rear-seats-second-row__assembly-01.png
2C3CDXGJ2HH530684,2017 Dodge Charger R/T Scat Pack 6.4L V8 Gas,rear-seats-second-row,6HZ46LK5AA,6HZ46LK5AA,Rear Seat Back Cover,1:Assist Strap,https://www.moparamerica.com/oem-parts/mopar-rear-seat-back-cover-6hz46lk5aa,https://www.moparamerica.com/v-2017-dodge-charger--r-t-scat-pack--6-4l-v8-gas/interior-trim--rear-seats-second-row?assembly=1,evidence/mopar/illustrations/2C3CDXGJ2HH530684/rear-seats-second-row__assembly-01.png
2C3CDXGJ2HH530684,2017 Dodge Charger R/T Scat Pack 6.4L V8 Gas,rear-seats-second-row,6HZ47LK5AA,6HZ47LK5AA,Rear Seat Back Cover,1:Assist Strap,https://www.moparamerica.com/oem-parts/mopar-rear-seat-back-cover-6hz47lk5aa,https://www.moparamerica.com/v-2017-dodge-charger--r-t-scat-pack--6-4l-v8-gas/interior-trim--rear-seats-second-row?assembly=1,evidence/mopar/illustrations/2C3CDXGJ2HH530684/rear-seats-second-row__assembly-01.png
2C3CDXGJ2HH530684,2017 Dodge Charger R/T Scat Pack 6.4L V8 Gas,rear-seats-second-row,6HZ48LK5AA,6HZ48LK5AA,Rear Seat Cushion Cover,1:Assist Strap,https://www.moparamerica.com/oem-parts/mopar-rear-seat-cushion-cover-6hz48lk5aa,https://www.moparamerica.com/v-2017-dodge-charger--r-t-scat-pack--6-4l-v8-gas/interior-trim--rear-seats-second-row?assembly=1,evidence/mopar/illustrations/2C3CDXGJ2HH530684/rear-seats-second-row__assembly-01.png
2C3CCAEG4HH586472,2017 Chrysler 300 C 3.6L V6 Gas,rear-seats-second-row,6LZ75LA3AA,6LZ75LA3AA,2017-2020 Chrysler 300 - Rear Seat Back Cover | Cover,2:Armrest Lid Hinge Pin,https://www.moparamerica.com/oem-parts/mopar-2017-2020-chrysler-300-rear-seat-back-cover-6lz75la3aa,https://www.moparamerica.com/v-2017-chrysler-300--c--3-6l-v6-gas/interior-trim--rear-seats-second-row?assembly=2,evidence/mopar/illustrations/2C3CCAEG4HH586472/rear-seats-second-row__assembly-02.png
2C3CCAEG4HH586472,2017 Chrysler 300 C 3.6L V6 Gas,rear-seats-second-row,6LZ75LK5AA,6LZ75LK5AA,2017-2020 Chrysler 300 - Rear Seat Back Cover | Cover,2:Armrest Lid Hinge Pin,https://www.moparamerica.com/oem-parts/mopar-2017-2020-chrysler-300-rear-seat-back-cover-6lz75lk5aa,https://www.moparamerica.com/v-2017-chrysler-300--c--3-6l-v6-gas/interior-trim--rear-seats-second-row?assembly=2,evidence/mopar/illustrations/2C3CCAEG4HH586472/rear-seats-second-row__assembly-02.png
2C3CCAEG4HH586472,2017 Chrysler 300 C 3.6L V6 Gas,rear-seats-second-row,6LZ75ND2AA,6LZ75ND2AA,Cover | Rear Seat Back Cover,2:Armrest Lid Hinge Pin,https://www.moparamerica.com/oem-parts/mopar-rear-seat-back-cover-6lz75nd2aa,https://www.moparamerica.com/v-2017-chrysler-300--c--3-6l-v6-gas/interior-trim--rear-seats-second-row?assembly=2,evidence/mopar/illustrations/2C3CCAEG4HH586472/rear-seats-second-row__assembly-02.png
2C3CCAEG4HH586472,2017 Chrysler 300 C 3.6L V6 Gas,rear-seats-second-row,6LZ76LA3AA,6LZ76LA3AA,2017-2020 Chrysler 300 - Rear Seat Back Cover | Cover,2:Armrest Lid Hinge Pin,https://www.moparamerica.com/oem-parts/mopar-2017-2020-chrysler-300-rear-seat-back-cover-6lz76la3aa,https://www.moparamerica.com/v-2017-chrysler-300--c--3-6l-v6-gas/interior-trim--rear-seats-second-row?assembly=2,evidence/mopar/illustrations/2C3CCAEG4HH586472/rear-seats-second-row__assembly-02.png
2C3CCAEG4HH586472,2017 Chrysler 300 C 3.6L V6 Gas,rear-seats-second-row,6LZ76LK5AA,6LZ76LK5AA,2017-2020 Chrysler 300 - Rear Seat Back Cover | Cover,2:Armrest Lid Hinge Pin,https://www.moparamerica.com/oem-parts/mopar-2017-2020-chrysler-300-rear-seat-back-cover-6lz76lk5aa,https://www.moparamerica.com/v-2017-chrysler-300--c--3-6l-v6-gas/interior-trim--rear-seats-second-row?assembly=2,evidence/mopar/illustrations/2C3CCAEG4HH586472/rear-seats-second-row__assembly-02.png
2C3CCAEG4HH586472,2017 Chrysler 300 C 3.6L V6 Gas,rear-seats-second-row,6LZ76ND2AA,6LZ76ND2AA,Cover | Rear Seat Back Cover,2:Armrest Lid Hinge Pin,https://www.moparamerica.com/oem-parts/mopar-rear-seat-back-cover-6lz76nd2aa,https://www.moparamerica.com/v-2017-chrysler-300--c--3-6l-v6-gas/interior-trim--rear-seats-second-row?assembly=2,evidence/mopar/illustrations/2C3CCAEG4HH586472/rear-seats-second-row__assembly-02.png
2C3CCAEG4HH586472,2017 Chrysler 300 C 3.6L V6 Gas,rear-seats-second-row,6LZ77LA3AA,6LZ77LA3AA,2017-2020 Chrysler 300 - Rear Seat Cushion Cover | Cover,2:Armrest Lid Hinge Pin,https://www.moparamerica.com/oem-parts/mopar-2017-2020-chrysler-300-rear-seat-cushion-cover-6lz77la3aa,https://www.moparamerica.com/v-2017-chrysler-300--c--3-6l-v6-gas/interior-trim--rear-seats-second-row?assembly=2,evidence/mopar/illustrations/2C3CCAEG4HH586472/rear-seats-second-row__assembly-02.png
2C3CCAEG4HH586472,2017 Chrysler 300 C 3.6L V6 Gas,rear-seats-second-row,6LZ77LK5AA,6LZ77LK5AA,2017-2020 Chrysler 300 - Rear Seat Cushion Cover | Cover,2:Armrest Lid Hinge Pin,https://www.moparamerica.com/oem-parts/mopar-2017-2020-chrysler-300-rear-seat-cushion-cover-6lz77lk5aa,https://www.moparamerica.com/v-2017-chrysler-300--c--3-6l-v6-gas/interior-trim--rear-seats-second-row?assembly=2,evidence/mopar/illustrations/2C3CCAEG4HH586472/rear-seats-second-row__assembly-02.png
2C3CCAEG4HH586472,2017 Chrysler 300 C 3.6L V6 Gas,rear-seats-second-row,6LZ77ND2AA,6LZ77ND2AA,Cover | Rear Seat Cushion Cover,2:Armrest Lid Hinge Pin,https://www.moparamerica.com/oem-parts/mopar-rear-seat-cushion-cover-6lz77nd2aa,https://www.moparamerica.com/v-2017-chrysler-300--c--3-6l-v6-gas/interior-trim--rear-seats-second-row?assembly=2,evidence/mopar/illustrations/2C3CCAEG4HH586472/rear-seats-second-row__assembly-02.png
2C3CDXGJ2HH530684,2017 Dodge Charger R/T Scat Pack 6.4L V8 Gas,rear-seats-second-row,6RM701X9AA,6RM701X9AA,Seat Bolster Right,1:Assist Strap,https://www.moparamerica.com/oem-parts/mopar-2018-2021-dodge-charger-seat-bolster-right-6rm701x9aa,https://www.moparamerica.com/v-2017-dodge-charger--r-t-scat-pack--6-4l-v8-gas/interior-trim--rear-seats-second-row?assembly=1,evidence/mopar/illustrations/2C3CDXGJ2HH530684/rear-seats-second-row__assembly-01.png
2C3CDXGJ2HH530684,2017 Dodge Charger R/T Scat Pack 6.4L V8 Gas,rear-seats-second-row,6RM711X9AA,6RM711X9AA,Left | Seat Bolster Left,1:Assist Strap,https://www.moparamerica.com/oem-parts/mopar-2018-2021-dodge-charger-seat-bolster-left-6rm711x9aa,https://www.moparamerica.com/v-2017-dodge-charger--r-t-scat-pack--6-4l-v8-gas/interior-trim--rear-seats-second-row?assembly=1,evidence/mopar/illustrations/2C3CDXGJ2HH530684/rear-seats-second-row__assembly-01.png
2C3CCAEG4HH586472,2017 Chrysler 300 C 3.6L V6 Gas,rear-seats-second-row,6RM731X9AA,6RM731X9AA,2019 2020 Chrysler 300 - Seat Bolster Left | Left,7:Rear Headrest,https://www.moparamerica.com/oem-parts/mopar-2019-2020-chrysler-300-seat-bolster-left-6rm731x9aa,https://www.moparamerica.com/v-2017-chrysler-300--c--3-6l-v6-gas/interior-trim--rear-seats-second-row?assembly=7,evidence/mopar/illustrations/2C3CCAEG4HH586472/rear-seats-second-row__assembly-07.png
2C3CCAEG4HH586472,2017 Chrysler 300 C 3.6L V6 Gas,rear-seats-second-row,6RM761X9AA,6RM761X9AA,2015-2020 Chrysler 300 - Seat Bolster Right | Right,3:Armrest Lid Hinge Pin,https://www.moparamerica.com/oem-parts/mopar-2015-2020-chrysler-300-seat-bolster-right-6rm761x9aa,https://www.moparamerica.com/v-2017-chrysler-300--c--3-6l-v6-gas/interior-trim--rear-seats-second-row?assembly=3,evidence/mopar/illustrations/2C3CCAEG4HH586472/rear-seats-second-row__assembly-03.png
2C3CDXGJ2HH530684,2017 Dodge Charger R/T Scat Pack 6.4L V8 Gas,rear-seats-second-row,6RM801X9AA,6RM801X9AA,Right | Seat Bolster Right,1:Assist Strap,https://www.moparamerica.com/oem-parts/mopar-seat-bolster-right-6rm801x9aa,https://www.moparamerica.com/v-2017-dodge-charger--r-t-scat-pack--6-4l-v8-gas/interior-trim--rear-seats-second-row?assembly=1,evidence/mopar/illustrations/2C3CDXGJ2HH530684/rear-seats-second-row__assembly-01.png
2C3CDXGJ2HH530684,2017 Dodge Charger R/T Scat Pack 6.4L V8 Gas,rear-seats-second-row,6RM811X9AA,6RM811X9AA,Left | Seat Bolster Left,1:Assist Strap,https://www.moparamerica.com/oem-parts/mopar-seat-bolster-left-6rm811x9aa,https://www.moparamerica.com/v-2017-dodge-charger--r-t-scat-pack--6-4l-v8-gas/interior-trim--rear-seats-second-row?assembly=1,evidence/mopar/illustrations/2C3CDXGJ2HH530684/rear-seats-second-row__assembly-01.png
2C3CCAEG4HH586472,2017 Chrysler 300 C 3.6L V6 Gas,rear-seats-second-row,6RM911KXAA,6RM911KXAA,2017-2020 Chrysler 300 - Seat Bolster Left | Left,1:Armrest Lid Hinge Pin | 2:Armrest Lid Hinge Pin,https://www.moparamerica.com/oem-parts/mopar-2017-2020-chrysler-300-seat-bolster-left-6rm911kxaa,https://www.moparamerica.com/v-2017-chrysler-300--c--3-6l-v6-gas/interior-trim--rear-seats-second-row?assembly=1 | https://www.moparamerica.com/v-2017-chrysler-300--c--3-6l-v6-gas/interior-trim--rear-seats-second-row?assembly=2,evidence/mopar/illustrations/2C3CCAEG4HH586472/rear-seats-second-row__assembly-01.png | evidence/mopar/illustrations/2C3CCAEG4HH586472/rear-seats-second-row__assembly-02.png
2C3CCAEG4HH586472,2017 Chrysler 300 C 3.6L V6 Gas,rear-seats-second-row,6RM922XDAA,6RM922XDAA,"Seat Bolster, Right",1:Armrest Lid Hinge Pin | 2:Armrest Lid Hinge Pin,https://www.moparamerica.com/oem-parts/mopar-seat-bolster-right-6rm922xdaa,https://www.moparamerica.com/v-2017-chrysler-300--c--3-6l-v6-gas/interior-trim--rear-seats-second-row?assembly=1 | https://www.moparamerica.com/v-2017-chrysler-300--c--3-6l-v6-gas/interior-trim--rear-seats-second-row?assembly=2,evidence/mopar/illustrations/2C3CCAEG4HH586472/rear-seats-second-row__assembly-01.png | evidence/mopar/illustrations/2C3CCAEG4HH586472/rear-seats-second-row__assembly-02.png
2C3CCAEG4HH586472,2017 Chrysler 300 C 3.6L V6 Gas,rear-seats-second-row,6RM932XDAA,6RM932XDAA,"Seat Bolster, Left",1:Armrest Lid Hinge Pin | 2:Armrest Lid Hinge Pin,https://www.moparamerica.com/oem-parts/mopar-seat-bolster-left-6rm932xdaa,https://www.moparamerica.com/v-2017-chrysler-300--c--3-6l-v6-gas/interior-trim--rear-seats-second-row?assembly=1 | https://www.moparamerica.com/v-2017-chrysler-300--c--3-6l-v6-gas/interior-trim--rear-seats-second-row?assembly=2,evidence/mopar/illustrations/2C3CCAEG4HH586472/rear-seats-second-row__assembly-01.png | evidence/mopar/illustrations/2C3CCAEG4HH586472/rear-seats-second-row__assembly-02.png
2C3CCAEG4HH586472,2017 Chrysler 300 C 3.6L V6 Gas,seat-belts,1HZ052L1AI,1HZ052L1AI,Left,1:Seat Belt Extender,https://www.moparamerica.com/oem-parts/mopar-front-outer-seat-belt-left-1hz052l1ai,https://www.moparamerica.com/v-2017-chrysler-300--c--3-6l-v6-gas/restraints--seat-belts?assembly=1,evidence/mopar/illustrations/2C3CCAEG4HH586472/seat-belts__assembly-01.png
2C3CDXGJ2HH530684,2017 Dodge Charger R/T Scat Pack 6.4L V8 Gas,seat-belts,1HZ053L1AI,1HZ053L1AI,Left,1:Seat Belt Extender,https://www.moparamerica.com/oem-parts/mopar-front-outer-seat-belt-left-1hz053l1ai,https://www.moparamerica.com/v-2017-dodge-charger--r-t-scat-pack--6-4l-v8-gas/restraints--seat-belts?assembly=1,evidence/mopar/illustrations/2C3CDXGJ2HH530684/seat-belts__assembly-01.png
2C3CDXGJ2HH530684,2017 Dodge Charger R/T Scat Pack 6.4L V8 Gas,seat-belts,1HZ053T5AH,1HZ053T5AH,Left,1:Seat Belt Extender,https://www.moparamerica.com/oem-parts/mopar-front-outer-seat-belt-left-1hz053t5ah,https://www.moparamerica.com/v-2017-dodge-charger--r-t-scat-pack--6-4l-v8-gas/restraints--seat-belts?assembly=1,evidence/mopar/illustrations/2C3CDXGJ2HH530684/seat-belts__assembly-01.png
2C3CCAEG4HH586472,2017 Chrysler 300 C 3.6L V6 Gas,seat-belts,1HZ05DX9AI,1HZ05DX9AI,Left,1:Seat Belt Extender,https://www.moparamerica.com/oem-parts/mopar-front-outer-seat-belt-left-1hz05dx9ai,https://www.moparamerica.com/v-2017-chrysler-300--c--3-6l-v6-gas/restraints--seat-belts?assembly=1,evidence/mopar/illustrations/2C3CCAEG4HH586472/seat-belts__assembly-01.png
2C3CDXGJ2HH530684,2017 Dodge Charger R/T Scat Pack 6.4L V8 Gas,seat-belts,1HZ05DX9AI,1HZ05DX9AI,Left,1:Seat Belt Extender,https://www.moparamerica.com/oem-parts/mopar-front-outer-seat-belt-left-1hz05dx9ai,https://www.moparamerica.com/v-2017-dodge-charger--r-t-scat-pack--6-4l-v8-gas/restraints--seat-belts?assembly=1,evidence/mopar/illustrations/2C3CDXGJ2HH530684/seat-belts__assembly-01.png
2C3CCAEG4HH586472,2017 Chrysler 300 C 3.6L V6 Gas,seat-belts,1HZ06DX9AI,1HZ06DX9AI,"Front Outer Seat Belt, Right | Right",1:Seat Belt Extender,https://www.moparamerica.com/oem-parts/mopar-front-outer-seat-belt-right-1hz06dx9ai,https://www.moparamerica.com/v-2017-chrysler-300--c--3-6l-v6-gas/restraints--seat-belts?assembly=1,evidence/mopar/illustrations/2C3CCAEG4HH586472/seat-belts__assembly-01.png
2C3CDXGJ2HH530684,2017 Dodge Charger R/T Scat Pack 6.4L V8 Gas,seat-belts,1HZ06DX9AI,1HZ06DX9AI,"Front Outer Seat Belt, Right | Right",1:Seat Belt Extender,https://www.moparamerica.com/oem-parts/mopar-front-outer-seat-belt-right-1hz06dx9ai,https://www.moparamerica.com/v-2017-dodge-charger--r-t-scat-pack--6-4l-v8-gas/restraints--seat-belts?assembly=1,evidence/mopar/illustrations/2C3CDXGJ2HH530684/seat-belts__assembly-01.png
2C3CCAEG4HH586472,2017 Chrysler 300 C 3.6L V6 Gas,seat-belts,1HZ07DX9AI,1HZ07DX9AI,Left,1:Seat Belt Extender,https://www.moparamerica.com/oem-parts/mopar-front-outer-seat-belt-left-1hz07dx9ai,https://www.moparamerica.com/v-2017-chrysler-300--c--3-6l-v6-gas/restraints--seat-belts?assembly=1,evidence/mopar/illustrations/2C3CCAEG4HH586472/seat-belts__assembly-01.png
2C3CCAEG4HH586472,2017 Chrysler 300 C 3.6L V6 Gas,seat-belts,1HZ08LC5AI,1HZ08LC5AI,Right,1:Seat Belt Extender,https://www.moparamerica.com/oem-parts/mopar-front-outer-seat-belt-right-1hz08lc5ai,https://www.moparamerica.com/v-2017-chrysler-300--c--3-6l-v6-gas/restraints--seat-belts?assembly=1,evidence/mopar/illustrations/2C3CCAEG4HH586472/seat-belts__assembly-01.png
2C3CCAEG4HH586472,2017 Chrysler 300 C 3.6L V6 Gas,seat-belts,1HZ141C5AE,1HZ141C5AE,Assy | Buckle Assembly-S/Belt Buckle Assembly,2:Retractor Seat Belt,https://www.moparamerica.com/oem-parts/mopar-buckle-assembly-s-belt-buckle-assembly-1hz141c5ae,https://www.moparamerica.com/v-2017-chrysler-300--c--3-6l-v6-gas/restraints--seat-belts?assembly=2,evidence/mopar/illustrations/2C3CCAEG4HH586472/seat-belts__assembly-02.png
2C3CDXGJ2HH530684,2017 Dodge Charger R/T Scat Pack 6.4L V8 Gas,seat-belts,1TR581X9AH,1TR581X9AH,Front Inner Seat Belt | Left,1:Seat Belt Extender,https://www.moparamerica.com/oem-parts/mopar-front-inner-seat-belt-1tr581x9ah,https://www.moparamerica.com/v-2017-dodge-charger--r-t-scat-pack--6-4l-v8-gas/restraints--seat-belts?assembly=1,evidence/mopar/illustrations/2C3CDXGJ2HH530684/seat-belts__assembly-01.png
2C3CCAEG4HH586472,2017 Chrysler 300 C 3.6L V6 Gas,seat-belts,5135197AA,5135197AA,Seat Belt Extender,1:Seat Belt Extender,https://www.moparamerica.com/oem-parts/mopar-seat-belt-extender-5135197aa,https://www.moparamerica.com/v-2017-chrysler-300--c--3-6l-v6-gas/restraints--seat-belts?assembly=1,evidence/mopar/illustrations/2C3CCAEG4HH586472/seat-belts__assembly-01.png
2C3CDXGJ2HH530684,2017 Dodge Charger R/T Scat Pack 6.4L V8 Gas,seat-belts,5135197AA,5135197AA,Seat Belt Extender,1:Seat Belt Extender,https://www.moparamerica.com/oem-parts/mopar-seat-belt-extender-5135197aa,https://www.moparamerica.com/v-2017-dodge-charger--r-t-scat-pack--6-4l-v8-gas/restraints--seat-belts?assembly=1,evidence/mopar/illustrations/2C3CDXGJ2HH530684/seat-belts__assembly-01.png
2C3CCAEG4HH586472,2017 Chrysler 300 C 3.6L V6 Gas,seat-belts,6105124AA,06105124AA,Pan Head Screw,1:Seat Belt Extender | 2:Retractor Seat Belt,https://www.moparamerica.com/oem-parts/mopar-pan-head-screw-6105124aa,https://www.moparamerica.com/v-2017-chrysler-300--c--3-6l-v6-gas/restraints--seat-belts?assembly=1 | https://www.moparamerica.com/v-2017-chrysler-300--c--3-6l-v6-gas/restraints--seat-belts?assembly=2,evidence/mopar/illustrations/2C3CCAEG4HH586472/seat-belts__assembly-01.png | evidence/mopar/illustrations/2C3CCAEG4HH586472/seat-belts__assembly-02.png
2C3CDXGJ2HH530684,2017 Dodge Charger R/T Scat Pack 6.4L V8 Gas,seat-belts,6105124AA,06105124AA,Pan Head Screw,"1:Seat Belt Extender | 2:Retractor Seat Belt, Left",https://www.moparamerica.com/oem-parts/mopar-pan-head-screw-6105124aa,https://www.moparamerica.com/v-2017-dodge-charger--r-t-scat-pack--6-4l-v8-gas/restraints--seat-belts?assembly=1 | https://www.moparamerica.com/v-2017-dodge-charger--r-t-scat-pack--6-4l-v8-gas/restraints--seat-belts?assembly=2,evidence/mopar/illustrations/2C3CDXGJ2HH530684/seat-belts__assembly-01.png | evidence/mopar/illustrations/2C3CDXGJ2HH530684/seat-belts__assembly-02.png
2C3CCAEG4HH586472,2017 Chrysler 300 C 3.6L V6 Gas,seat-belts,6502724,6502724,Hex Flange Nut | Nut,2:Retractor Seat Belt,https://www.moparamerica.com/oem-parts/mopar-hex-flange-nut-6502724,https://www.moparamerica.com/v-2017-chrysler-300--c--3-6l-v6-gas/restraints--seat-belts?assembly=2,evidence/mopar/illustrations/2C3CCAEG4HH586472/seat-belts__assembly-02.png
2C3CDXGJ2HH530684,2017 Dodge Charger R/T Scat Pack 6.4L V8 Gas,seat-belts,6502724,6502724,Hex Flange Nut | Nut,"2:Retractor Seat Belt, Left",https://www.moparamerica.com/oem-parts/mopar-hex-flange-nut-6502724,https://www.moparamerica.com/v-2017-dodge-charger--r-t-scat-pack--6-4l-v8-gas/restraints--seat-belts?assembly=2,evidence/mopar/illustrations/2C3CDXGJ2HH530684/seat-belts__assembly-02.png
2C3CCAEG4HH586472,2017 Chrysler 300 C 3.6L V6 Gas,seat-belts,6504537,6504537,Flange Locking Nut | Nut,2:Retractor Seat Belt,https://www.moparamerica.com/oem-parts/mopar-flange-locking-nut-6504537,https://www.moparamerica.com/v-2017-chrysler-300--c--3-6l-v6-gas/restraints--seat-belts?assembly=2,evidence/mopar/illustrations/2C3CCAEG4HH586472/seat-belts__assembly-02.png
2C3CDXGJ2HH530684,2017 Dodge Charger R/T Scat Pack 6.4L V8 Gas,seat-belts,6504537,6504537,Flange Locking Nut | Nut,"2:Retractor Seat Belt, Left",https://www.moparamerica.com/oem-parts/mopar-flange-locking-nut-6504537,https://www.moparamerica.com/v-2017-dodge-charger--r-t-scat-pack--6-4l-v8-gas/restraints--seat-belts?assembly=2,evidence/mopar/illustrations/2C3CDXGJ2HH530684/seat-belts__assembly-02.png
2C3CCAEG4HH586472,2017 Chrysler 300 C 3.6L V6 Gas,seat-belts,6509460AA,6509460AA,Hex Nut | Nut,1:Seat Belt Extender,https://www.moparamerica.com/oem-parts/mopar-hex-nut-6509460aa,https://www.moparamerica.com/v-2017-chrysler-300--c--3-6l-v6-gas/restraints--seat-belts?assembly=1,evidence/mopar/illustrations/2C3CCAEG4HH586472/seat-belts__assembly-01.png
2C3CDXGJ2HH530684,2017 Dodge Charger R/T Scat Pack 6.4L V8 Gas,seat-belts,6509460AA,6509460AA,Hex Nut | Nut,1:Seat Belt Extender,https://www.moparamerica.com/oem-parts/mopar-hex-nut-6509460aa,https://www.moparamerica.com/v-2017-dodge-charger--r-t-scat-pack--6-4l-v8-gas/restraints--seat-belts?assembly=1,evidence/mopar/illustrations/2C3CDXGJ2HH530684/seat-belts__assembly-01.png
2C3CCAEG4HH586472,2017 Chrysler 300 C 3.6L V6 Gas,seat-belts,68080745AD,68080745AD,Adjuster | Seat Belt Turning Loop Adjuster,1:Seat Belt Extender,https://www.moparamerica.com/oem-parts/mopar-seat-belt-turning-loop-adjuster-68080745ad,https://www.moparamerica.com/v-2017-chrysler-300--c--3-6l-v6-gas/restraints--seat-belts?assembly=1,evidence/mopar/illustrations/2C3CCAEG4HH586472/seat-belts__assembly-01.png
2C3CDXGJ2HH530684,2017 Dodge Charger R/T Scat Pack 6.4L V8 Gas,seat-belts,68080745AD,68080745AD,Adjuster | Seat Belt Turning Loop Adjuster,1:Seat Belt Extender,https://www.moparamerica.com/oem-parts/mopar-seat-belt-turning-loop-adjuster-68080745ad,https://www.moparamerica.com/v-2017-dodge-charger--r-t-scat-pack--6-4l-v8-gas/restraints--seat-belts?assembly=1,evidence/mopar/illustrations/2C3CDXGJ2HH530684/seat-belts__assembly-01.png
2C3CDXGJ2HH530684,2017 Dodge Charger R/T Scat Pack 6.4L V8 Gas,seat-belts,68770738AA,68770738AA,"Left | Retractor Seat Belt, Left","2:Retractor Seat Belt, Left",https://www.moparamerica.com/oem-parts/mopar-retractor-seat-belt-left-68770738aa,https://www.moparamerica.com/v-2017-dodge-charger--r-t-scat-pack--6-4l-v8-gas/restraints--seat-belts?assembly=2,evidence/mopar/illustrations/2C3CDXGJ2HH530684/seat-belts__assembly-02.png
2C3CDXGJ2HH530684,2017 Dodge Charger R/T Scat Pack 6.4L V8 Gas,seat-belts,68770740AA,68770740AA,"Retractor Seat Belt, Right | Right","2:Retractor Seat Belt, Left",https://www.moparamerica.com/oem-parts/mopar-retractor-seat-belt-right-68770740aa,https://www.moparamerica.com/v-2017-dodge-charger--r-t-scat-pack--6-4l-v8-gas/restraints--seat-belts?assembly=2,evidence/mopar/illustrations/2C3CDXGJ2HH530684/seat-belts__assembly-02.png
2C3CDXGJ2HH530684,2017 Dodge Charger R/T Scat Pack 6.4L V8 Gas,seat-belts,68770743AA,68770743AA,"2nd Rear Center Seat Belt, Right | Right","2:Retractor Seat Belt, Left",https://www.moparamerica.com/oem-parts/mopar-2nd-rear-center-seat-belt-right-68770743aa,https://www.moparamerica.com/v-2017-dodge-charger--r-t-scat-pack--6-4l-v8-gas/restraints--seat-belts?assembly=2,evidence/mopar/illustrations/2C3CDXGJ2HH530684/seat-belts__assembly-02.png
2C3CCAEG4HH586472,2017 Chrysler 300 C 3.6L V6 Gas,seat-belts,68770846AA,68770846AA,Assy | Buckle Assembly-S/Belt Buckle Assembly,2:Retractor Seat Belt,https://www.moparamerica.com/oem-parts/mopar-buckle-assembly-s-belt-buckle-assembly-68770846aa,https://www.moparamerica.com/v-2017-chrysler-300--c--3-6l-v6-gas/restraints--seat-belts?assembly=2,evidence/mopar/illustrations/2C3CCAEG4HH586472/seat-belts__assembly-02.png
2C3CDXGJ2HH530684,2017 Dodge Charger R/T Scat Pack 6.4L V8 Gas,seat-belts,68770846AA,68770846AA,Buckle Assembly-S/Belt Buckle Assembly | Right,"2:Retractor Seat Belt, Left",https://www.moparamerica.com/oem-parts/mopar-buckle-assembly-s-belt-buckle-assembly-68770846aa,https://www.moparamerica.com/v-2017-dodge-charger--r-t-scat-pack--6-4l-v8-gas/restraints--seat-belts?assembly=2,evidence/mopar/illustrations/2C3CDXGJ2HH530684/seat-belts__assembly-02.png
2C3CCAEG4HH586472,2017 Chrysler 300 C 3.6L V6 Gas,seat-belts,68770855AA,68770855AA,Belt | Retractor Seat Belt,2:Retractor Seat Belt,https://www.moparamerica.com/oem-parts/mopar-retractor-seat-belt-68770855aa,https://www.moparamerica.com/v-2017-chrysler-300--c--3-6l-v6-gas/restraints--seat-belts?assembly=2,evidence/mopar/illustrations/2C3CCAEG4HH586472/seat-belts__assembly-02.png
2C3CCAEG4HH586472,2017 Chrysler 300 C 3.6L V6 Gas,seat-belts,68770856AA,68770856AA,Belt | Retractor Seat Belt,2:Retractor Seat Belt,https://www.moparamerica.com/oem-parts/mopar-retractor-seat-belt-68770856aa,https://www.moparamerica.com/v-2017-chrysler-300--c--3-6l-v6-gas/restraints--seat-belts?assembly=2,evidence/mopar/illustrations/2C3CCAEG4HH586472/seat-belts__assembly-02.png
2C3CCAEG4HH586472,2017 Chrysler 300 C 3.6L V6 Gas,seat-belts,68770859AA,68770859AA,2nd Rear Center Seat Belt | Belt,2:Retractor Seat Belt,https://www.moparamerica.com/oem-parts/mopar-2nd-rear-center-seat-belt-68770859aa,https://www.moparamerica.com/v-2017-chrysler-300--c--3-6l-v6-gas/restraints--seat-belts?assembly=2,evidence/mopar/illustrations/2C3CCAEG4HH586472/seat-belts__assembly-02.png
2C3CCAEG4HH586472,2017 Chrysler 300 C 3.6L V6 Gas,seat-belts,68770860AA,68770860AA,2nd Rear Center Seat Belt | Belt,2:Retractor Seat Belt,https://www.moparamerica.com/oem-parts/mopar-2nd-rear-center-seat-belt-68770860aa,https://www.moparamerica.com/v-2017-chrysler-300--c--3-6l-v6-gas/restraints--seat-belts?assembly=2,evidence/mopar/illustrations/2C3CCAEG4HH586472/seat-belts__assembly-02.png
2C3CCAEG4HH586472,2017 Chrysler 300 C 3.6L V6 Gas,seat-belts,6ET081C5AB,6ET081C5AB,Right,1:Seat Belt Extender,https://www.moparamerica.com/oem-parts/mopar-front-inner-seat-belt-right-6et081c5ab,https://www.moparamerica.com/v-2017-chrysler-300--c--3-6l-v6-gas/restraints--seat-belts?assembly=1,evidence/mopar/illustrations/2C3CCAEG4HH586472/seat-belts__assembly-01.png
2C3CCAEG4HH586472,2017 Chrysler 300 C 3.6L V6 Gas,seat-belts,6ET081X9AB,6ET081X9AB,Right,1:Seat Belt Extender,https://www.moparamerica.com/oem-parts/mopar-front-inner-seat-belt-right-6et081x9ab,https://www.moparamerica.com/v-2017-chrysler-300--c--3-6l-v6-gas/restraints--seat-belts?assembly=1,evidence/mopar/illustrations/2C3CCAEG4HH586472/seat-belts__assembly-01.png
2C3CDXGJ2HH530684,2017 Dodge Charger R/T Scat Pack 6.4L V8 Gas,seat-belts,6ET081X9AB,6ET081X9AB,Right,1:Seat Belt Extender,https://www.moparamerica.com/oem-parts/mopar-front-inner-seat-belt-right-6et081x9ab,https://www.moparamerica.com/v-2017-dodge-charger--r-t-scat-pack--6-4l-v8-gas/restraints--seat-belts?assembly=1,evidence/mopar/illustrations/2C3CDXGJ2HH530684/seat-belts__assembly-01.png
2C3CCAEG4HH586472,2017 Chrysler 300 C 3.6L V6 Gas,seat-belts,6ET091C5AB,6ET091C5AB,Left,1:Seat Belt Extender,https://www.moparamerica.com/oem-parts/mopar-front-inner-seat-belt-left-6et091c5ab,https://www.moparamerica.com/v-2017-chrysler-300--c--3-6l-v6-gas/restraints--seat-belts?assembly=1,evidence/mopar/illustrations/2C3CCAEG4HH586472/seat-belts__assembly-01.png
2C3CCAEG4HH586472,2017 Chrysler 300 C 3.6L V6 Gas,seat-belts,6ET091X9AB,6ET091X9AB,"Front Inner Seat Belt, Left | Left",1:Seat Belt Extender,https://www.moparamerica.com/oem-parts/mopar-front-inner-seat-belt-left-6et091x9ab,https://www.moparamerica.com/v-2017-chrysler-300--c--3-6l-v6-gas/restraints--seat-belts?assembly=1,evidence/mopar/illustrations/2C3CCAEG4HH586472/seat-belts__assembly-01.png
2C3CDXGJ2HH530684,2017 Dodge Charger R/T Scat Pack 6.4L V8 Gas,seat-belts,6ET091X9AB,6ET091X9AB,"Front Inner Seat Belt, Left | Left",1:Seat Belt Extender,https://www.moparamerica.com/oem-parts/mopar-front-inner-seat-belt-left-6et091x9ab,https://www.moparamerica.com/v-2017-dodge-charger--r-t-scat-pack--6-4l-v8-gas/restraints--seat-belts?assembly=1,evidence/mopar/illustrations/2C3CDXGJ2HH530684/seat-belts__assembly-01.png
2C3CCAEG4HH586472,2017 Chrysler 300 C 3.6L V6 Gas,steering-column,5097674AA,5097674AA,Hex Nut | Nut,1:Steering Column 19,https://www.moparamerica.com/oem-parts/mopar-hex-nut-5097674aa,https://www.moparamerica.com/v-2017-chrysler-300--c--3-6l-v6-gas/steering--steering-column-and-intermediate-shaft,evidence/mopar/illustrations/2C3CCAEG4HH586472/steering-column__assembly-01.png
2C3CDXGJ2HH530684,2017 Dodge Charger R/T Scat Pack 6.4L V8 Gas,steering-column,55057336AC,55057336AC,Coupling | Steering Coupling,1:Steering Column 14,https://www.moparamerica.com/oem-parts/mopar-steering-coupling-55057336ac,https://www.moparamerica.com/v-2017-dodge-charger--r-t-scat-pack--6-4l-v8-gas/steering--steering-column-and-intermediate-shaft,evidence/mopar/illustrations/2C3CDXGJ2HH530684/steering-column__assembly-01.png
2C3CCAEG4HH586472,2017 Chrysler 300 C 3.6L V6 Gas,steering-column,55057340AB,55057340AB,Coupling | Steering Coupling,1:Steering Column 19,https://www.moparamerica.com/oem-parts/mopar-steering-coupling-55057340ab,https://www.moparamerica.com/v-2017-chrysler-300--c--3-6l-v6-gas/steering--steering-column-and-intermediate-shaft,evidence/mopar/illustrations/2C3CCAEG4HH586472/steering-column__assembly-01.png
2C3CDXGJ2HH530684,2017 Dodge Charger R/T Scat Pack 6.4L V8 Gas,steering-column,6104386AA,6104386AA,Hex Head Bolt And Washer | Washer,1:Steering Column 14,https://www.moparamerica.com/oem-parts/mopar-hex-head-bolt-and-washer-6104386aa,https://www.moparamerica.com/v-2017-dodge-charger--r-t-scat-pack--6-4l-v8-gas/steering--steering-column-and-intermediate-shaft,evidence/mopar/illustrations/2C3CDXGJ2HH530684/steering-column__assembly-01.png
2C3CCAEG4HH586472,2017 Chrysler 300 C 3.6L V6 Gas,steering-column,6104406AA,6104406AA,Hex Head Screw And Washer | Washer,1:Steering Column 19,https://www.moparamerica.com/oem-parts/mopar-hex-head-screw-and-washer-6104406aa,https://www.moparamerica.com/v-2017-chrysler-300--c--3-6l-v6-gas/steering--steering-column-and-intermediate-shaft,evidence/mopar/illustrations/2C3CCAEG4HH586472/steering-column__assembly-01.png
2C3CDXGJ2HH530684,2017 Dodge Charger R/T Scat Pack 6.4L V8 Gas,steering-column,6104406AA,6104406AA,Hex Head Screw And Washer | Washer,1:Steering Column 14,https://www.moparamerica.com/oem-parts/mopar-hex-head-screw-and-washer-6104406aa,https://www.moparamerica.com/v-2017-dodge-charger--r-t-scat-pack--6-4l-v8-gas/steering--steering-column-and-intermediate-shaft,evidence/mopar/illustrations/2C3CDXGJ2HH530684/steering-column__assembly-01.png
2C3CCAEG4HH586472,2017 Chrysler 300 C 3.6L V6 Gas,steering-column,6104709AA,6104709AA,Hex Flange Nut | Nut,1:Steering Column 19,https://www.moparamerica.com/oem-parts/mopar-hex-flange-nut-6104709aa,https://www.moparamerica.com/v-2017-chrysler-300--c--3-6l-v6-gas/steering--steering-column-and-intermediate-shaft,evidence/mopar/illustrations/2C3CCAEG4HH586472/steering-column__assembly-01.png
2C3CDXGJ2HH530684,2017 Dodge Charger R/T Scat Pack 6.4L V8 Gas,steering-column,6104709AA,6104709AA,Hex Flange Nut | Nut,1:Steering Column 14,https://www.moparamerica.com/oem-parts/mopar-hex-flange-nut-6104709aa,https://www.moparamerica.com/v-2017-dodge-charger--r-t-scat-pack--6-4l-v8-gas/steering--steering-column-and-intermediate-shaft,evidence/mopar/illustrations/2C3CDXGJ2HH530684/steering-column__assembly-01.png
2C3CCAEG4HH586472,2017 Chrysler 300 C 3.6L V6 Gas,steering-column,6104716AA,06104716AA | 6104716AA,Hex Flange Nut | Nut,1:Steering Column 19,https://www.moparamerica.com/oem-parts/mopar-hex-flange-nut-6104716aa,https://www.moparamerica.com/v-2017-chrysler-300--c--3-6l-v6-gas/steering--steering-column-and-intermediate-shaft,evidence/mopar/illustrations/2C3CCAEG4HH586472/steering-column__assembly-01.png
2C3CDXGJ2HH530684,2017 Dodge Charger R/T Scat Pack 6.4L V8 Gas,steering-column,6104716AA,06104716AA | 6104716AA,Hex Flange Nut | Nut,1:Steering Column 14,https://www.moparamerica.com/oem-parts/mopar-hex-flange-nut-6104716aa,https://www.moparamerica.com/v-2017-dodge-charger--r-t-scat-pack--6-4l-v8-gas/steering--steering-column-and-intermediate-shaft,evidence/mopar/illustrations/2C3CDXGJ2HH530684/steering-column__assembly-01.png
2C3CCAEG4HH586472,2017 Chrysler 300 C 3.6L V6 Gas,steering-column,6506950AA,6506950AA,Bolt | Hex Flange Head Locking Bolt,1:Steering Column 19,https://www.moparamerica.com/oem-parts/mopar-hex-flange-head-locking-bolt-6506950aa,https://www.moparamerica.com/v-2017-chrysler-300--c--3-6l-v6-gas/steering--steering-column-and-intermediate-shaft,evidence/mopar/illustrations/2C3CCAEG4HH586472/steering-column__assembly-01.png
2C3CDXGJ2HH530684,2017 Dodge Charger R/T Scat Pack 6.4L V8 Gas,steering-column,6506950AA,6506950AA,Bolt | Hex Flange Head Locking Bolt,1:Steering Column 14,https://www.moparamerica.com/oem-parts/mopar-hex-flange-head-locking-bolt-6506950aa,https://www.moparamerica.com/v-2017-dodge-charger--r-t-scat-pack--6-4l-v8-gas/steering--steering-column-and-intermediate-shaft,evidence/mopar/illustrations/2C3CDXGJ2HH530684/steering-column__assembly-01.png
2C3CCAEG4HH586472,2017 Chrysler 300 C 3.6L V6 Gas,steering-column,6510755AA,6510755AA,Hex Head Screw And Washer | Washer,1:Steering Column 19,https://www.moparamerica.com/oem-parts/mopar-hex-head-screw-and-washer-6510755aa,https://www.moparamerica.com/v-2017-chrysler-300--c--3-6l-v6-gas/steering--steering-column-and-intermediate-shaft,evidence/mopar/illustrations/2C3CCAEG4HH586472/steering-column__assembly-01.png
2C3CDXGJ2HH530684,2017 Dodge Charger R/T Scat Pack 6.4L V8 Gas,steering-column,6510755AA,6510755AA,Hex Head Screw And Washer | Washer,1:Steering Column 14,https://www.moparamerica.com/oem-parts/mopar-hex-head-screw-and-washer-6510755aa,https://www.moparamerica.com/v-2017-dodge-charger--r-t-scat-pack--6-4l-v8-gas/steering--steering-column-and-intermediate-shaft,evidence/mopar/illustrations/2C3CDXGJ2HH530684/steering-column__assembly-01.png
2C3CCAEG4HH586472,2017 Chrysler 300 C 3.6L V6 Gas,steering-column,68083595AD,68083595AD,"Coupling | Steering Coupling, All Wheel Drive",1:Steering Column 19,https://www.moparamerica.com/oem-parts/mopar-steering-coupling-all-wheel-drive-68083595ad,https://www.moparamerica.com/v-2017-chrysler-300--c--3-6l-v6-gas/steering--steering-column-and-intermediate-shaft,evidence/mopar/illustrations/2C3CCAEG4HH586472/steering-column__assembly-01.png
2C3CCAEG4HH586472,2017 Chrysler 300 C 3.6L V6 Gas,steering-column,68140568AG,68140568AG,2014-2020 Mopar Steering Column | Column,1:Steering Column 19,https://www.moparamerica.com/oem-parts/mopar-2014-2020-mopar-steering-column-68140568ag,https://www.moparamerica.com/v-2017-chrysler-300--c--3-6l-v6-gas/steering--steering-column-and-intermediate-shaft,evidence/mopar/illustrations/2C3CCAEG4HH586472/steering-column__assembly-01.png
2C3CCAEG4HH586472,2017 Chrysler 300 C 3.6L V6 Gas,steering-column,68140569AG,68140569AG,2014-2021 Mopar Steering Column | Column,1:Steering Column 19,https://www.moparamerica.com/oem-parts/mopar-2014-2021-mopar-steering-column-68140569ag,https://www.moparamerica.com/v-2017-chrysler-300--c--3-6l-v6-gas/steering--steering-column-and-intermediate-shaft,evidence/mopar/illustrations/2C3CCAEG4HH586472/steering-column__assembly-01.png
2C3CDXGJ2HH530684,2017 Dodge Charger R/T Scat Pack 6.4L V8 Gas,steering-column,68140569AG,68140569AG,2014-2021 Mopar Steering Column | Column,1:Steering Column 14,https://www.moparamerica.com/oem-parts/mopar-2014-2021-mopar-steering-column-68140569ag,https://www.moparamerica.com/v-2017-dodge-charger--r-t-scat-pack--6-4l-v8-gas/steering--steering-column-and-intermediate-shaft,evidence/mopar/illustrations/2C3CDXGJ2HH530684/steering-column__assembly-01.png
2C3CDXGJ2HH530684,2017 Dodge Charger R/T Scat Pack 6.4L V8 Gas,steering-column,68248471AD,68248471AD,Column | Steering Column,1:Steering Column 14,https://www.moparamerica.com/oem-parts/mopar-2015-2019-dodge-charger-steering-column-68248471ad,https://www.moparamerica.com/v-2017-dodge-charger--r-t-scat-pack--6-4l-v8-gas/steering--steering-column-and-intermediate-shaft,evidence/mopar/illustrations/2C3CDXGJ2HH530684/steering-column__assembly-01.png
2C3CCAEG4HH586472,2017 Chrysler 300 C 3.6L V6 Gas,steering-column,68259474AD,68259474AD,2014-2021 Mopar Steering Column | Column,1:Steering Column 19,https://www.moparamerica.com/oem-parts/mopar-2014-2021-mopar-steering-column-68259474ad,https://www.moparamerica.com/v-2017-chrysler-300--c--3-6l-v6-gas/steering--steering-column-and-intermediate-shaft,evidence/mopar/illustrations/2C3CCAEG4HH586472/steering-column__assembly-01.png
2C3CDXGJ2HH530684,2017 Dodge Charger R/T Scat Pack 6.4L V8 Gas,steering-column,68259474AD,68259474AD,2014-2021 Mopar Steering Column | Column,1:Steering Column 14,https://www.moparamerica.com/oem-parts/mopar-2014-2021-mopar-steering-column-68259474ad,https://www.moparamerica.com/v-2017-dodge-charger--r-t-scat-pack--6-4l-v8-gas/steering--steering-column-and-intermediate-shaft,evidence/mopar/illustrations/2C3CDXGJ2HH530684/steering-column__assembly-01.png
2C3CCAEG4HH586472,2017 Chrysler 300 C 3.6L V6 Gas,steering-column,68259475AD,68259475AD,2015-2021 Mopar Steering Column All Wheel Drive | Column,1:Steering Column 19,https://www.moparamerica.com/oem-parts/mopar-2015-2021-mopar-steering-column-all-wheel-drive-68259475ad,https://www.moparamerica.com/v-2017-chrysler-300--c--3-6l-v6-gas/steering--steering-column-and-intermediate-shaft,evidence/mopar/illustrations/2C3CCAEG4HH586472/steering-column__assembly-01.png
2C3CCAEG4HH586472,2017 Chrysler 300 C 3.6L V6 Gas,steering-wheel,1ZV36DX9AC,1ZV36DX9AC,"Paddle Switch Cover Bezel, Right | Right",1:Steering Wheel,https://www.moparamerica.com/oem-parts/mopar-paddle-switch-cover-bezel-right-1zv36dx9ac,https://www.moparamerica.com/v-2017-chrysler-300--c--3-6l-v6-gas/steering--steering-wheel?assembly=1,evidence/mopar/illustrations/2C3CCAEG4HH586472/steering-wheel__assembly-01.png
2C3CDXGJ2HH530684,2017 Dodge Charger R/T Scat Pack 6.4L V8 Gas,steering-wheel,1ZV36DX9AC,1ZV36DX9AC,"Paddle Switch Cover Bezel, Right | Right",1:Steering Wheel,https://www.moparamerica.com/oem-parts/mopar-paddle-switch-cover-bezel-right-1zv36dx9ac,https://www.moparamerica.com/v-2017-dodge-charger--r-t-scat-pack--6-4l-v8-gas/steering--steering-wheel?assembly=1,evidence/mopar/illustrations/2C3CDXGJ2HH530684/steering-wheel__assembly-01.png
2C3CCAEG4HH586472,2017 Chrysler 300 C 3.6L V6 Gas,steering-wheel,1ZV37DX9AC,1ZV37DX9AC,"Bezel | Left | Paddle Switch Cover Bezel, Left",1:Steering Wheel | 2:Steering Wheel,https://www.moparamerica.com/oem-parts/mopar-paddle-switch-cover-bezel-left-1zv37dx9ac,https://www.moparamerica.com/v-2017-chrysler-300--c--3-6l-v6-gas/steering--steering-wheel?assembly=1 | https://www.moparamerica.com/v-2017-chrysler-300--c--3-6l-v6-gas/steering--steering-wheel?assembly=2,evidence/mopar/illustrations/2C3CCAEG4HH586472/steering-wheel__assembly-01.png | evidence/mopar/illustrations/2C3CCAEG4HH586472/steering-wheel__assembly-02.png
2C3CDXGJ2HH530684,2017 Dodge Charger R/T Scat Pack 6.4L V8 Gas,steering-wheel,1ZV37DX9AC,1ZV37DX9AC,"Left | Paddle Switch Cover Bezel, Left",1:Steering Wheel,https://www.moparamerica.com/oem-parts/mopar-paddle-switch-cover-bezel-left-1zv37dx9ac,https://www.moparamerica.com/v-2017-dodge-charger--r-t-scat-pack--6-4l-v8-gas/steering--steering-wheel?assembly=1,evidence/mopar/illustrations/2C3CDXGJ2HH530684/steering-wheel__assembly-01.png
2C3CCAEG4HH586472,2017 Chrysler 300 C 3.6L V6 Gas,steering-wheel,1ZV37LC5AC,1ZV37LC5AC,"Bezel | Left | Paddle Switch Bezel, Left",1:Steering Wheel | 2:Steering Wheel,https://www.moparamerica.com/oem-parts/mopar-paddle-switch-bezel-left-1zv37lc5ac,https://www.moparamerica.com/v-2017-chrysler-300--c--3-6l-v6-gas/steering--steering-wheel?assembly=1 | https://www.moparamerica.com/v-2017-chrysler-300--c--3-6l-v6-gas/steering--steering-wheel?assembly=2,evidence/mopar/illustrations/2C3CCAEG4HH586472/steering-wheel__assembly-01.png | evidence/mopar/illustrations/2C3CCAEG4HH586472/steering-wheel__assembly-02.png
2C3CCAEG4HH586472,2017 Chrysler 300 C 3.6L V6 Gas,steering-wheel,5RB83SZ6AA,5RB83SZ6AA,"Left | Steering Wheel Bezel, Left",2:Steering Wheel,https://www.moparamerica.com/oem-parts/mopar-steering-wheel-bezel-left-5rb83sz6aa,https://www.moparamerica.com/v-2017-chrysler-300--c--3-6l-v6-gas/steering--steering-wheel?assembly=2,evidence/mopar/illustrations/2C3CCAEG4HH586472/steering-wheel__assembly-02.png
2C3CCAEG4HH586472,2017 Chrysler 300 C 3.6L V6 Gas,steering-wheel,5RB84SZ6AA,5RB84SZ6AA,Bezel | Steering Wheel Bezel,2:Steering Wheel,https://www.moparamerica.com/oem-parts/mopar-steering-wheel-bezel-5rb84sz6aa,https://www.moparamerica.com/v-2017-chrysler-300--c--3-6l-v6-gas/steering--steering-wheel?assembly=2,evidence/mopar/illustrations/2C3CCAEG4HH586472/steering-wheel__assembly-02.png
2C3CCAEG4HH586472,2017 Chrysler 300 C 3.6L V6 Gas,steering-wheel,5RB85SZ6AA,5RB85SZ6AA,Steering Wheel Bezel,2:Steering Wheel,https://www.moparamerica.com/oem-parts/mopar-steering-wheel-bezel-5rb85sz6aa,https://www.moparamerica.com/v-2017-chrysler-300--c--3-6l-v6-gas/steering--steering-wheel?assembly=2,evidence/mopar/illustrations/2C3CCAEG4HH586472/steering-wheel__assembly-02.png
2C3CDXGJ2HH530684,2017 Dodge Charger R/T Scat Pack 6.4L V8 Gas,steering-wheel,5SQ18JSLAA,5SQ18JSLAA,"Bezel | Steering Wheel Bezel, Left",1:Steering Wheel,https://www.moparamerica.com/oem-parts/mopar-steering-wheel-bezel-left-5sq18jslaa,https://www.moparamerica.com/v-2017-dodge-charger--r-t-scat-pack--6-4l-v8-gas/steering--steering-wheel?assembly=1,evidence/mopar/illustrations/2C3CDXGJ2HH530684/steering-wheel__assembly-01.png
2C3CDXGJ2HH530684,2017 Dodge Charger R/T Scat Pack 6.4L V8 Gas,steering-wheel,5SQ18JXPAA,5SQ18JXPAA,Bezel | Steering Wheel Bezel,1:Steering Wheel,https://www.moparamerica.com/oem-parts/mopar-steering-wheel-bezel-5sq18jxpaa,https://www.moparamerica.com/v-2017-dodge-charger--r-t-scat-pack--6-4l-v8-gas/steering--steering-wheel?assembly=1,evidence/mopar/illustrations/2C3CDXGJ2HH530684/steering-wheel__assembly-01.png
2C3CDXGJ2HH530684,2017 Dodge Charger R/T Scat Pack 6.4L V8 Gas,steering-wheel,5SQ19JSLAA,5SQ19JSLAA,"Left | Steering Wheel Bezel, Right",1:Steering Wheel,https://www.moparamerica.com/oem-parts/mopar-steering-wheel-bezel-right-5sq19jslaa,https://www.moparamerica.com/v-2017-dodge-charger--r-t-scat-pack--6-4l-v8-gas/steering--steering-wheel?assembly=1,evidence/mopar/illustrations/2C3CDXGJ2HH530684/steering-wheel__assembly-01.png
2C3CDXGJ2HH530684,2017 Dodge Charger R/T Scat Pack 6.4L V8 Gas,steering-wheel,5SQ19JXPAA,5SQ19JXPAA,Left | Steering Wheel Bezel,1:Steering Wheel,https://www.moparamerica.com/oem-parts/mopar-steering-wheel-bezel-5sq19jxpaa,https://www.moparamerica.com/v-2017-dodge-charger--r-t-scat-pack--6-4l-v8-gas/steering--steering-wheel?assembly=1,evidence/mopar/illustrations/2C3CDXGJ2HH530684/steering-wheel__assembly-01.png
2C3CDXGJ2HH530684,2017 Dodge Charger R/T Scat Pack 6.4L V8 Gas,steering-wheel,5SQ20JSLAA,5SQ20JSLAA,Bezel | Steering Wheel Bezel,1:Steering Wheel,https://www.moparamerica.com/oem-parts/mopar-steering-wheel-bezel-5sq20jslaa,https://www.moparamerica.com/v-2017-dodge-charger--r-t-scat-pack--6-4l-v8-gas/steering--steering-wheel?assembly=1,evidence/mopar/illustrations/2C3CDXGJ2HH530684/steering-wheel__assembly-01.png
2C3CDXGJ2HH530684,2017 Dodge Charger R/T Scat Pack 6.4L V8 Gas,steering-wheel,5SQ20JXPAA,5SQ20JXPAA,Bezel | Steering Wheel Bezel,1:Steering Wheel,https://www.moparamerica.com/oem-parts/mopar-steering-wheel-bezel-5sq20jxpaa,https://www.moparamerica.com/v-2017-dodge-charger--r-t-scat-pack--6-4l-v8-gas/steering--steering-wheel?assembly=1,evidence/mopar/illustrations/2C3CDXGJ2HH530684/steering-wheel__assembly-01.png
2C3CCAEG4HH586472,2017 Chrysler 300 C 3.6L V6 Gas,steering-wheel,5ZC00DX9AF,5ZC00DX9AF,2015-2018 Chrysler 300 - Steering Wheel | Wheel,1:Steering Wheel,https://www.moparamerica.com/oem-parts/mopar-2015-2018-chrysler-300-steering-wheel-5zc00dx9af,https://www.moparamerica.com/v-2017-chrysler-300--c--3-6l-v6-gas/steering--steering-wheel?assembly=1,evidence/mopar/illustrations/2C3CCAEG4HH586472/steering-wheel__assembly-01.png
2C3CCAEG4HH586472,2017 Chrysler 300 C 3.6L V6 Gas,steering-wheel,5ZC03DX9AE,5ZC03DX9AE,Steering Wheel | Wheel,1:Steering Wheel,https://www.moparamerica.com/oem-parts/mopar-steering-wheel-5zc03dx9ae,https://www.moparamerica.com/v-2017-chrysler-300--c--3-6l-v6-gas/steering--steering-wheel?assembly=1,evidence/mopar/illustrations/2C3CCAEG4HH586472/steering-wheel__assembly-01.png
2C3CCAEG4HH586472,2017 Chrysler 300 C 3.6L V6 Gas,steering-wheel,5ZC03MTLAE,5ZC03MTLAE,2015-2018 Chrysler 300 - Steering Wheel | Wheel,1:Steering Wheel,https://www.moparamerica.com/oem-parts/mopar-2015-2018-chrysler-300-steering-wheel-5zc03mtlae,https://www.moparamerica.com/v-2017-chrysler-300--c--3-6l-v6-gas/steering--steering-wheel?assembly=1,evidence/mopar/illustrations/2C3CCAEG4HH586472/steering-wheel__assembly-01.png
2C3CCAEG4HH586472,2017 Chrysler 300 C 3.6L V6 Gas,steering-wheel,5ZC67SZ6AC,5ZC67SZ6AC,Bezel | Steering Wheel Bezel,1:Steering Wheel,https://www.moparamerica.com/oem-parts/mopar-steering-wheel-bezel-5zc67sz6ac,https://www.moparamerica.com/v-2017-chrysler-300--c--3-6l-v6-gas/steering--steering-wheel?assembly=1,evidence/mopar/illustrations/2C3CCAEG4HH586472/steering-wheel__assembly-01.png
2C3CCAEG4HH586472,2017 Chrysler 300 C 3.6L V6 Gas,steering-wheel,6511907AA,6511907AA,Oval Head Screw | Screw,1:Steering Wheel | 2:Steering Wheel,https://www.moparamerica.com/oem-parts/mopar-oval-head-screw-6511907aa,https://www.moparamerica.com/v-2017-chrysler-300--c--3-6l-v6-gas/steering--steering-wheel?assembly=1 | https://www.moparamerica.com/v-2017-chrysler-300--c--3-6l-v6-gas/steering--steering-wheel?assembly=2,evidence/mopar/illustrations/2C3CCAEG4HH586472/steering-wheel__assembly-01.png | evidence/mopar/illustrations/2C3CCAEG4HH586472/steering-wheel__assembly-02.png
2C3CDXGJ2HH530684,2017 Dodge Charger R/T Scat Pack 6.4L V8 Gas,steering-wheel,6511907AA,6511907AA,Oval Head Screw | Screw,1:Steering Wheel,https://www.moparamerica.com/oem-parts/mopar-oval-head-screw-6511907aa,https://www.moparamerica.com/v-2017-dodge-charger--r-t-scat-pack--6-4l-v8-gas/steering--steering-wheel?assembly=1,evidence/mopar/illustrations/2C3CDXGJ2HH530684/steering-wheel__assembly-01.png
2C3CCAEG4HH586472,2017 Chrysler 300 C 3.6L V6 Gas,steering-wheel,68237109AB,68237109AB,Damper | Steering Wheel Damper,1:Steering Wheel | 2:Steering Wheel,https://www.moparamerica.com/oem-parts/mopar-steering-wheel-damper-68237109ab,https://www.moparamerica.com/v-2017-chrysler-300--c--3-6l-v6-gas/steering--steering-wheel?assembly=1 | https://www.moparamerica.com/v-2017-chrysler-300--c--3-6l-v6-gas/steering--steering-wheel?assembly=2,evidence/mopar/illustrations/2C3CCAEG4HH586472/steering-wheel__assembly-01.png | evidence/mopar/illustrations/2C3CCAEG4HH586472/steering-wheel__assembly-02.png
2C3CDXGJ2HH530684,2017 Dodge Charger R/T Scat Pack 6.4L V8 Gas,steering-wheel,6AD80DX9AA,6AD80DX9AA,Steering Wheel | Wheel,1:Steering Wheel,https://www.moparamerica.com/oem-parts/mopar-steering-wheel-6ad80dx9aa,https://www.moparamerica.com/v-2017-dodge-charger--r-t-scat-pack--6-4l-v8-gas/steering--steering-wheel?assembly=1,evidence/mopar/illustrations/2C3CDXGJ2HH530684/steering-wheel__assembly-01.png
2C3CDXGJ2HH530684,2017 Dodge Charger R/T Scat Pack 6.4L V8 Gas,steering-wheel,6AD81DX9AA,6AD81DX9AA,Steering Wheel | Wheel,1:Steering Wheel,https://www.moparamerica.com/oem-parts/mopar-steering-wheel-6ad81dx9aa,https://www.moparamerica.com/v-2017-dodge-charger--r-t-scat-pack--6-4l-v8-gas/steering--steering-wheel?assembly=1,evidence/mopar/illustrations/2C3CDXGJ2HH530684/steering-wheel__assembly-01.png
2C3CDXGJ2HH530684,2017 Dodge Charger R/T Scat Pack 6.4L V8 Gas,steering-wheel,6AD821X9AA,6AD821X9AA,2015-2021 Mopar Steering Wheel | Wheel,1:Steering Wheel,https://www.moparamerica.com/oem-parts/mopar-2015-2021-mopar-steering-wheel-6ad821x9aa,https://www.moparamerica.com/v-2017-dodge-charger--r-t-scat-pack--6-4l-v8-gas/steering--steering-wheel?assembly=1,evidence/mopar/illustrations/2C3CDXGJ2HH530684/steering-wheel__assembly-01.png
2C3CDXGJ2HH530684,2017 Dodge Charger R/T Scat Pack 6.4L V8 Gas,steering-wheel,6MS261X9AA,6MS261X9AA,2015-2021 Mopar Steering Wheel | Wheel,1:Steering Wheel,https://www.moparamerica.com/oem-parts/mopar-2015-2021-mopar-steering-wheel-6ms261x9aa,https://www.moparamerica.com/v-2017-dodge-charger--r-t-scat-pack--6-4l-v8-gas/steering--steering-wheel?assembly=1,evidence/mopar/illustrations/2C3CDXGJ2HH530684/steering-wheel__assembly-01.png
2C3CCAEG4HH586472,2017 Chrysler 300 C 3.6L V6 Gas,steering-wheel,6VC75SZ6AA,6VC75SZ6AA,2019 2020 Chrysler 300 - Steering Wheel Bezel Kit | Left,1:Steering Wheel,https://www.moparamerica.com/oem-parts/mopar-2019-2020-chrysler-300-steering-wheel-bezel-kit-6vc75sz6aa,https://www.moparamerica.com/v-2017-chrysler-300--c--3-6l-v6-gas/steering--steering-wheel?assembly=1,evidence/mopar/illustrations/2C3CCAEG4HH586472/steering-wheel__assembly-01.png
2C3CCAEG4HH586472,2017 Chrysler 300 C 3.6L V6 Gas,steering-wheel,6VD88YSAAA,6VD88YSAAA,Steering Wheel | Wheel,2:Steering Wheel,https://www.moparamerica.com/oem-parts/mopar-steering-wheel-6vd88ysaaa,https://www.moparamerica.com/v-2017-chrysler-300--c--3-6l-v6-gas/steering--steering-wheel?assembly=2,evidence/mopar/illustrations/2C3CCAEG4HH586472/steering-wheel__assembly-02.png
2C3CCAEG4HH586472,2017 Chrysler 300 C 3.6L V6 Gas,steering-wheel,6VD91DX9AA,6VD91DX9AA,2019 2020 Chrysler 300 - Steering Wheel | Wheel,1:Steering Wheel,https://www.moparamerica.com/oem-parts/mopar-2019-2020-chrysler-300-steering-wheel-6vd91dx9aa,https://www.moparamerica.com/v-2017-chrysler-300--c--3-6l-v6-gas/steering--steering-wheel?assembly=1,evidence/mopar/illustrations/2C3CCAEG4HH586472/steering-wheel__assembly-01.png
2C3CCAEG4HH586472,2017 Chrysler 300 C 3.6L V6 Gas,steering-wheel,6VK65DX9AA,6VK65DX9AA,Steering Wheel,1:Steering Wheel,https://www.moparamerica.com/oem-parts/mopar-steering-wheel-6vk65dx9aa,https://www.moparamerica.com/v-2017-chrysler-300--c--3-6l-v6-gas/steering--steering-wheel?assembly=1,evidence/mopar/illustrations/2C3CCAEG4HH586472/steering-wheel__assembly-01.png
