catalogue_leaf_id,variation_id,category_id,subcategory_id,parent_leaf_id,leaf_type,diagram_id,diagram_title_source,source_url,renderer_url,expected,status,http_status,source_accessed_at,source_byte_sha256,source_lf_sha256,raw_path,visible_row_expected,extracted_record_count,visible_callout_expected,extracted_callout_count,image_observation_count,exception_code,evidence_notes
leaf-fe3f25c6eaf88c6196986fd6,challenger-rt-57-gas,cat-35094ca7d347c5cae75bf698,sub-15ab93e2bc19577e595bf807,,CATEGORY_INDEX,,,https://www.moparamerica.com/v-2017-dodge-challenger--r-t--5-7l-v8-gas/3-6l-gas-engine--engine-mounting,https://r.jina.ai/http://www.moparamerica.com/v-2017-dodge-challenger--r-t--5-7l-v8-gas/3-6l-gas-engine--engine-mounting,1,NOT_STARTED,,,,,,,0,,0,0,,"{""ordinal"": 1}"
leaf-d9334851154786df6d4bb86a,challenger-rt-57-gas,cat-35094ca7d347c5cae75bf698,sub-e84261e352f8962fd1de8cc3,,CATEGORY_INDEX,,,https://www.moparamerica.com/v-2017-dodge-challenger--r-t--5-7l-v8-gas/3-6l-gas-engine--engine-oiling-oil-pan-and-indicator-dipstick,https://r.jina.ai/http://www.moparamerica.com/v-2017-dodge-challenger--r-t--5-7l-v8-gas/3-6l-gas-engine--engine-oiling-oil-pan-and-indicator-dipstick,1,NOT_STARTED,,,,,,,0,,0,0,,"{""ordinal"": 2}"
leaf-c0c53a5fa99439f056ac5cab,challenger-rt-57-gas,cat-5b03e98fa2400349cad122b7,sub-fc67bfaff51074f805bc1544,,CATEGORY_INDEX,,,https://www.moparamerica.com/v-2017-dodge-challenger--r-t--5-7l-v8-gas/5-7l-gas-engine--camshaft-and-valve,https://r.jina.ai/http://www.moparamerica.com/v-2017-dodge-challenger--r-t--5-7l-v8-gas/5-7l-gas-engine--camshaft-and-valve,1,NOT_STARTED,,,,,,,0,,0,0,,"{""ordinal"": 3}"
leaf-10433e318df9dad8c2991243,challenger-rt-57-gas,cat-5b03e98fa2400349cad122b7,sub-9061c9f9d0c15885537c9f0e,,CATEGORY_INDEX,,,https://www.moparamerica.com/v-2017-dodge-challenger--r-t--5-7l-v8-gas/5-7l-gas-engine--crankcase-ventilation,https://r.jina.ai/http://www.moparamerica.com/v-2017-dodge-challenger--r-t--5-7l-v8-gas/5-7l-gas-engine--crankcase-ventilation,1,NOT_STARTED,,,,,,,0,,0,0,,"{""ordinal"": 4}"
leaf-245d917b1b9ea8657a206cc7,challenger-rt-57-gas,cat-5b03e98fa2400349cad122b7,sub-20d90e63b60f56c10f203911,,CATEGORY_INDEX,,,https://www.moparamerica.com/v-2017-dodge-challenger--r-t--5-7l-v8-gas/5-7l-gas-engine--crankshaft-piston-drive-plate-flywheel-and-damper,https://r.jina.ai/http://www.moparamerica.com/v-2017-dodge-challenger--r-t--5-7l-v8-gas/5-7l-gas-engine--crankshaft-piston-drive-plate-flywheel-and-damper,1,NOT_STARTED,,,,,,,0,,0,0,,"{""ordinal"": 5}"
leaf-57f13326178e782066abde42,challenger-rt-57-gas,cat-5b03e98fa2400349cad122b7,sub-87349d16d9072d40068b74cc,,CATEGORY_INDEX,,,https://www.moparamerica.com/v-2017-dodge-challenger--r-t--5-7l-v8-gas/5-7l-gas-engine--cylinder-block,https://r.jina.ai/http://www.moparamerica.com/v-2017-dodge-challenger--r-t--5-7l-v8-gas/5-7l-gas-engine--cylinder-block,1,NOT_STARTED,,,,,,,0,,0,0,,"{""ordinal"": 6}"
leaf-35482aebef4aa6d5b9dde6d5,challenger-rt-57-gas,cat-5b03e98fa2400349cad122b7,sub-8b1562453b00c91b94ebec89,,CATEGORY_INDEX,,,https://www.moparamerica.com/v-2017-dodge-challenger--r-t--5-7l-v8-gas/5-7l-gas-engine--cylinder-head,https://r.jina.ai/http://www.moparamerica.com/v-2017-dodge-challenger--r-t--5-7l-v8-gas/5-7l-gas-engine--cylinder-head,1,NOT_STARTED,,,,,,,0,,0,0,,"{""ordinal"": 7}"
leaf-ef2d40c972b4ce63bff38cf4,challenger-rt-57-gas,cat-5b03e98fa2400349cad122b7,sub-7de98b56409c0236eb4d59ec,,CATEGORY_INDEX,,,https://www.moparamerica.com/v-2017-dodge-challenger--r-t--5-7l-v8-gas/5-7l-gas-engine--engine-identification-service-engines-and-engine-service-kits,https://r.jina.ai/http://www.moparamerica.com/v-2017-dodge-challenger--r-t--5-7l-v8-gas/5-7l-gas-engine--engine-identification-service-engines-and-engine-service-kits,1,NOT_STARTED,,,,,,,0,,0,0,,"{""ordinal"": 8}"
leaf-6cfc76c34925996631036db1,challenger-rt-57-gas,cat-5b03e98fa2400349cad122b7,sub-6bd59296f605dee08beb104a,,CATEGORY_INDEX,,,https://www.moparamerica.com/v-2017-dodge-challenger--r-t--5-7l-v8-gas/5-7l-gas-engine--engine-mounting,https://r.jina.ai/http://www.moparamerica.com/v-2017-dodge-challenger--r-t--5-7l-v8-gas/5-7l-gas-engine--engine-mounting,1,NOT_STARTED,,,,,,,0,,0,0,,"{""ordinal"": 9}"
leaf-6abbc426712fc3ce4da6ffba,challenger-rt-57-gas,cat-5b03e98fa2400349cad122b7,sub-6a7d36791fcbbca40225f28f,,CATEGORY_INDEX,,,https://www.moparamerica.com/v-2017-dodge-challenger--r-t--5-7l-v8-gas/5-7l-gas-engine--engine-oiling-oil-pan-and-indicator-dipstick,https://r.jina.ai/http://www.moparamerica.com/v-2017-dodge-challenger--r-t--5-7l-v8-gas/5-7l-gas-engine--engine-oiling-oil-pan-and-indicator-dipstick,1,NOT_STARTED,,,,,,,0,,0,0,,"{""ordinal"": 10}"
leaf-c16a3c45cdeb8495c4f7bfe1,challenger-rt-57-gas,cat-5b03e98fa2400349cad122b7,sub-2b4dd5f032ef176d5bdae0f3,,CATEGORY_INDEX,,,https://www.moparamerica.com/v-2017-dodge-challenger--r-t--5-7l-v8-gas/5-7l-gas-engine--manifolds-and-vacuum-fittings,https://r.jina.ai/http://www.moparamerica.com/v-2017-dodge-challenger--r-t--5-7l-v8-gas/5-7l-gas-engine--manifolds-and-vacuum-fittings,1,NOT_STARTED,,,,,,,0,,0,0,,"{""ordinal"": 11}"
leaf-c0a874c23d0c598013dd395c,challenger-rt-57-gas,cat-5b03e98fa2400349cad122b7,sub-87cf98c851124e940fdc69da,,CATEGORY_INDEX,,,https://www.moparamerica.com/v-2017-dodge-challenger--r-t--5-7l-v8-gas/5-7l-gas-engine--timing-belt-chain-and-cover-and-balance-shaft,https://r.jina.ai/http://www.moparamerica.com/v-2017-dodge-challenger--r-t--5-7l-v8-gas/5-7l-gas-engine--timing-belt-chain-and-cover-and-balance-shaft,1,NOT_STARTED,,,,,,,0,,0,0,,"{""ordinal"": 12}"
leaf-a9d95dd2e8066dfcd4a6f1f1,challenger-rt-57-gas,cat-caf6fa8afee0ed4733bede89,sub-b0f73da7e403d3390bade5bf,,CATEGORY_INDEX,,,https://www.moparamerica.com/v-2017-dodge-challenger--r-t--5-7l-v8-gas/5-7lgas-engine--camshaft-and-valve,https://r.jina.ai/http://www.moparamerica.com/v-2017-dodge-challenger--r-t--5-7l-v8-gas/5-7lgas-engine--camshaft-and-valve,1,NOT_STARTED,,,,,,,0,,0,0,,"{""ordinal"": 13}"
leaf-e137f6ad43ae9ff0a22dbc25,challenger-rt-57-gas,cat-caf6fa8afee0ed4733bede89,sub-37f37be972e6f6cc7e7df7f6,,CATEGORY_INDEX,,,https://www.moparamerica.com/v-2017-dodge-challenger--r-t--5-7l-v8-gas/5-7lgas-engine--crankcase-ventilation,https://r.jina.ai/http://www.moparamerica.com/v-2017-dodge-challenger--r-t--5-7l-v8-gas/5-7lgas-engine--crankcase-ventilation,1,NOT_STARTED,,,,,,,0,,0,0,,"{""ordinal"": 14}"
leaf-4a7a3afc3760456517d13dc5,challenger-rt-57-gas,cat-caf6fa8afee0ed4733bede89,sub-1d0de692e10c1b1b5f5f5402,,CATEGORY_INDEX,,,https://www.moparamerica.com/v-2017-dodge-challenger--r-t--5-7l-v8-gas/5-7lgas-engine--crankshaft-piston-drive-plate-flywheel-and-damper,https://r.jina.ai/http://www.moparamerica.com/v-2017-dodge-challenger--r-t--5-7l-v8-gas/5-7lgas-engine--crankshaft-piston-drive-plate-flywheel-and-damper,1,NOT_STARTED,,,,,,,0,,0,0,,"{""ordinal"": 15}"
leaf-67baa5a95c0a301be1fd43ab,challenger-rt-57-gas,cat-caf6fa8afee0ed4733bede89,sub-314f479289728fb15ea96822,,CATEGORY_INDEX,,,https://www.moparamerica.com/v-2017-dodge-challenger--r-t--5-7l-v8-gas/5-7lgas-engine--cylinder-block,https://r.jina.ai/http://www.moparamerica.com/v-2017-dodge-challenger--r-t--5-7l-v8-gas/5-7lgas-engine--cylinder-block,1,NOT_STARTED,,,,,,,0,,0,0,,"{""ordinal"": 16}"
leaf-43f1e5c21dae8dcbdf5a2cc7,challenger-rt-57-gas,cat-caf6fa8afee0ed4733bede89,sub-4cf0497da2fe4d14042adeea,,CATEGORY_INDEX,,,https://www.moparamerica.com/v-2017-dodge-challenger--r-t--5-7l-v8-gas/5-7lgas-engine--cylinder-head,https://r.jina.ai/http://www.moparamerica.com/v-2017-dodge-challenger--r-t--5-7l-v8-gas/5-7lgas-engine--cylinder-head,1,NOT_STARTED,,,,,,,0,,0,0,,"{""ordinal"": 17}"
leaf-de24f21e6509dd14d1756754,challenger-rt-57-gas,cat-caf6fa8afee0ed4733bede89,sub-c9c5d46a6e6327cfc2018b4e,,CATEGORY_INDEX,,,https://www.moparamerica.com/v-2017-dodge-challenger--r-t--5-7l-v8-gas/5-7lgas-engine--engine-identification-service-engines-and-engine-service-kits,https://r.jina.ai/http://www.moparamerica.com/v-2017-dodge-challenger--r-t--5-7l-v8-gas/5-7lgas-engine--engine-identification-service-engines-and-engine-service-kits,1,NOT_STARTED,,,,,,,0,,0,0,,"{""ordinal"": 18}"
leaf-eaa53ae365951349fc25e513,challenger-rt-57-gas,cat-caf6fa8afee0ed4733bede89,sub-023f9b7ded415861f8eac8b2,,CATEGORY_INDEX,,,https://www.moparamerica.com/v-2017-dodge-challenger--r-t--5-7l-v8-gas/5-7lgas-engine--engine-mounting,https://r.jina.ai/http://www.moparamerica.com/v-2017-dodge-challenger--r-t--5-7l-v8-gas/5-7lgas-engine--engine-mounting,1,NOT_STARTED,,,,,,,0,,0,0,,"{""ordinal"": 19}"
leaf-c1000f08850082ae5f765750,challenger-rt-57-gas,cat-caf6fa8afee0ed4733bede89,sub-4fba8f7dc774ebf415c13afa,,CATEGORY_INDEX,,,https://www.moparamerica.com/v-2017-dodge-challenger--r-t--5-7l-v8-gas/5-7lgas-engine--engine-oiling-oil-pan-and-indicator-dipstick,https://r.jina.ai/http://www.moparamerica.com/v-2017-dodge-challenger--r-t--5-7l-v8-gas/5-7lgas-engine--engine-oiling-oil-pan-and-indicator-dipstick,1,NOT_STARTED,,,,,,,0,,0,0,,"{""ordinal"": 20}"
leaf-de90374cfaa390d814667056,challenger-rt-57-gas,cat-caf6fa8afee0ed4733bede89,sub-081a5af39daa049b1a94aa2b,,CATEGORY_INDEX,,,https://www.moparamerica.com/v-2017-dodge-challenger--r-t--5-7l-v8-gas/5-7lgas-engine--manifolds-and-vacuum-fittings,https://r.jina.ai/http://www.moparamerica.com/v-2017-dodge-challenger--r-t--5-7l-v8-gas/5-7lgas-engine--manifolds-and-vacuum-fittings,1,NOT_STARTED,,,,,,,0,,0,0,,"{""ordinal"": 21}"
leaf-16fb1028bba5f05575ec200d,challenger-rt-57-gas,cat-caf6fa8afee0ed4733bede89,sub-97a034d076688182833e55fb,,CATEGORY_INDEX,,,https://www.moparamerica.com/v-2017-dodge-challenger--r-t--5-7l-v8-gas/5-7lgas-engine--timing-belt-chain-and-cover-and-balance-shaft,https://r.jina.ai/http://www.moparamerica.com/v-2017-dodge-challenger--r-t--5-7l-v8-gas/5-7lgas-engine--timing-belt-chain-and-cover-and-balance-shaft,1,NOT_STARTED,,,,,,,0,,0,0,,"{""ordinal"": 22}"
leaf-9e88b0a0720d2afd7a74aff9,challenger-rt-57-gas,cat-ae223b7e72bfcb1e6f39b848,sub-154431905177078d62b82d67,,CATEGORY_INDEX,,,https://www.moparamerica.com/v-2017-dodge-challenger--r-t--5-7l-v8-gas/6-2l-gas-engine--camshaft-and-valve,https://r.jina.ai/http://www.moparamerica.com/v-2017-dodge-challenger--r-t--5-7l-v8-gas/6-2l-gas-engine--camshaft-and-valve,1,NOT_STARTED,,,,,,,0,,0,0,,"{""ordinal"": 23}"
leaf-e5b0a5a988f4c53dbefc7999,challenger-rt-57-gas,cat-ae223b7e72bfcb1e6f39b848,sub-8a49c93a5f93f3b424c08779,,CATEGORY_INDEX,,,https://www.moparamerica.com/v-2017-dodge-challenger--r-t--5-7l-v8-gas/6-2l-gas-engine--crankshaft-piston-drive-plate-flywheel-and-damper,https://r.jina.ai/http://www.moparamerica.com/v-2017-dodge-challenger--r-t--5-7l-v8-gas/6-2l-gas-engine--crankshaft-piston-drive-plate-flywheel-and-damper,1,NOT_STARTED,,,,,,,0,,0,0,,"{""ordinal"": 24}"
leaf-97f69754aa80177f58dc9750,challenger-rt-57-gas,cat-ae223b7e72bfcb1e6f39b848,sub-110e05f6fb00c4458f8ca6b1,,CATEGORY_INDEX,,,https://www.moparamerica.com/v-2017-dodge-challenger--r-t--5-7l-v8-gas/6-2l-gas-engine--engine-mounting,https://r.jina.ai/http://www.moparamerica.com/v-2017-dodge-challenger--r-t--5-7l-v8-gas/6-2l-gas-engine--engine-mounting,1,NOT_STARTED,,,,,,,0,,0,0,,"{""ordinal"": 25}"
leaf-f2a8661db85630bf71d77164,challenger-rt-57-gas,cat-ae223b7e72bfcb1e6f39b848,sub-a2f14ec4012f859381adfbd6,,CATEGORY_INDEX,,,https://www.moparamerica.com/v-2017-dodge-challenger--r-t--5-7l-v8-gas/6-2l-gas-engine--engine-oil-cooler,https://r.jina.ai/http://www.moparamerica.com/v-2017-dodge-challenger--r-t--5-7l-v8-gas/6-2l-gas-engine--engine-oil-cooler,1,NOT_STARTED,,,,,,,0,,0,0,,"{""ordinal"": 26}"
leaf-1c87be8b477e3b1ad5c0c98e,challenger-rt-57-gas,cat-ae223b7e72bfcb1e6f39b848,sub-925d73234d541150487ba187,,CATEGORY_INDEX,,,https://www.moparamerica.com/v-2017-dodge-challenger--r-t--5-7l-v8-gas/6-2l-gas-engine--engine-oiling-oil-pan-and-indicator-dipstick,https://r.jina.ai/http://www.moparamerica.com/v-2017-dodge-challenger--r-t--5-7l-v8-gas/6-2l-gas-engine--engine-oiling-oil-pan-and-indicator-dipstick,1,NOT_STARTED,,,,,,,0,,0,0,,"{""ordinal"": 27}"
leaf-78884155ddd0afc123ff9977,challenger-rt-57-gas,cat-ae223b7e72bfcb1e6f39b848,sub-06f3083655d26995605346fe,,CATEGORY_INDEX,,,https://www.moparamerica.com/v-2017-dodge-challenger--r-t--5-7l-v8-gas/6-2l-gas-engine--manifolds-and-vacuum-fittings,https://r.jina.ai/http://www.moparamerica.com/v-2017-dodge-challenger--r-t--5-7l-v8-gas/6-2l-gas-engine--manifolds-and-vacuum-fittings,1,NOT_STARTED,,,,,,,0,,0,0,,"{""ordinal"": 28}"
leaf-3ee03954d7d93e96325fed11,challenger-rt-57-gas,cat-9c9c2c403f563bb5e9fd97c1,sub-12fb4f9b3991d247d927d704,,CATEGORY_INDEX,,,https://www.moparamerica.com/v-2017-dodge-challenger--r-t--5-7l-v8-gas/6-4l-gas-engine--camshaft-and-valve,https://r.jina.ai/http://www.moparamerica.com/v-2017-dodge-challenger--r-t--5-7l-v8-gas/6-4l-gas-engine--camshaft-and-valve,1,NOT_STARTED,,,,,,,0,,0,0,,"{""ordinal"": 29}"
leaf-b41909155a5e895ef0f5c1eb,challenger-rt-57-gas,cat-9c9c2c403f563bb5e9fd97c1,sub-6f922c1b6cb92b2ed044b72d,,CATEGORY_INDEX,,,https://www.moparamerica.com/v-2017-dodge-challenger--r-t--5-7l-v8-gas/6-4l-gas-engine--crankshaft-piston-drive-plate-flywheel-and-damper,https://r.jina.ai/http://www.moparamerica.com/v-2017-dodge-challenger--r-t--5-7l-v8-gas/6-4l-gas-engine--crankshaft-piston-drive-plate-flywheel-and-damper,1,NOT_STARTED,,,,,,,0,,0,0,,"{""ordinal"": 30}"
leaf-c4f41ae4f9ac43b432c3a0ab,challenger-rt-57-gas,cat-9c9c2c403f563bb5e9fd97c1,sub-138c34b9609f77c886be0272,,CATEGORY_INDEX,,,https://www.moparamerica.com/v-2017-dodge-challenger--r-t--5-7l-v8-gas/6-4l-gas-engine--engine-mounting,https://r.jina.ai/http://www.moparamerica.com/v-2017-dodge-challenger--r-t--5-7l-v8-gas/6-4l-gas-engine--engine-mounting,1,NOT_STARTED,,,,,,,0,,0,0,,"{""ordinal"": 31}"
leaf-783e54173b1c76d859e2f17e,challenger-rt-57-gas,cat-9c9c2c403f563bb5e9fd97c1,sub-cafa55ce296040565e62f6d6,,CATEGORY_INDEX,,,https://www.moparamerica.com/v-2017-dodge-challenger--r-t--5-7l-v8-gas/6-4l-gas-engine--engine-oil-cooler,https://r.jina.ai/http://www.moparamerica.com/v-2017-dodge-challenger--r-t--5-7l-v8-gas/6-4l-gas-engine--engine-oil-cooler,1,NOT_STARTED,,,,,,,0,,0,0,,"{""ordinal"": 32}"
leaf-7a5141c929e40d958c673c03,challenger-rt-57-gas,cat-9c9c2c403f563bb5e9fd97c1,sub-793c419ec8da654e322ac9bd,,CATEGORY_INDEX,,,https://www.moparamerica.com/v-2017-dodge-challenger--r-t--5-7l-v8-gas/6-4l-gas-engine--engine-oiling-oil-pan-and-indicator-dipstick,https://r.jina.ai/http://www.moparamerica.com/v-2017-dodge-challenger--r-t--5-7l-v8-gas/6-4l-gas-engine--engine-oiling-oil-pan-and-indicator-dipstick,1,NOT_STARTED,,,,,,,0,,0,0,,"{""ordinal"": 33}"
leaf-748b4992542277c6a7050b37,challenger-rt-57-gas,cat-9c9c2c403f563bb5e9fd97c1,sub-1813aa5abd419cddcf8ecff0,,CATEGORY_INDEX,,,https://www.moparamerica.com/v-2017-dodge-challenger--r-t--5-7l-v8-gas/6-4l-gas-engine--manifolds-and-vacuum-fittings,https://r.jina.ai/http://www.moparamerica.com/v-2017-dodge-challenger--r-t--5-7l-v8-gas/6-4l-gas-engine--manifolds-and-vacuum-fittings,1,NOT_STARTED,,,,,,,0,,0,0,,"{""ordinal"": 34}"
leaf-752b36c968ab867437285e42,challenger-rt-57-gas,cat-625be6da4325a336c6c9af67,sub-4cd877834c2da10aaf67bda5,,CATEGORY_INDEX,,,https://www.moparamerica.com/v-2017-dodge-challenger--r-t--5-7l-v8-gas/845re-8-speed-automatic-transmission--automatic-transmission-transaxle-and-torque-converter,https://r.jina.ai/http://www.moparamerica.com/v-2017-dodge-challenger--r-t--5-7l-v8-gas/845re-8-speed-automatic-transmission--automatic-transmission-transaxle-and-torque-converter,1,NOT_STARTED,,,,,,,0,,0,0,,"{""ordinal"": 35}"
leaf-c189b6c2fc14da901b326166,challenger-rt-57-gas,cat-625be6da4325a336c6c9af67,sub-8e0301488092a45cd0b33f0b,,CATEGORY_INDEX,,,https://www.moparamerica.com/v-2017-dodge-challenger--r-t--5-7l-v8-gas/845re-8-speed-automatic-transmission--gearshift-controls-and-related-parts,https://r.jina.ai/http://www.moparamerica.com/v-2017-dodge-challenger--r-t--5-7l-v8-gas/845re-8-speed-automatic-transmission--gearshift-controls-and-related-parts,1,NOT_STARTED,,,,,,,0,,0,0,,"{""ordinal"": 36}"
leaf-7e41bfcd7f5b26aa85bfac4d,challenger-rt-57-gas,cat-625be6da4325a336c6c9af67,sub-311cfad7380e6cbfeb9e3629,,CATEGORY_INDEX,,,https://www.moparamerica.com/v-2017-dodge-challenger--r-t--5-7l-v8-gas/845re-8-speed-automatic-transmission--mounting-and-skid-plate,https://r.jina.ai/http://www.moparamerica.com/v-2017-dodge-challenger--r-t--5-7l-v8-gas/845re-8-speed-automatic-transmission--mounting-and-skid-plate,1,NOT_STARTED,,,,,,,0,,0,0,,"{""ordinal"": 37}"
leaf-eab613ff23eba8e6f0023bad,challenger-rt-57-gas,cat-625be6da4325a336c6c9af67,sub-1a23593c519cc50876b83c94,,CATEGORY_INDEX,,,https://www.moparamerica.com/v-2017-dodge-challenger--r-t--5-7l-v8-gas/845re-8-speed-automatic-transmission--oil-pump,https://r.jina.ai/http://www.moparamerica.com/v-2017-dodge-challenger--r-t--5-7l-v8-gas/845re-8-speed-automatic-transmission--oil-pump,1,NOT_STARTED,,,,,,,0,,0,0,,"{""ordinal"": 38}"
leaf-938f787450a3d5ddbb6dcf05,challenger-rt-57-gas,cat-625be6da4325a336c6c9af67,sub-09347c72a3ed8f45caa58988,,CATEGORY_INDEX,,,https://www.moparamerica.com/v-2017-dodge-challenger--r-t--5-7l-v8-gas/845re-8-speed-automatic-transmission--valve-body-accumulator-solenoid-and-parking-sprag,https://r.jina.ai/http://www.moparamerica.com/v-2017-dodge-challenger--r-t--5-7l-v8-gas/845re-8-speed-automatic-transmission--valve-body-accumulator-solenoid-and-parking-sprag,1,NOT_STARTED,,,,,,,0,,0,0,,"{""ordinal"": 39}"
leaf-8a8c14dde4046dc8221296a1,challenger-rt-57-gas,cat-e5f60218b976efb5cd72f6c5,sub-491a02fb8cc207d206beb7ff,,CATEGORY_INDEX,,,https://www.moparamerica.com/v-2017-dodge-challenger--r-t--5-7l-v8-gas/8hp70-8-speed-automatic-transmission--automatic-transmission-transaxle-and-torque-converter,https://r.jina.ai/http://www.moparamerica.com/v-2017-dodge-challenger--r-t--5-7l-v8-gas/8hp70-8-speed-automatic-transmission--automatic-transmission-transaxle-and-torque-converter,1,NOT_STARTED,,,,,,,0,,0,0,,"{""ordinal"": 40}"
leaf-87557cf22fdb01ebc6a837cc,challenger-rt-57-gas,cat-e5f60218b976efb5cd72f6c5,sub-dad35d62b7b6773b8ee0dad0,,CATEGORY_INDEX,,,https://www.moparamerica.com/v-2017-dodge-challenger--r-t--5-7l-v8-gas/8hp70-8-speed-automatic-transmission--case-extension-oil-pan-and-indicator-dipstick,https://r.jina.ai/http://www.moparamerica.com/v-2017-dodge-challenger--r-t--5-7l-v8-gas/8hp70-8-speed-automatic-transmission--case-extension-oil-pan-and-indicator-dipstick,1,NOT_STARTED,,,,,,,0,,0,0,,"{""ordinal"": 41}"
leaf-d671d6ec181782275c3e9d67,challenger-rt-57-gas,cat-e5f60218b976efb5cd72f6c5,sub-e0661f2f788f540bfbe0e8ca,,CATEGORY_INDEX,,,https://www.moparamerica.com/v-2017-dodge-challenger--r-t--5-7l-v8-gas/8hp70-8-speed-automatic-transmission--gearshift-controls-and-related-parts,https://r.jina.ai/http://www.moparamerica.com/v-2017-dodge-challenger--r-t--5-7l-v8-gas/8hp70-8-speed-automatic-transmission--gearshift-controls-and-related-parts,1,NOT_STARTED,,,,,,,0,,0,0,,"{""ordinal"": 42}"
leaf-3ab754ed89e3055751c9de5d,challenger-rt-57-gas,cat-e5f60218b976efb5cd72f6c5,sub-6d4d15f734d4afce4fd42b23,,CATEGORY_INDEX,,,https://www.moparamerica.com/v-2017-dodge-challenger--r-t--5-7l-v8-gas/8hp70-8-speed-automatic-transmission--mounting-and-skid-plate,https://r.jina.ai/http://www.moparamerica.com/v-2017-dodge-challenger--r-t--5-7l-v8-gas/8hp70-8-speed-automatic-transmission--mounting-and-skid-plate,1,NOT_STARTED,,,,,,,0,,0,0,,"{""ordinal"": 43}"
leaf-993b0e28bed53a5ccb5a11cb,challenger-rt-57-gas,cat-e5f60218b976efb5cd72f6c5,sub-8b071d3021f6597a41d1f855,,CATEGORY_INDEX,,,https://www.moparamerica.com/v-2017-dodge-challenger--r-t--5-7l-v8-gas/8hp70-8-speed-automatic-transmission--oil-pump,https://r.jina.ai/http://www.moparamerica.com/v-2017-dodge-challenger--r-t--5-7l-v8-gas/8hp70-8-speed-automatic-transmission--oil-pump,1,NOT_STARTED,,,,,,,0,,0,0,,"{""ordinal"": 44}"
leaf-7bc86fe9dcb84ff05f13eeb8,challenger-rt-57-gas,cat-e5f60218b976efb5cd72f6c5,sub-33795ff9ba81cdd9db4ae2bd,,CATEGORY_INDEX,,,https://www.moparamerica.com/v-2017-dodge-challenger--r-t--5-7l-v8-gas/8hp70-8-speed-automatic-transmission--valve-body-accumulator-solenoid-and-parking-sprag,https://r.jina.ai/http://www.moparamerica.com/v-2017-dodge-challenger--r-t--5-7l-v8-gas/8hp70-8-speed-automatic-transmission--valve-body-accumulator-solenoid-and-parking-sprag,1,NOT_STARTED,,,,,,,0,,0,0,,"{""ordinal"": 45}"
leaf-aefde75b8dc21112107f2d9c,challenger-rt-57-gas,cat-391b4461f2f3af8a47385287,sub-dbc6078badf331f29dd64cc9,,CATEGORY_INDEX,,,https://www.moparamerica.com/v-2017-dodge-challenger--r-t--5-7l-v8-gas/8hp90-8-speed-automatic-transmission--automatic-transmission-transaxle-and-torque-converter,https://r.jina.ai/http://www.moparamerica.com/v-2017-dodge-challenger--r-t--5-7l-v8-gas/8hp90-8-speed-automatic-transmission--automatic-transmission-transaxle-and-torque-converter,1,NOT_STARTED,,,,,,,0,,0,0,,"{""ordinal"": 46}"
leaf-d139484fe45bfde6394a9fa3,challenger-rt-57-gas,cat-391b4461f2f3af8a47385287,sub-9d09fe58f35dbb0d6938a7a3,,CATEGORY_INDEX,,,https://www.moparamerica.com/v-2017-dodge-challenger--r-t--5-7l-v8-gas/8hp90-8-speed-automatic-transmission--gearshift-controls-and-related-parts,https://r.jina.ai/http://www.moparamerica.com/v-2017-dodge-challenger--r-t--5-7l-v8-gas/8hp90-8-speed-automatic-transmission--gearshift-controls-and-related-parts,1,NOT_STARTED,,,,,,,0,,0,0,,"{""ordinal"": 47}"
leaf-075a8a2f4d5dbb49b01b1d9e,challenger-rt-57-gas,cat-391b4461f2f3af8a47385287,sub-d4200c59afc533b03f9ba23b,,CATEGORY_INDEX,,,https://www.moparamerica.com/v-2017-dodge-challenger--r-t--5-7l-v8-gas/8hp90-8-speed-automatic-transmission--mounting-and-skid-plate,https://r.jina.ai/http://www.moparamerica.com/v-2017-dodge-challenger--r-t--5-7l-v8-gas/8hp90-8-speed-automatic-transmission--mounting-and-skid-plate,1,NOT_STARTED,,,,,,,0,,0,0,,"{""ordinal"": 48}"
leaf-0baacf0cfa3d8c19a8582480,challenger-rt-57-gas,cat-1a6874e38f54a6c5b2232567,,,CATEGORY_INDEX,,,https://www.moparamerica.com/v-2017-dodge-challenger--r-t--5-7l-v8-gas/accessories,https://r.jina.ai/http://www.moparamerica.com/v-2017-dodge-challenger--r-t--5-7l-v8-gas/accessories,1,NOT_STARTED,,,,,,,0,,0,0,,"{""ordinal"": 197}"
leaf-7e2a00c06fb04045179a3d39,challenger-rt-57-gas,cat-5ce65d46c8092750dd737bbc,sub-b23ddd45e355bc4ae4fd0f0d,,CATEGORY_INDEX,,,https://www.moparamerica.com/v-2017-dodge-challenger--r-t--5-7l-v8-gas/accessories-audio-video-and-electronics-accessories--remote-start,https://r.jina.ai/http://www.moparamerica.com/v-2017-dodge-challenger--r-t--5-7l-v8-gas/accessories-audio-video-and-electronics-accessories--remote-start,1,NOT_STARTED,,,,,,,0,,0,0,,"{""ordinal"": 60}"
leaf-5b45e437794e5193ee350ca9,challenger-rt-57-gas,cat-5ce65d46c8092750dd737bbc,sub-44f15b7b6a17e2c9c05271ca,,CATEGORY_INDEX,,,https://www.moparamerica.com/v-2017-dodge-challenger--r-t--5-7l-v8-gas/accessories-audio-video-and-electronics-accessories--security,https://r.jina.ai/http://www.moparamerica.com/v-2017-dodge-challenger--r-t--5-7l-v8-gas/accessories-audio-video-and-electronics-accessories--security,1,NOT_STARTED,,,,,,,0,,0,0,,"{""ordinal"": 61}"
leaf-4b87acb17d3636c5cd83acfa,challenger-rt-57-gas,cat-43faf0ec3189a8c1de28c207,sub-84887476af8ea57e4931f093,,CATEGORY_INDEX,,,https://www.moparamerica.com/v-2017-dodge-challenger--r-t--5-7l-v8-gas/accessories-crate-engines--engines,https://r.jina.ai/http://www.moparamerica.com/v-2017-dodge-challenger--r-t--5-7l-v8-gas/accessories-crate-engines--engines,1,NOT_STARTED,,,,,,,0,,0,0,,"{""ordinal"": 91}"
leaf-b46c70afd4359c844642b129,challenger-rt-57-gas,cat-09dbde257e415784f1a69fe3,sub-a375c6bc3d17f67711c84580,,CATEGORY_INDEX,,,https://www.moparamerica.com/v-2017-dodge-challenger--r-t--5-7l-v8-gas/accessories-drag-pak--race-kits,https://r.jina.ai/http://www.moparamerica.com/v-2017-dodge-challenger--r-t--5-7l-v8-gas/accessories-drag-pak--race-kits,1,NOT_STARTED,,,,,,,0,,0,0,,"{""ordinal"": 95}"
leaf-e532a1f92429dc7f9b8bfe15,challenger-rt-57-gas,cat-e04470fe684dba04cb59c02f,sub-7f2efd40d32aa74b04a092e3,,CATEGORY_INDEX,,,https://www.moparamerica.com/v-2017-dodge-challenger--r-t--5-7l-v8-gas/accessories-exterior-accessories--covers,https://r.jina.ai/http://www.moparamerica.com/v-2017-dodge-challenger--r-t--5-7l-v8-gas/accessories-exterior-accessories--covers,1,NOT_STARTED,,,,,,,0,,0,0,,"{""ordinal"": 118}"
leaf-43e4db1cb91f5cb648b5f6df,challenger-rt-57-gas,cat-e04470fe684dba04cb59c02f,sub-a1501ecf7a9f802be0392cec,,CATEGORY_INDEX,,,https://www.moparamerica.com/v-2017-dodge-challenger--r-t--5-7l-v8-gas/accessories-exterior-accessories--exterior-appearance,https://r.jina.ai/http://www.moparamerica.com/v-2017-dodge-challenger--r-t--5-7l-v8-gas/accessories-exterior-accessories--exterior-appearance,1,NOT_STARTED,,,,,,,0,,0,0,,"{""ordinal"": 119}"
leaf-6cd0cbb1bdd5282e79f93eed,challenger-rt-57-gas,cat-e04470fe684dba04cb59c02f,sub-504f4b768b34b34e7f3e4dab,,CATEGORY_INDEX,,,https://www.moparamerica.com/v-2017-dodge-challenger--r-t--5-7l-v8-gas/accessories-exterior-accessories--license-plate,https://r.jina.ai/http://www.moparamerica.com/v-2017-dodge-challenger--r-t--5-7l-v8-gas/accessories-exterior-accessories--license-plate,1,NOT_STARTED,,,,,,,0,,0,0,,"{""ordinal"": 120}"
leaf-95b7a1e880e9c311c200c71a,challenger-rt-57-gas,cat-e04470fe684dba04cb59c02f,sub-49f9f995fa7a87e2db91cd2e,,CATEGORY_INDEX,,,https://www.moparamerica.com/v-2017-dodge-challenger--r-t--5-7l-v8-gas/accessories-exterior-accessories--locks,https://r.jina.ai/http://www.moparamerica.com/v-2017-dodge-challenger--r-t--5-7l-v8-gas/accessories-exterior-accessories--locks,1,NOT_STARTED,,,,,,,0,,0,0,,"{""ordinal"": 121}"
leaf-d13ab59d6bd2af7274d8d9fd,challenger-rt-57-gas,cat-e04470fe684dba04cb59c02f,sub-505a3fafbe35a487609f0ef9,,CATEGORY_INDEX,,,https://www.moparamerica.com/v-2017-dodge-challenger--r-t--5-7l-v8-gas/accessories-exterior-accessories--protective-guards,https://r.jina.ai/http://www.moparamerica.com/v-2017-dodge-challenger--r-t--5-7l-v8-gas/accessories-exterior-accessories--protective-guards,1,NOT_STARTED,,,,,,,0,,0,0,,"{""ordinal"": 122}"
leaf-b93887304873cadc178007c8,challenger-rt-57-gas,cat-e04470fe684dba04cb59c02f,sub-41ed5425e54ec3d0253145d6,,CATEGORY_INDEX,,,https://www.moparamerica.com/v-2017-dodge-challenger--r-t--5-7l-v8-gas/accessories-exterior-accessories--splash-guards,https://r.jina.ai/http://www.moparamerica.com/v-2017-dodge-challenger--r-t--5-7l-v8-gas/accessories-exterior-accessories--splash-guards,1,NOT_STARTED,,,,,,,0,,0,0,,"{""ordinal"": 123}"
leaf-f6b5fd6b352ad7a9605b82c9,challenger-rt-57-gas,cat-e04470fe684dba04cb59c02f,sub-227a921652b4b4f392ec3c59,,CATEGORY_INDEX,,,https://www.moparamerica.com/v-2017-dodge-challenger--r-t--5-7l-v8-gas/accessories-exterior-accessories--wheels,https://r.jina.ai/http://www.moparamerica.com/v-2017-dodge-challenger--r-t--5-7l-v8-gas/accessories-exterior-accessories--wheels,1,NOT_STARTED,,,,,,,0,,0,0,,"{""ordinal"": 124}"
leaf-58eba2bf51c037b0e4033200,challenger-rt-57-gas,cat-4606334e6e0b700e0fe0d3fb,sub-6a8255efabfebfd746d3d994,,CATEGORY_INDEX,,,https://www.moparamerica.com/v-2017-dodge-challenger--r-t--5-7l-v8-gas/accessories-interior-accessories--air-purification,https://r.jina.ai/http://www.moparamerica.com/v-2017-dodge-challenger--r-t--5-7l-v8-gas/accessories-interior-accessories--air-purification,1,NOT_STARTED,,,,,,,0,,0,0,,"{""ordinal"": 143}"
leaf-dd87681e08887463fc4bab36,challenger-rt-57-gas,cat-4606334e6e0b700e0fe0d3fb,sub-89f56b92a591b32152c0716a,,CATEGORY_INDEX,,,https://www.moparamerica.com/v-2017-dodge-challenger--r-t--5-7l-v8-gas/accessories-interior-accessories--cargo-trays-and-mats,https://r.jina.ai/http://www.moparamerica.com/v-2017-dodge-challenger--r-t--5-7l-v8-gas/accessories-interior-accessories--cargo-trays-and-mats,1,NOT_STARTED,,,,,,,0,,0,0,,"{""ordinal"": 144}"
leaf-ae63abdd2c87a4753262b86e,challenger-rt-57-gas,cat-4606334e6e0b700e0fe0d3fb,sub-bca9a342c49c8fe6e2dcb366,,CATEGORY_INDEX,,,https://www.moparamerica.com/v-2017-dodge-challenger--r-t--5-7l-v8-gas/accessories-interior-accessories--floor-mats,https://r.jina.ai/http://www.moparamerica.com/v-2017-dodge-challenger--r-t--5-7l-v8-gas/accessories-interior-accessories--floor-mats,1,NOT_STARTED,,,,,,,0,,0,0,,"{""ordinal"": 145}"
leaf-97dac6b46e21105bf6e1d170,challenger-rt-57-gas,cat-4606334e6e0b700e0fe0d3fb,sub-c951fbb1461018f2c526e5e4,,CATEGORY_INDEX,,,https://www.moparamerica.com/v-2017-dodge-challenger--r-t--5-7l-v8-gas/accessories-interior-accessories--interior-appearance,https://r.jina.ai/http://www.moparamerica.com/v-2017-dodge-challenger--r-t--5-7l-v8-gas/accessories-interior-accessories--interior-appearance,1,NOT_STARTED,,,,,,,0,,0,0,,"{""ordinal"": 146}"
leaf-a41326df3be0704265edd147,challenger-rt-57-gas,cat-2fa32a2b07b6a24c4d012e19,sub-0a0f9dafd0b467cbbcf7060a,,CATEGORY_INDEX,,,https://www.moparamerica.com/v-2017-dodge-challenger--r-t--5-7l-v8-gas/accessories-lifestyle-and-off-road-accessories--safety-kits,https://r.jina.ai/http://www.moparamerica.com/v-2017-dodge-challenger--r-t--5-7l-v8-gas/accessories-lifestyle-and-off-road-accessories--safety-kits,1,NOT_STARTED,,,,,,,0,,0,0,,"{""ordinal"": 158}"
leaf-9d78969694ad340b43362048,challenger-rt-57-gas,cat-926da0b73d34f43d92aa84c1,sub-cba5c120229145b23039b2b5,,CATEGORY_INDEX,,,https://www.moparamerica.com/v-2017-dodge-challenger--r-t--5-7l-v8-gas/accessories-lighting-and-electrical-accessories--charging-unit,https://r.jina.ai/http://www.moparamerica.com/v-2017-dodge-challenger--r-t--5-7l-v8-gas/accessories-lighting-and-electrical-accessories--charging-unit,1,NOT_STARTED,,,,,,,0,,0,0,,"{""ordinal"": 159}"
leaf-08220e8c37d6c50eef7533c9,challenger-rt-57-gas,cat-926da0b73d34f43d92aa84c1,sub-b38ed87c889d42438634b93c,,CATEGORY_INDEX,,,https://www.moparamerica.com/v-2017-dodge-challenger--r-t--5-7l-v8-gas/accessories-lighting-and-electrical-accessories--lights,https://r.jina.ai/http://www.moparamerica.com/v-2017-dodge-challenger--r-t--5-7l-v8-gas/accessories-lighting-and-electrical-accessories--lights,1,NOT_STARTED,,,,,,,0,,0,0,,"{""ordinal"": 160}"
leaf-1f71fa51cb7d00f9891706ea,challenger-rt-57-gas,cat-7088934fa1f288224c2e8593,sub-9ccad7173a15d93d8a9fe49e,,CATEGORY_INDEX,,,https://www.moparamerica.com/v-2017-dodge-challenger--r-t--5-7l-v8-gas/accessories-modern-performance--engine-parts,https://r.jina.ai/http://www.moparamerica.com/v-2017-dodge-challenger--r-t--5-7l-v8-gas/accessories-modern-performance--engine-parts,1,NOT_STARTED,,,,,,,0,,0,0,,"{""ordinal"": 161}"
leaf-44a60c63c6cb2380350801a6,challenger-rt-57-gas,cat-7088934fa1f288224c2e8593,sub-ad698cc0a3604c5a1eaf20d1,,CATEGORY_INDEX,,,https://www.moparamerica.com/v-2017-dodge-challenger--r-t--5-7l-v8-gas/accessories-modern-performance--intake-and-air,https://r.jina.ai/http://www.moparamerica.com/v-2017-dodge-challenger--r-t--5-7l-v8-gas/accessories-modern-performance--intake-and-air,1,NOT_STARTED,,,,,,,0,,0,0,,"{""ordinal"": 162}"
leaf-37eaa36398cf9470522dcb35,challenger-rt-57-gas,cat-7088934fa1f288224c2e8593,sub-ca83cc50a428bc83570a8629,,CATEGORY_INDEX,,,https://www.moparamerica.com/v-2017-dodge-challenger--r-t--5-7l-v8-gas/accessories-modern-performance--suspension,https://r.jina.ai/http://www.moparamerica.com/v-2017-dodge-challenger--r-t--5-7l-v8-gas/accessories-modern-performance--suspension,1,NOT_STARTED,,,,,,,0,,0,0,,"{""ordinal"": 163}"
leaf-8da5e5d96d43a2864d52145d,challenger-rt-57-gas,cat-5e4ed4c03741a3999f123d11,sub-8e4f59925c1f12c0fc46e2ca,,CATEGORY_INDEX,,,https://www.moparamerica.com/v-2017-dodge-challenger--r-t--5-7l-v8-gas/accessories-vehicle-care-products--mopar,https://r.jina.ai/http://www.moparamerica.com/v-2017-dodge-challenger--r-t--5-7l-v8-gas/accessories-vehicle-care-products--mopar,1,NOT_STARTED,,,,,,,0,,0,0,,"{""ordinal"": 188}"
leaf-9e1c9e5892813871aca30e35,challenger-rt-57-gas,cat-5e4ed4c03741a3999f123d11,sub-310e20cc5a77c322edf29f1c,,CATEGORY_INDEX,,,https://www.moparamerica.com/v-2017-dodge-challenger--r-t--5-7l-v8-gas/accessories-vehicle-care-products--touch-up-paint,https://r.jina.ai/http://www.moparamerica.com/v-2017-dodge-challenger--r-t--5-7l-v8-gas/accessories-vehicle-care-products--touch-up-paint,1,NOT_STARTED,,,,,,,0,,0,0,,"{""ordinal"": 189}"
leaf-fffa221b1cae30bf78dc3e54,challenger-rt-57-gas,cat-50e500f302c07d0261808520,sub-edf2c0487f2a2a4bc078693a,,CATEGORY_INDEX,,,https://www.moparamerica.com/v-2017-dodge-challenger--r-t--5-7l-v8-gas/air-conditioners-and-heaters--air-conditioner-and-heater-controls,https://r.jina.ai/http://www.moparamerica.com/v-2017-dodge-challenger--r-t--5-7l-v8-gas/air-conditioners-and-heaters--air-conditioner-and-heater-controls,1,NOT_STARTED,,,,,,,0,,0,0,,"{""ordinal"": 49}"
leaf-5695f13ee12e267a37378479,challenger-rt-57-gas,cat-50e500f302c07d0261808520,sub-ac33a3374446fa039fa7f7ac,,CATEGORY_INDEX,,,https://www.moparamerica.com/v-2017-dodge-challenger--r-t--5-7l-v8-gas/air-conditioners-and-heaters--air-conditioner-and-heater-plumbing,https://r.jina.ai/http://www.moparamerica.com/v-2017-dodge-challenger--r-t--5-7l-v8-gas/air-conditioners-and-heaters--air-conditioner-and-heater-plumbing,1,NOT_STARTED,,,,,,,0,,0,0,,"{""ordinal"": 50}"
leaf-50ea6bbe6c20bea712b3d211,challenger-rt-57-gas,cat-50e500f302c07d0261808520,sub-132888fa20e9abdd44f5d404,,CATEGORY_INDEX,,,https://www.moparamerica.com/v-2017-dodge-challenger--r-t--5-7l-v8-gas/air-conditioners-and-heaters--air-conditioner-and-heater-units,https://r.jina.ai/http://www.moparamerica.com/v-2017-dodge-challenger--r-t--5-7l-v8-gas/air-conditioners-and-heaters--air-conditioner-and-heater-units,1,NOT_STARTED,,,,,,,0,,0,0,,"{""ordinal"": 51}"
leaf-83d2f6a79946f77a6ebc5c22,challenger-rt-57-gas,cat-50e500f302c07d0261808520,sub-5ca7931669c7f7999f74bbf5,,CATEGORY_INDEX,,,https://www.moparamerica.com/v-2017-dodge-challenger--r-t--5-7l-v8-gas/air-conditioners-and-heaters--air-conditioner-compressor-and-mounting,https://r.jina.ai/http://www.moparamerica.com/v-2017-dodge-challenger--r-t--5-7l-v8-gas/air-conditioners-and-heaters--air-conditioner-compressor-and-mounting,1,NOT_STARTED,,,,,,,0,,0,0,,"{""ordinal"": 52}"
leaf-19a65206e5ec57b69e8e2d61,challenger-rt-57-gas,cat-50e500f302c07d0261808520,sub-38b515ffa394888f39e91084,,CATEGORY_INDEX,,,https://www.moparamerica.com/v-2017-dodge-challenger--r-t--5-7l-v8-gas/air-conditioners-and-heaters--air-ducts,https://r.jina.ai/http://www.moparamerica.com/v-2017-dodge-challenger--r-t--5-7l-v8-gas/air-conditioners-and-heaters--air-ducts,1,NOT_STARTED,,,,,,,0,,0,0,,"{""ordinal"": 53}"
leaf-b23b2b483d25df85a7406374,challenger-rt-57-gas,cat-159ad003e64f73208e7a1ebc,sub-7f2d24733a2448fa187cc18f,,CATEGORY_INDEX,,,https://www.moparamerica.com/v-2017-dodge-challenger--r-t--5-7l-v8-gas/all-wheel-drive-differential-and-drive-line--drive-shaft,https://r.jina.ai/http://www.moparamerica.com/v-2017-dodge-challenger--r-t--5-7l-v8-gas/all-wheel-drive-differential-and-drive-line--drive-shaft,1,NOT_STARTED,,,,,,,0,,0,0,,"{""ordinal"": 54}"
leaf-1b3f906974274d8d8d7b562e,challenger-rt-57-gas,cat-159ad003e64f73208e7a1ebc,sub-7fb2488cbdc556b1207e3c7d,,CATEGORY_INDEX,,,https://www.moparamerica.com/v-2017-dodge-challenger--r-t--5-7l-v8-gas/all-wheel-drive-differential-and-drive-line--front-axle-assembly,https://r.jina.ai/http://www.moparamerica.com/v-2017-dodge-challenger--r-t--5-7l-v8-gas/all-wheel-drive-differential-and-drive-line--front-axle-assembly,1,NOT_STARTED,,,,,,,0,,0,0,,"{""ordinal"": 55}"
leaf-fecf6d79f1b9fdd7a8838982,challenger-rt-57-gas,cat-159ad003e64f73208e7a1ebc,sub-629743f6a3037be24299b94b,,CATEGORY_INDEX,,,https://www.moparamerica.com/v-2017-dodge-challenger--r-t--5-7l-v8-gas/all-wheel-drive-differential-and-drive-line--front-axle-drive-shafts,https://r.jina.ai/http://www.moparamerica.com/v-2017-dodge-challenger--r-t--5-7l-v8-gas/all-wheel-drive-differential-and-drive-line--front-axle-drive-shafts,1,NOT_STARTED,,,,,,,0,,0,0,,"{""ordinal"": 56}"
leaf-74c0fcd3ec7914fe6963d924,challenger-rt-57-gas,cat-159ad003e64f73208e7a1ebc,sub-7e02ec04585c367619c0f28a,,CATEGORY_INDEX,,,https://www.moparamerica.com/v-2017-dodge-challenger--r-t--5-7l-v8-gas/all-wheel-drive-differential-and-drive-line--rear-axle-assembly,https://r.jina.ai/http://www.moparamerica.com/v-2017-dodge-challenger--r-t--5-7l-v8-gas/all-wheel-drive-differential-and-drive-line--rear-axle-assembly,1,NOT_STARTED,,,,,,,0,,0,0,,"{""ordinal"": 57}"
leaf-e1d005e4b2df807e8d60b451,challenger-rt-57-gas,cat-159ad003e64f73208e7a1ebc,sub-a45f81d5119ca63955790ed7,,CATEGORY_INDEX,,,https://www.moparamerica.com/v-2017-dodge-challenger--r-t--5-7l-v8-gas/all-wheel-drive-differential-and-drive-line--rear-axle-housing-differential-and-vent,https://r.jina.ai/http://www.moparamerica.com/v-2017-dodge-challenger--r-t--5-7l-v8-gas/all-wheel-drive-differential-and-drive-line--rear-axle-housing-differential-and-vent,1,NOT_STARTED,,,,,,,0,,0,0,,"{""ordinal"": 59}"
leaf-e97a02d060698f81e24b1e6b,challenger-rt-57-gas,cat-159ad003e64f73208e7a1ebc,sub-541cb8134e654b7406b28a67,,CATEGORY_INDEX,,,https://www.moparamerica.com/v-2017-dodge-challenger--r-t--5-7l-v8-gas/all-wheel-drive-differential-and-drive-line--rear-axle-shafts,https://r.jina.ai/http://www.moparamerica.com/v-2017-dodge-challenger--r-t--5-7l-v8-gas/all-wheel-drive-differential-and-drive-line--rear-axle-shafts,1,NOT_STARTED,,,,,,,0,,0,0,,"{""ordinal"": 58}"
leaf-65ad3487545982bd8bd44391,challenger-rt-57-gas,cat-5e81d18a19c186816524b72f,,,CATEGORY_INDEX,,,https://www.moparamerica.com/v-2017-dodge-challenger--r-t--5-7l-v8-gas/auto-parts,https://r.jina.ai/http://www.moparamerica.com/v-2017-dodge-challenger--r-t--5-7l-v8-gas/auto-parts,1,NOT_STARTED,,,,,,,0,,0,0,,"{""ordinal"": 196}"
leaf-3925898a7b7e869a1dc5b337,challenger-rt-57-gas,cat-6ab952f0adf7eb6a1b8ba69f,sub-9d53363fe05faf1a1b6f1c2f,,CATEGORY_INDEX,,,https://www.moparamerica.com/v-2017-dodge-challenger--r-t--5-7l-v8-gas/body-sheet-metal-except-doors--aperture-panel-and-pillar-supports,https://r.jina.ai/http://www.moparamerica.com/v-2017-dodge-challenger--r-t--5-7l-v8-gas/body-sheet-metal-except-doors--aperture-panel-and-pillar-supports,1,NOT_STARTED,,,,,,,0,,0,0,,"{""ordinal"": 62}"
leaf-6fd4fcaa485bc92746190125,challenger-rt-57-gas,cat-6ab952f0adf7eb6a1b8ba69f,sub-67e01b0e54dd225d90877527,,CATEGORY_INDEX,,,https://www.moparamerica.com/v-2017-dodge-challenger--r-t--5-7l-v8-gas/body-sheet-metal-except-doors--body-structure-welds-weatherstrips-seals-sealers-and-adhesives,https://r.jina.ai/http://www.moparamerica.com/v-2017-dodge-challenger--r-t--5-7l-v8-gas/body-sheet-metal-except-doors--body-structure-welds-weatherstrips-seals-sealers-and-adhesives,1,NOT_STARTED,,,,,,,0,,0,0,,"{""ordinal"": 63}"
leaf-405012cbade54679ca4e57a6,challenger-rt-57-gas,cat-6ab952f0adf7eb6a1b8ba69f,sub-19c63e8a1d33a51ff84b5391,,CATEGORY_INDEX,,,https://www.moparamerica.com/v-2017-dodge-challenger--r-t--5-7l-v8-gas/body-sheet-metal-except-doors--cowl-and-dash-panel,https://r.jina.ai/http://www.moparamerica.com/v-2017-dodge-challenger--r-t--5-7l-v8-gas/body-sheet-metal-except-doors--cowl-and-dash-panel,1,NOT_STARTED,,,,,,,0,,0,0,,"{""ordinal"": 64}"
leaf-7be83b8c77bc333ee1b7e7ca,challenger-rt-57-gas,cat-6ab952f0adf7eb6a1b8ba69f,sub-6eb0191df06b2c5f75ffc408,,CATEGORY_INDEX,,,https://www.moparamerica.com/v-2017-dodge-challenger--r-t--5-7l-v8-gas/body-sheet-metal-except-doors--deck-lid,https://r.jina.ai/http://www.moparamerica.com/v-2017-dodge-challenger--r-t--5-7l-v8-gas/body-sheet-metal-except-doors--deck-lid,1,NOT_STARTED,,,,,,,0,,0,0,,"{""ordinal"": 65}"
leaf-7c8710e11136626737f79093,challenger-rt-57-gas,cat-6ab952f0adf7eb6a1b8ba69f,sub-4806d7ee97256cac951f39f9,,CATEGORY_INDEX,,,https://www.moparamerica.com/v-2017-dodge-challenger--r-t--5-7l-v8-gas/body-sheet-metal-except-doors--fenders,https://r.jina.ai/http://www.moparamerica.com/v-2017-dodge-challenger--r-t--5-7l-v8-gas/body-sheet-metal-except-doors--fenders,1,NOT_STARTED,,,,,,,0,,0,0,,"{""ordinal"": 66}"
leaf-f63553180e04093c684db028,challenger-rt-57-gas,cat-6ab952f0adf7eb6a1b8ba69f,sub-8f01f207b5e0c542a03f30cb,,CATEGORY_INDEX,,,https://www.moparamerica.com/v-2017-dodge-challenger--r-t--5-7l-v8-gas/body-sheet-metal-except-doors--floor-pans,https://r.jina.ai/http://www.moparamerica.com/v-2017-dodge-challenger--r-t--5-7l-v8-gas/body-sheet-metal-except-doors--floor-pans,1,NOT_STARTED,,,,,,,0,,0,0,,"{""ordinal"": 67}"
leaf-470c8c36ec72b50c9c24876f,challenger-rt-57-gas,cat-6ab952f0adf7eb6a1b8ba69f,sub-9838986363762802aaf1dfe0,,CATEGORY_INDEX,,,https://www.moparamerica.com/v-2017-dodge-challenger--r-t--5-7l-v8-gas/body-sheet-metal-except-doors--hood-and-hood-release,https://r.jina.ai/http://www.moparamerica.com/v-2017-dodge-challenger--r-t--5-7l-v8-gas/body-sheet-metal-except-doors--hood-and-hood-release,1,NOT_STARTED,,,,,,,0,,0,0,,"{""ordinal"": 68}"
leaf-7cdfd9d2575f1dbc5e4ddd22,challenger-rt-57-gas,cat-6ab952f0adf7eb6a1b8ba69f,sub-6fc23cd503139f892e9e2f30,,CATEGORY_INDEX,,,https://www.moparamerica.com/v-2017-dodge-challenger--r-t--5-7l-v8-gas/body-sheet-metal-except-doors--plugs,https://r.jina.ai/http://www.moparamerica.com/v-2017-dodge-challenger--r-t--5-7l-v8-gas/body-sheet-metal-except-doors--plugs,1,NOT_STARTED,,,,,,,0,,0,0,,"{""ordinal"": 69}"
leaf-74f421939bafdbeb7e9704f3,challenger-rt-57-gas,cat-6ab952f0adf7eb6a1b8ba69f,sub-309bd855865158edbe69fa88,,CATEGORY_INDEX,,,https://www.moparamerica.com/v-2017-dodge-challenger--r-t--5-7l-v8-gas/body-sheet-metal-except-doors--roof,https://r.jina.ai/http://www.moparamerica.com/v-2017-dodge-challenger--r-t--5-7l-v8-gas/body-sheet-metal-except-doors--roof,1,NOT_STARTED,,,,,,,0,,0,0,,"{""ordinal"": 70}"
leaf-c11912db49b7019057100d75,challenger-rt-57-gas,cat-6ab952f0adf7eb6a1b8ba69f,sub-431b9524ee3ae25ab70636d4,,CATEGORY_INDEX,,,https://www.moparamerica.com/v-2017-dodge-challenger--r-t--5-7l-v8-gas/body-sheet-metal-except-doors--shelf-panel,https://r.jina.ai/http://www.moparamerica.com/v-2017-dodge-challenger--r-t--5-7l-v8-gas/body-sheet-metal-except-doors--shelf-panel,1,NOT_STARTED,,,,,,,0,,0,0,,"{""ordinal"": 71}"
leaf-b4b0355b6afbd1ab0589fc41,challenger-rt-57-gas,cat-6ab952f0adf7eb6a1b8ba69f,sub-28b4739cad4c1252c308bb09,,CATEGORY_INDEX,,,https://www.moparamerica.com/v-2017-dodge-challenger--r-t--5-7l-v8-gas/body-sheet-metal-except-doors--sunroof,https://r.jina.ai/http://www.moparamerica.com/v-2017-dodge-challenger--r-t--5-7l-v8-gas/body-sheet-metal-except-doors--sunroof,1,NOT_STARTED,,,,,,,0,,0,0,,"{""ordinal"": 72}"
leaf-0238b6a1c7b49906e138b2bf,challenger-rt-57-gas,cat-4ae64f00eb1804cf42e2070e,sub-7cfc617a04db5f4b62c4ed6b,,CATEGORY_INDEX,,,https://www.moparamerica.com/v-2017-dodge-challenger--r-t--5-7l-v8-gas/brakes--brake-master-cylinder,https://r.jina.ai/http://www.moparamerica.com/v-2017-dodge-challenger--r-t--5-7l-v8-gas/brakes--brake-master-cylinder,1,NOT_STARTED,,,,,,,0,,0,0,,"{""ordinal"": 73}"
leaf-416f46e322613421c83ff192,challenger-rt-57-gas,cat-4ae64f00eb1804cf42e2070e,sub-14bedc60a758a56e0f790cdc,,CATEGORY_INDEX,,,https://www.moparamerica.com/v-2017-dodge-challenger--r-t--5-7l-v8-gas/brakes--brake-pedals,https://r.jina.ai/http://www.moparamerica.com/v-2017-dodge-challenger--r-t--5-7l-v8-gas/brakes--brake-pedals,1,NOT_STARTED,,,,,,,0,,0,0,,"{""ordinal"": 74}"
leaf-beea200b62baea665fa6dcc5,challenger-rt-57-gas,cat-4ae64f00eb1804cf42e2070e,sub-3f723619e32136ed5d310851,,CATEGORY_INDEX,,,https://www.moparamerica.com/v-2017-dodge-challenger--r-t--5-7l-v8-gas/brakes--front-brakes,https://r.jina.ai/http://www.moparamerica.com/v-2017-dodge-challenger--r-t--5-7l-v8-gas/brakes--front-brakes,1,NOT_STARTED,,,,,,,0,,0,0,,"{""ordinal"": 75}"
leaf-629e4b4b6c2b3466c28fea8d,challenger-rt-57-gas,cat-4ae64f00eb1804cf42e2070e,sub-fa0a3a06049ff6b966d8fbd3,,CATEGORY_INDEX,,,https://www.moparamerica.com/v-2017-dodge-challenger--r-t--5-7l-v8-gas/brakes--hydraulic-control-unit-brake-tubes-and-hoses,https://r.jina.ai/http://www.moparamerica.com/v-2017-dodge-challenger--r-t--5-7l-v8-gas/brakes--hydraulic-control-unit-brake-tubes-and-hoses,1,NOT_STARTED,,,,,,,0,,0,0,,"{""ordinal"": 76}"
leaf-141d205d1ebf8b847ea6b8ee,challenger-rt-57-gas,cat-4ae64f00eb1804cf42e2070e,sub-4c750935784a789ff678faa0,,CATEGORY_INDEX,,,https://www.moparamerica.com/v-2017-dodge-challenger--r-t--5-7l-v8-gas/brakes--parking-brake-lever-cables-and-rear-disc-park-brake-assembly,https://r.jina.ai/http://www.moparamerica.com/v-2017-dodge-challenger--r-t--5-7l-v8-gas/brakes--parking-brake-lever-cables-and-rear-disc-park-brake-assembly,1,NOT_STARTED,,,,,,,0,,0,0,,"{""ordinal"": 77}"
leaf-20510a8b7483e0a86aa92dd7,challenger-rt-57-gas,cat-4ae64f00eb1804cf42e2070e,sub-30291dd02726aa40705c9f48,,CATEGORY_INDEX,,,https://www.moparamerica.com/v-2017-dodge-challenger--r-t--5-7l-v8-gas/brakes--power-brake-booster,https://r.jina.ai/http://www.moparamerica.com/v-2017-dodge-challenger--r-t--5-7l-v8-gas/brakes--power-brake-booster,1,NOT_STARTED,,,,,,,0,,0,0,,"{""ordinal"": 78}"
leaf-71add8ef332614001777c8cf,challenger-rt-57-gas,cat-4ae64f00eb1804cf42e2070e,sub-87c2ae83a15a2db74204c708,,CATEGORY_INDEX,,,https://www.moparamerica.com/v-2017-dodge-challenger--r-t--5-7l-v8-gas/brakes--rear-brakes,https://r.jina.ai/http://www.moparamerica.com/v-2017-dodge-challenger--r-t--5-7l-v8-gas/brakes--rear-brakes,1,NOT_STARTED,,,,,,,0,,0,0,,"{""ordinal"": 79}"
leaf-57d41777a0166aa24ebba7ec,challenger-rt-57-gas,cat-fe21b00263984b5caabe9160,sub-05a082d04427e0fed6c419f3,,CATEGORY_INDEX,,,https://www.moparamerica.com/v-2017-dodge-challenger--r-t--5-7l-v8-gas/clutch--clutch,https://r.jina.ai/http://www.moparamerica.com/v-2017-dodge-challenger--r-t--5-7l-v8-gas/clutch--clutch,1,NOT_STARTED,,,,,,,0,,0,0,,"{""ordinal"": 80}"
leaf-4c30eb797b70bf41ed7c617c,challenger-rt-57-gas,cat-fe21b00263984b5caabe9160,sub-ccf1a7ca5332ac3fa477e38c,,CATEGORY_INDEX,,,https://www.moparamerica.com/v-2017-dodge-challenger--r-t--5-7l-v8-gas/clutch--clutch-controls,https://r.jina.ai/http://www.moparamerica.com/v-2017-dodge-challenger--r-t--5-7l-v8-gas/clutch--clutch-controls,1,NOT_STARTED,,,,,,,0,,0,0,,"{""ordinal"": 81}"
leaf-a0bc1c7ceb94c234c595d985,challenger-rt-57-gas,cat-fe21b00263984b5caabe9160,sub-f2d62c31e5c5da3ac4d9730e,,CATEGORY_INDEX,,,https://www.moparamerica.com/v-2017-dodge-challenger--r-t--5-7l-v8-gas/clutch--clutch-housing,https://r.jina.ai/http://www.moparamerica.com/v-2017-dodge-challenger--r-t--5-7l-v8-gas/clutch--clutch-housing,1,NOT_STARTED,,,,,,,0,,0,0,,"{""ordinal"": 82}"
leaf-252b24790fe8b2ee26aea61b,challenger-rt-57-gas,cat-fe21b00263984b5caabe9160,sub-9b68ec560aef667a06fe91ea,,CATEGORY_INDEX,,,https://www.moparamerica.com/v-2017-dodge-challenger--r-t--5-7l-v8-gas/clutch--clutch-pedals,https://r.jina.ai/http://www.moparamerica.com/v-2017-dodge-challenger--r-t--5-7l-v8-gas/clutch--clutch-pedals,1,NOT_STARTED,,,,,,,0,,0,0,,"{""ordinal"": 83}"
leaf-95a71fe1207f16285370072d,challenger-rt-57-gas,cat-fabb4b4eb068b85aa21d6b16,sub-6f6acfa535d692b2328d3397,,CATEGORY_INDEX,,,https://www.moparamerica.com/v-2017-dodge-challenger--r-t--5-7l-v8-gas/conversion-and-upfit-packages--exterior,https://r.jina.ai/http://www.moparamerica.com/v-2017-dodge-challenger--r-t--5-7l-v8-gas/conversion-and-upfit-packages--exterior,1,NOT_STARTED,,,,,,,0,,0,0,,"{""ordinal"": 84}"
leaf-6a23ef3875e709000098df14,challenger-rt-57-gas,cat-7a3a3b2fea18d9a18ca37b9c,sub-479de4f58cfd8fb3f481c7df,,CATEGORY_INDEX,,,https://www.moparamerica.com/v-2017-dodge-challenger--r-t--5-7l-v8-gas/cooling--drive-belts,https://r.jina.ai/http://www.moparamerica.com/v-2017-dodge-challenger--r-t--5-7l-v8-gas/cooling--drive-belts,1,NOT_STARTED,,,,,,,0,,0,0,,"{""ordinal"": 85}"
leaf-074b07e92ffcb891bb84fc55,challenger-rt-57-gas,cat-7a3a3b2fea18d9a18ca37b9c,sub-8c9bd45014e009c8fb6e7a47,,CATEGORY_INDEX,,,https://www.moparamerica.com/v-2017-dodge-challenger--r-t--5-7l-v8-gas/cooling--engine-coolant-reservoir-bottle,https://r.jina.ai/http://www.moparamerica.com/v-2017-dodge-challenger--r-t--5-7l-v8-gas/cooling--engine-coolant-reservoir-bottle,1,NOT_STARTED,,,,,,,0,,0,0,,"{""ordinal"": 86}"
leaf-fc4dd04c7308d95b8deea311,challenger-rt-57-gas,cat-7a3a3b2fea18d9a18ca37b9c,sub-2356a7afad27093f96061f89,,CATEGORY_INDEX,,,https://www.moparamerica.com/v-2017-dodge-challenger--r-t--5-7l-v8-gas/cooling--pulleys-and-related-parts,https://r.jina.ai/http://www.moparamerica.com/v-2017-dodge-challenger--r-t--5-7l-v8-gas/cooling--pulleys-and-related-parts,1,NOT_STARTED,,,,,,,0,,0,0,,"{""ordinal"": 87}"
leaf-94fabb69100587aae8cf0b85,challenger-rt-57-gas,cat-7a3a3b2fea18d9a18ca37b9c,sub-c08ae3fa8cded771de5fd585,,CATEGORY_INDEX,,,https://www.moparamerica.com/v-2017-dodge-challenger--r-t--5-7l-v8-gas/cooling--radiator-and-related-parts-charge-air-cooler,https://r.jina.ai/http://www.moparamerica.com/v-2017-dodge-challenger--r-t--5-7l-v8-gas/cooling--radiator-and-related-parts-charge-air-cooler,1,NOT_STARTED,,,,,,,0,,0,0,,"{""ordinal"": 88}"
leaf-1a81dfa939bb7189b07a90d3,challenger-rt-57-gas,cat-7a3a3b2fea18d9a18ca37b9c,sub-24dfeee6c267a98170d83ffc,,CATEGORY_INDEX,,,https://www.moparamerica.com/v-2017-dodge-challenger--r-t--5-7l-v8-gas/cooling--transmission-oil-cooler-and-lines,https://r.jina.ai/http://www.moparamerica.com/v-2017-dodge-challenger--r-t--5-7l-v8-gas/cooling--transmission-oil-cooler-and-lines,1,NOT_STARTED,,,,,,,0,,0,0,,"{""ordinal"": 89}"
leaf-701f70ed0f5aaf22b72af9d1,challenger-rt-57-gas,cat-7a3a3b2fea18d9a18ca37b9c,sub-9e19f70379e966845cb9fe79,,CATEGORY_INDEX,,,https://www.moparamerica.com/v-2017-dodge-challenger--r-t--5-7l-v8-gas/cooling--water-pump-and-related-parts,https://r.jina.ai/http://www.moparamerica.com/v-2017-dodge-challenger--r-t--5-7l-v8-gas/cooling--water-pump-and-related-parts,1,NOT_STARTED,,,,,,,0,,0,0,,"{""ordinal"": 90}"
leaf-94e7154e1e968c15c82cf357,challenger-rt-57-gas,cat-2d1608861b21e55e9460ce09,sub-1aede142a559d708949973f1,,CATEGORY_INDEX,,,https://www.moparamerica.com/v-2017-dodge-challenger--r-t--5-7l-v8-gas/doors-door-mirrors-and-related-parts--exterior-mirror,https://r.jina.ai/http://www.moparamerica.com/v-2017-dodge-challenger--r-t--5-7l-v8-gas/doors-door-mirrors-and-related-parts--exterior-mirror,1,NOT_STARTED,,,,,,,0,,0,0,,"{""ordinal"": 92}"
leaf-2a22961f83382570e214dd94,challenger-rt-57-gas,cat-2d1608861b21e55e9460ce09,sub-147e915330716fe905c6cb20,,CATEGORY_INDEX,,,https://www.moparamerica.com/v-2017-dodge-challenger--r-t--5-7l-v8-gas/doors-door-mirrors-and-related-parts--front-door,https://r.jina.ai/http://www.moparamerica.com/v-2017-dodge-challenger--r-t--5-7l-v8-gas/doors-door-mirrors-and-related-parts--front-door,1,NOT_STARTED,,,,,,,0,,0,0,,"{""ordinal"": 93}"
leaf-ee83f7200ef7cd015613d38d,challenger-rt-57-gas,cat-2d1608861b21e55e9460ce09,sub-43a7d3260b9cbef5843122d1,,CATEGORY_INDEX,,,https://www.moparamerica.com/v-2017-dodge-challenger--r-t--5-7l-v8-gas/doors-door-mirrors-and-related-parts--weatherstrips-and-seals,https://r.jina.ai/http://www.moparamerica.com/v-2017-dodge-challenger--r-t--5-7l-v8-gas/doors-door-mirrors-and-related-parts--weatherstrips-and-seals,1,NOT_STARTED,,,,,,,0,,0,0,,"{""ordinal"": 94}"
leaf-6f8e73c8f9310592ec40d73d,challenger-rt-57-gas,cat-1e21661e7b1949b3978d23c4,sub-c721c503d7cc4f1889ccc240,,CATEGORY_INDEX,,,https://www.moparamerica.com/v-2017-dodge-challenger--r-t--5-7l-v8-gas/electrical--battery-battery-tray-and-cables,https://r.jina.ai/http://www.moparamerica.com/v-2017-dodge-challenger--r-t--5-7l-v8-gas/electrical--battery-battery-tray-and-cables,1,NOT_STARTED,,,,,,,0,,0,0,,"{""ordinal"": 96}"
leaf-4be9e1568994be655ec9a4ae,challenger-rt-57-gas,cat-1e21661e7b1949b3978d23c4,sub-e25255a436b752d95c030d53,,CATEGORY_INDEX,,,https://www.moparamerica.com/v-2017-dodge-challenger--r-t--5-7l-v8-gas/electrical--generators-alternators,https://r.jina.ai/http://www.moparamerica.com/v-2017-dodge-challenger--r-t--5-7l-v8-gas/electrical--generators-alternators,1,NOT_STARTED,,,,,,,0,,0,0,,"{""ordinal"": 97}"
leaf-0636659f734072616773ccf6,challenger-rt-57-gas,cat-1e21661e7b1949b3978d23c4,sub-41c23976923b121304737841,,CATEGORY_INDEX,,,https://www.moparamerica.com/v-2017-dodge-challenger--r-t--5-7l-v8-gas/electrical--horns,https://r.jina.ai/http://www.moparamerica.com/v-2017-dodge-challenger--r-t--5-7l-v8-gas/electrical--horns,1,NOT_STARTED,,,,,,,0,,0,0,,"{""ordinal"": 98}"
leaf-42288fe7b765146debec15c5,challenger-rt-57-gas,cat-1e21661e7b1949b3978d23c4,sub-2cb4509bff7a5add301e03d7,,CATEGORY_INDEX,,,https://www.moparamerica.com/v-2017-dodge-challenger--r-t--5-7l-v8-gas/electrical--ignition-spark-plugs-cables-coils-and-glow-plugs,https://r.jina.ai/http://www.moparamerica.com/v-2017-dodge-challenger--r-t--5-7l-v8-gas/electrical--ignition-spark-plugs-cables-coils-and-glow-plugs,1,NOT_STARTED,,,,,,,0,,0,0,,"{""ordinal"": 99}"
leaf-68b716ee106222bb9fc067b3,challenger-rt-57-gas,cat-1e21661e7b1949b3978d23c4,sub-b2154a8b6917867525b2d35b,,CATEGORY_INDEX,,,https://www.moparamerica.com/v-2017-dodge-challenger--r-t--5-7l-v8-gas/electrical--instrument-panel-cluster,https://r.jina.ai/http://www.moparamerica.com/v-2017-dodge-challenger--r-t--5-7l-v8-gas/electrical--instrument-panel-cluster,1,NOT_STARTED,,,,,,,0,,0,0,,"{""ordinal"": 100}"
leaf-96bcc32d9799cdc269ba8162,challenger-rt-57-gas,cat-1e21661e7b1949b3978d23c4,sub-ae58b72d206360abea7b9a35,,CATEGORY_INDEX,,,https://www.moparamerica.com/v-2017-dodge-challenger--r-t--5-7l-v8-gas/electrical--keys-modules-and-engine-controllers,https://r.jina.ai/http://www.moparamerica.com/v-2017-dodge-challenger--r-t--5-7l-v8-gas/electrical--keys-modules-and-engine-controllers,1,NOT_STARTED,,,,,,,0,,0,0,,"{""ordinal"": 101}"
leaf-0b76a59245b361011efc0b39,challenger-rt-57-gas,cat-1e21661e7b1949b3978d23c4,sub-e4c113929dda081f1795cc47,,CATEGORY_INDEX,,,https://www.moparamerica.com/v-2017-dodge-challenger--r-t--5-7l-v8-gas/electrical--lamps-interior-and-exterior,https://r.jina.ai/http://www.moparamerica.com/v-2017-dodge-challenger--r-t--5-7l-v8-gas/electrical--lamps-interior-and-exterior,1,NOT_STARTED,,,,,,,0,,0,0,,"{""ordinal"": 102}"
leaf-d0a851dd7c513acddfcd25ac,challenger-rt-57-gas,cat-1e21661e7b1949b3978d23c4,sub-d32fccc734007bd07d9d2b66,,CATEGORY_INDEX,,,https://www.moparamerica.com/v-2017-dodge-challenger--r-t--5-7l-v8-gas/electrical--park-assist,https://r.jina.ai/http://www.moparamerica.com/v-2017-dodge-challenger--r-t--5-7l-v8-gas/electrical--park-assist,1,NOT_STARTED,,,,,,,0,,0,0,,"{""ordinal"": 103}"
leaf-ac674297cd692f1ae041401c,challenger-rt-57-gas,cat-1e21661e7b1949b3978d23c4,sub-99437739cbb313d2dcb8a97d,,CATEGORY_INDEX,,,https://www.moparamerica.com/v-2017-dodge-challenger--r-t--5-7l-v8-gas/electrical--power-distribution-center-fuse-block-junction-block-relays-and-fuses,https://r.jina.ai/http://www.moparamerica.com/v-2017-dodge-challenger--r-t--5-7l-v8-gas/electrical--power-distribution-center-fuse-block-junction-block-relays-and-fuses,1,NOT_STARTED,,,,,,,0,,0,0,,"{""ordinal"": 104}"
leaf-7de83ab42ceb07798e9085df,challenger-rt-57-gas,cat-1e21661e7b1949b3978d23c4,sub-a42e777928bbd61a9fd71072,,CATEGORY_INDEX,,,https://www.moparamerica.com/v-2017-dodge-challenger--r-t--5-7l-v8-gas/electrical--radio-antenna-speakers-dvd-and-video-systems,https://r.jina.ai/http://www.moparamerica.com/v-2017-dodge-challenger--r-t--5-7l-v8-gas/electrical--radio-antenna-speakers-dvd-and-video-systems,1,NOT_STARTED,,,,,,,0,,0,0,,"{""ordinal"": 105}"
leaf-1c91348bcb5663c7f06a46e6,challenger-rt-57-gas,cat-1e21661e7b1949b3978d23c4,sub-fff2ea8ab0aef89b7f9c0ef4,,CATEGORY_INDEX,,,https://www.moparamerica.com/v-2017-dodge-challenger--r-t--5-7l-v8-gas/electrical--sensors,https://r.jina.ai/http://www.moparamerica.com/v-2017-dodge-challenger--r-t--5-7l-v8-gas/electrical--sensors,1,NOT_STARTED,,,,,,,0,,0,0,,"{""ordinal"": 106}"
leaf-ab7dc0839bb37e98223ac173,challenger-rt-57-gas,cat-1e21661e7b1949b3978d23c4,sub-367d8f09254bf33d2bf742e1,,CATEGORY_INDEX,,,https://www.moparamerica.com/v-2017-dodge-challenger--r-t--5-7l-v8-gas/electrical--speed-control,https://r.jina.ai/http://www.moparamerica.com/v-2017-dodge-challenger--r-t--5-7l-v8-gas/electrical--speed-control,1,NOT_STARTED,,,,,,,0,,0,0,,"{""ordinal"": 107}"
leaf-185f64dc23fc1421f6ddc57d,challenger-rt-57-gas,cat-1e21661e7b1949b3978d23c4,sub-e3a6468cba5bbf126745a8ee,,CATEGORY_INDEX,,,https://www.moparamerica.com/v-2017-dodge-challenger--r-t--5-7l-v8-gas/electrical--starters,https://r.jina.ai/http://www.moparamerica.com/v-2017-dodge-challenger--r-t--5-7l-v8-gas/electrical--starters,1,NOT_STARTED,,,,,,,0,,0,0,,"{""ordinal"": 108}"
leaf-f582d745bf545ec83b0f0231,challenger-rt-57-gas,cat-1e21661e7b1949b3978d23c4,sub-985f6cb071f8c788577098bb,,CATEGORY_INDEX,,,https://www.moparamerica.com/v-2017-dodge-challenger--r-t--5-7l-v8-gas/electrical--switches,https://r.jina.ai/http://www.moparamerica.com/v-2017-dodge-challenger--r-t--5-7l-v8-gas/electrical--switches,1,NOT_STARTED,,,,,,,0,,0,0,,"{""ordinal"": 109}"
leaf-9792b674bc01fef31128766d,challenger-rt-57-gas,cat-1e21661e7b1949b3978d23c4,sub-28cbdbc16a54a5e2ffefb5c6,,CATEGORY_INDEX,,,https://www.moparamerica.com/v-2017-dodge-challenger--r-t--5-7l-v8-gas/electrical--wiper-and-washer-system,https://r.jina.ai/http://www.moparamerica.com/v-2017-dodge-challenger--r-t--5-7l-v8-gas/electrical--wiper-and-washer-system,1,NOT_STARTED,,,,,,,0,,0,0,,"{""ordinal"": 110}"
leaf-e981711c3ade71285e702a8e,challenger-rt-57-gas,cat-1e21661e7b1949b3978d23c4,sub-2a455a17ca4a3ebeded60a13,,CATEGORY_INDEX,,,https://www.moparamerica.com/v-2017-dodge-challenger--r-t--5-7l-v8-gas/electrical--wiring-body-and-accessories,https://r.jina.ai/http://www.moparamerica.com/v-2017-dodge-challenger--r-t--5-7l-v8-gas/electrical--wiring-body-and-accessories,1,NOT_STARTED,,,,,,,0,,0,0,,"{""ordinal"": 111}"
leaf-f18ed85688938755a35fb2c5,challenger-rt-57-gas,cat-1e21661e7b1949b3978d23c4,sub-af6d9d98e949b8cff27756c8,,CATEGORY_INDEX,,,https://www.moparamerica.com/v-2017-dodge-challenger--r-t--5-7l-v8-gas/electrical--wiring-headlamp-to-dash,https://r.jina.ai/http://www.moparamerica.com/v-2017-dodge-challenger--r-t--5-7l-v8-gas/electrical--wiring-headlamp-to-dash,1,NOT_STARTED,,,,,,,0,,0,0,,"{""ordinal"": 112}"
leaf-be5d2617fd54b7c318e33ef7,challenger-rt-57-gas,cat-1e21661e7b1949b3978d23c4,sub-8be9680cf88dcbb8be0a4be6,,CATEGORY_INDEX,,,https://www.moparamerica.com/v-2017-dodge-challenger--r-t--5-7l-v8-gas/electrical--wiring-instrument-panel,https://r.jina.ai/http://www.moparamerica.com/v-2017-dodge-challenger--r-t--5-7l-v8-gas/electrical--wiring-instrument-panel,1,NOT_STARTED,,,,,,,0,,0,0,,"{""ordinal"": 113}"
leaf-0339c5090f68910239fb72fb,challenger-rt-57-gas,cat-1e21661e7b1949b3978d23c4,sub-1776ecb3c3ce2714304952ca,,CATEGORY_INDEX,,,https://www.moparamerica.com/v-2017-dodge-challenger--r-t--5-7l-v8-gas/electrical--wiring-powertrain,https://r.jina.ai/http://www.moparamerica.com/v-2017-dodge-challenger--r-t--5-7l-v8-gas/electrical--wiring-powertrain,1,NOT_STARTED,,,,,,,0,,0,0,,"{""ordinal"": 114}"
leaf-c19cbc87f1b1162020f21da0,challenger-rt-57-gas,cat-cb6302d2a237b800ff7c94aa,sub-8ccdd897aaaf84051f1a9b44,,CATEGORY_INDEX,,,https://www.moparamerica.com/v-2017-dodge-challenger--r-t--5-7l-v8-gas/emission-controls--emission-harness,https://r.jina.ai/http://www.moparamerica.com/v-2017-dodge-challenger--r-t--5-7l-v8-gas/emission-controls--emission-harness,1,NOT_STARTED,,,,,,,0,,0,0,,"{""ordinal"": 115}"
leaf-964df9294ecd99e34b5ac816,challenger-rt-57-gas,cat-cb6302d2a237b800ff7c94aa,sub-bc91b17516ea0913858d30ee,,CATEGORY_INDEX,,,https://www.moparamerica.com/v-2017-dodge-challenger--r-t--5-7l-v8-gas/emission-controls--vacuum-canister-leak-detection-pump,https://r.jina.ai/http://www.moparamerica.com/v-2017-dodge-challenger--r-t--5-7l-v8-gas/emission-controls--vacuum-canister-leak-detection-pump,1,NOT_STARTED,,,,,,,0,,0,0,,"{""ordinal"": 116}"
leaf-1004fb6de31adb6d3a2224c9,challenger-rt-57-gas,cat-f287819f1a27b3ea7b14f6e2,sub-154505ae547afc890be1d512,,CATEGORY_INDEX,,,https://www.moparamerica.com/v-2017-dodge-challenger--r-t--5-7l-v8-gas/exhaust--exhaust-system,https://r.jina.ai/http://www.moparamerica.com/v-2017-dodge-challenger--r-t--5-7l-v8-gas/exhaust--exhaust-system,1,NOT_STARTED,,,,,,,0,,0,0,,"{""ordinal"": 117}"
leaf-2aeba97d5e6229a76d62a136,challenger-rt-57-gas,cat-b570b9ee5d3bc67afa61510d,sub-f3b37a0dfd7f30e7d2ba0b54,,CATEGORY_INDEX,,,https://www.moparamerica.com/v-2017-dodge-challenger--r-t--5-7l-v8-gas/exterior-ornamentation--decals-and-tape-stripes,https://r.jina.ai/http://www.moparamerica.com/v-2017-dodge-challenger--r-t--5-7l-v8-gas/exterior-ornamentation--decals-and-tape-stripes,1,NOT_STARTED,,,,,,,0,,0,0,,"{""ordinal"": 125}"
leaf-83c1f3e774ecf2f89d81a1f6,challenger-rt-57-gas,cat-b570b9ee5d3bc67afa61510d,sub-1c3a51ca1d0dd3edfedc8723,,CATEGORY_INDEX,,,https://www.moparamerica.com/v-2017-dodge-challenger--r-t--5-7l-v8-gas/exterior-ornamentation--grilles,https://r.jina.ai/http://www.moparamerica.com/v-2017-dodge-challenger--r-t--5-7l-v8-gas/exterior-ornamentation--grilles,1,NOT_STARTED,,,,,,,0,,0,0,,"{""ordinal"": 126}"
leaf-08222b25e7e1828d7131f3b2,challenger-rt-57-gas,cat-b570b9ee5d3bc67afa61510d,sub-cbf81052f70dd5dde771a481,,CATEGORY_INDEX,,,https://www.moparamerica.com/v-2017-dodge-challenger--r-t--5-7l-v8-gas/exterior-ornamentation--moldings-and-ornamentation,https://r.jina.ai/http://www.moparamerica.com/v-2017-dodge-challenger--r-t--5-7l-v8-gas/exterior-ornamentation--moldings-and-ornamentation,1,NOT_STARTED,,,,,,,0,,0,0,,"{""ordinal"": 127}"
leaf-ce45eea668362a9fc0936a24,challenger-rt-57-gas,cat-b570b9ee5d3bc67afa61510d,sub-c36e4cec23ef5e2ceb3e5094,,CATEGORY_INDEX,,,https://www.moparamerica.com/v-2017-dodge-challenger--r-t--5-7l-v8-gas/exterior-ornamentation--nameplates,https://r.jina.ai/http://www.moparamerica.com/v-2017-dodge-challenger--r-t--5-7l-v8-gas/exterior-ornamentation--nameplates,1,NOT_STARTED,,,,,,,0,,0,0,,"{""ordinal"": 128}"
leaf-bc4f05c8f82ed97373012e20,challenger-rt-57-gas,cat-5ff379fada94924328eb5768,sub-ed3413439a41923d6af48f1b,,CATEGORY_INDEX,,,https://www.moparamerica.com/v-2017-dodge-challenger--r-t--5-7l-v8-gas/frame-bumper-and-fascia--frames,https://r.jina.ai/http://www.moparamerica.com/v-2017-dodge-challenger--r-t--5-7l-v8-gas/frame-bumper-and-fascia--frames,1,NOT_STARTED,,,,,,,0,,0,0,,"{""ordinal"": 129}"
leaf-a964023133fb69879274559d,challenger-rt-57-gas,cat-5ff379fada94924328eb5768,sub-b7879dff506690e6949bbc5b,,CATEGORY_INDEX,,,https://www.moparamerica.com/v-2017-dodge-challenger--r-t--5-7l-v8-gas/frame-bumper-and-fascia--front-bumper-and-fascia,https://r.jina.ai/http://www.moparamerica.com/v-2017-dodge-challenger--r-t--5-7l-v8-gas/frame-bumper-and-fascia--front-bumper-and-fascia,1,NOT_STARTED,,,,,,,0,,0,0,,"{""ordinal"": 130}"
leaf-d508fc8fa21836e02892a174,challenger-rt-57-gas,cat-5ff379fada94924328eb5768,sub-99871e86cb948571de29c2a9,,CATEGORY_INDEX,,,https://www.moparamerica.com/v-2017-dodge-challenger--r-t--5-7l-v8-gas/frame-bumper-and-fascia--rear-bumper-and-fascia,https://r.jina.ai/http://www.moparamerica.com/v-2017-dodge-challenger--r-t--5-7l-v8-gas/frame-bumper-and-fascia--rear-bumper-and-fascia,1,NOT_STARTED,,,,,,,0,,0,0,,"{""ordinal"": 131}"
leaf-c9f5979a3c720d9260ec9e25,challenger-rt-57-gas,cat-c943c8692e38277012746758,sub-0c230da32bd34332e9d5f64a,,CATEGORY_INDEX,,,https://www.moparamerica.com/v-2017-dodge-challenger--r-t--5-7l-v8-gas/front-suspension--front-stabilizer-bar,https://r.jina.ai/http://www.moparamerica.com/v-2017-dodge-challenger--r-t--5-7l-v8-gas/front-suspension--front-stabilizer-bar,1,NOT_STARTED,,,,,,,0,,0,0,,"{""ordinal"": 132}"
leaf-113d2fad1a39fe2f1baba857,challenger-rt-57-gas,cat-c943c8692e38277012746758,sub-f2df9df0d3ccf2f95daa1d0d,,CATEGORY_INDEX,,,https://www.moparamerica.com/v-2017-dodge-challenger--r-t--5-7l-v8-gas/front-suspension--front-suspension-strut-and-cradle,https://r.jina.ai/http://www.moparamerica.com/v-2017-dodge-challenger--r-t--5-7l-v8-gas/front-suspension--front-suspension-strut-and-cradle,1,NOT_STARTED,,,,,,,0,,0,0,,"{""ordinal"": 133}"
leaf-7f0842ca9d79c106f286e9eb,challenger-rt-57-gas,cat-a0a41c926241c8c62b66f180,sub-a1f627631ca63143073c9f0d,,CATEGORY_INDEX,,,https://www.moparamerica.com/v-2017-dodge-challenger--r-t--5-7l-v8-gas/fuel--accelerator-pedal,https://r.jina.ai/http://www.moparamerica.com/v-2017-dodge-challenger--r-t--5-7l-v8-gas/fuel--accelerator-pedal,1,NOT_STARTED,,,,,,,0,,0,0,,"{""ordinal"": 134}"
leaf-978e8640b66f0e6d93b97392,challenger-rt-57-gas,cat-a0a41c926241c8c62b66f180,sub-70b3cdd7d899767dc2c2881e,,CATEGORY_INDEX,,,https://www.moparamerica.com/v-2017-dodge-challenger--r-t--5-7l-v8-gas/fuel--air-cleaner,https://r.jina.ai/http://www.moparamerica.com/v-2017-dodge-challenger--r-t--5-7l-v8-gas/fuel--air-cleaner,1,NOT_STARTED,,,,,,,0,,0,0,,"{""ordinal"": 135}"
leaf-f30ad23abe4a59d9fdb40722,challenger-rt-57-gas,cat-a0a41c926241c8c62b66f180,sub-40114a04cf3bcf6722458568,,CATEGORY_INDEX,,,https://www.moparamerica.com/v-2017-dodge-challenger--r-t--5-7l-v8-gas/fuel--fuel-lines,https://r.jina.ai/http://www.moparamerica.com/v-2017-dodge-challenger--r-t--5-7l-v8-gas/fuel--fuel-lines,1,NOT_STARTED,,,,,,,0,,0,0,,"{""ordinal"": 136}"
leaf-525d47f702a8f6d6579b8ad7,challenger-rt-57-gas,cat-a0a41c926241c8c62b66f180,sub-314c45d678882199e14f9d45,,CATEGORY_INDEX,,,https://www.moparamerica.com/v-2017-dodge-challenger--r-t--5-7l-v8-gas/fuel--fuel-pump-and-sending-unit,https://r.jina.ai/http://www.moparamerica.com/v-2017-dodge-challenger--r-t--5-7l-v8-gas/fuel--fuel-pump-and-sending-unit,1,NOT_STARTED,,,,,,,0,,0,0,,"{""ordinal"": 137}"
leaf-ed192faea0d39e17e774e925,challenger-rt-57-gas,cat-a0a41c926241c8c62b66f180,sub-59189fe9255088fffcc680c4,,CATEGORY_INDEX,,,https://www.moparamerica.com/v-2017-dodge-challenger--r-t--5-7l-v8-gas/fuel--fuel-rail-and-injectors,https://r.jina.ai/http://www.moparamerica.com/v-2017-dodge-challenger--r-t--5-7l-v8-gas/fuel--fuel-rail-and-injectors,1,NOT_STARTED,,,,,,,0,,0,0,,"{""ordinal"": 138}"
leaf-86d5c44fb259e389468f4871,challenger-rt-57-gas,cat-a0a41c926241c8c62b66f180,sub-689d1482db668308f2b583f1,,CATEGORY_INDEX,,,https://www.moparamerica.com/v-2017-dodge-challenger--r-t--5-7l-v8-gas/fuel--fuel-tank,https://r.jina.ai/http://www.moparamerica.com/v-2017-dodge-challenger--r-t--5-7l-v8-gas/fuel--fuel-tank,1,NOT_STARTED,,,,,,,0,,0,0,,"{""ordinal"": 139}"
leaf-6c1aed85aeef10f0b6fb6190,challenger-rt-57-gas,cat-a0a41c926241c8c62b66f180,sub-14d15768fad9499f3e521c8e,,CATEGORY_INDEX,,,https://www.moparamerica.com/v-2017-dodge-challenger--r-t--5-7l-v8-gas/fuel--fuel-tank-filler-tube,https://r.jina.ai/http://www.moparamerica.com/v-2017-dodge-challenger--r-t--5-7l-v8-gas/fuel--fuel-tank-filler-tube,1,NOT_STARTED,,,,,,,0,,0,0,,"{""ordinal"": 140}"
leaf-94eb5e21c25bdb3fba29a7d8,challenger-rt-57-gas,cat-a0a41c926241c8c62b66f180,sub-e46a50e3113915dc5f93c622,,CATEGORY_INDEX,,,https://www.moparamerica.com/v-2017-dodge-challenger--r-t--5-7l-v8-gas/fuel--throttle-body,https://r.jina.ai/http://www.moparamerica.com/v-2017-dodge-challenger--r-t--5-7l-v8-gas/fuel--throttle-body,1,NOT_STARTED,,,,,,,0,,0,0,,"{""ordinal"": 141}"
leaf-a21557d680aa8317a5fb956e,challenger-rt-57-gas,cat-dd0d00cc0e5cdf5c76015894,sub-cdc545b3e8009af40511de05,,CATEGORY_INDEX,,,https://www.moparamerica.com/v-2017-dodge-challenger--r-t--5-7l-v8-gas/glass--glass-and-interior-rear-view-mirror,https://r.jina.ai/http://www.moparamerica.com/v-2017-dodge-challenger--r-t--5-7l-v8-gas/glass--glass-and-interior-rear-view-mirror,1,NOT_STARTED,,,,,,,0,,0,0,,"{""ordinal"": 142}"
leaf-08159c07790817ebdd0ee56f,challenger-rt-57-gas,cat-a80eed5fe8377d720d573877,sub-20c87d1222e176d5c05bb39b,,CATEGORY_INDEX,,,https://www.moparamerica.com/v-2017-dodge-challenger--r-t--5-7l-v8-gas/interior-trim--carpets-floor-mats-load-floor-and-silencers,https://r.jina.ai/http://www.moparamerica.com/v-2017-dodge-challenger--r-t--5-7l-v8-gas/interior-trim--carpets-floor-mats-load-floor-and-silencers,1,NOT_STARTED,,,,,,,0,,0,0,,"{""ordinal"": 147}"
leaf-658b6d93cacfa85e0a1a921f,challenger-rt-57-gas,cat-a80eed5fe8377d720d573877,sub-14398757fefc46e42513b17d,,CATEGORY_INDEX,,,https://www.moparamerica.com/v-2017-dodge-challenger--r-t--5-7l-v8-gas/interior-trim--consoles,https://r.jina.ai/http://www.moparamerica.com/v-2017-dodge-challenger--r-t--5-7l-v8-gas/interior-trim--consoles,1,NOT_STARTED,,,,,,,0,,0,0,,"{""ordinal"": 148}"
leaf-99d7006a03ebecd936d94cb9,challenger-rt-57-gas,cat-a80eed5fe8377d720d573877,sub-ba8f5f5ca7e699f0258469fc,,CATEGORY_INDEX,,,https://www.moparamerica.com/v-2017-dodge-challenger--r-t--5-7l-v8-gas/interior-trim--door-trim-panels-front-and-rear,https://r.jina.ai/http://www.moparamerica.com/v-2017-dodge-challenger--r-t--5-7l-v8-gas/interior-trim--door-trim-panels-front-and-rear,1,NOT_STARTED,,,,,,,0,,0,0,,"{""ordinal"": 149}"
leaf-d1f423bc836f6ed39d52918a,challenger-rt-57-gas,cat-a80eed5fe8377d720d573877,sub-6841b21860e8450b5bdcf583,,CATEGORY_INDEX,,,https://www.moparamerica.com/v-2017-dodge-challenger--r-t--5-7l-v8-gas/interior-trim--front-seats-adjusters-recliners-shields-and-risers,https://r.jina.ai/http://www.moparamerica.com/v-2017-dodge-challenger--r-t--5-7l-v8-gas/interior-trim--front-seats-adjusters-recliners-shields-and-risers,1,NOT_STARTED,,,,,,,0,,0,0,,"{""ordinal"": 150}"
leaf-dee555aadd7598697a99d560,challenger-rt-57-gas,cat-a80eed5fe8377d720d573877,sub-1482f4aca7b8af27103b3f68,,CATEGORY_INDEX,,,https://www.moparamerica.com/v-2017-dodge-challenger--r-t--5-7l-v8-gas/interior-trim--front-seats-first-row,https://r.jina.ai/http://www.moparamerica.com/v-2017-dodge-challenger--r-t--5-7l-v8-gas/interior-trim--front-seats-first-row,1,NOT_STARTED,,,,,,,0,,0,0,,"{""ordinal"": 151}"
leaf-8c8c3592aa1795c80df42983,challenger-rt-57-gas,cat-a80eed5fe8377d720d573877,sub-8543829e834dafb065ba0427,,CATEGORY_INDEX,,,https://www.moparamerica.com/v-2017-dodge-challenger--r-t--5-7l-v8-gas/interior-trim--headliners-visors-assist-straps,https://r.jina.ai/http://www.moparamerica.com/v-2017-dodge-challenger--r-t--5-7l-v8-gas/interior-trim--headliners-visors-assist-straps,1,NOT_STARTED,,,,,,,0,,0,0,,"{""ordinal"": 152}"
leaf-56cfdb145bc3225c7152959d,challenger-rt-57-gas,cat-a80eed5fe8377d720d573877,sub-8370ec7f10a737bd2ca12864,,CATEGORY_INDEX,,,https://www.moparamerica.com/v-2017-dodge-challenger--r-t--5-7l-v8-gas/interior-trim--instrument-panel,https://r.jina.ai/http://www.moparamerica.com/v-2017-dodge-challenger--r-t--5-7l-v8-gas/interior-trim--instrument-panel,1,NOT_STARTED,,,,,,,0,,0,0,,"{""ordinal"": 153}"
leaf-4137fffd5177c26486a681bf,challenger-rt-57-gas,cat-a80eed5fe8377d720d573877,sub-042164428ea06104ebd3370a,,CATEGORY_INDEX,,,https://www.moparamerica.com/v-2017-dodge-challenger--r-t--5-7l-v8-gas/interior-trim--panels-moldings-scuff-plates-pillar-cowl-1-4-panel-trim-and-cargo-covers,https://r.jina.ai/http://www.moparamerica.com/v-2017-dodge-challenger--r-t--5-7l-v8-gas/interior-trim--panels-moldings-scuff-plates-pillar-cowl-1-4-panel-trim-and-cargo-covers,1,NOT_STARTED,,,,,,,0,,0,0,,"{""ordinal"": 154}"
leaf-93db29e13971f999ea237e7b,challenger-rt-57-gas,cat-a80eed5fe8377d720d573877,sub-b58fe0079db1bace8ee9f293,,CATEGORY_INDEX,,,https://www.moparamerica.com/v-2017-dodge-challenger--r-t--5-7l-v8-gas/interior-trim--rear-seats-second-row,https://r.jina.ai/http://www.moparamerica.com/v-2017-dodge-challenger--r-t--5-7l-v8-gas/interior-trim--rear-seats-second-row,1,NOT_STARTED,,,,,,,0,,0,0,,"{""ordinal"": 155}"
leaf-56f4d55a7c5b43d2836374ed,challenger-rt-57-gas,cat-a80eed5fe8377d720d573877,sub-a26446149bb47055b08281a7,,CATEGORY_INDEX,,,https://www.moparamerica.com/v-2017-dodge-challenger--r-t--5-7l-v8-gas/interior-trim--rear-seats-second-row-adjusters-recliners-shields-and-risers,https://r.jina.ai/http://www.moparamerica.com/v-2017-dodge-challenger--r-t--5-7l-v8-gas/interior-trim--rear-seats-second-row-adjusters-recliners-shields-and-risers,1,NOT_STARTED,,,,,,,0,,0,0,,"{""ordinal"": 156}"
leaf-a4dcf428c1147af527c8f72e,challenger-rt-57-gas,cat-dd07965d33f92ce3abc023e5,sub-380cd2c3624789538c8871ee,,CATEGORY_INDEX,,,https://www.moparamerica.com/v-2017-dodge-challenger--r-t--5-7l-v8-gas/labels--under-hood,https://r.jina.ai/http://www.moparamerica.com/v-2017-dodge-challenger--r-t--5-7l-v8-gas/labels--under-hood,1,NOT_STARTED,,,,,,,0,,0,0,,"{""ordinal"": 157}"
leaf-9bac3caba91c0acc3fcef03f,challenger-rt-57-gas,cat-7b6cdd9cf7116c836143052d,sub-b28b93b184ba6ac9e2241e3b,,CATEGORY_INDEX,,,https://www.moparamerica.com/v-2017-dodge-challenger--r-t--5-7l-v8-gas/mopar-accessories-component-parts--driving-convenience,https://r.jina.ai/http://www.moparamerica.com/v-2017-dodge-challenger--r-t--5-7l-v8-gas/mopar-accessories-component-parts--driving-convenience,1,NOT_STARTED,,,,,,,0,,0,0,,"{""ordinal"": 164}"
leaf-5b86a7afcc3694aaa7f78995,challenger-rt-57-gas,cat-7b6cdd9cf7116c836143052d,sub-7f998ffe1094d6b9fd210140,,CATEGORY_INDEX,,,https://www.moparamerica.com/v-2017-dodge-challenger--r-t--5-7l-v8-gas/mopar-accessories-component-parts--exterior-appearance,https://r.jina.ai/http://www.moparamerica.com/v-2017-dodge-challenger--r-t--5-7l-v8-gas/mopar-accessories-component-parts--exterior-appearance,1,NOT_STARTED,,,,,,,0,,0,0,,"{""ordinal"": 165}"
leaf-03995374c9129428ca8557da,challenger-rt-57-gas,cat-7b6cdd9cf7116c836143052d,sub-5a8d7051209192492285ccd5,,CATEGORY_INDEX,,,https://www.moparamerica.com/v-2017-dodge-challenger--r-t--5-7l-v8-gas/mopar-accessories-component-parts--fog-lights-and-electrical,https://r.jina.ai/http://www.moparamerica.com/v-2017-dodge-challenger--r-t--5-7l-v8-gas/mopar-accessories-component-parts--fog-lights-and-electrical,1,NOT_STARTED,,,,,,,0,,0,0,,"{""ordinal"": 166}"
leaf-288c8b7f71e605af4d21a537,challenger-rt-57-gas,cat-7b6cdd9cf7116c836143052d,sub-9f5b66c1236e114cd22e8b75,,CATEGORY_INDEX,,,https://www.moparamerica.com/v-2017-dodge-challenger--r-t--5-7l-v8-gas/mopar-accessories-component-parts--interior-protection,https://r.jina.ai/http://www.moparamerica.com/v-2017-dodge-challenger--r-t--5-7l-v8-gas/mopar-accessories-component-parts--interior-protection,1,NOT_STARTED,,,,,,,0,,0,0,,"{""ordinal"": 167}"
leaf-56782e80da9bb0bbdca98213,challenger-rt-57-gas,cat-7b6cdd9cf7116c836143052d,sub-1bd1e54dd64d3bec1f1786b1,,CATEGORY_INDEX,,,https://www.moparamerica.com/v-2017-dodge-challenger--r-t--5-7l-v8-gas/mopar-accessories-component-parts--lighting-and-electrical-accessories,https://r.jina.ai/http://www.moparamerica.com/v-2017-dodge-challenger--r-t--5-7l-v8-gas/mopar-accessories-component-parts--lighting-and-electrical-accessories,1,NOT_STARTED,,,,,,,0,,0,0,,"{""ordinal"": 168}"
leaf-81e03f5ce24bc494c7796570,challenger-rt-57-gas,cat-7b6cdd9cf7116c836143052d,sub-ee709e179fbd0a46d9aee042,,CATEGORY_INDEX,,,https://www.moparamerica.com/v-2017-dodge-challenger--r-t--5-7l-v8-gas/mopar-accessories-component-parts--powertrain,https://r.jina.ai/http://www.moparamerica.com/v-2017-dodge-challenger--r-t--5-7l-v8-gas/mopar-accessories-component-parts--powertrain,1,NOT_STARTED,,,,,,,0,,0,0,,"{""ordinal"": 169}"
leaf-e646a7e65782d19d7b631fd6,challenger-rt-57-gas,cat-01edc8874e519b571edf03ce,sub-4b6ae0f20227612d210952fa,,CATEGORY_INDEX,,,https://www.moparamerica.com/v-2017-dodge-challenger--r-t--5-7l-v8-gas/rear-suspension--rear-stabilizer,https://r.jina.ai/http://www.moparamerica.com/v-2017-dodge-challenger--r-t--5-7l-v8-gas/rear-suspension--rear-stabilizer,1,NOT_STARTED,,,,,,,0,,0,0,,"{""ordinal"": 170}"
leaf-afa8edc9601f89bf8cb06039,challenger-rt-57-gas,cat-01edc8874e519b571edf03ce,sub-73fec2b07f18f387c236686a,,CATEGORY_INDEX,,,https://www.moparamerica.com/v-2017-dodge-challenger--r-t--5-7l-v8-gas/rear-suspension--rear-suspension-and-cradle,https://r.jina.ai/http://www.moparamerica.com/v-2017-dodge-challenger--r-t--5-7l-v8-gas/rear-suspension--rear-suspension-and-cradle,1,NOT_STARTED,,,,,,,0,,0,0,,"{""ordinal"": 171}"
leaf-6037cccc536840df5d9489c5,challenger-rt-57-gas,cat-7abd62c3818ea16725adb5f5,sub-6e91d6ffa4f02147c115ebc1,,CATEGORY_INDEX,,,https://www.moparamerica.com/v-2017-dodge-challenger--r-t--5-7l-v8-gas/rear-wheel-drive-differential-and-drive-line--drive-shaft,https://r.jina.ai/http://www.moparamerica.com/v-2017-dodge-challenger--r-t--5-7l-v8-gas/rear-wheel-drive-differential-and-drive-line--drive-shaft,1,NOT_STARTED,,,,,,,0,,0,0,,"{""ordinal"": 172}"
leaf-235afb6bf218d1b39328f2c7,challenger-rt-57-gas,cat-7abd62c3818ea16725adb5f5,sub-a724abdde7cdc361e6d6b806,,CATEGORY_INDEX,,,https://www.moparamerica.com/v-2017-dodge-challenger--r-t--5-7l-v8-gas/rear-wheel-drive-differential-and-drive-line--rear-axle-assembly,https://r.jina.ai/http://www.moparamerica.com/v-2017-dodge-challenger--r-t--5-7l-v8-gas/rear-wheel-drive-differential-and-drive-line--rear-axle-assembly,1,NOT_STARTED,,,,,,,0,,0,0,,"{""ordinal"": 173}"
leaf-eb6b8f652eef1de8b028f12e,challenger-rt-57-gas,cat-7abd62c3818ea16725adb5f5,sub-6d5a4009243ba00250726ca5,,CATEGORY_INDEX,,,https://www.moparamerica.com/v-2017-dodge-challenger--r-t--5-7l-v8-gas/rear-wheel-drive-differential-and-drive-line--rear-axle-housing-differential-and-vent,https://r.jina.ai/http://www.moparamerica.com/v-2017-dodge-challenger--r-t--5-7l-v8-gas/rear-wheel-drive-differential-and-drive-line--rear-axle-housing-differential-and-vent,1,NOT_STARTED,,,,,,,0,,0,0,,"{""ordinal"": 175}"
leaf-fa3e6b717f287bce3c366b97,challenger-rt-57-gas,cat-7abd62c3818ea16725adb5f5,sub-f748253bda259f9bb54b7475,,CATEGORY_INDEX,,,https://www.moparamerica.com/v-2017-dodge-challenger--r-t--5-7l-v8-gas/rear-wheel-drive-differential-and-drive-line--rear-axle-shafts,https://r.jina.ai/http://www.moparamerica.com/v-2017-dodge-challenger--r-t--5-7l-v8-gas/rear-wheel-drive-differential-and-drive-line--rear-axle-shafts,1,NOT_STARTED,,,,,,,0,,0,0,,"{""ordinal"": 174}"
leaf-ee03d1c46a096bf3d3d01408,challenger-rt-57-gas,cat-8d18e095ded7907340baa43f,sub-926af32b132bd0fcca7215fb,,CATEGORY_INDEX,,,https://www.moparamerica.com/v-2017-dodge-challenger--r-t--5-7l-v8-gas/restraints--air-bags,https://r.jina.ai/http://www.moparamerica.com/v-2017-dodge-challenger--r-t--5-7l-v8-gas/restraints--air-bags,1,NOT_STARTED,,,,,,,0,,0,0,,"{""ordinal"": 176}"
leaf-344ae51c245c82cf49620c27,challenger-rt-57-gas,cat-8d18e095ded7907340baa43f,sub-fa04620367f9e46c4439e82f,,CATEGORY_INDEX,,,https://www.moparamerica.com/v-2017-dodge-challenger--r-t--5-7l-v8-gas/restraints--seat-belts,https://r.jina.ai/http://www.moparamerica.com/v-2017-dodge-challenger--r-t--5-7l-v8-gas/restraints--seat-belts,1,NOT_STARTED,,,,,,,0,,0,0,,"{""ordinal"": 177}"
leaf-a38f0d443cfaf8fbeb6d0abb,challenger-rt-57-gas,cat-8c9b50051c332997d8c74735,sub-57b370f6aee9a60e194b9017,,CATEGORY_INDEX,,,https://www.moparamerica.com/v-2017-dodge-challenger--r-t--5-7l-v8-gas/steering--power-steering-hoses,https://r.jina.ai/http://www.moparamerica.com/v-2017-dodge-challenger--r-t--5-7l-v8-gas/steering--power-steering-hoses,1,NOT_STARTED,,,,,,,0,,0,0,,"{""ordinal"": 178}"
leaf-cd9aba04f1d40404d54cb9c0,challenger-rt-57-gas,cat-8c9b50051c332997d8c74735,sub-7c28bde3ea563b15eca4f524,,CATEGORY_INDEX,,,https://www.moparamerica.com/v-2017-dodge-challenger--r-t--5-7l-v8-gas/steering--steering-column-and-intermediate-shaft,https://r.jina.ai/http://www.moparamerica.com/v-2017-dodge-challenger--r-t--5-7l-v8-gas/steering--steering-column-and-intermediate-shaft,1,NOT_STARTED,,,,,,,0,,0,0,,"{""ordinal"": 179}"
leaf-902d7700f8b91cba302f226a,challenger-rt-57-gas,cat-8c9b50051c332997d8c74735,sub-6d1712159f23117040c30e8f,,CATEGORY_INDEX,,,https://www.moparamerica.com/v-2017-dodge-challenger--r-t--5-7l-v8-gas/steering--steering-gear,https://r.jina.ai/http://www.moparamerica.com/v-2017-dodge-challenger--r-t--5-7l-v8-gas/steering--steering-gear,1,NOT_STARTED,,,,,,,0,,0,0,,"{""ordinal"": 180}"
leaf-0197e9fbb9804078a2c5d463,challenger-rt-57-gas,cat-8c9b50051c332997d8c74735,sub-5d0d112d62090cc66597251e,,CATEGORY_INDEX,,,https://www.moparamerica.com/v-2017-dodge-challenger--r-t--5-7l-v8-gas/steering--steering-wheel,https://r.jina.ai/http://www.moparamerica.com/v-2017-dodge-challenger--r-t--5-7l-v8-gas/steering--steering-wheel,1,NOT_STARTED,,,,,,,0,,0,0,,"{""ordinal"": 181}"
leaf-fbcf6768269088d62ea6e1dc,challenger-rt-57-gas,cat-9650734e0104ea1962be2d3d,sub-7a7ab75d8da0241bb92e7dbd,,CATEGORY_INDEX,,,https://www.moparamerica.com/v-2017-dodge-challenger--r-t--5-7l-v8-gas/tr6060-6-speed-manual-transmission--case-and-extension,https://r.jina.ai/http://www.moparamerica.com/v-2017-dodge-challenger--r-t--5-7l-v8-gas/tr6060-6-speed-manual-transmission--case-and-extension,1,NOT_STARTED,,,,,,,0,,0,0,,"{""ordinal"": 182}"
leaf-4c554dff07d3e67182cfabbb,challenger-rt-57-gas,cat-9650734e0104ea1962be2d3d,sub-655c8ad7d9e76be4bd5b8f23,,CATEGORY_INDEX,,,https://www.moparamerica.com/v-2017-dodge-challenger--r-t--5-7l-v8-gas/tr6060-6-speed-manual-transmission--fork-and-rails,https://r.jina.ai/http://www.moparamerica.com/v-2017-dodge-challenger--r-t--5-7l-v8-gas/tr6060-6-speed-manual-transmission--fork-and-rails,1,NOT_STARTED,,,,,,,0,,0,0,,"{""ordinal"": 183}"
leaf-9ad06e8cbac7e1212c79464b,challenger-rt-57-gas,cat-9650734e0104ea1962be2d3d,sub-c03351db9a1f7370e99d58cf,,CATEGORY_INDEX,,,https://www.moparamerica.com/v-2017-dodge-challenger--r-t--5-7l-v8-gas/tr6060-6-speed-manual-transmission--gear-train,https://r.jina.ai/http://www.moparamerica.com/v-2017-dodge-challenger--r-t--5-7l-v8-gas/tr6060-6-speed-manual-transmission--gear-train,1,NOT_STARTED,,,,,,,0,,0,0,,"{""ordinal"": 184}"
leaf-7fad731a0a3992133d63216a,challenger-rt-57-gas,cat-9650734e0104ea1962be2d3d,sub-e508676644954caf134d99c0,,CATEGORY_INDEX,,,https://www.moparamerica.com/v-2017-dodge-challenger--r-t--5-7l-v8-gas/tr6060-6-speed-manual-transmission--gearshift-controls-and-related-parts,https://r.jina.ai/http://www.moparamerica.com/v-2017-dodge-challenger--r-t--5-7l-v8-gas/tr6060-6-speed-manual-transmission--gearshift-controls-and-related-parts,1,NOT_STARTED,,,,,,,0,,0,0,,"{""ordinal"": 185}"
leaf-7255d98865ee5703e9a614d4,challenger-rt-57-gas,cat-9650734e0104ea1962be2d3d,sub-f58c5deef25edcbf90acdb20,,CATEGORY_INDEX,,,https://www.moparamerica.com/v-2017-dodge-challenger--r-t--5-7l-v8-gas/tr6060-6-speed-manual-transmission--manual-transmission-transaxle,https://r.jina.ai/http://www.moparamerica.com/v-2017-dodge-challenger--r-t--5-7l-v8-gas/tr6060-6-speed-manual-transmission--manual-transmission-transaxle,1,NOT_STARTED,,,,,,,0,,0,0,,"{""ordinal"": 186}"
leaf-4b06069d376f008c4e8a347a,challenger-rt-57-gas,cat-9650734e0104ea1962be2d3d,sub-03855a4a3d163487347bb67e,,CATEGORY_INDEX,,,https://www.moparamerica.com/v-2017-dodge-challenger--r-t--5-7l-v8-gas/tr6060-6-speed-manual-transmission--mounting-and-skid-plate,https://r.jina.ai/http://www.moparamerica.com/v-2017-dodge-challenger--r-t--5-7l-v8-gas/tr6060-6-speed-manual-transmission--mounting-and-skid-plate,1,NOT_STARTED,,,,,,,0,,0,0,,"{""ordinal"": 187}"
leaf-9dff23e66c18559b265f5c10,challenger-rt-57-gas,cat-b4e59ef3dcab0f96c697a744,sub-b0311bf9d04a47d5d71f988c,,CATEGORY_INDEX,,,https://www.moparamerica.com/v-2017-dodge-challenger--r-t--5-7l-v8-gas/wheels--emergency-kit,https://r.jina.ai/http://www.moparamerica.com/v-2017-dodge-challenger--r-t--5-7l-v8-gas/wheels--emergency-kit,1,NOT_STARTED,,,,,,,0,,0,0,,"{""ordinal"": 190}"
leaf-db4b6760dac1a9c9635420c4,challenger-rt-57-gas,cat-b4e59ef3dcab0f96c697a744,sub-70c132daee30c8e91c2686ad,,CATEGORY_INDEX,,,https://www.moparamerica.com/v-2017-dodge-challenger--r-t--5-7l-v8-gas/wheels--jack-stowage,https://r.jina.ai/http://www.moparamerica.com/v-2017-dodge-challenger--r-t--5-7l-v8-gas/wheels--jack-stowage,1,NOT_STARTED,,,,,,,0,,0,0,,"{""ordinal"": 191}"
leaf-384447af68046d549484e4b2,challenger-rt-57-gas,cat-b4e59ef3dcab0f96c697a744,sub-afe02283a9a432fa00fe21ef,,CATEGORY_INDEX,,,https://www.moparamerica.com/v-2017-dodge-challenger--r-t--5-7l-v8-gas/wheels--tire-monitoring-system,https://r.jina.ai/http://www.moparamerica.com/v-2017-dodge-challenger--r-t--5-7l-v8-gas/wheels--tire-monitoring-system,1,NOT_STARTED,,,,,,,0,,0,0,,"{""ordinal"": 192}"
leaf-4570f1a7bf610633fa0fb62f,challenger-rt-57-gas,cat-b4e59ef3dcab0f96c697a744,sub-004b90b9ab9f5e71d0338fe9,,CATEGORY_INDEX,,,https://www.moparamerica.com/v-2017-dodge-challenger--r-t--5-7l-v8-gas/wheels--wheel-covers-and-center-caps,https://r.jina.ai/http://www.moparamerica.com/v-2017-dodge-challenger--r-t--5-7l-v8-gas/wheels--wheel-covers-and-center-caps,1,NOT_STARTED,,,,,,,0,,0,0,,"{""ordinal"": 193}"
leaf-c18fe0cc9e586f573bceeb05,challenger-rt-57-gas,cat-b4e59ef3dcab0f96c697a744,sub-0b51d6ea1de546ec554afab1,,CATEGORY_INDEX,,,https://www.moparamerica.com/v-2017-dodge-challenger--r-t--5-7l-v8-gas/wheels--wheel-spare,https://r.jina.ai/http://www.moparamerica.com/v-2017-dodge-challenger--r-t--5-7l-v8-gas/wheels--wheel-spare,1,NOT_STARTED,,,,,,,0,,0,0,,"{""ordinal"": 194}"
leaf-cb581255437b4649365f419d,challenger-rt-57-gas,cat-b4e59ef3dcab0f96c697a744,sub-99734fd2d59e64143064a36c,,CATEGORY_INDEX,,,https://www.moparamerica.com/v-2017-dodge-challenger--r-t--5-7l-v8-gas/wheels--wheels-tires-and-hardware,https://r.jina.ai/http://www.moparamerica.com/v-2017-dodge-challenger--r-t--5-7l-v8-gas/wheels--wheels-tires-and-hardware,1,NOT_STARTED,,,,,,,0,,0,0,,"{""ordinal"": 195}"
leaf-27fef81593ecc7a5d6cb0d5f,challenger-rt-scat-pack-64-gas,cat-ae07d9d1e78a84cbe2ad9cb7,sub-e4e8a077538acb75d2c4d062,,CATEGORY_INDEX,,,https://www.moparamerica.com/v-2017-dodge-challenger--r-t-scat-pack--6-4l-v8-gas/3-6l-gas-engine--engine-mounting,https://r.jina.ai/http://www.moparamerica.com/v-2017-dodge-challenger--r-t-scat-pack--6-4l-v8-gas/3-6l-gas-engine--engine-mounting,1,NOT_STARTED,,,,,,,0,,0,0,,"{""ordinal"": 1}"
leaf-fb7737e919dde35569e70fc0,challenger-rt-scat-pack-64-gas,cat-ae07d9d1e78a84cbe2ad9cb7,sub-0447539f8adb840e6b928fd2,,CATEGORY_INDEX,,,https://www.moparamerica.com/v-2017-dodge-challenger--r-t-scat-pack--6-4l-v8-gas/3-6l-gas-engine--engine-oiling-oil-pan-and-indicator-dipstick,https://r.jina.ai/http://www.moparamerica.com/v-2017-dodge-challenger--r-t-scat-pack--6-4l-v8-gas/3-6l-gas-engine--engine-oiling-oil-pan-and-indicator-dipstick,1,NOT_STARTED,,,,,,,0,,0,0,,"{""ordinal"": 2}"
leaf-bd24f80a907a694095762d38,challenger-rt-scat-pack-64-gas,cat-37600ecad983d6a61c683c58,sub-d85a49f1f30648e35133a903,,CATEGORY_INDEX,,,https://www.moparamerica.com/v-2017-dodge-challenger--r-t-scat-pack--6-4l-v8-gas/5-7l-gas-engine--camshaft-and-valve,https://r.jina.ai/http://www.moparamerica.com/v-2017-dodge-challenger--r-t-scat-pack--6-4l-v8-gas/5-7l-gas-engine--camshaft-and-valve,1,NOT_STARTED,,,,,,,0,,0,0,,"{""ordinal"": 3}"
leaf-ea6acd3705472f3344471aa1,challenger-rt-scat-pack-64-gas,cat-37600ecad983d6a61c683c58,sub-a29c29748f1247e83501f248,,CATEGORY_INDEX,,,https://www.moparamerica.com/v-2017-dodge-challenger--r-t-scat-pack--6-4l-v8-gas/5-7l-gas-engine--crankshaft-piston-drive-plate-flywheel-and-damper,https://r.jina.ai/http://www.moparamerica.com/v-2017-dodge-challenger--r-t-scat-pack--6-4l-v8-gas/5-7l-gas-engine--crankshaft-piston-drive-plate-flywheel-and-damper,1,NOT_STARTED,,,,,,,0,,0,0,,"{""ordinal"": 4}"
leaf-d7bbca8a9700b7d189a3d3e6,challenger-rt-scat-pack-64-gas,cat-37600ecad983d6a61c683c58,sub-4ce2cf59d4312a72047d376d,,CATEGORY_INDEX,,,https://www.moparamerica.com/v-2017-dodge-challenger--r-t-scat-pack--6-4l-v8-gas/5-7l-gas-engine--cylinder-block,https://r.jina.ai/http://www.moparamerica.com/v-2017-dodge-challenger--r-t-scat-pack--6-4l-v8-gas/5-7l-gas-engine--cylinder-block,1,NOT_STARTED,,,,,,,0,,0,0,,"{""ordinal"": 5}"
leaf-5c90a0d33d5ff900c9942896,challenger-rt-scat-pack-64-gas,cat-37600ecad983d6a61c683c58,sub-7a5102a4c6beca58de24445d,,CATEGORY_INDEX,,,https://www.moparamerica.com/v-2017-dodge-challenger--r-t-scat-pack--6-4l-v8-gas/5-7l-gas-engine--engine-mounting,https://r.jina.ai/http://www.moparamerica.com/v-2017-dodge-challenger--r-t-scat-pack--6-4l-v8-gas/5-7l-gas-engine--engine-mounting,1,NOT_STARTED,,,,,,,0,,0,0,,"{""ordinal"": 6}"
leaf-24f5a5fa55ac9225c0c2829d,challenger-rt-scat-pack-64-gas,cat-37600ecad983d6a61c683c58,sub-26c9d390768ed30116350264,,CATEGORY_INDEX,,,https://www.moparamerica.com/v-2017-dodge-challenger--r-t-scat-pack--6-4l-v8-gas/5-7l-gas-engine--engine-oiling-oil-pan-and-indicator-dipstick,https://r.jina.ai/http://www.moparamerica.com/v-2017-dodge-challenger--r-t-scat-pack--6-4l-v8-gas/5-7l-gas-engine--engine-oiling-oil-pan-and-indicator-dipstick,1,NOT_STARTED,,,,,,,0,,0,0,,"{""ordinal"": 7}"
leaf-70b17e98c2e279ecf8934c1d,challenger-rt-scat-pack-64-gas,cat-37600ecad983d6a61c683c58,sub-2688cd79230af4ca030c18e4,,CATEGORY_INDEX,,,https://www.moparamerica.com/v-2017-dodge-challenger--r-t-scat-pack--6-4l-v8-gas/5-7l-gas-engine--manifolds-and-vacuum-fittings,https://r.jina.ai/http://www.moparamerica.com/v-2017-dodge-challenger--r-t-scat-pack--6-4l-v8-gas/5-7l-gas-engine--manifolds-and-vacuum-fittings,1,NOT_STARTED,,,,,,,0,,0,0,,"{""ordinal"": 8}"
leaf-fa3f5c3595b9af1d278ebdb9,challenger-rt-scat-pack-64-gas,cat-72c980893fa1947cd33af082,sub-90bc326cfe3978c46cd8d13c,,CATEGORY_INDEX,,,https://www.moparamerica.com/v-2017-dodge-challenger--r-t-scat-pack--6-4l-v8-gas/5-7lgas-engine--camshaft-and-valve,https://r.jina.ai/http://www.moparamerica.com/v-2017-dodge-challenger--r-t-scat-pack--6-4l-v8-gas/5-7lgas-engine--camshaft-and-valve,1,NOT_STARTED,,,,,,,0,,0,0,,"{""ordinal"": 9}"
leaf-4490ad050dd9c4ad9b74c020,challenger-rt-scat-pack-64-gas,cat-72c980893fa1947cd33af082,sub-682943f8bdd61f7c9f6a95eb,,CATEGORY_INDEX,,,https://www.moparamerica.com/v-2017-dodge-challenger--r-t-scat-pack--6-4l-v8-gas/5-7lgas-engine--crankshaft-piston-drive-plate-flywheel-and-damper,https://r.jina.ai/http://www.moparamerica.com/v-2017-dodge-challenger--r-t-scat-pack--6-4l-v8-gas/5-7lgas-engine--crankshaft-piston-drive-plate-flywheel-and-damper,1,NOT_STARTED,,,,,,,0,,0,0,,"{""ordinal"": 10}"
leaf-67ee3d4d2a5ddc5385acb9d1,challenger-rt-scat-pack-64-gas,cat-72c980893fa1947cd33af082,sub-e32ac33f208ddee8f15a102d,,CATEGORY_INDEX,,,https://www.moparamerica.com/v-2017-dodge-challenger--r-t-scat-pack--6-4l-v8-gas/5-7lgas-engine--engine-mounting,https://r.jina.ai/http://www.moparamerica.com/v-2017-dodge-challenger--r-t-scat-pack--6-4l-v8-gas/5-7lgas-engine--engine-mounting,1,NOT_STARTED,,,,,,,0,,0,0,,"{""ordinal"": 11}"
leaf-c163b3b6970ad71f0fdffb08,challenger-rt-scat-pack-64-gas,cat-72c980893fa1947cd33af082,sub-20f6635e90e880c1955b1caf,,CATEGORY_INDEX,,,https://www.moparamerica.com/v-2017-dodge-challenger--r-t-scat-pack--6-4l-v8-gas/5-7lgas-engine--engine-oiling-oil-pan-and-indicator-dipstick,https://r.jina.ai/http://www.moparamerica.com/v-2017-dodge-challenger--r-t-scat-pack--6-4l-v8-gas/5-7lgas-engine--engine-oiling-oil-pan-and-indicator-dipstick,1,NOT_STARTED,,,,,,,0,,0,0,,"{""ordinal"": 12}"
leaf-51a61336ea0a04e6f87c0b72,challenger-rt-scat-pack-64-gas,cat-72c980893fa1947cd33af082,sub-cddf480124eded169f73b767,,CATEGORY_INDEX,,,https://www.moparamerica.com/v-2017-dodge-challenger--r-t-scat-pack--6-4l-v8-gas/5-7lgas-engine--manifolds-and-vacuum-fittings,https://r.jina.ai/http://www.moparamerica.com/v-2017-dodge-challenger--r-t-scat-pack--6-4l-v8-gas/5-7lgas-engine--manifolds-and-vacuum-fittings,1,NOT_STARTED,,,,,,,0,,0,0,,"{""ordinal"": 13}"
leaf-96eeea0b6a4a9fc1d8cf86ab,challenger-rt-scat-pack-64-gas,cat-5a844e671c8f36fbb7675ad9,sub-498d8724c2244652991fa60c,,CATEGORY_INDEX,,,https://www.moparamerica.com/v-2017-dodge-challenger--r-t-scat-pack--6-4l-v8-gas/6-2l-gas-engine--camshaft-and-valve,https://r.jina.ai/http://www.moparamerica.com/v-2017-dodge-challenger--r-t-scat-pack--6-4l-v8-gas/6-2l-gas-engine--camshaft-and-valve,1,NOT_STARTED,,,,,,,0,,0,0,,"{""ordinal"": 14}"
leaf-5807c36c4e960127ee3c261c,challenger-rt-scat-pack-64-gas,cat-5a844e671c8f36fbb7675ad9,sub-e7775357bbb454bc8aec8bfc,,CATEGORY_INDEX,,,https://www.moparamerica.com/v-2017-dodge-challenger--r-t-scat-pack--6-4l-v8-gas/6-2l-gas-engine--crankshaft-piston-drive-plate-flywheel-and-damper,https://r.jina.ai/http://www.moparamerica.com/v-2017-dodge-challenger--r-t-scat-pack--6-4l-v8-gas/6-2l-gas-engine--crankshaft-piston-drive-plate-flywheel-and-damper,1,NOT_STARTED,,,,,,,0,,0,0,,"{""ordinal"": 15}"
leaf-91f779d2f21e11ce0bff9aa9,challenger-rt-scat-pack-64-gas,cat-5a844e671c8f36fbb7675ad9,sub-8a76fbd388525901558b55c4,,CATEGORY_INDEX,,,https://www.moparamerica.com/v-2017-dodge-challenger--r-t-scat-pack--6-4l-v8-gas/6-2l-gas-engine--engine-mounting,https://r.jina.ai/http://www.moparamerica.com/v-2017-dodge-challenger--r-t-scat-pack--6-4l-v8-gas/6-2l-gas-engine--engine-mounting,1,NOT_STARTED,,,,,,,0,,0,0,,"{""ordinal"": 16}"
leaf-01712d6a7ae2c6e599e4c2e3,challenger-rt-scat-pack-64-gas,cat-5a844e671c8f36fbb7675ad9,sub-cd8125b3a248357d6b39036e,,CATEGORY_INDEX,,,https://www.moparamerica.com/v-2017-dodge-challenger--r-t-scat-pack--6-4l-v8-gas/6-2l-gas-engine--engine-oil-cooler,https://r.jina.ai/http://www.moparamerica.com/v-2017-dodge-challenger--r-t-scat-pack--6-4l-v8-gas/6-2l-gas-engine--engine-oil-cooler,1,NOT_STARTED,,,,,,,0,,0,0,,"{""ordinal"": 17}"
leaf-6e21ecd48a2adfa32ee48122,challenger-rt-scat-pack-64-gas,cat-5a844e671c8f36fbb7675ad9,sub-ac825b8f7e64f9a89fbc47f2,,CATEGORY_INDEX,,,https://www.moparamerica.com/v-2017-dodge-challenger--r-t-scat-pack--6-4l-v8-gas/6-2l-gas-engine--engine-oiling-oil-pan-and-indicator-dipstick,https://r.jina.ai/http://www.moparamerica.com/v-2017-dodge-challenger--r-t-scat-pack--6-4l-v8-gas/6-2l-gas-engine--engine-oiling-oil-pan-and-indicator-dipstick,1,NOT_STARTED,,,,,,,0,,0,0,,"{""ordinal"": 18}"
leaf-a8bb53e649f962488826058a,challenger-rt-scat-pack-64-gas,cat-5a844e671c8f36fbb7675ad9,sub-49809ac6e65c0ec912154835,,CATEGORY_INDEX,,,https://www.moparamerica.com/v-2017-dodge-challenger--r-t-scat-pack--6-4l-v8-gas/6-2l-gas-engine--manifolds-and-vacuum-fittings,https://r.jina.ai/http://www.moparamerica.com/v-2017-dodge-challenger--r-t-scat-pack--6-4l-v8-gas/6-2l-gas-engine--manifolds-and-vacuum-fittings,1,NOT_STARTED,,,,,,,0,,0,0,,"{""ordinal"": 19}"
leaf-4d552f8e782835fcb01f7945,challenger-rt-scat-pack-64-gas,cat-5a844e671c8f36fbb7675ad9,sub-1729e56373ee20e511d12cfb,,CATEGORY_INDEX,,,https://www.moparamerica.com/v-2017-dodge-challenger--r-t-scat-pack--6-4l-v8-gas/6-2l-gas-engine--timing-belt-chain-and-cover-and-balance-shaft,https://r.jina.ai/http://www.moparamerica.com/v-2017-dodge-challenger--r-t-scat-pack--6-4l-v8-gas/6-2l-gas-engine--timing-belt-chain-and-cover-and-balance-shaft,1,NOT_STARTED,,,,,,,0,,0,0,,"{""ordinal"": 20}"
leaf-c223e82eded408ea9592b649,challenger-rt-scat-pack-64-gas,cat-5a844e671c8f36fbb7675ad9,sub-84522f86c86a639f62f78c11,,CATEGORY_INDEX,,,https://www.moparamerica.com/v-2017-dodge-challenger--r-t-scat-pack--6-4l-v8-gas/6-2l-gas-engine--turbo-and-super-chargers,https://r.jina.ai/http://www.moparamerica.com/v-2017-dodge-challenger--r-t-scat-pack--6-4l-v8-gas/6-2l-gas-engine--turbo-and-super-chargers,1,NOT_STARTED,,,,,,,0,,0,0,,"{""ordinal"": 21}"
leaf-e5ebc490bcd420948018b78d,challenger-rt-scat-pack-64-gas,cat-612efe6d0edb9f9d9ecd865b,sub-0a55b76689dc79b6cbb567e3,,CATEGORY_INDEX,,,https://www.moparamerica.com/v-2017-dodge-challenger--r-t-scat-pack--6-4l-v8-gas/6-4l-gas-engine--camshaft-and-valve,https://r.jina.ai/http://www.moparamerica.com/v-2017-dodge-challenger--r-t-scat-pack--6-4l-v8-gas/6-4l-gas-engine--camshaft-and-valve,1,NOT_STARTED,,,,,,,0,,0,0,,"{""ordinal"": 22}"
leaf-da8d809577fac01bc43057ca,challenger-rt-scat-pack-64-gas,cat-612efe6d0edb9f9d9ecd865b,sub-a679857623ed4f5e4b0aef93,,CATEGORY_INDEX,,,https://www.moparamerica.com/v-2017-dodge-challenger--r-t-scat-pack--6-4l-v8-gas/6-4l-gas-engine--crankcase-ventilation,https://r.jina.ai/http://www.moparamerica.com/v-2017-dodge-challenger--r-t-scat-pack--6-4l-v8-gas/6-4l-gas-engine--crankcase-ventilation,1,NOT_STARTED,,,,,,,0,,0,0,,"{""ordinal"": 23}"
leaf-787c1be7f7cd018c1734942b,challenger-rt-scat-pack-64-gas,cat-612efe6d0edb9f9d9ecd865b,sub-32ad8a3633d57e3f36409e1b,,CATEGORY_INDEX,,,https://www.moparamerica.com/v-2017-dodge-challenger--r-t-scat-pack--6-4l-v8-gas/6-4l-gas-engine--crankshaft-piston-drive-plate-flywheel-and-damper,https://r.jina.ai/http://www.moparamerica.com/v-2017-dodge-challenger--r-t-scat-pack--6-4l-v8-gas/6-4l-gas-engine--crankshaft-piston-drive-plate-flywheel-and-damper,1,NOT_STARTED,,,,,,,0,,0,0,,"{""ordinal"": 24}"
leaf-23efd46955d7ce4881eae4eb,challenger-rt-scat-pack-64-gas,cat-612efe6d0edb9f9d9ecd865b,sub-377b819035321a1b82213121,,CATEGORY_INDEX,,,https://www.moparamerica.com/v-2017-dodge-challenger--r-t-scat-pack--6-4l-v8-gas/6-4l-gas-engine--cylinder-block,https://r.jina.ai/http://www.moparamerica.com/v-2017-dodge-challenger--r-t-scat-pack--6-4l-v8-gas/6-4l-gas-engine--cylinder-block,1,NOT_STARTED,,,,,,,0,,0,0,,"{""ordinal"": 25}"
leaf-b6ddab934d924a7057f4d272,challenger-rt-scat-pack-64-gas,cat-612efe6d0edb9f9d9ecd865b,sub-4e236bb19c0d4b6fd5e034cd,,CATEGORY_INDEX,,,https://www.moparamerica.com/v-2017-dodge-challenger--r-t-scat-pack--6-4l-v8-gas/6-4l-gas-engine--cylinder-head,https://r.jina.ai/http://www.moparamerica.com/v-2017-dodge-challenger--r-t-scat-pack--6-4l-v8-gas/6-4l-gas-engine--cylinder-head,1,NOT_STARTED,,,,,,,0,,0,0,,"{""ordinal"": 26}"
leaf-bd15e52df738f623e02c07bc,challenger-rt-scat-pack-64-gas,cat-612efe6d0edb9f9d9ecd865b,sub-069dd21c70cc7a3a241981eb,,CATEGORY_INDEX,,,https://www.moparamerica.com/v-2017-dodge-challenger--r-t-scat-pack--6-4l-v8-gas/6-4l-gas-engine--engine-identification-service-engines-and-engine-service-kits,https://r.jina.ai/http://www.moparamerica.com/v-2017-dodge-challenger--r-t-scat-pack--6-4l-v8-gas/6-4l-gas-engine--engine-identification-service-engines-and-engine-service-kits,1,NOT_STARTED,,,,,,,0,,0,0,,"{""ordinal"": 27}"
leaf-dea32ef7b250ad3cd121464b,challenger-rt-scat-pack-64-gas,cat-612efe6d0edb9f9d9ecd865b,sub-e240555ec9b0966e5ea08c13,,CATEGORY_INDEX,,,https://www.moparamerica.com/v-2017-dodge-challenger--r-t-scat-pack--6-4l-v8-gas/6-4l-gas-engine--engine-mounting,https://r.jina.ai/http://www.moparamerica.com/v-2017-dodge-challenger--r-t-scat-pack--6-4l-v8-gas/6-4l-gas-engine--engine-mounting,1,NOT_STARTED,,,,,,,0,,0,0,,"{""ordinal"": 28}"
leaf-945e31a54e66f4ad500afee6,challenger-rt-scat-pack-64-gas,cat-612efe6d0edb9f9d9ecd865b,sub-031bd2889b4d2a0f63a57579,,CATEGORY_INDEX,,,https://www.moparamerica.com/v-2017-dodge-challenger--r-t-scat-pack--6-4l-v8-gas/6-4l-gas-engine--engine-oil-cooler,https://r.jina.ai/http://www.moparamerica.com/v-2017-dodge-challenger--r-t-scat-pack--6-4l-v8-gas/6-4l-gas-engine--engine-oil-cooler,1,NOT_STARTED,,,,,,,0,,0,0,,"{""ordinal"": 29}"
leaf-35d251dd415847d947f41a15,challenger-rt-scat-pack-64-gas,cat-612efe6d0edb9f9d9ecd865b,sub-2ac169e784f25d0310f260f2,,CATEGORY_INDEX,,,https://www.moparamerica.com/v-2017-dodge-challenger--r-t-scat-pack--6-4l-v8-gas/6-4l-gas-engine--engine-oiling-oil-pan-and-indicator-dipstick,https://r.jina.ai/http://www.moparamerica.com/v-2017-dodge-challenger--r-t-scat-pack--6-4l-v8-gas/6-4l-gas-engine--engine-oiling-oil-pan-and-indicator-dipstick,1,NOT_STARTED,,,,,,,0,,0,0,,"{""ordinal"": 30}"
leaf-a62bf2d579545c98120a59e0,challenger-rt-scat-pack-64-gas,cat-612efe6d0edb9f9d9ecd865b,sub-8fe8384e5678a88c35d471e9,,CATEGORY_INDEX,,,https://www.moparamerica.com/v-2017-dodge-challenger--r-t-scat-pack--6-4l-v8-gas/6-4l-gas-engine--manifolds-and-vacuum-fittings,https://r.jina.ai/http://www.moparamerica.com/v-2017-dodge-challenger--r-t-scat-pack--6-4l-v8-gas/6-4l-gas-engine--manifolds-and-vacuum-fittings,1,NOT_STARTED,,,,,,,0,,0,0,,"{""ordinal"": 31}"
leaf-5bc408efe318731c4e425fb0,challenger-rt-scat-pack-64-gas,cat-612efe6d0edb9f9d9ecd865b,sub-48785631c02388b9010c84ce,,CATEGORY_INDEX,,,https://www.moparamerica.com/v-2017-dodge-challenger--r-t-scat-pack--6-4l-v8-gas/6-4l-gas-engine--timing-belt-chain-and-cover-and-balance-shaft,https://r.jina.ai/http://www.moparamerica.com/v-2017-dodge-challenger--r-t-scat-pack--6-4l-v8-gas/6-4l-gas-engine--timing-belt-chain-and-cover-and-balance-shaft,1,NOT_STARTED,,,,,,,0,,0,0,,"{""ordinal"": 32}"
leaf-1c04fa85c1d87ec2eb1275d3,challenger-rt-scat-pack-64-gas,cat-dc129c7cdbb855a4163ec9b9,sub-27ce6667f807ce0708bfadfe,,CATEGORY_INDEX,,,https://www.moparamerica.com/v-2017-dodge-challenger--r-t-scat-pack--6-4l-v8-gas/845re-8-speed-automatic-transmission--automatic-transmission-transaxle-and-torque-converter,https://r.jina.ai/http://www.moparamerica.com/v-2017-dodge-challenger--r-t-scat-pack--6-4l-v8-gas/845re-8-speed-automatic-transmission--automatic-transmission-transaxle-and-torque-converter,1,NOT_STARTED,,,,,,,0,,0,0,,"{""ordinal"": 33}"
leaf-24eb2fd6ce1ff6ac616d5052,challenger-rt-scat-pack-64-gas,cat-dc129c7cdbb855a4163ec9b9,sub-d8b3b7c1e9f79a3ea93025e2,,CATEGORY_INDEX,,,https://www.moparamerica.com/v-2017-dodge-challenger--r-t-scat-pack--6-4l-v8-gas/845re-8-speed-automatic-transmission--gearshift-controls-and-related-parts,https://r.jina.ai/http://www.moparamerica.com/v-2017-dodge-challenger--r-t-scat-pack--6-4l-v8-gas/845re-8-speed-automatic-transmission--gearshift-controls-and-related-parts,1,NOT_STARTED,,,,,,,0,,0,0,,"{""ordinal"": 34}"
leaf-98cf992c246bb480c024618f,challenger-rt-scat-pack-64-gas,cat-dc129c7cdbb855a4163ec9b9,sub-79f8f628442b7d86e851a4b6,,CATEGORY_INDEX,,,https://www.moparamerica.com/v-2017-dodge-challenger--r-t-scat-pack--6-4l-v8-gas/845re-8-speed-automatic-transmission--mounting-and-skid-plate,https://r.jina.ai/http://www.moparamerica.com/v-2017-dodge-challenger--r-t-scat-pack--6-4l-v8-gas/845re-8-speed-automatic-transmission--mounting-and-skid-plate,1,NOT_STARTED,,,,,,,0,,0,0,,"{""ordinal"": 35}"
leaf-00c09c70901e629779325796,challenger-rt-scat-pack-64-gas,cat-dc129c7cdbb855a4163ec9b9,sub-2aadb1cb6d15f8f707c10bf4,,CATEGORY_INDEX,,,https://www.moparamerica.com/v-2017-dodge-challenger--r-t-scat-pack--6-4l-v8-gas/845re-8-speed-automatic-transmission--oil-pump,https://r.jina.ai/http://www.moparamerica.com/v-2017-dodge-challenger--r-t-scat-pack--6-4l-v8-gas/845re-8-speed-automatic-transmission--oil-pump,1,NOT_STARTED,,,,,,,0,,0,0,,"{""ordinal"": 36}"
leaf-62101c46741cef5f3916fcd7,challenger-rt-scat-pack-64-gas,cat-dc129c7cdbb855a4163ec9b9,sub-827e52ce77023397d43f2cca,,CATEGORY_INDEX,,,https://www.moparamerica.com/v-2017-dodge-challenger--r-t-scat-pack--6-4l-v8-gas/845re-8-speed-automatic-transmission--valve-body-accumulator-solenoid-and-parking-sprag,https://r.jina.ai/http://www.moparamerica.com/v-2017-dodge-challenger--r-t-scat-pack--6-4l-v8-gas/845re-8-speed-automatic-transmission--valve-body-accumulator-solenoid-and-parking-sprag,1,NOT_STARTED,,,,,,,0,,0,0,,"{""ordinal"": 37}"
leaf-3ab0d0f70610e3ee196e432f,challenger-rt-scat-pack-64-gas,cat-4ed13bb300276c6863c5e8e4,sub-ecfe9ce1e2fb4aee2a97ec2d,,CATEGORY_INDEX,,,https://www.moparamerica.com/v-2017-dodge-challenger--r-t-scat-pack--6-4l-v8-gas/8hp70-8-speed-automatic-transmission--automatic-transmission-transaxle-and-torque-converter,https://r.jina.ai/http://www.moparamerica.com/v-2017-dodge-challenger--r-t-scat-pack--6-4l-v8-gas/8hp70-8-speed-automatic-transmission--automatic-transmission-transaxle-and-torque-converter,1,NOT_STARTED,,,,,,,0,,0,0,,"{""ordinal"": 38}"
leaf-53af0bf55b5c895a95899ee4,challenger-rt-scat-pack-64-gas,cat-4ed13bb300276c6863c5e8e4,sub-4515d1f92059d0622957cd62,,CATEGORY_INDEX,,,https://www.moparamerica.com/v-2017-dodge-challenger--r-t-scat-pack--6-4l-v8-gas/8hp70-8-speed-automatic-transmission--case-extension-oil-pan-and-indicator-dipstick,https://r.jina.ai/http://www.moparamerica.com/v-2017-dodge-challenger--r-t-scat-pack--6-4l-v8-gas/8hp70-8-speed-automatic-transmission--case-extension-oil-pan-and-indicator-dipstick,1,NOT_STARTED,,,,,,,0,,0,0,,"{""ordinal"": 39}"
leaf-411e45133a47f0d6700528eb,challenger-rt-scat-pack-64-gas,cat-4ed13bb300276c6863c5e8e4,sub-19c57db153bf6d36aacc692a,,CATEGORY_INDEX,,,https://www.moparamerica.com/v-2017-dodge-challenger--r-t-scat-pack--6-4l-v8-gas/8hp70-8-speed-automatic-transmission--gearshift-controls-and-related-parts,https://r.jina.ai/http://www.moparamerica.com/v-2017-dodge-challenger--r-t-scat-pack--6-4l-v8-gas/8hp70-8-speed-automatic-transmission--gearshift-controls-and-related-parts,1,NOT_STARTED,,,,,,,0,,0,0,,"{""ordinal"": 40}"
leaf-0a003b8c8225a81ab7f01b9a,challenger-rt-scat-pack-64-gas,cat-4ed13bb300276c6863c5e8e4,sub-00b11dfa9da0a034a59d089b,,CATEGORY_INDEX,,,https://www.moparamerica.com/v-2017-dodge-challenger--r-t-scat-pack--6-4l-v8-gas/8hp70-8-speed-automatic-transmission--mounting-and-skid-plate,https://r.jina.ai/http://www.moparamerica.com/v-2017-dodge-challenger--r-t-scat-pack--6-4l-v8-gas/8hp70-8-speed-automatic-transmission--mounting-and-skid-plate,1,NOT_STARTED,,,,,,,0,,0,0,,"{""ordinal"": 41}"
leaf-4895bb0981ed7e199bb023e1,challenger-rt-scat-pack-64-gas,cat-4ed13bb300276c6863c5e8e4,sub-675816c54a57f47e188a7788,,CATEGORY_INDEX,,,https://www.moparamerica.com/v-2017-dodge-challenger--r-t-scat-pack--6-4l-v8-gas/8hp70-8-speed-automatic-transmission--oil-pump,https://r.jina.ai/http://www.moparamerica.com/v-2017-dodge-challenger--r-t-scat-pack--6-4l-v8-gas/8hp70-8-speed-automatic-transmission--oil-pump,1,NOT_STARTED,,,,,,,0,,0,0,,"{""ordinal"": 42}"
leaf-76d6689c270c8c69398895dd,challenger-rt-scat-pack-64-gas,cat-4ed13bb300276c6863c5e8e4,sub-e31af02bb453f4799277d30b,,CATEGORY_INDEX,,,https://www.moparamerica.com/v-2017-dodge-challenger--r-t-scat-pack--6-4l-v8-gas/8hp70-8-speed-automatic-transmission--valve-body-accumulator-solenoid-and-parking-sprag,https://r.jina.ai/http://www.moparamerica.com/v-2017-dodge-challenger--r-t-scat-pack--6-4l-v8-gas/8hp70-8-speed-automatic-transmission--valve-body-accumulator-solenoid-and-parking-sprag,1,NOT_STARTED,,,,,,,0,,0,0,,"{""ordinal"": 43}"
leaf-ce45a8065ca068a13388c73b,challenger-rt-scat-pack-64-gas,cat-d25c19f20fe6b225dbe4a348,sub-f87de595e77dd0866c040f4b,,CATEGORY_INDEX,,,https://www.moparamerica.com/v-2017-dodge-challenger--r-t-scat-pack--6-4l-v8-gas/8hp90-8-speed-automatic-transmission--automatic-transmission-transaxle-and-torque-converter,https://r.jina.ai/http://www.moparamerica.com/v-2017-dodge-challenger--r-t-scat-pack--6-4l-v8-gas/8hp90-8-speed-automatic-transmission--automatic-transmission-transaxle-and-torque-converter,1,NOT_STARTED,,,,,,,0,,0,0,,"{""ordinal"": 44}"
leaf-7a7ea5227cc81443cc5c2f2b,challenger-rt-scat-pack-64-gas,cat-d25c19f20fe6b225dbe4a348,sub-e660692b78c7fe2db87faba6,,CATEGORY_INDEX,,,https://www.moparamerica.com/v-2017-dodge-challenger--r-t-scat-pack--6-4l-v8-gas/8hp90-8-speed-automatic-transmission--gearshift-controls-and-related-parts,https://r.jina.ai/http://www.moparamerica.com/v-2017-dodge-challenger--r-t-scat-pack--6-4l-v8-gas/8hp90-8-speed-automatic-transmission--gearshift-controls-and-related-parts,1,NOT_STARTED,,,,,,,0,,0,0,,"{""ordinal"": 45}"
leaf-aa270c7f9fee0b437d40388e,challenger-rt-scat-pack-64-gas,cat-d25c19f20fe6b225dbe4a348,sub-51ec7b33813109d2fec1ecc4,,CATEGORY_INDEX,,,https://www.moparamerica.com/v-2017-dodge-challenger--r-t-scat-pack--6-4l-v8-gas/8hp90-8-speed-automatic-transmission--mounting-and-skid-plate,https://r.jina.ai/http://www.moparamerica.com/v-2017-dodge-challenger--r-t-scat-pack--6-4l-v8-gas/8hp90-8-speed-automatic-transmission--mounting-and-skid-plate,1,NOT_STARTED,,,,,,,0,,0,0,,"{""ordinal"": 46}"
leaf-e943796eb434f0391862bc02,challenger-rt-scat-pack-64-gas,cat-d25aa34d9e31056214329e4b,,,CATEGORY_INDEX,,,https://www.moparamerica.com/v-2017-dodge-challenger--r-t-scat-pack--6-4l-v8-gas/accessories,https://r.jina.ai/http://www.moparamerica.com/v-2017-dodge-challenger--r-t-scat-pack--6-4l-v8-gas/accessories,1,NOT_STARTED,,,,,,,0,,0,0,,"{""ordinal"": 191}"
leaf-eb58ea9776e865c06e3d8ca3,challenger-rt-scat-pack-64-gas,cat-7c3637fbbeff159f657959ce,sub-a0c1e5a0158e540cb6251eeb,,CATEGORY_INDEX,,,https://www.moparamerica.com/v-2017-dodge-challenger--r-t-scat-pack--6-4l-v8-gas/accessories-crate-engines--engines,https://r.jina.ai/http://www.moparamerica.com/v-2017-dodge-challenger--r-t-scat-pack--6-4l-v8-gas/accessories-crate-engines--engines,1,NOT_STARTED,,,,,,,0,,0,0,,"{""ordinal"": 87}"
leaf-31fce06a96708166dd986ea1,challenger-rt-scat-pack-64-gas,cat-dfa0fb45079aa31db62e2c42,sub-d53fe65a5fb0054899ec4983,,CATEGORY_INDEX,,,https://www.moparamerica.com/v-2017-dodge-challenger--r-t-scat-pack--6-4l-v8-gas/accessories-drag-pak--race-kits,https://r.jina.ai/http://www.moparamerica.com/v-2017-dodge-challenger--r-t-scat-pack--6-4l-v8-gas/accessories-drag-pak--race-kits,1,NOT_STARTED,,,,,,,0,,0,0,,"{""ordinal"": 91}"
leaf-557f96d4de07ef60ed78d37d,challenger-rt-scat-pack-64-gas,cat-9c5ca7eb9b50503a5e9497c5,sub-e6eb916aeb4147dcfce7679f,,CATEGORY_INDEX,,,https://www.moparamerica.com/v-2017-dodge-challenger--r-t-scat-pack--6-4l-v8-gas/accessories-exterior-accessories--covers,https://r.jina.ai/http://www.moparamerica.com/v-2017-dodge-challenger--r-t-scat-pack--6-4l-v8-gas/accessories-exterior-accessories--covers,1,NOT_STARTED,,,,,,,0,,0,0,,"{""ordinal"": 114}"
leaf-337e991ad33a5e223d3b702e,challenger-rt-scat-pack-64-gas,cat-9c5ca7eb9b50503a5e9497c5,sub-f39314b04c6904e2f7a717a3,,CATEGORY_INDEX,,,https://www.moparamerica.com/v-2017-dodge-challenger--r-t-scat-pack--6-4l-v8-gas/accessories-exterior-accessories--exterior-appearance,https://r.jina.ai/http://www.moparamerica.com/v-2017-dodge-challenger--r-t-scat-pack--6-4l-v8-gas/accessories-exterior-accessories--exterior-appearance,1,NOT_STARTED,,,,,,,0,,0,0,,"{""ordinal"": 115}"
leaf-d18d6c13e5d2b23baca1bbbd,challenger-rt-scat-pack-64-gas,cat-9c5ca7eb9b50503a5e9497c5,sub-d64ea64514ecbccdc19777bc,,CATEGORY_INDEX,,,https://www.moparamerica.com/v-2017-dodge-challenger--r-t-scat-pack--6-4l-v8-gas/accessories-exterior-accessories--license-plate,https://r.jina.ai/http://www.moparamerica.com/v-2017-dodge-challenger--r-t-scat-pack--6-4l-v8-gas/accessories-exterior-accessories--license-plate,1,NOT_STARTED,,,,,,,0,,0,0,,"{""ordinal"": 116}"
leaf-ce033beb7381cdfc4cb5a2fb,challenger-rt-scat-pack-64-gas,cat-9c5ca7eb9b50503a5e9497c5,sub-187e69b0de1b9d6ef77e1f7c,,CATEGORY_INDEX,,,https://www.moparamerica.com/v-2017-dodge-challenger--r-t-scat-pack--6-4l-v8-gas/accessories-exterior-accessories--locks,https://r.jina.ai/http://www.moparamerica.com/v-2017-dodge-challenger--r-t-scat-pack--6-4l-v8-gas/accessories-exterior-accessories--locks,1,NOT_STARTED,,,,,,,0,,0,0,,"{""ordinal"": 117}"
leaf-a276db9c9bdaeef59bf885b9,challenger-rt-scat-pack-64-gas,cat-9c5ca7eb9b50503a5e9497c5,sub-131ee3138a483dcc3a2c6d1d,,CATEGORY_INDEX,,,https://www.moparamerica.com/v-2017-dodge-challenger--r-t-scat-pack--6-4l-v8-gas/accessories-exterior-accessories--protective-guards,https://r.jina.ai/http://www.moparamerica.com/v-2017-dodge-challenger--r-t-scat-pack--6-4l-v8-gas/accessories-exterior-accessories--protective-guards,1,NOT_STARTED,,,,,,,0,,0,0,,"{""ordinal"": 118}"
leaf-c799b39081172bf97b9b14f1,challenger-rt-scat-pack-64-gas,cat-9c5ca7eb9b50503a5e9497c5,sub-7dd6cf6f80dcc2a8876b4561,,CATEGORY_INDEX,,,https://www.moparamerica.com/v-2017-dodge-challenger--r-t-scat-pack--6-4l-v8-gas/accessories-exterior-accessories--splash-guards,https://r.jina.ai/http://www.moparamerica.com/v-2017-dodge-challenger--r-t-scat-pack--6-4l-v8-gas/accessories-exterior-accessories--splash-guards,1,NOT_STARTED,,,,,,,0,,0,0,,"{""ordinal"": 119}"
leaf-6db0adb294abe13544b1954b,challenger-rt-scat-pack-64-gas,cat-9c5ca7eb9b50503a5e9497c5,sub-9c9f71631938568695bd3dfc,,CATEGORY_INDEX,,,https://www.moparamerica.com/v-2017-dodge-challenger--r-t-scat-pack--6-4l-v8-gas/accessories-exterior-accessories--wheels,https://r.jina.ai/http://www.moparamerica.com/v-2017-dodge-challenger--r-t-scat-pack--6-4l-v8-gas/accessories-exterior-accessories--wheels,1,NOT_STARTED,,,,,,,0,,0,0,,"{""ordinal"": 120}"
leaf-b729e99f7689dfc717394634,challenger-rt-scat-pack-64-gas,cat-7853d885c02443749c4d2d9f,sub-b0a0263fbe0028e7f2b7460f,,CATEGORY_INDEX,,,https://www.moparamerica.com/v-2017-dodge-challenger--r-t-scat-pack--6-4l-v8-gas/accessories-interior-accessories--air-purification,https://r.jina.ai/http://www.moparamerica.com/v-2017-dodge-challenger--r-t-scat-pack--6-4l-v8-gas/accessories-interior-accessories--air-purification,1,NOT_STARTED,,,,,,,0,,0,0,,"{""ordinal"": 139}"
leaf-5214014147d962bd8b0a996e,challenger-rt-scat-pack-64-gas,cat-7853d885c02443749c4d2d9f,sub-3d44f984af8f16680052b869,,CATEGORY_INDEX,,,https://www.moparamerica.com/v-2017-dodge-challenger--r-t-scat-pack--6-4l-v8-gas/accessories-interior-accessories--cargo-trays-and-mats,https://r.jina.ai/http://www.moparamerica.com/v-2017-dodge-challenger--r-t-scat-pack--6-4l-v8-gas/accessories-interior-accessories--cargo-trays-and-mats,1,NOT_STARTED,,,,,,,0,,0,0,,"{""ordinal"": 140}"
leaf-181e589e2ed239cabf212585,challenger-rt-scat-pack-64-gas,cat-7853d885c02443749c4d2d9f,sub-65b04912403aa221a4b317d8,,CATEGORY_INDEX,,,https://www.moparamerica.com/v-2017-dodge-challenger--r-t-scat-pack--6-4l-v8-gas/accessories-interior-accessories--floor-mats,https://r.jina.ai/http://www.moparamerica.com/v-2017-dodge-challenger--r-t-scat-pack--6-4l-v8-gas/accessories-interior-accessories--floor-mats,1,NOT_STARTED,,,,,,,0,,0,0,,"{""ordinal"": 141}"
leaf-27187bae825a710f368f5456,challenger-rt-scat-pack-64-gas,cat-7853d885c02443749c4d2d9f,sub-9caadffa14573a4536a20abe,,CATEGORY_INDEX,,,https://www.moparamerica.com/v-2017-dodge-challenger--r-t-scat-pack--6-4l-v8-gas/accessories-interior-accessories--interior-appearance,https://r.jina.ai/http://www.moparamerica.com/v-2017-dodge-challenger--r-t-scat-pack--6-4l-v8-gas/accessories-interior-accessories--interior-appearance,1,NOT_STARTED,,,,,,,0,,0,0,,"{""ordinal"": 142}"
leaf-508cbadd831eb093b6399c75,challenger-rt-scat-pack-64-gas,cat-3733d176141a167ab04d3847,sub-fda4607d62355fc4ab7f7d53,,CATEGORY_INDEX,,,https://www.moparamerica.com/v-2017-dodge-challenger--r-t-scat-pack--6-4l-v8-gas/accessories-lifestyle-and-off-road-accessories--safety-kits,https://r.jina.ai/http://www.moparamerica.com/v-2017-dodge-challenger--r-t-scat-pack--6-4l-v8-gas/accessories-lifestyle-and-off-road-accessories--safety-kits,1,NOT_STARTED,,,,,,,0,,0,0,,"{""ordinal"": 154}"
leaf-f31c3892bb3c7d089db1e80a,challenger-rt-scat-pack-64-gas,cat-6a671579e1772c89264bf20c,sub-65204657bb160500acd0767d,,CATEGORY_INDEX,,,https://www.moparamerica.com/v-2017-dodge-challenger--r-t-scat-pack--6-4l-v8-gas/accessories-modern-performance--engine-parts,https://r.jina.ai/http://www.moparamerica.com/v-2017-dodge-challenger--r-t-scat-pack--6-4l-v8-gas/accessories-modern-performance--engine-parts,1,NOT_STARTED,,,,,,,0,,0,0,,"{""ordinal"": 155}"
leaf-14b4f6e039464182a852c6ba,challenger-rt-scat-pack-64-gas,cat-6a671579e1772c89264bf20c,sub-2b64f3db48f60cb8b1b10696,,CATEGORY_INDEX,,,https://www.moparamerica.com/v-2017-dodge-challenger--r-t-scat-pack--6-4l-v8-gas/accessories-modern-performance--intake-and-air,https://r.jina.ai/http://www.moparamerica.com/v-2017-dodge-challenger--r-t-scat-pack--6-4l-v8-gas/accessories-modern-performance--intake-and-air,1,NOT_STARTED,,,,,,,0,,0,0,,"{""ordinal"": 156}"
leaf-f3acda266ff42f787dda0488,challenger-rt-scat-pack-64-gas,cat-6a671579e1772c89264bf20c,sub-ce67a19d2e17bf5c8c97a09c,,CATEGORY_INDEX,,,https://www.moparamerica.com/v-2017-dodge-challenger--r-t-scat-pack--6-4l-v8-gas/accessories-modern-performance--suspension,https://r.jina.ai/http://www.moparamerica.com/v-2017-dodge-challenger--r-t-scat-pack--6-4l-v8-gas/accessories-modern-performance--suspension,1,NOT_STARTED,,,,,,,0,,0,0,,"{""ordinal"": 157}"
leaf-442adaa6543fce6666fc802b,challenger-rt-scat-pack-64-gas,cat-7352bfe0b129fcbaab0bf595,sub-bbfd7c8b659c288a7d3110c1,,CATEGORY_INDEX,,,https://www.moparamerica.com/v-2017-dodge-challenger--r-t-scat-pack--6-4l-v8-gas/accessories-vehicle-care-products--mopar,https://r.jina.ai/http://www.moparamerica.com/v-2017-dodge-challenger--r-t-scat-pack--6-4l-v8-gas/accessories-vehicle-care-products--mopar,1,NOT_STARTED,,,,,,,0,,0,0,,"{""ordinal"": 182}"
leaf-c5f51b3fbfb9a41b8ed17395,challenger-rt-scat-pack-64-gas,cat-7352bfe0b129fcbaab0bf595,sub-5b0ad310d37523ba2d572c77,,CATEGORY_INDEX,,,https://www.moparamerica.com/v-2017-dodge-challenger--r-t-scat-pack--6-4l-v8-gas/accessories-vehicle-care-products--touch-up-paint,https://r.jina.ai/http://www.moparamerica.com/v-2017-dodge-challenger--r-t-scat-pack--6-4l-v8-gas/accessories-vehicle-care-products--touch-up-paint,1,NOT_STARTED,,,,,,,0,,0,0,,"{""ordinal"": 183}"
leaf-d143aa32bc9113e3b193269b,challenger-rt-scat-pack-64-gas,cat-30d9348aed3867fe320a6e99,sub-5b9d88c4c3da840869b07979,,CATEGORY_INDEX,,,https://www.moparamerica.com/v-2017-dodge-challenger--r-t-scat-pack--6-4l-v8-gas/air-conditioners-and-heaters--air-conditioner-and-heater-controls,https://r.jina.ai/http://www.moparamerica.com/v-2017-dodge-challenger--r-t-scat-pack--6-4l-v8-gas/air-conditioners-and-heaters--air-conditioner-and-heater-controls,1,NOT_STARTED,,,,,,,0,,0,0,,"{""ordinal"": 47}"
leaf-720fb33ac118b21c6df7cbec,challenger-rt-scat-pack-64-gas,cat-30d9348aed3867fe320a6e99,sub-5c66dbb302ccc94bce4d145f,,CATEGORY_INDEX,,,https://www.moparamerica.com/v-2017-dodge-challenger--r-t-scat-pack--6-4l-v8-gas/air-conditioners-and-heaters--air-conditioner-and-heater-plumbing,https://r.jina.ai/http://www.moparamerica.com/v-2017-dodge-challenger--r-t-scat-pack--6-4l-v8-gas/air-conditioners-and-heaters--air-conditioner-and-heater-plumbing,1,NOT_STARTED,,,,,,,0,,0,0,,"{""ordinal"": 48}"
leaf-c19518180dc4af8494108e14,challenger-rt-scat-pack-64-gas,cat-30d9348aed3867fe320a6e99,sub-3305f7ec325756fa72c73191,,CATEGORY_INDEX,,,https://www.moparamerica.com/v-2017-dodge-challenger--r-t-scat-pack--6-4l-v8-gas/air-conditioners-and-heaters--air-conditioner-and-heater-units,https://r.jina.ai/http://www.moparamerica.com/v-2017-dodge-challenger--r-t-scat-pack--6-4l-v8-gas/air-conditioners-and-heaters--air-conditioner-and-heater-units,1,NOT_STARTED,,,,,,,0,,0,0,,"{""ordinal"": 49}"
leaf-de0923f58e080ce2ff122179,challenger-rt-scat-pack-64-gas,cat-30d9348aed3867fe320a6e99,sub-1e8e701b19c92ee3d0d3ff1d,,CATEGORY_INDEX,,,https://www.moparamerica.com/v-2017-dodge-challenger--r-t-scat-pack--6-4l-v8-gas/air-conditioners-and-heaters--air-conditioner-compressor-and-mounting,https://r.jina.ai/http://www.moparamerica.com/v-2017-dodge-challenger--r-t-scat-pack--6-4l-v8-gas/air-conditioners-and-heaters--air-conditioner-compressor-and-mounting,1,NOT_STARTED,,,,,,,0,,0,0,,"{""ordinal"": 50}"
leaf-005be78a57d95b3d0781d0c5,challenger-rt-scat-pack-64-gas,cat-30d9348aed3867fe320a6e99,sub-1b998be38252742d91066fdc,,CATEGORY_INDEX,,,https://www.moparamerica.com/v-2017-dodge-challenger--r-t-scat-pack--6-4l-v8-gas/air-conditioners-and-heaters--air-ducts,https://r.jina.ai/http://www.moparamerica.com/v-2017-dodge-challenger--r-t-scat-pack--6-4l-v8-gas/air-conditioners-and-heaters--air-ducts,1,NOT_STARTED,,,,,,,0,,0,0,,"{""ordinal"": 51}"
leaf-6ad6fa1d0db7d3ef94f13f61,challenger-rt-scat-pack-64-gas,cat-066e9dd73b775c18e5a03b39,sub-830adb8956f6e214e5f42ef7,,CATEGORY_INDEX,,,https://www.moparamerica.com/v-2017-dodge-challenger--r-t-scat-pack--6-4l-v8-gas/all-wheel-drive-differential-and-drive-line--drive-shaft,https://r.jina.ai/http://www.moparamerica.com/v-2017-dodge-challenger--r-t-scat-pack--6-4l-v8-gas/all-wheel-drive-differential-and-drive-line--drive-shaft,1,NOT_STARTED,,,,,,,0,,0,0,,"{""ordinal"": 52}"
leaf-ac04f9b3a422f23cad805049,challenger-rt-scat-pack-64-gas,cat-066e9dd73b775c18e5a03b39,sub-f54340a4cd8dbed737b6d69e,,CATEGORY_INDEX,,,https://www.moparamerica.com/v-2017-dodge-challenger--r-t-scat-pack--6-4l-v8-gas/all-wheel-drive-differential-and-drive-line--front-axle-assembly,https://r.jina.ai/http://www.moparamerica.com/v-2017-dodge-challenger--r-t-scat-pack--6-4l-v8-gas/all-wheel-drive-differential-and-drive-line--front-axle-assembly,1,NOT_STARTED,,,,,,,0,,0,0,,"{""ordinal"": 53}"
leaf-91c784534a125d7130a2b525,challenger-rt-scat-pack-64-gas,cat-066e9dd73b775c18e5a03b39,sub-3e625efabf757d678434fb7c,,CATEGORY_INDEX,,,https://www.moparamerica.com/v-2017-dodge-challenger--r-t-scat-pack--6-4l-v8-gas/all-wheel-drive-differential-and-drive-line--front-axle-drive-shafts,https://r.jina.ai/http://www.moparamerica.com/v-2017-dodge-challenger--r-t-scat-pack--6-4l-v8-gas/all-wheel-drive-differential-and-drive-line--front-axle-drive-shafts,1,NOT_STARTED,,,,,,,0,,0,0,,"{""ordinal"": 54}"
leaf-4db232f16cdd6e19c54c9cb6,challenger-rt-scat-pack-64-gas,cat-066e9dd73b775c18e5a03b39,sub-9bda384675c9df894a1bd189,,CATEGORY_INDEX,,,https://www.moparamerica.com/v-2017-dodge-challenger--r-t-scat-pack--6-4l-v8-gas/all-wheel-drive-differential-and-drive-line--rear-axle-assembly,https://r.jina.ai/http://www.moparamerica.com/v-2017-dodge-challenger--r-t-scat-pack--6-4l-v8-gas/all-wheel-drive-differential-and-drive-line--rear-axle-assembly,1,NOT_STARTED,,,,,,,0,,0,0,,"{""ordinal"": 55}"
leaf-2d298fd634f43a2e5caca62e,challenger-rt-scat-pack-64-gas,cat-066e9dd73b775c18e5a03b39,sub-0ccff9df35d38fba032436ba,,CATEGORY_INDEX,,,https://www.moparamerica.com/v-2017-dodge-challenger--r-t-scat-pack--6-4l-v8-gas/all-wheel-drive-differential-and-drive-line--rear-axle-housing-differential-and-vent,https://r.jina.ai/http://www.moparamerica.com/v-2017-dodge-challenger--r-t-scat-pack--6-4l-v8-gas/all-wheel-drive-differential-and-drive-line--rear-axle-housing-differential-and-vent,1,NOT_STARTED,,,,,,,0,,0,0,,"{""ordinal"": 57}"
leaf-4cef9fbc60a991985b459d31,challenger-rt-scat-pack-64-gas,cat-066e9dd73b775c18e5a03b39,sub-5d7759927a8e3c1f13748567,,CATEGORY_INDEX,,,https://www.moparamerica.com/v-2017-dodge-challenger--r-t-scat-pack--6-4l-v8-gas/all-wheel-drive-differential-and-drive-line--rear-axle-shafts,https://r.jina.ai/http://www.moparamerica.com/v-2017-dodge-challenger--r-t-scat-pack--6-4l-v8-gas/all-wheel-drive-differential-and-drive-line--rear-axle-shafts,1,NOT_STARTED,,,,,,,0,,0,0,,"{""ordinal"": 56}"
leaf-dbf4e6948c828b6b6da19fa1,challenger-rt-scat-pack-64-gas,cat-7b4e48640092e8282554976b,,,CATEGORY_INDEX,,,https://www.moparamerica.com/v-2017-dodge-challenger--r-t-scat-pack--6-4l-v8-gas/auto-parts,https://r.jina.ai/http://www.moparamerica.com/v-2017-dodge-challenger--r-t-scat-pack--6-4l-v8-gas/auto-parts,1,NOT_STARTED,,,,,,,0,,0,0,,"{""ordinal"": 190}"
leaf-54f0245e8d769d8136c44e13,challenger-rt-scat-pack-64-gas,cat-460641e2b578702abecbdc66,sub-d15532eb5b96bf68a0d62f6c,,CATEGORY_INDEX,,,https://www.moparamerica.com/v-2017-dodge-challenger--r-t-scat-pack--6-4l-v8-gas/body-sheet-metal-except-doors--aperture-panel-and-pillar-supports,https://r.jina.ai/http://www.moparamerica.com/v-2017-dodge-challenger--r-t-scat-pack--6-4l-v8-gas/body-sheet-metal-except-doors--aperture-panel-and-pillar-supports,1,NOT_STARTED,,,,,,,0,,0,0,,"{""ordinal"": 58}"
leaf-ec96549370bdc07aec9d41ad,challenger-rt-scat-pack-64-gas,cat-460641e2b578702abecbdc66,sub-43c2c483d6e00ad7a3c35cb9,,CATEGORY_INDEX,,,https://www.moparamerica.com/v-2017-dodge-challenger--r-t-scat-pack--6-4l-v8-gas/body-sheet-metal-except-doors--body-structure-welds-weatherstrips-seals-sealers-and-adhesives,https://r.jina.ai/http://www.moparamerica.com/v-2017-dodge-challenger--r-t-scat-pack--6-4l-v8-gas/body-sheet-metal-except-doors--body-structure-welds-weatherstrips-seals-sealers-and-adhesives,1,NOT_STARTED,,,,,,,0,,0,0,,"{""ordinal"": 59}"
leaf-e0b26e504c9d00b17acc1005,challenger-rt-scat-pack-64-gas,cat-460641e2b578702abecbdc66,sub-c8153c392f61c4eb70f933ca,,CATEGORY_INDEX,,,https://www.moparamerica.com/v-2017-dodge-challenger--r-t-scat-pack--6-4l-v8-gas/body-sheet-metal-except-doors--cowl-and-dash-panel,https://r.jina.ai/http://www.moparamerica.com/v-2017-dodge-challenger--r-t-scat-pack--6-4l-v8-gas/body-sheet-metal-except-doors--cowl-and-dash-panel,1,NOT_STARTED,,,,,,,0,,0,0,,"{""ordinal"": 60}"
leaf-6fd622ebd6f122f9bee3c4e9,challenger-rt-scat-pack-64-gas,cat-460641e2b578702abecbdc66,sub-9006ee198e2e9a7dfc3db677,,CATEGORY_INDEX,,,https://www.moparamerica.com/v-2017-dodge-challenger--r-t-scat-pack--6-4l-v8-gas/body-sheet-metal-except-doors--deck-lid,https://r.jina.ai/http://www.moparamerica.com/v-2017-dodge-challenger--r-t-scat-pack--6-4l-v8-gas/body-sheet-metal-except-doors--deck-lid,1,NOT_STARTED,,,,,,,0,,0,0,,"{""ordinal"": 61}"
leaf-c50dc646fa829d27d83a125d,challenger-rt-scat-pack-64-gas,cat-460641e2b578702abecbdc66,sub-24d69583bf50fbf330e2fb28,,CATEGORY_INDEX,,,https://www.moparamerica.com/v-2017-dodge-challenger--r-t-scat-pack--6-4l-v8-gas/body-sheet-metal-except-doors--fenders,https://r.jina.ai/http://www.moparamerica.com/v-2017-dodge-challenger--r-t-scat-pack--6-4l-v8-gas/body-sheet-metal-except-doors--fenders,1,NOT_STARTED,,,,,,,0,,0,0,,"{""ordinal"": 62}"
leaf-e836ee292ca3a79af8ca5380,challenger-rt-scat-pack-64-gas,cat-460641e2b578702abecbdc66,sub-b5b9bcadd4ab19f76322d4dc,,CATEGORY_INDEX,,,https://www.moparamerica.com/v-2017-dodge-challenger--r-t-scat-pack--6-4l-v8-gas/body-sheet-metal-except-doors--floor-pans,https://r.jina.ai/http://www.moparamerica.com/v-2017-dodge-challenger--r-t-scat-pack--6-4l-v8-gas/body-sheet-metal-except-doors--floor-pans,1,NOT_STARTED,,,,,,,0,,0,0,,"{""ordinal"": 63}"
leaf-c1645a1ab3c4458c64331d53,challenger-rt-scat-pack-64-gas,cat-460641e2b578702abecbdc66,sub-f807fc0baec3c718f4b2c3ca,,CATEGORY_INDEX,,,https://www.moparamerica.com/v-2017-dodge-challenger--r-t-scat-pack--6-4l-v8-gas/body-sheet-metal-except-doors--hood-and-hood-release,https://r.jina.ai/http://www.moparamerica.com/v-2017-dodge-challenger--r-t-scat-pack--6-4l-v8-gas/body-sheet-metal-except-doors--hood-and-hood-release,1,NOT_STARTED,,,,,,,0,,0,0,,"{""ordinal"": 64}"
leaf-f383a99b7e5cb0f94b2623e1,challenger-rt-scat-pack-64-gas,cat-460641e2b578702abecbdc66,sub-82bee12ae688495c113dbee3,,CATEGORY_INDEX,,,https://www.moparamerica.com/v-2017-dodge-challenger--r-t-scat-pack--6-4l-v8-gas/body-sheet-metal-except-doors--plugs,https://r.jina.ai/http://www.moparamerica.com/v-2017-dodge-challenger--r-t-scat-pack--6-4l-v8-gas/body-sheet-metal-except-doors--plugs,1,NOT_STARTED,,,,,,,0,,0,0,,"{""ordinal"": 65}"
leaf-ec3b65e78b47c8b40a6b084d,challenger-rt-scat-pack-64-gas,cat-460641e2b578702abecbdc66,sub-213be6a24b5af8e2dad70ff6,,CATEGORY_INDEX,,,https://www.moparamerica.com/v-2017-dodge-challenger--r-t-scat-pack--6-4l-v8-gas/body-sheet-metal-except-doors--roof,https://r.jina.ai/http://www.moparamerica.com/v-2017-dodge-challenger--r-t-scat-pack--6-4l-v8-gas/body-sheet-metal-except-doors--roof,1,NOT_STARTED,,,,,,,0,,0,0,,"{""ordinal"": 66}"
leaf-4cb487fd22a0e0cabc8d04fb,challenger-rt-scat-pack-64-gas,cat-460641e2b578702abecbdc66,sub-e328cd94d3cd3a04a018bbb1,,CATEGORY_INDEX,,,https://www.moparamerica.com/v-2017-dodge-challenger--r-t-scat-pack--6-4l-v8-gas/body-sheet-metal-except-doors--shelf-panel,https://r.jina.ai/http://www.moparamerica.com/v-2017-dodge-challenger--r-t-scat-pack--6-4l-v8-gas/body-sheet-metal-except-doors--shelf-panel,1,NOT_STARTED,,,,,,,0,,0,0,,"{""ordinal"": 67}"
leaf-d6d210cdc811f48be28f0694,challenger-rt-scat-pack-64-gas,cat-460641e2b578702abecbdc66,sub-74a5d32cc00ccdf5b00b871c,,CATEGORY_INDEX,,,https://www.moparamerica.com/v-2017-dodge-challenger--r-t-scat-pack--6-4l-v8-gas/body-sheet-metal-except-doors--sunroof,https://r.jina.ai/http://www.moparamerica.com/v-2017-dodge-challenger--r-t-scat-pack--6-4l-v8-gas/body-sheet-metal-except-doors--sunroof,1,NOT_STARTED,,,,,,,0,,0,0,,"{""ordinal"": 68}"
leaf-8722979a6f1f78419649f775,challenger-rt-scat-pack-64-gas,cat-a82c0b27af2bd0f6c9ad4640,sub-f63767208332c67c137ea22d,,CATEGORY_INDEX,,,https://www.moparamerica.com/v-2017-dodge-challenger--r-t-scat-pack--6-4l-v8-gas/brakes--brake-master-cylinder,https://r.jina.ai/http://www.moparamerica.com/v-2017-dodge-challenger--r-t-scat-pack--6-4l-v8-gas/brakes--brake-master-cylinder,1,NOT_STARTED,,,,,,,0,,0,0,,"{""ordinal"": 69}"
leaf-d47663b33f91f02bb061b840,challenger-rt-scat-pack-64-gas,cat-a82c0b27af2bd0f6c9ad4640,sub-ca206749d0d777e70e63083c,,CATEGORY_INDEX,,,https://www.moparamerica.com/v-2017-dodge-challenger--r-t-scat-pack--6-4l-v8-gas/brakes--brake-pedals,https://r.jina.ai/http://www.moparamerica.com/v-2017-dodge-challenger--r-t-scat-pack--6-4l-v8-gas/brakes--brake-pedals,1,NOT_STARTED,,,,,,,0,,0,0,,"{""ordinal"": 70}"
leaf-20f076ccae2f83e6fd5abd36,challenger-rt-scat-pack-64-gas,cat-a82c0b27af2bd0f6c9ad4640,sub-6616cb5522998ad99c068c07,,CATEGORY_INDEX,,,https://www.moparamerica.com/v-2017-dodge-challenger--r-t-scat-pack--6-4l-v8-gas/brakes--front-brakes,https://r.jina.ai/http://www.moparamerica.com/v-2017-dodge-challenger--r-t-scat-pack--6-4l-v8-gas/brakes--front-brakes,1,NOT_STARTED,,,,,,,0,,0,0,,"{""ordinal"": 71}"
leaf-db9f43b42c2332b4cbfb920b,challenger-rt-scat-pack-64-gas,cat-a82c0b27af2bd0f6c9ad4640,sub-56028c37a69fbec1303ce854,,CATEGORY_INDEX,,,https://www.moparamerica.com/v-2017-dodge-challenger--r-t-scat-pack--6-4l-v8-gas/brakes--hydraulic-control-unit-brake-tubes-and-hoses,https://r.jina.ai/http://www.moparamerica.com/v-2017-dodge-challenger--r-t-scat-pack--6-4l-v8-gas/brakes--hydraulic-control-unit-brake-tubes-and-hoses,1,NOT_STARTED,,,,,,,0,,0,0,,"{""ordinal"": 72}"
leaf-987dd6538e81cf6fd5a9bc24,challenger-rt-scat-pack-64-gas,cat-a82c0b27af2bd0f6c9ad4640,sub-e425b295aff429c8cefebc6f,,CATEGORY_INDEX,,,https://www.moparamerica.com/v-2017-dodge-challenger--r-t-scat-pack--6-4l-v8-gas/brakes--parking-brake-lever-cables-and-rear-disc-park-brake-assembly,https://r.jina.ai/http://www.moparamerica.com/v-2017-dodge-challenger--r-t-scat-pack--6-4l-v8-gas/brakes--parking-brake-lever-cables-and-rear-disc-park-brake-assembly,1,NOT_STARTED,,,,,,,0,,0,0,,"{""ordinal"": 73}"
leaf-e99617eb2b494dbed27e6944,challenger-rt-scat-pack-64-gas,cat-a82c0b27af2bd0f6c9ad4640,sub-c448e633f4233c6aae75ae6a,,CATEGORY_INDEX,,,https://www.moparamerica.com/v-2017-dodge-challenger--r-t-scat-pack--6-4l-v8-gas/brakes--power-brake-booster,https://r.jina.ai/http://www.moparamerica.com/v-2017-dodge-challenger--r-t-scat-pack--6-4l-v8-gas/brakes--power-brake-booster,1,NOT_STARTED,,,,,,,0,,0,0,,"{""ordinal"": 74}"
leaf-5158673ec9894c89a1865f68,challenger-rt-scat-pack-64-gas,cat-a82c0b27af2bd0f6c9ad4640,sub-4040561c3a0407296752f72c,,CATEGORY_INDEX,,,https://www.moparamerica.com/v-2017-dodge-challenger--r-t-scat-pack--6-4l-v8-gas/brakes--rear-brakes,https://r.jina.ai/http://www.moparamerica.com/v-2017-dodge-challenger--r-t-scat-pack--6-4l-v8-gas/brakes--rear-brakes,1,NOT_STARTED,,,,,,,0,,0,0,,"{""ordinal"": 75}"
leaf-9847557b15c210ca2f62ea96,challenger-rt-scat-pack-64-gas,cat-3433ea72c655194085a42133,sub-64cd88da2ddab90416b9c38f,,CATEGORY_INDEX,,,https://www.moparamerica.com/v-2017-dodge-challenger--r-t-scat-pack--6-4l-v8-gas/clutch--clutch,https://r.jina.ai/http://www.moparamerica.com/v-2017-dodge-challenger--r-t-scat-pack--6-4l-v8-gas/clutch--clutch,1,NOT_STARTED,,,,,,,0,,0,0,,"{""ordinal"": 76}"
leaf-4249ed15e5e4c2b8a9a74fd7,challenger-rt-scat-pack-64-gas,cat-3433ea72c655194085a42133,sub-0eb4b244ec0028775c008cf1,,CATEGORY_INDEX,,,https://www.moparamerica.com/v-2017-dodge-challenger--r-t-scat-pack--6-4l-v8-gas/clutch--clutch-controls,https://r.jina.ai/http://www.moparamerica.com/v-2017-dodge-challenger--r-t-scat-pack--6-4l-v8-gas/clutch--clutch-controls,1,NOT_STARTED,,,,,,,0,,0,0,,"{""ordinal"": 77}"
leaf-dbb22a6fd6a15376d5d83a9c,challenger-rt-scat-pack-64-gas,cat-3433ea72c655194085a42133,sub-aaecfa4b498c19566903cd51,,CATEGORY_INDEX,,,https://www.moparamerica.com/v-2017-dodge-challenger--r-t-scat-pack--6-4l-v8-gas/clutch--clutch-housing,https://r.jina.ai/http://www.moparamerica.com/v-2017-dodge-challenger--r-t-scat-pack--6-4l-v8-gas/clutch--clutch-housing,1,NOT_STARTED,,,,,,,0,,0,0,,"{""ordinal"": 78}"
leaf-97dc3ca7f67bd9fc52282ab6,challenger-rt-scat-pack-64-gas,cat-3433ea72c655194085a42133,sub-e6dbb91feac28f2ab2b9dc95,,CATEGORY_INDEX,,,https://www.moparamerica.com/v-2017-dodge-challenger--r-t-scat-pack--6-4l-v8-gas/clutch--clutch-pedals,https://r.jina.ai/http://www.moparamerica.com/v-2017-dodge-challenger--r-t-scat-pack--6-4l-v8-gas/clutch--clutch-pedals,1,NOT_STARTED,,,,,,,0,,0,0,,"{""ordinal"": 79}"
leaf-703f0b8485704f199f62a65a,challenger-rt-scat-pack-64-gas,cat-2b2d946d6c9e900e59c95a8f,sub-8f54a66b3d417a5af78b7011,,CATEGORY_INDEX,,,https://www.moparamerica.com/v-2017-dodge-challenger--r-t-scat-pack--6-4l-v8-gas/conversion-and-upfit-packages--exterior,https://r.jina.ai/http://www.moparamerica.com/v-2017-dodge-challenger--r-t-scat-pack--6-4l-v8-gas/conversion-and-upfit-packages--exterior,1,NOT_STARTED,,,,,,,0,,0,0,,"{""ordinal"": 80}"
leaf-57c8b899db5ed22c3513ce7a,challenger-rt-scat-pack-64-gas,cat-1356177bbea6ae04d38d973a,sub-b38765f49e4c691f442ac4ed,,CATEGORY_INDEX,,,https://www.moparamerica.com/v-2017-dodge-challenger--r-t-scat-pack--6-4l-v8-gas/cooling--drive-belts,https://r.jina.ai/http://www.moparamerica.com/v-2017-dodge-challenger--r-t-scat-pack--6-4l-v8-gas/cooling--drive-belts,1,NOT_STARTED,,,,,,,0,,0,0,,"{""ordinal"": 81}"
leaf-5615aae8f02bfd0f60f02dd9,challenger-rt-scat-pack-64-gas,cat-1356177bbea6ae04d38d973a,sub-e71138f83306270aff9dda50,,CATEGORY_INDEX,,,https://www.moparamerica.com/v-2017-dodge-challenger--r-t-scat-pack--6-4l-v8-gas/cooling--engine-coolant-reservoir-bottle,https://r.jina.ai/http://www.moparamerica.com/v-2017-dodge-challenger--r-t-scat-pack--6-4l-v8-gas/cooling--engine-coolant-reservoir-bottle,1,NOT_STARTED,,,,,,,0,,0,0,,"{""ordinal"": 82}"
leaf-dd29dc1ffa3cae03168f5a25,challenger-rt-scat-pack-64-gas,cat-1356177bbea6ae04d38d973a,sub-2a7a2e2b9cf49783a8e0df39,,CATEGORY_INDEX,,,https://www.moparamerica.com/v-2017-dodge-challenger--r-t-scat-pack--6-4l-v8-gas/cooling--pulleys-and-related-parts,https://r.jina.ai/http://www.moparamerica.com/v-2017-dodge-challenger--r-t-scat-pack--6-4l-v8-gas/cooling--pulleys-and-related-parts,1,NOT_STARTED,,,,,,,0,,0,0,,"{""ordinal"": 83}"
leaf-ed8a66bb0ffbd3a31bb17bf7,challenger-rt-scat-pack-64-gas,cat-1356177bbea6ae04d38d973a,sub-828b32f3cb6cbf6d8f320243,,CATEGORY_INDEX,,,https://www.moparamerica.com/v-2017-dodge-challenger--r-t-scat-pack--6-4l-v8-gas/cooling--radiator-and-related-parts-charge-air-cooler,https://r.jina.ai/http://www.moparamerica.com/v-2017-dodge-challenger--r-t-scat-pack--6-4l-v8-gas/cooling--radiator-and-related-parts-charge-air-cooler,1,NOT_STARTED,,,,,,,0,,0,0,,"{""ordinal"": 84}"
leaf-ccb0becab60731de6e585fea,challenger-rt-scat-pack-64-gas,cat-1356177bbea6ae04d38d973a,sub-095d1d68e6bf07b67e0a5fc1,,CATEGORY_INDEX,,,https://www.moparamerica.com/v-2017-dodge-challenger--r-t-scat-pack--6-4l-v8-gas/cooling--transmission-oil-cooler-and-lines,https://r.jina.ai/http://www.moparamerica.com/v-2017-dodge-challenger--r-t-scat-pack--6-4l-v8-gas/cooling--transmission-oil-cooler-and-lines,1,NOT_STARTED,,,,,,,0,,0,0,,"{""ordinal"": 85}"
leaf-dab99cbcb8678cb250a1f188,challenger-rt-scat-pack-64-gas,cat-1356177bbea6ae04d38d973a,sub-18c42c597adbdce75d868dcd,,CATEGORY_INDEX,,,https://www.moparamerica.com/v-2017-dodge-challenger--r-t-scat-pack--6-4l-v8-gas/cooling--water-pump-and-related-parts,https://r.jina.ai/http://www.moparamerica.com/v-2017-dodge-challenger--r-t-scat-pack--6-4l-v8-gas/cooling--water-pump-and-related-parts,1,NOT_STARTED,,,,,,,0,,0,0,,"{""ordinal"": 86}"
leaf-1aa5d352c22a99936663ba33,challenger-rt-scat-pack-64-gas,cat-68955024d116c1faaf2fc379,sub-7744db8ef2cb4a7760979d70,,CATEGORY_INDEX,,,https://www.moparamerica.com/v-2017-dodge-challenger--r-t-scat-pack--6-4l-v8-gas/doors-door-mirrors-and-related-parts--exterior-mirror,https://r.jina.ai/http://www.moparamerica.com/v-2017-dodge-challenger--r-t-scat-pack--6-4l-v8-gas/doors-door-mirrors-and-related-parts--exterior-mirror,1,NOT_STARTED,,,,,,,0,,0,0,,"{""ordinal"": 88}"
leaf-a6996de3ae8ec26b4ed2cd75,challenger-rt-scat-pack-64-gas,cat-68955024d116c1faaf2fc379,sub-d5d2992fa0c55ed691d196b1,,CATEGORY_INDEX,,,https://www.moparamerica.com/v-2017-dodge-challenger--r-t-scat-pack--6-4l-v8-gas/doors-door-mirrors-and-related-parts--front-door,https://r.jina.ai/http://www.moparamerica.com/v-2017-dodge-challenger--r-t-scat-pack--6-4l-v8-gas/doors-door-mirrors-and-related-parts--front-door,1,NOT_STARTED,,,,,,,0,,0,0,,"{""ordinal"": 89}"
leaf-54ad1751375eef2c9dd5facf,challenger-rt-scat-pack-64-gas,cat-68955024d116c1faaf2fc379,sub-d2ebea05cc4d8c64a46d3ced,,CATEGORY_INDEX,,,https://www.moparamerica.com/v-2017-dodge-challenger--r-t-scat-pack--6-4l-v8-gas/doors-door-mirrors-and-related-parts--weatherstrips-and-seals,https://r.jina.ai/http://www.moparamerica.com/v-2017-dodge-challenger--r-t-scat-pack--6-4l-v8-gas/doors-door-mirrors-and-related-parts--weatherstrips-and-seals,1,NOT_STARTED,,,,,,,0,,0,0,,"{""ordinal"": 90}"
leaf-e8ef1442ffa68cee67223708,challenger-rt-scat-pack-64-gas,cat-4333aa182423384ec8d7872a,sub-645b26a8674bff2af4d634d8,,CATEGORY_INDEX,,,https://www.moparamerica.com/v-2017-dodge-challenger--r-t-scat-pack--6-4l-v8-gas/electrical--battery-battery-tray-and-cables,https://r.jina.ai/http://www.moparamerica.com/v-2017-dodge-challenger--r-t-scat-pack--6-4l-v8-gas/electrical--battery-battery-tray-and-cables,1,NOT_STARTED,,,,,,,0,,0,0,,"{""ordinal"": 92}"
leaf-ae896473bbbf46455231f260,challenger-rt-scat-pack-64-gas,cat-4333aa182423384ec8d7872a,sub-83a4a52a82065d5b952a72af,,CATEGORY_INDEX,,,https://www.moparamerica.com/v-2017-dodge-challenger--r-t-scat-pack--6-4l-v8-gas/electrical--generators-alternators,https://r.jina.ai/http://www.moparamerica.com/v-2017-dodge-challenger--r-t-scat-pack--6-4l-v8-gas/electrical--generators-alternators,1,NOT_STARTED,,,,,,,0,,0,0,,"{""ordinal"": 93}"
leaf-03a364bb69ae8a44ef1566de,challenger-rt-scat-pack-64-gas,cat-4333aa182423384ec8d7872a,sub-8826ae907ac52e59fd1947cf,,CATEGORY_INDEX,,,https://www.moparamerica.com/v-2017-dodge-challenger--r-t-scat-pack--6-4l-v8-gas/electrical--horns,https://r.jina.ai/http://www.moparamerica.com/v-2017-dodge-challenger--r-t-scat-pack--6-4l-v8-gas/electrical--horns,1,NOT_STARTED,,,,,,,0,,0,0,,"{""ordinal"": 94}"
leaf-45cb37e3b7120c239f72b8ae,challenger-rt-scat-pack-64-gas,cat-4333aa182423384ec8d7872a,sub-938105a2b4c68dae4792be7b,,CATEGORY_INDEX,,,https://www.moparamerica.com/v-2017-dodge-challenger--r-t-scat-pack--6-4l-v8-gas/electrical--ignition-spark-plugs-cables-coils-and-glow-plugs,https://r.jina.ai/http://www.moparamerica.com/v-2017-dodge-challenger--r-t-scat-pack--6-4l-v8-gas/electrical--ignition-spark-plugs-cables-coils-and-glow-plugs,1,NOT_STARTED,,,,,,,0,,0,0,,"{""ordinal"": 95}"
leaf-e71e83aaeede2541b79181bd,challenger-rt-scat-pack-64-gas,cat-4333aa182423384ec8d7872a,sub-6b1eb086995894e110400d11,,CATEGORY_INDEX,,,https://www.moparamerica.com/v-2017-dodge-challenger--r-t-scat-pack--6-4l-v8-gas/electrical--instrument-panel-cluster,https://r.jina.ai/http://www.moparamerica.com/v-2017-dodge-challenger--r-t-scat-pack--6-4l-v8-gas/electrical--instrument-panel-cluster,1,NOT_STARTED,,,,,,,0,,0,0,,"{""ordinal"": 96}"
leaf-afdb67033909efbb176aec90,challenger-rt-scat-pack-64-gas,cat-4333aa182423384ec8d7872a,sub-ec2f5791a5028f3a51c38fe5,,CATEGORY_INDEX,,,https://www.moparamerica.com/v-2017-dodge-challenger--r-t-scat-pack--6-4l-v8-gas/electrical--keys-modules-and-engine-controllers,https://r.jina.ai/http://www.moparamerica.com/v-2017-dodge-challenger--r-t-scat-pack--6-4l-v8-gas/electrical--keys-modules-and-engine-controllers,1,NOT_STARTED,,,,,,,0,,0,0,,"{""ordinal"": 97}"
leaf-d7ed06117560749516f1cebf,challenger-rt-scat-pack-64-gas,cat-4333aa182423384ec8d7872a,sub-2b15be4788c02f139ee16b7e,,CATEGORY_INDEX,,,https://www.moparamerica.com/v-2017-dodge-challenger--r-t-scat-pack--6-4l-v8-gas/electrical--lamps-interior-and-exterior,https://r.jina.ai/http://www.moparamerica.com/v-2017-dodge-challenger--r-t-scat-pack--6-4l-v8-gas/electrical--lamps-interior-and-exterior,1,NOT_STARTED,,,,,,,0,,0,0,,"{""ordinal"": 98}"
leaf-158bc2a2d0479b39f66a35ad,challenger-rt-scat-pack-64-gas,cat-4333aa182423384ec8d7872a,sub-a6e267d30068c5157e179a0d,,CATEGORY_INDEX,,,https://www.moparamerica.com/v-2017-dodge-challenger--r-t-scat-pack--6-4l-v8-gas/electrical--park-assist,https://r.jina.ai/http://www.moparamerica.com/v-2017-dodge-challenger--r-t-scat-pack--6-4l-v8-gas/electrical--park-assist,1,NOT_STARTED,,,,,,,0,,0,0,,"{""ordinal"": 99}"
leaf-18f4441ce0c3e58f3e4786c7,challenger-rt-scat-pack-64-gas,cat-4333aa182423384ec8d7872a,sub-209466e6a27d6e54cea1ca4c,,CATEGORY_INDEX,,,https://www.moparamerica.com/v-2017-dodge-challenger--r-t-scat-pack--6-4l-v8-gas/electrical--power-distribution-center-fuse-block-junction-block-relays-and-fuses,https://r.jina.ai/http://www.moparamerica.com/v-2017-dodge-challenger--r-t-scat-pack--6-4l-v8-gas/electrical--power-distribution-center-fuse-block-junction-block-relays-and-fuses,1,NOT_STARTED,,,,,,,0,,0,0,,"{""ordinal"": 100}"
leaf-4e8b693db0a4fb598b9e3150,challenger-rt-scat-pack-64-gas,cat-4333aa182423384ec8d7872a,sub-8cded3b901fd4f1af5c6331c,,CATEGORY_INDEX,,,https://www.moparamerica.com/v-2017-dodge-challenger--r-t-scat-pack--6-4l-v8-gas/electrical--radio-antenna-speakers-dvd-and-video-systems,https://r.jina.ai/http://www.moparamerica.com/v-2017-dodge-challenger--r-t-scat-pack--6-4l-v8-gas/electrical--radio-antenna-speakers-dvd-and-video-systems,1,NOT_STARTED,,,,,,,0,,0,0,,"{""ordinal"": 101}"
leaf-a46e6428d63394047a9956c4,challenger-rt-scat-pack-64-gas,cat-4333aa182423384ec8d7872a,sub-2a92d6880888e15cc24091b5,,CATEGORY_INDEX,,,https://www.moparamerica.com/v-2017-dodge-challenger--r-t-scat-pack--6-4l-v8-gas/electrical--sensors,https://r.jina.ai/http://www.moparamerica.com/v-2017-dodge-challenger--r-t-scat-pack--6-4l-v8-gas/electrical--sensors,1,NOT_STARTED,,,,,,,0,,0,0,,"{""ordinal"": 102}"
leaf-c4125ab5c47aa0cbc4e6a22a,challenger-rt-scat-pack-64-gas,cat-4333aa182423384ec8d7872a,sub-034d0718ec198b0ba72c6aee,,CATEGORY_INDEX,,,https://www.moparamerica.com/v-2017-dodge-challenger--r-t-scat-pack--6-4l-v8-gas/electrical--speed-control,https://r.jina.ai/http://www.moparamerica.com/v-2017-dodge-challenger--r-t-scat-pack--6-4l-v8-gas/electrical--speed-control,1,NOT_STARTED,,,,,,,0,,0,0,,"{""ordinal"": 103}"
leaf-7cbf8fae5b1c7a620d6c64af,challenger-rt-scat-pack-64-gas,cat-4333aa182423384ec8d7872a,sub-094e301a1f8140b9563c8226,,CATEGORY_INDEX,,,https://www.moparamerica.com/v-2017-dodge-challenger--r-t-scat-pack--6-4l-v8-gas/electrical--starters,https://r.jina.ai/http://www.moparamerica.com/v-2017-dodge-challenger--r-t-scat-pack--6-4l-v8-gas/electrical--starters,1,NOT_STARTED,,,,,,,0,,0,0,,"{""ordinal"": 104}"
leaf-1c1b5b9810c92a38e8357a70,challenger-rt-scat-pack-64-gas,cat-4333aa182423384ec8d7872a,sub-ef20b4e6def947437a0c82f2,,CATEGORY_INDEX,,,https://www.moparamerica.com/v-2017-dodge-challenger--r-t-scat-pack--6-4l-v8-gas/electrical--switches,https://r.jina.ai/http://www.moparamerica.com/v-2017-dodge-challenger--r-t-scat-pack--6-4l-v8-gas/electrical--switches,1,NOT_STARTED,,,,,,,0,,0,0,,"{""ordinal"": 105}"
leaf-3bdd6669a6cbf097c40aaf63,challenger-rt-scat-pack-64-gas,cat-4333aa182423384ec8d7872a,sub-4179b2fff6232992915936e6,,CATEGORY_INDEX,,,https://www.moparamerica.com/v-2017-dodge-challenger--r-t-scat-pack--6-4l-v8-gas/electrical--wiper-and-washer-system,https://r.jina.ai/http://www.moparamerica.com/v-2017-dodge-challenger--r-t-scat-pack--6-4l-v8-gas/electrical--wiper-and-washer-system,1,NOT_STARTED,,,,,,,0,,0,0,,"{""ordinal"": 106}"
leaf-1a451835dd6a7bb08626e97e,challenger-rt-scat-pack-64-gas,cat-4333aa182423384ec8d7872a,sub-fcaca356bb3d4f9e43690b71,,CATEGORY_INDEX,,,https://www.moparamerica.com/v-2017-dodge-challenger--r-t-scat-pack--6-4l-v8-gas/electrical--wiring-body-and-accessories,https://r.jina.ai/http://www.moparamerica.com/v-2017-dodge-challenger--r-t-scat-pack--6-4l-v8-gas/electrical--wiring-body-and-accessories,1,NOT_STARTED,,,,,,,0,,0,0,,"{""ordinal"": 107}"
leaf-968b2719483f77d1bd70c259,challenger-rt-scat-pack-64-gas,cat-4333aa182423384ec8d7872a,sub-4f223259988febd6477a6f33,,CATEGORY_INDEX,,,https://www.moparamerica.com/v-2017-dodge-challenger--r-t-scat-pack--6-4l-v8-gas/electrical--wiring-headlamp-to-dash,https://r.jina.ai/http://www.moparamerica.com/v-2017-dodge-challenger--r-t-scat-pack--6-4l-v8-gas/electrical--wiring-headlamp-to-dash,1,NOT_STARTED,,,,,,,0,,0,0,,"{""ordinal"": 108}"
leaf-95560bd5c2efd486cd0fe729,challenger-rt-scat-pack-64-gas,cat-4333aa182423384ec8d7872a,sub-4d1b527277a9b45cef9d91e4,,CATEGORY_INDEX,,,https://www.moparamerica.com/v-2017-dodge-challenger--r-t-scat-pack--6-4l-v8-gas/electrical--wiring-instrument-panel,https://r.jina.ai/http://www.moparamerica.com/v-2017-dodge-challenger--r-t-scat-pack--6-4l-v8-gas/electrical--wiring-instrument-panel,1,NOT_STARTED,,,,,,,0,,0,0,,"{""ordinal"": 109}"
leaf-7944b4a0e90b6fb3786264c4,challenger-rt-scat-pack-64-gas,cat-4333aa182423384ec8d7872a,sub-dc0fb0673bc1743d6dbe796c,,CATEGORY_INDEX,,,https://www.moparamerica.com/v-2017-dodge-challenger--r-t-scat-pack--6-4l-v8-gas/electrical--wiring-powertrain,https://r.jina.ai/http://www.moparamerica.com/v-2017-dodge-challenger--r-t-scat-pack--6-4l-v8-gas/electrical--wiring-powertrain,1,NOT_STARTED,,,,,,,0,,0,0,,"{""ordinal"": 110}"
leaf-ce5317d45f0bb71292b60ada,challenger-rt-scat-pack-64-gas,cat-79129030030bd07007acc726,sub-a5d4e4c6ef267641eda51191,,CATEGORY_INDEX,,,https://www.moparamerica.com/v-2017-dodge-challenger--r-t-scat-pack--6-4l-v8-gas/emission-controls--emission-harness,https://r.jina.ai/http://www.moparamerica.com/v-2017-dodge-challenger--r-t-scat-pack--6-4l-v8-gas/emission-controls--emission-harness,1,NOT_STARTED,,,,,,,0,,0,0,,"{""ordinal"": 111}"
leaf-4c3299d328d9b3b9470a8969,challenger-rt-scat-pack-64-gas,cat-79129030030bd07007acc726,sub-76e0a70e5b1b52c9a276851a,,CATEGORY_INDEX,,,https://www.moparamerica.com/v-2017-dodge-challenger--r-t-scat-pack--6-4l-v8-gas/emission-controls--vacuum-canister-leak-detection-pump,https://r.jina.ai/http://www.moparamerica.com/v-2017-dodge-challenger--r-t-scat-pack--6-4l-v8-gas/emission-controls--vacuum-canister-leak-detection-pump,1,NOT_STARTED,,,,,,,0,,0,0,,"{""ordinal"": 112}"
leaf-323dba57f885e226c0ebab34,challenger-rt-scat-pack-64-gas,cat-1cc41906fb8957a61f9d6bb0,sub-a7e5977eab2bd402be29e5af,,CATEGORY_INDEX,,,https://www.moparamerica.com/v-2017-dodge-challenger--r-t-scat-pack--6-4l-v8-gas/exhaust--exhaust-system,https://r.jina.ai/http://www.moparamerica.com/v-2017-dodge-challenger--r-t-scat-pack--6-4l-v8-gas/exhaust--exhaust-system,1,NOT_STARTED,,,,,,,0,,0,0,,"{""ordinal"": 113}"
leaf-8f55cf074e5bbb51c84df878,challenger-rt-scat-pack-64-gas,cat-f882a481943284f26c957631,sub-8b75fd25501728f8138653d8,,CATEGORY_INDEX,,,https://www.moparamerica.com/v-2017-dodge-challenger--r-t-scat-pack--6-4l-v8-gas/exterior-ornamentation--decals-and-tape-stripes,https://r.jina.ai/http://www.moparamerica.com/v-2017-dodge-challenger--r-t-scat-pack--6-4l-v8-gas/exterior-ornamentation--decals-and-tape-stripes,1,NOT_STARTED,,,,,,,0,,0,0,,"{""ordinal"": 121}"
leaf-13a0d309d8f72b7f240b42d3,challenger-rt-scat-pack-64-gas,cat-f882a481943284f26c957631,sub-ec71096be5c7066485be678d,,CATEGORY_INDEX,,,https://www.moparamerica.com/v-2017-dodge-challenger--r-t-scat-pack--6-4l-v8-gas/exterior-ornamentation--grilles,https://r.jina.ai/http://www.moparamerica.com/v-2017-dodge-challenger--r-t-scat-pack--6-4l-v8-gas/exterior-ornamentation--grilles,1,NOT_STARTED,,,,,,,0,,0,0,,"{""ordinal"": 122}"
leaf-86cbe221b2ea283105709627,challenger-rt-scat-pack-64-gas,cat-f882a481943284f26c957631,sub-24a2d4cca404f6818d6b4f3f,,CATEGORY_INDEX,,,https://www.moparamerica.com/v-2017-dodge-challenger--r-t-scat-pack--6-4l-v8-gas/exterior-ornamentation--moldings-and-ornamentation,https://r.jina.ai/http://www.moparamerica.com/v-2017-dodge-challenger--r-t-scat-pack--6-4l-v8-gas/exterior-ornamentation--moldings-and-ornamentation,1,NOT_STARTED,,,,,,,0,,0,0,,"{""ordinal"": 123}"
leaf-b0122b6778676da77af9474c,challenger-rt-scat-pack-64-gas,cat-f882a481943284f26c957631,sub-0f3b69bde577da938ec4c01f,,CATEGORY_INDEX,,,https://www.moparamerica.com/v-2017-dodge-challenger--r-t-scat-pack--6-4l-v8-gas/exterior-ornamentation--nameplates,https://r.jina.ai/http://www.moparamerica.com/v-2017-dodge-challenger--r-t-scat-pack--6-4l-v8-gas/exterior-ornamentation--nameplates,1,NOT_STARTED,,,,,,,0,,0,0,,"{""ordinal"": 124}"
leaf-f7c1d1507b81c87a940b2ac6,challenger-rt-scat-pack-64-gas,cat-02661e01cb547a82e52f64b2,sub-ea013ed8dbf0e64b0d838e2b,,CATEGORY_INDEX,,,https://www.moparamerica.com/v-2017-dodge-challenger--r-t-scat-pack--6-4l-v8-gas/frame-bumper-and-fascia--frames,https://r.jina.ai/http://www.moparamerica.com/v-2017-dodge-challenger--r-t-scat-pack--6-4l-v8-gas/frame-bumper-and-fascia--frames,1,NOT_STARTED,,,,,,,0,,0,0,,"{""ordinal"": 125}"
leaf-0db87887585f9c5d0c477c72,challenger-rt-scat-pack-64-gas,cat-02661e01cb547a82e52f64b2,sub-aef7b38d9a51a17f11dc7319,,CATEGORY_INDEX,,,https://www.moparamerica.com/v-2017-dodge-challenger--r-t-scat-pack--6-4l-v8-gas/frame-bumper-and-fascia--front-bumper-and-fascia,https://r.jina.ai/http://www.moparamerica.com/v-2017-dodge-challenger--r-t-scat-pack--6-4l-v8-gas/frame-bumper-and-fascia--front-bumper-and-fascia,1,NOT_STARTED,,,,,,,0,,0,0,,"{""ordinal"": 126}"
leaf-8a53304c1e832a78fc05a538,challenger-rt-scat-pack-64-gas,cat-02661e01cb547a82e52f64b2,sub-69e997e2fede0d48603340d9,,CATEGORY_INDEX,,,https://www.moparamerica.com/v-2017-dodge-challenger--r-t-scat-pack--6-4l-v8-gas/frame-bumper-and-fascia--rear-bumper-and-fascia,https://r.jina.ai/http://www.moparamerica.com/v-2017-dodge-challenger--r-t-scat-pack--6-4l-v8-gas/frame-bumper-and-fascia--rear-bumper-and-fascia,1,NOT_STARTED,,,,,,,0,,0,0,,"{""ordinal"": 127}"
leaf-dc175d7681455f92c81d5eca,challenger-rt-scat-pack-64-gas,cat-7fc030a9377067d853a8c479,sub-60c3db0765d07fc63d463ac2,,CATEGORY_INDEX,,,https://www.moparamerica.com/v-2017-dodge-challenger--r-t-scat-pack--6-4l-v8-gas/front-suspension--front-stabilizer-bar,https://r.jina.ai/http://www.moparamerica.com/v-2017-dodge-challenger--r-t-scat-pack--6-4l-v8-gas/front-suspension--front-stabilizer-bar,1,NOT_STARTED,,,,,,,0,,0,0,,"{""ordinal"": 128}"
leaf-707ada1246089afa24d96b81,challenger-rt-scat-pack-64-gas,cat-7fc030a9377067d853a8c479,sub-70ad6fcea3a1c1517165fa09,,CATEGORY_INDEX,,,https://www.moparamerica.com/v-2017-dodge-challenger--r-t-scat-pack--6-4l-v8-gas/front-suspension--front-suspension-strut-and-cradle,https://r.jina.ai/http://www.moparamerica.com/v-2017-dodge-challenger--r-t-scat-pack--6-4l-v8-gas/front-suspension--front-suspension-strut-and-cradle,1,NOT_STARTED,,,,,,,0,,0,0,,"{""ordinal"": 129}"
leaf-654925c7eeeb0034dd915142,challenger-rt-scat-pack-64-gas,cat-a04c157ca4c964ac99afb517,sub-49bc4df490a78537215c8a98,,CATEGORY_INDEX,,,https://www.moparamerica.com/v-2017-dodge-challenger--r-t-scat-pack--6-4l-v8-gas/fuel--accelerator-pedal,https://r.jina.ai/http://www.moparamerica.com/v-2017-dodge-challenger--r-t-scat-pack--6-4l-v8-gas/fuel--accelerator-pedal,1,NOT_STARTED,,,,,,,0,,0,0,,"{""ordinal"": 130}"
leaf-cfca7dbb67d81993898cac93,challenger-rt-scat-pack-64-gas,cat-a04c157ca4c964ac99afb517,sub-9efeedb60ff111969bda6a66,,CATEGORY_INDEX,,,https://www.moparamerica.com/v-2017-dodge-challenger--r-t-scat-pack--6-4l-v8-gas/fuel--air-cleaner,https://r.jina.ai/http://www.moparamerica.com/v-2017-dodge-challenger--r-t-scat-pack--6-4l-v8-gas/fuel--air-cleaner,1,NOT_STARTED,,,,,,,0,,0,0,,"{""ordinal"": 131}"
leaf-ea31c4529169cedcfe269e43,challenger-rt-scat-pack-64-gas,cat-a04c157ca4c964ac99afb517,sub-4d0eb1b989ce5664072263d1,,CATEGORY_INDEX,,,https://www.moparamerica.com/v-2017-dodge-challenger--r-t-scat-pack--6-4l-v8-gas/fuel--fuel-lines,https://r.jina.ai/http://www.moparamerica.com/v-2017-dodge-challenger--r-t-scat-pack--6-4l-v8-gas/fuel--fuel-lines,1,NOT_STARTED,,,,,,,0,,0,0,,"{""ordinal"": 132}"
leaf-920bfc589e2678efdb5f2cbc,challenger-rt-scat-pack-64-gas,cat-a04c157ca4c964ac99afb517,sub-7cd43c396cabb696679c8781,,CATEGORY_INDEX,,,https://www.moparamerica.com/v-2017-dodge-challenger--r-t-scat-pack--6-4l-v8-gas/fuel--fuel-pump-and-sending-unit,https://r.jina.ai/http://www.moparamerica.com/v-2017-dodge-challenger--r-t-scat-pack--6-4l-v8-gas/fuel--fuel-pump-and-sending-unit,1,NOT_STARTED,,,,,,,0,,0,0,,"{""ordinal"": 133}"
leaf-ebda0b7281f4ca7b0b498e31,challenger-rt-scat-pack-64-gas,cat-a04c157ca4c964ac99afb517,sub-81aa8201b5f383721497d647,,CATEGORY_INDEX,,,https://www.moparamerica.com/v-2017-dodge-challenger--r-t-scat-pack--6-4l-v8-gas/fuel--fuel-rail-and-injectors,https://r.jina.ai/http://www.moparamerica.com/v-2017-dodge-challenger--r-t-scat-pack--6-4l-v8-gas/fuel--fuel-rail-and-injectors,1,NOT_STARTED,,,,,,,0,,0,0,,"{""ordinal"": 134}"
leaf-2cbacb59aa7076c0d169a0ae,challenger-rt-scat-pack-64-gas,cat-a04c157ca4c964ac99afb517,sub-c2adddcd3d72b11d7da37d6e,,CATEGORY_INDEX,,,https://www.moparamerica.com/v-2017-dodge-challenger--r-t-scat-pack--6-4l-v8-gas/fuel--fuel-tank,https://r.jina.ai/http://www.moparamerica.com/v-2017-dodge-challenger--r-t-scat-pack--6-4l-v8-gas/fuel--fuel-tank,1,NOT_STARTED,,,,,,,0,,0,0,,"{""ordinal"": 135}"
leaf-ec638a041fe5a91755e5b2b3,challenger-rt-scat-pack-64-gas,cat-a04c157ca4c964ac99afb517,sub-cce547f15d60180ab788e4e9,,CATEGORY_INDEX,,,https://www.moparamerica.com/v-2017-dodge-challenger--r-t-scat-pack--6-4l-v8-gas/fuel--fuel-tank-filler-tube,https://r.jina.ai/http://www.moparamerica.com/v-2017-dodge-challenger--r-t-scat-pack--6-4l-v8-gas/fuel--fuel-tank-filler-tube,1,NOT_STARTED,,,,,,,0,,0,0,,"{""ordinal"": 136}"
leaf-04d9057ab235d8b74bb4f9aa,challenger-rt-scat-pack-64-gas,cat-a04c157ca4c964ac99afb517,sub-a10a382d33d202390df81145,,CATEGORY_INDEX,,,https://www.moparamerica.com/v-2017-dodge-challenger--r-t-scat-pack--6-4l-v8-gas/fuel--throttle-body,https://r.jina.ai/http://www.moparamerica.com/v-2017-dodge-challenger--r-t-scat-pack--6-4l-v8-gas/fuel--throttle-body,1,NOT_STARTED,,,,,,,0,,0,0,,"{""ordinal"": 137}"
leaf-8020f22855ff1d0a53ac467f,challenger-rt-scat-pack-64-gas,cat-10e1628167b174773ff8fd73,sub-3dde6a4a0f5673b6f55ffb8f,,CATEGORY_INDEX,,,https://www.moparamerica.com/v-2017-dodge-challenger--r-t-scat-pack--6-4l-v8-gas/glass--glass-and-interior-rear-view-mirror,https://r.jina.ai/http://www.moparamerica.com/v-2017-dodge-challenger--r-t-scat-pack--6-4l-v8-gas/glass--glass-and-interior-rear-view-mirror,1,NOT_STARTED,,,,,,,0,,0,0,,"{""ordinal"": 138}"
leaf-0d16be12b2b9a234f79f5a87,challenger-rt-scat-pack-64-gas,cat-905baaf2aa1f5ccb3f9480e9,sub-4ac1c3606ba099ec10379d53,,CATEGORY_INDEX,,,https://www.moparamerica.com/v-2017-dodge-challenger--r-t-scat-pack--6-4l-v8-gas/interior-trim--carpets-floor-mats-load-floor-and-silencers,https://r.jina.ai/http://www.moparamerica.com/v-2017-dodge-challenger--r-t-scat-pack--6-4l-v8-gas/interior-trim--carpets-floor-mats-load-floor-and-silencers,1,NOT_STARTED,,,,,,,0,,0,0,,"{""ordinal"": 143}"
leaf-04ea18cd8af53847ba519513,challenger-rt-scat-pack-64-gas,cat-905baaf2aa1f5ccb3f9480e9,sub-2c846fc24a46b4197b0d7e07,,CATEGORY_INDEX,,,https://www.moparamerica.com/v-2017-dodge-challenger--r-t-scat-pack--6-4l-v8-gas/interior-trim--consoles,https://r.jina.ai/http://www.moparamerica.com/v-2017-dodge-challenger--r-t-scat-pack--6-4l-v8-gas/interior-trim--consoles,1,NOT_STARTED,,,,,,,0,,0,0,,"{""ordinal"": 144}"
leaf-75ce57de23622226089d688a,challenger-rt-scat-pack-64-gas,cat-905baaf2aa1f5ccb3f9480e9,sub-3a8da5316f2c528d86561c94,,CATEGORY_INDEX,,,https://www.moparamerica.com/v-2017-dodge-challenger--r-t-scat-pack--6-4l-v8-gas/interior-trim--door-trim-panels-front-and-rear,https://r.jina.ai/http://www.moparamerica.com/v-2017-dodge-challenger--r-t-scat-pack--6-4l-v8-gas/interior-trim--door-trim-panels-front-and-rear,1,NOT_STARTED,,,,,,,0,,0,0,,"{""ordinal"": 145}"
leaf-98f5b7b6080366ac36b2d4d9,challenger-rt-scat-pack-64-gas,cat-905baaf2aa1f5ccb3f9480e9,sub-4ae5380bf8be831949ed9f3d,,CATEGORY_INDEX,,,https://www.moparamerica.com/v-2017-dodge-challenger--r-t-scat-pack--6-4l-v8-gas/interior-trim--front-seats-adjusters-recliners-shields-and-risers,https://r.jina.ai/http://www.moparamerica.com/v-2017-dodge-challenger--r-t-scat-pack--6-4l-v8-gas/interior-trim--front-seats-adjusters-recliners-shields-and-risers,1,NOT_STARTED,,,,,,,0,,0,0,,"{""ordinal"": 146}"
leaf-ebbde7703786b14bf6b6b475,challenger-rt-scat-pack-64-gas,cat-905baaf2aa1f5ccb3f9480e9,sub-155ac781e148e3b2a81155f4,,CATEGORY_INDEX,,,https://www.moparamerica.com/v-2017-dodge-challenger--r-t-scat-pack--6-4l-v8-gas/interior-trim--front-seats-first-row,https://r.jina.ai/http://www.moparamerica.com/v-2017-dodge-challenger--r-t-scat-pack--6-4l-v8-gas/interior-trim--front-seats-first-row,1,NOT_STARTED,,,,,,,0,,0,0,,"{""ordinal"": 147}"
leaf-644ea6b28d33105969e920f9,challenger-rt-scat-pack-64-gas,cat-905baaf2aa1f5ccb3f9480e9,sub-6a49e4eff7252df2486f4555,,CATEGORY_INDEX,,,https://www.moparamerica.com/v-2017-dodge-challenger--r-t-scat-pack--6-4l-v8-gas/interior-trim--headliners-visors-assist-straps,https://r.jina.ai/http://www.moparamerica.com/v-2017-dodge-challenger--r-t-scat-pack--6-4l-v8-gas/interior-trim--headliners-visors-assist-straps,1,NOT_STARTED,,,,,,,0,,0,0,,"{""ordinal"": 148}"
leaf-59c6ff71c4c517d5aad10a43,challenger-rt-scat-pack-64-gas,cat-905baaf2aa1f5ccb3f9480e9,sub-41af06f4de983dc6f4a29fa8,,CATEGORY_INDEX,,,https://www.moparamerica.com/v-2017-dodge-challenger--r-t-scat-pack--6-4l-v8-gas/interior-trim--instrument-panel,https://r.jina.ai/http://www.moparamerica.com/v-2017-dodge-challenger--r-t-scat-pack--6-4l-v8-gas/interior-trim--instrument-panel,1,NOT_STARTED,,,,,,,0,,0,0,,"{""ordinal"": 149}"
leaf-ab07b6b95ea759f6adef46df,challenger-rt-scat-pack-64-gas,cat-905baaf2aa1f5ccb3f9480e9,sub-8bfbe6e267f59505589de057,,CATEGORY_INDEX,,,https://www.moparamerica.com/v-2017-dodge-challenger--r-t-scat-pack--6-4l-v8-gas/interior-trim--panels-moldings-scuff-plates-pillar-cowl-1-4-panel-trim-and-cargo-covers,https://r.jina.ai/http://www.moparamerica.com/v-2017-dodge-challenger--r-t-scat-pack--6-4l-v8-gas/interior-trim--panels-moldings-scuff-plates-pillar-cowl-1-4-panel-trim-and-cargo-covers,1,NOT_STARTED,,,,,,,0,,0,0,,"{""ordinal"": 150}"
leaf-7a3a37f915842186a7452c11,challenger-rt-scat-pack-64-gas,cat-905baaf2aa1f5ccb3f9480e9,sub-e3510d27a7700e339f240a3c,,CATEGORY_INDEX,,,https://www.moparamerica.com/v-2017-dodge-challenger--r-t-scat-pack--6-4l-v8-gas/interior-trim--rear-seats-second-row,https://r.jina.ai/http://www.moparamerica.com/v-2017-dodge-challenger--r-t-scat-pack--6-4l-v8-gas/interior-trim--rear-seats-second-row,1,NOT_STARTED,,,,,,,0,,0,0,,"{""ordinal"": 151}"
leaf-09777bf7e5aaf0ef21784d0a,challenger-rt-scat-pack-64-gas,cat-905baaf2aa1f5ccb3f9480e9,sub-273144cad77ede71a0022966,,CATEGORY_INDEX,,,https://www.moparamerica.com/v-2017-dodge-challenger--r-t-scat-pack--6-4l-v8-gas/interior-trim--rear-seats-second-row-adjusters-recliners-shields-and-risers,https://r.jina.ai/http://www.moparamerica.com/v-2017-dodge-challenger--r-t-scat-pack--6-4l-v8-gas/interior-trim--rear-seats-second-row-adjusters-recliners-shields-and-risers,1,NOT_STARTED,,,,,,,0,,0,0,,"{""ordinal"": 152}"
leaf-ea92db951afc2d0f11de9c59,challenger-rt-scat-pack-64-gas,cat-e2f41ef7ba82d27b880fb9af,sub-1e2d6741c53393ef076c471a,,CATEGORY_INDEX,,,https://www.moparamerica.com/v-2017-dodge-challenger--r-t-scat-pack--6-4l-v8-gas/labels--under-hood,https://r.jina.ai/http://www.moparamerica.com/v-2017-dodge-challenger--r-t-scat-pack--6-4l-v8-gas/labels--under-hood,1,NOT_STARTED,,,,,,,0,,0,0,,"{""ordinal"": 153}"
leaf-7f5fcb2278de4f7167b4f29e,challenger-rt-scat-pack-64-gas,cat-b72ceec8a3891aa0f49e920f,sub-a18e9f5716cf777e5e9d14b6,,CATEGORY_INDEX,,,https://www.moparamerica.com/v-2017-dodge-challenger--r-t-scat-pack--6-4l-v8-gas/mopar-accessories-component-parts--driving-convenience,https://r.jina.ai/http://www.moparamerica.com/v-2017-dodge-challenger--r-t-scat-pack--6-4l-v8-gas/mopar-accessories-component-parts--driving-convenience,1,NOT_STARTED,,,,,,,0,,0,0,,"{""ordinal"": 158}"
leaf-89b3715ef039da10d93acdb3,challenger-rt-scat-pack-64-gas,cat-b72ceec8a3891aa0f49e920f,sub-280f768f75cb329509b546bd,,CATEGORY_INDEX,,,https://www.moparamerica.com/v-2017-dodge-challenger--r-t-scat-pack--6-4l-v8-gas/mopar-accessories-component-parts--exterior-appearance,https://r.jina.ai/http://www.moparamerica.com/v-2017-dodge-challenger--r-t-scat-pack--6-4l-v8-gas/mopar-accessories-component-parts--exterior-appearance,1,NOT_STARTED,,,,,,,0,,0,0,,"{""ordinal"": 159}"
leaf-c07353f9467e8c01fd9de490,challenger-rt-scat-pack-64-gas,cat-b72ceec8a3891aa0f49e920f,sub-f27894da198d3dfcc8e05bca,,CATEGORY_INDEX,,,https://www.moparamerica.com/v-2017-dodge-challenger--r-t-scat-pack--6-4l-v8-gas/mopar-accessories-component-parts--fog-lights-and-electrical,https://r.jina.ai/http://www.moparamerica.com/v-2017-dodge-challenger--r-t-scat-pack--6-4l-v8-gas/mopar-accessories-component-parts--fog-lights-and-electrical,1,NOT_STARTED,,,,,,,0,,0,0,,"{""ordinal"": 160}"
leaf-ad772a8fffe9601f8ca36aac,challenger-rt-scat-pack-64-gas,cat-b72ceec8a3891aa0f49e920f,sub-e7940da867c7e62365e003c8,,CATEGORY_INDEX,,,https://www.moparamerica.com/v-2017-dodge-challenger--r-t-scat-pack--6-4l-v8-gas/mopar-accessories-component-parts--interior-protection,https://r.jina.ai/http://www.moparamerica.com/v-2017-dodge-challenger--r-t-scat-pack--6-4l-v8-gas/mopar-accessories-component-parts--interior-protection,1,NOT_STARTED,,,,,,,0,,0,0,,"{""ordinal"": 161}"
leaf-81a61cd4a06e710ff3ffa628,challenger-rt-scat-pack-64-gas,cat-b72ceec8a3891aa0f49e920f,sub-2c237284424331facbf4f410,,CATEGORY_INDEX,,,https://www.moparamerica.com/v-2017-dodge-challenger--r-t-scat-pack--6-4l-v8-gas/mopar-accessories-component-parts--lighting-and-electrical-accessories,https://r.jina.ai/http://www.moparamerica.com/v-2017-dodge-challenger--r-t-scat-pack--6-4l-v8-gas/mopar-accessories-component-parts--lighting-and-electrical-accessories,1,NOT_STARTED,,,,,,,0,,0,0,,"{""ordinal"": 162}"
leaf-e0ae4f01bc41dcc302e7f970,challenger-rt-scat-pack-64-gas,cat-b72ceec8a3891aa0f49e920f,sub-ddfc78833ff796328b43338b,,CATEGORY_INDEX,,,https://www.moparamerica.com/v-2017-dodge-challenger--r-t-scat-pack--6-4l-v8-gas/mopar-accessories-component-parts--powertrain,https://r.jina.ai/http://www.moparamerica.com/v-2017-dodge-challenger--r-t-scat-pack--6-4l-v8-gas/mopar-accessories-component-parts--powertrain,1,NOT_STARTED,,,,,,,0,,0,0,,"{""ordinal"": 163}"
leaf-db6a8fe8e8c849df16e1a162,challenger-rt-scat-pack-64-gas,cat-fdfdf5ea27d956d793329b53,sub-2855429a2e1631b0b089bbef,,CATEGORY_INDEX,,,https://www.moparamerica.com/v-2017-dodge-challenger--r-t-scat-pack--6-4l-v8-gas/rear-suspension--rear-stabilizer,https://r.jina.ai/http://www.moparamerica.com/v-2017-dodge-challenger--r-t-scat-pack--6-4l-v8-gas/rear-suspension--rear-stabilizer,1,NOT_STARTED,,,,,,,0,,0,0,,"{""ordinal"": 164}"
leaf-6f69db12bbba7ab7cd7fafae,challenger-rt-scat-pack-64-gas,cat-fdfdf5ea27d956d793329b53,sub-d14ebff9230abcdca84a8a4b,,CATEGORY_INDEX,,,https://www.moparamerica.com/v-2017-dodge-challenger--r-t-scat-pack--6-4l-v8-gas/rear-suspension--rear-suspension-and-cradle,https://r.jina.ai/http://www.moparamerica.com/v-2017-dodge-challenger--r-t-scat-pack--6-4l-v8-gas/rear-suspension--rear-suspension-and-cradle,1,NOT_STARTED,,,,,,,0,,0,0,,"{""ordinal"": 165}"
leaf-fbaccf60305198142713fe2e,challenger-rt-scat-pack-64-gas,cat-b0662250d070d6d671269b42,sub-893cf48a3caeea5d064ee9de,,CATEGORY_INDEX,,,https://www.moparamerica.com/v-2017-dodge-challenger--r-t-scat-pack--6-4l-v8-gas/rear-wheel-drive-differential-and-drive-line--drive-shaft,https://r.jina.ai/http://www.moparamerica.com/v-2017-dodge-challenger--r-t-scat-pack--6-4l-v8-gas/rear-wheel-drive-differential-and-drive-line--drive-shaft,1,NOT_STARTED,,,,,,,0,,0,0,,"{""ordinal"": 166}"
leaf-2e4e2d8d37facd624f33a048,challenger-rt-scat-pack-64-gas,cat-b0662250d070d6d671269b42,sub-8adf76e0fa04b0cd6fded184,,CATEGORY_INDEX,,,https://www.moparamerica.com/v-2017-dodge-challenger--r-t-scat-pack--6-4l-v8-gas/rear-wheel-drive-differential-and-drive-line--rear-axle-assembly,https://r.jina.ai/http://www.moparamerica.com/v-2017-dodge-challenger--r-t-scat-pack--6-4l-v8-gas/rear-wheel-drive-differential-and-drive-line--rear-axle-assembly,1,NOT_STARTED,,,,,,,0,,0,0,,"{""ordinal"": 167}"
leaf-1ba2f1b6cea414c67789f7df,challenger-rt-scat-pack-64-gas,cat-b0662250d070d6d671269b42,sub-c07293993b74f2e20333341a,,CATEGORY_INDEX,,,https://www.moparamerica.com/v-2017-dodge-challenger--r-t-scat-pack--6-4l-v8-gas/rear-wheel-drive-differential-and-drive-line--rear-axle-housing-differential-and-vent,https://r.jina.ai/http://www.moparamerica.com/v-2017-dodge-challenger--r-t-scat-pack--6-4l-v8-gas/rear-wheel-drive-differential-and-drive-line--rear-axle-housing-differential-and-vent,1,NOT_STARTED,,,,,,,0,,0,0,,"{""ordinal"": 169}"
leaf-d05b21d99c5454f0332f4258,challenger-rt-scat-pack-64-gas,cat-b0662250d070d6d671269b42,sub-aadc74f27c7094e36ea99af5,,CATEGORY_INDEX,,,https://www.moparamerica.com/v-2017-dodge-challenger--r-t-scat-pack--6-4l-v8-gas/rear-wheel-drive-differential-and-drive-line--rear-axle-shafts,https://r.jina.ai/http://www.moparamerica.com/v-2017-dodge-challenger--r-t-scat-pack--6-4l-v8-gas/rear-wheel-drive-differential-and-drive-line--rear-axle-shafts,1,NOT_STARTED,,,,,,,0,,0,0,,"{""ordinal"": 168}"
leaf-bba647ba58dd3973ccc6cbb8,challenger-rt-scat-pack-64-gas,cat-e641ab2015c13ccac4fface1,sub-aecf0e931b38936478a7f3ba,,CATEGORY_INDEX,,,https://www.moparamerica.com/v-2017-dodge-challenger--r-t-scat-pack--6-4l-v8-gas/restraints--air-bags,https://r.jina.ai/http://www.moparamerica.com/v-2017-dodge-challenger--r-t-scat-pack--6-4l-v8-gas/restraints--air-bags,1,NOT_STARTED,,,,,,,0,,0,0,,"{""ordinal"": 170}"
leaf-c26d24a1d479c511df847898,challenger-rt-scat-pack-64-gas,cat-e641ab2015c13ccac4fface1,sub-cc8edb195cbcc7043f213814,,CATEGORY_INDEX,,,https://www.moparamerica.com/v-2017-dodge-challenger--r-t-scat-pack--6-4l-v8-gas/restraints--seat-belts,https://r.jina.ai/http://www.moparamerica.com/v-2017-dodge-challenger--r-t-scat-pack--6-4l-v8-gas/restraints--seat-belts,1,NOT_STARTED,,,,,,,0,,0,0,,"{""ordinal"": 171}"
leaf-fc54b9bce9c73619d0ec10aa,challenger-rt-scat-pack-64-gas,cat-1c0ea5a278f91074d8307b6a,sub-af3ca88520036e4f6963b0df,,CATEGORY_INDEX,,,https://www.moparamerica.com/v-2017-dodge-challenger--r-t-scat-pack--6-4l-v8-gas/steering--power-steering-hoses,https://r.jina.ai/http://www.moparamerica.com/v-2017-dodge-challenger--r-t-scat-pack--6-4l-v8-gas/steering--power-steering-hoses,1,NOT_STARTED,,,,,,,0,,0,0,,"{""ordinal"": 172}"
leaf-0a97a99ae08facdb64d83f0c,challenger-rt-scat-pack-64-gas,cat-1c0ea5a278f91074d8307b6a,sub-96b3547267fe5a70184930b2,,CATEGORY_INDEX,,,https://www.moparamerica.com/v-2017-dodge-challenger--r-t-scat-pack--6-4l-v8-gas/steering--steering-column-and-intermediate-shaft,https://r.jina.ai/http://www.moparamerica.com/v-2017-dodge-challenger--r-t-scat-pack--6-4l-v8-gas/steering--steering-column-and-intermediate-shaft,1,NOT_STARTED,,,,,,,0,,0,0,,"{""ordinal"": 173}"
leaf-8e9554f2f3abde51499d7cb9,challenger-rt-scat-pack-64-gas,cat-1c0ea5a278f91074d8307b6a,sub-03499dfc1d33afc1a38e43a4,,CATEGORY_INDEX,,,https://www.moparamerica.com/v-2017-dodge-challenger--r-t-scat-pack--6-4l-v8-gas/steering--steering-gear,https://r.jina.ai/http://www.moparamerica.com/v-2017-dodge-challenger--r-t-scat-pack--6-4l-v8-gas/steering--steering-gear,1,NOT_STARTED,,,,,,,0,,0,0,,"{""ordinal"": 174}"
leaf-4a4bad36bc0ebd00d708e827,challenger-rt-scat-pack-64-gas,cat-1c0ea5a278f91074d8307b6a,sub-e0b676baddceed0daf10d020,,CATEGORY_INDEX,,,https://www.moparamerica.com/v-2017-dodge-challenger--r-t-scat-pack--6-4l-v8-gas/steering--steering-wheel,https://r.jina.ai/http://www.moparamerica.com/v-2017-dodge-challenger--r-t-scat-pack--6-4l-v8-gas/steering--steering-wheel,1,NOT_STARTED,,,,,,,0,,0,0,,"{""ordinal"": 175}"
leaf-b93975cccab13966f7e319fa,challenger-rt-scat-pack-64-gas,cat-af14150a24f1e9bfe7db94a3,sub-3d2ffa539e18252675e6f741,,CATEGORY_INDEX,,,https://www.moparamerica.com/v-2017-dodge-challenger--r-t-scat-pack--6-4l-v8-gas/tr6060-6-speed-manual-transmission--case-and-extension,https://r.jina.ai/http://www.moparamerica.com/v-2017-dodge-challenger--r-t-scat-pack--6-4l-v8-gas/tr6060-6-speed-manual-transmission--case-and-extension,1,NOT_STARTED,,,,,,,0,,0,0,,"{""ordinal"": 176}"
leaf-cdbb043c2e8b7d9b7231d715,challenger-rt-scat-pack-64-gas,cat-af14150a24f1e9bfe7db94a3,sub-c477472f39e77fb514aa7d32,,CATEGORY_INDEX,,,https://www.moparamerica.com/v-2017-dodge-challenger--r-t-scat-pack--6-4l-v8-gas/tr6060-6-speed-manual-transmission--fork-and-rails,https://r.jina.ai/http://www.moparamerica.com/v-2017-dodge-challenger--r-t-scat-pack--6-4l-v8-gas/tr6060-6-speed-manual-transmission--fork-and-rails,1,NOT_STARTED,,,,,,,0,,0,0,,"{""ordinal"": 177}"
leaf-1c4ec8cff49496c5a8100fe0,challenger-rt-scat-pack-64-gas,cat-af14150a24f1e9bfe7db94a3,sub-d85a58da4aad52701ef6fce7,,CATEGORY_INDEX,,,https://www.moparamerica.com/v-2017-dodge-challenger--r-t-scat-pack--6-4l-v8-gas/tr6060-6-speed-manual-transmission--gear-train,https://r.jina.ai/http://www.moparamerica.com/v-2017-dodge-challenger--r-t-scat-pack--6-4l-v8-gas/tr6060-6-speed-manual-transmission--gear-train,1,NOT_STARTED,,,,,,,0,,0,0,,"{""ordinal"": 178}"
leaf-0034072902d0af38c38a4ed9,challenger-rt-scat-pack-64-gas,cat-af14150a24f1e9bfe7db94a3,sub-8364b629d8f3b0e54c3e148e,,CATEGORY_INDEX,,,https://www.moparamerica.com/v-2017-dodge-challenger--r-t-scat-pack--6-4l-v8-gas/tr6060-6-speed-manual-transmission--gearshift-controls-and-related-parts,https://r.jina.ai/http://www.moparamerica.com/v-2017-dodge-challenger--r-t-scat-pack--6-4l-v8-gas/tr6060-6-speed-manual-transmission--gearshift-controls-and-related-parts,1,NOT_STARTED,,,,,,,0,,0,0,,"{""ordinal"": 179}"
leaf-5a6a2665832a484a91d9d811,challenger-rt-scat-pack-64-gas,cat-af14150a24f1e9bfe7db94a3,sub-e63e9c9f0ba9612fa59f8454,,CATEGORY_INDEX,,,https://www.moparamerica.com/v-2017-dodge-challenger--r-t-scat-pack--6-4l-v8-gas/tr6060-6-speed-manual-transmission--manual-transmission-transaxle,https://r.jina.ai/http://www.moparamerica.com/v-2017-dodge-challenger--r-t-scat-pack--6-4l-v8-gas/tr6060-6-speed-manual-transmission--manual-transmission-transaxle,1,NOT_STARTED,,,,,,,0,,0,0,,"{""ordinal"": 180}"
leaf-f88fdb202e23afaf8cee8c63,challenger-rt-scat-pack-64-gas,cat-af14150a24f1e9bfe7db94a3,sub-25a07619b439d7211c570357,,CATEGORY_INDEX,,,https://www.moparamerica.com/v-2017-dodge-challenger--r-t-scat-pack--6-4l-v8-gas/tr6060-6-speed-manual-transmission--mounting-and-skid-plate,https://r.jina.ai/http://www.moparamerica.com/v-2017-dodge-challenger--r-t-scat-pack--6-4l-v8-gas/tr6060-6-speed-manual-transmission--mounting-and-skid-plate,1,NOT_STARTED,,,,,,,0,,0,0,,"{""ordinal"": 181}"
leaf-bae1d3a1aa1d91d4b0d1da78,challenger-rt-scat-pack-64-gas,cat-bcce3422eee343e7ca810174,sub-e466c4ef5ccc0af81ad13308,,CATEGORY_INDEX,,,https://www.moparamerica.com/v-2017-dodge-challenger--r-t-scat-pack--6-4l-v8-gas/wheels--emergency-kit,https://r.jina.ai/http://www.moparamerica.com/v-2017-dodge-challenger--r-t-scat-pack--6-4l-v8-gas/wheels--emergency-kit,1,NOT_STARTED,,,,,,,0,,0,0,,"{""ordinal"": 184}"
leaf-1cd1346ab5c2785e3df6b2c2,challenger-rt-scat-pack-64-gas,cat-bcce3422eee343e7ca810174,sub-ebf7ab1dae73c3d65aec724a,,CATEGORY_INDEX,,,https://www.moparamerica.com/v-2017-dodge-challenger--r-t-scat-pack--6-4l-v8-gas/wheels--jack-stowage,https://r.jina.ai/http://www.moparamerica.com/v-2017-dodge-challenger--r-t-scat-pack--6-4l-v8-gas/wheels--jack-stowage,1,NOT_STARTED,,,,,,,0,,0,0,,"{""ordinal"": 185}"
leaf-84efffa7e8bfc63185874c2d,challenger-rt-scat-pack-64-gas,cat-bcce3422eee343e7ca810174,sub-c8f69c89622deae1517d9465,,CATEGORY_INDEX,,,https://www.moparamerica.com/v-2017-dodge-challenger--r-t-scat-pack--6-4l-v8-gas/wheels--tire-monitoring-system,https://r.jina.ai/http://www.moparamerica.com/v-2017-dodge-challenger--r-t-scat-pack--6-4l-v8-gas/wheels--tire-monitoring-system,1,NOT_STARTED,,,,,,,0,,0,0,,"{""ordinal"": 186}"
leaf-48821f839cd76b617f623413,challenger-rt-scat-pack-64-gas,cat-bcce3422eee343e7ca810174,sub-bfa9ff16b141bf13a3df112a,,CATEGORY_INDEX,,,https://www.moparamerica.com/v-2017-dodge-challenger--r-t-scat-pack--6-4l-v8-gas/wheels--wheel-covers-and-center-caps,https://r.jina.ai/http://www.moparamerica.com/v-2017-dodge-challenger--r-t-scat-pack--6-4l-v8-gas/wheels--wheel-covers-and-center-caps,1,NOT_STARTED,,,,,,,0,,0,0,,"{""ordinal"": 187}"
leaf-af8b7208ca5760a67d4179c6,challenger-rt-scat-pack-64-gas,cat-bcce3422eee343e7ca810174,sub-0ffe3eebffe9400c03017bea,,CATEGORY_INDEX,,,https://www.moparamerica.com/v-2017-dodge-challenger--r-t-scat-pack--6-4l-v8-gas/wheels--wheel-spare,https://r.jina.ai/http://www.moparamerica.com/v-2017-dodge-challenger--r-t-scat-pack--6-4l-v8-gas/wheels--wheel-spare,1,NOT_STARTED,,,,,,,0,,0,0,,"{""ordinal"": 188}"
leaf-c9c50be462c92dfc917fc69c,challenger-rt-scat-pack-64-gas,cat-bcce3422eee343e7ca810174,sub-1bdeec14acd79fbed9fa09f6,,CATEGORY_INDEX,,,https://www.moparamerica.com/v-2017-dodge-challenger--r-t-scat-pack--6-4l-v8-gas/wheels--wheels-tires-and-hardware,https://r.jina.ai/http://www.moparamerica.com/v-2017-dodge-challenger--r-t-scat-pack--6-4l-v8-gas/wheels--wheels-tires-and-hardware,1,NOT_STARTED,,,,,,,0,,0,0,,"{""ordinal"": 189}"
leaf-a793c796a3439d0e63fa64b5,challenger-sxt-36-gas,cat-42f23deff16a54475f516327,sub-1d2a799550a5789f41c9d15c,,CATEGORY_INDEX,,,https://www.moparamerica.com/v-2017-dodge-challenger--sxt--3-6l-v6-gas/3-6l-gas-engine--camshaft-and-valve,https://r.jina.ai/http://www.moparamerica.com/v-2017-dodge-challenger--sxt--3-6l-v6-gas/3-6l-gas-engine--camshaft-and-valve,1,NOT_STARTED,,,,,,,0,,0,0,,"{""ordinal"": 3}"
leaf-9e0e89c9efe4675f2eb0371a,challenger-sxt-36-gas,cat-42f23deff16a54475f516327,sub-a901bbf226a01c01f645ea28,,CATEGORY_INDEX,,,https://www.moparamerica.com/v-2017-dodge-challenger--sxt--3-6l-v6-gas/3-6l-gas-engine--crankcase-ventilation,https://r.jina.ai/http://www.moparamerica.com/v-2017-dodge-challenger--sxt--3-6l-v6-gas/3-6l-gas-engine--crankcase-ventilation,1,NOT_STARTED,,,,,,,0,,0,0,,"{""ordinal"": 4}"
leaf-25fac5467a04bbd66b3cf95e,challenger-sxt-36-gas,cat-42f23deff16a54475f516327,sub-af7d897538863f94973471c1,,CATEGORY_INDEX,,,https://www.moparamerica.com/v-2017-dodge-challenger--sxt--3-6l-v6-gas/3-6l-gas-engine--crankshaft-piston-drive-plate-flywheel-and-damper,https://r.jina.ai/http://www.moparamerica.com/v-2017-dodge-challenger--sxt--3-6l-v6-gas/3-6l-gas-engine--crankshaft-piston-drive-plate-flywheel-and-damper,1,NOT_STARTED,,,,,,,0,,0,0,,"{""ordinal"": 5}"
leaf-01a5453559974fcb0c1d151c,challenger-sxt-36-gas,cat-42f23deff16a54475f516327,sub-72d389b39509d049fb28946a,,CATEGORY_INDEX,,,https://www.moparamerica.com/v-2017-dodge-challenger--sxt--3-6l-v6-gas/3-6l-gas-engine--cylinder-block,https://r.jina.ai/http://www.moparamerica.com/v-2017-dodge-challenger--sxt--3-6l-v6-gas/3-6l-gas-engine--cylinder-block,1,NOT_STARTED,,,,,,,0,,0,0,,"{""ordinal"": 6}"
leaf-85f1339cbd4fc0d5bab56f46,challenger-sxt-36-gas,cat-42f23deff16a54475f516327,sub-6958ef22476f6b398e54cae3,,CATEGORY_INDEX,,,https://www.moparamerica.com/v-2017-dodge-challenger--sxt--3-6l-v6-gas/3-6l-gas-engine--cylinder-head,https://r.jina.ai/http://www.moparamerica.com/v-2017-dodge-challenger--sxt--3-6l-v6-gas/3-6l-gas-engine--cylinder-head,1,NOT_STARTED,,,,,,,0,,0,0,,"{""ordinal"": 7}"
leaf-e8ca476552690fc13bd0d7c5,challenger-sxt-36-gas,cat-42f23deff16a54475f516327,sub-13c049bbed840f2f24479818,,CATEGORY_INDEX,,,https://www.moparamerica.com/v-2017-dodge-challenger--sxt--3-6l-v6-gas/3-6l-gas-engine--engine-identification-service-engines-and-engine-service-kits,https://r.jina.ai/http://www.moparamerica.com/v-2017-dodge-challenger--sxt--3-6l-v6-gas/3-6l-gas-engine--engine-identification-service-engines-and-engine-service-kits,1,NOT_STARTED,,,,,,,0,,0,0,,"{""ordinal"": 8}"
leaf-853ee078ac52517e50145cfe,challenger-sxt-36-gas,cat-42f23deff16a54475f516327,sub-9286248781ebf7f932ab5312,,CATEGORY_INDEX,,,https://www.moparamerica.com/v-2017-dodge-challenger--sxt--3-6l-v6-gas/3-6l-gas-engine--engine-mounting,https://r.jina.ai/http://www.moparamerica.com/v-2017-dodge-challenger--sxt--3-6l-v6-gas/3-6l-gas-engine--engine-mounting,1,NOT_STARTED,,,,,,,0,,0,0,,"{""ordinal"": 9}"
leaf-279c4265bea11093f67825e9,challenger-sxt-36-gas,cat-42f23deff16a54475f516327,sub-e85f65d664d88a40dab73e0a,,CATEGORY_INDEX,,,https://www.moparamerica.com/v-2017-dodge-challenger--sxt--3-6l-v6-gas/3-6l-gas-engine--engine-oiling-oil-pan-and-indicator-dipstick,https://r.jina.ai/http://www.moparamerica.com/v-2017-dodge-challenger--sxt--3-6l-v6-gas/3-6l-gas-engine--engine-oiling-oil-pan-and-indicator-dipstick,1,NOT_STARTED,,,,,,,0,,0,0,,"{""ordinal"": 10}"
leaf-8481ffa57397d4fa16080d62,challenger-sxt-36-gas,cat-42f23deff16a54475f516327,sub-33d27efb4653ec1ba7ee3c81,,CATEGORY_INDEX,,,https://www.moparamerica.com/v-2017-dodge-challenger--sxt--3-6l-v6-gas/3-6l-gas-engine--manifolds-and-vacuum-fittings,https://r.jina.ai/http://www.moparamerica.com/v-2017-dodge-challenger--sxt--3-6l-v6-gas/3-6l-gas-engine--manifolds-and-vacuum-fittings,1,NOT_STARTED,,,,,,,0,,0,0,,"{""ordinal"": 11}"
leaf-87b80b569eab0092ca6b666a,challenger-sxt-36-gas,cat-42f23deff16a54475f516327,sub-4b3942f6caee2547e04bff7a,,CATEGORY_INDEX,,,https://www.moparamerica.com/v-2017-dodge-challenger--sxt--3-6l-v6-gas/3-6l-gas-engine--timing-belt-chain-and-cover-and-balance-shaft,https://r.jina.ai/http://www.moparamerica.com/v-2017-dodge-challenger--sxt--3-6l-v6-gas/3-6l-gas-engine--timing-belt-chain-and-cover-and-balance-shaft,1,NOT_STARTED,,,,,,,0,,0,0,,"{""ordinal"": 12}"
leaf-132a5a093446ff2036c7154a,challenger-sxt-36-gas,cat-c5b38c05baaae532daa14ff4,sub-366934539dc9d2ac7cded085,,CATEGORY_INDEX,,,https://www.moparamerica.com/v-2017-dodge-challenger--sxt--3-6l-v6-gas/5-7l-gas-engine--camshaft-and-valve,https://r.jina.ai/http://www.moparamerica.com/v-2017-dodge-challenger--sxt--3-6l-v6-gas/5-7l-gas-engine--camshaft-and-valve,1,NOT_STARTED,,,,,,,0,,0,0,,"{""ordinal"": 13}"
leaf-ae75dcaf033a99a51001a413,challenger-sxt-36-gas,cat-c5b38c05baaae532daa14ff4,sub-5adc30ff4b149a1b4af0e2cf,,CATEGORY_INDEX,,,https://www.moparamerica.com/v-2017-dodge-challenger--sxt--3-6l-v6-gas/5-7l-gas-engine--cylinder-block,https://r.jina.ai/http://www.moparamerica.com/v-2017-dodge-challenger--sxt--3-6l-v6-gas/5-7l-gas-engine--cylinder-block,1,NOT_STARTED,,,,,,,0,,0,0,,"{""ordinal"": 14}"
leaf-664a66ee44c0fb7c1620ee4b,challenger-sxt-36-gas,cat-c5b38c05baaae532daa14ff4,sub-332f2b4ebb34845f20e6b65f,,CATEGORY_INDEX,,,https://www.moparamerica.com/v-2017-dodge-challenger--sxt--3-6l-v6-gas/5-7l-gas-engine--engine-mounting,https://r.jina.ai/http://www.moparamerica.com/v-2017-dodge-challenger--sxt--3-6l-v6-gas/5-7l-gas-engine--engine-mounting,1,NOT_STARTED,,,,,,,0,,0,0,,"{""ordinal"": 15}"
leaf-d7cd166564772cad974c9dd2,challenger-sxt-36-gas,cat-c5b38c05baaae532daa14ff4,sub-e1b5cb541e2832e9479fed14,,CATEGORY_INDEX,,,https://www.moparamerica.com/v-2017-dodge-challenger--sxt--3-6l-v6-gas/5-7l-gas-engine--engine-oiling-oil-pan-and-indicator-dipstick,https://r.jina.ai/http://www.moparamerica.com/v-2017-dodge-challenger--sxt--3-6l-v6-gas/5-7l-gas-engine--engine-oiling-oil-pan-and-indicator-dipstick,1,NOT_STARTED,,,,,,,0,,0,0,,"{""ordinal"": 16}"
leaf-10d84fd22308104fee135562,challenger-sxt-36-gas,cat-34371e32c417d17cde95d6cf,sub-a59021b4e59a40afdaf8734f,,CATEGORY_INDEX,,,https://www.moparamerica.com/v-2017-dodge-challenger--sxt--3-6l-v6-gas/5-7lgas-engine--camshaft-and-valve,https://r.jina.ai/http://www.moparamerica.com/v-2017-dodge-challenger--sxt--3-6l-v6-gas/5-7lgas-engine--camshaft-and-valve,1,NOT_STARTED,,,,,,,0,,0,0,,"{""ordinal"": 17}"
leaf-5eb32834411d007d161558d9,challenger-sxt-36-gas,cat-34371e32c417d17cde95d6cf,sub-a83d6cc91ce61b10b1f878ae,,CATEGORY_INDEX,,,https://www.moparamerica.com/v-2017-dodge-challenger--sxt--3-6l-v6-gas/5-7lgas-engine--engine-mounting,https://r.jina.ai/http://www.moparamerica.com/v-2017-dodge-challenger--sxt--3-6l-v6-gas/5-7lgas-engine--engine-mounting,1,NOT_STARTED,,,,,,,0,,0,0,,"{""ordinal"": 18}"
leaf-c19debb5798ea3aefc081602,challenger-sxt-36-gas,cat-34371e32c417d17cde95d6cf,sub-af5abe1902285d6412f4d7c4,,CATEGORY_INDEX,,,https://www.moparamerica.com/v-2017-dodge-challenger--sxt--3-6l-v6-gas/5-7lgas-engine--engine-oiling-oil-pan-and-indicator-dipstick,https://r.jina.ai/http://www.moparamerica.com/v-2017-dodge-challenger--sxt--3-6l-v6-gas/5-7lgas-engine--engine-oiling-oil-pan-and-indicator-dipstick,1,NOT_STARTED,,,,,,,0,,0,0,,"{""ordinal"": 19}"
leaf-71e9474e16b4e8dc343cbfa4,challenger-sxt-36-gas,cat-29e878dff22aab5fd3634df0,sub-8ba0fbf665b266834ccbd240,,CATEGORY_INDEX,,,https://www.moparamerica.com/v-2017-dodge-challenger--sxt--3-6l-v6-gas/6-2l-gas-engine--camshaft-and-valve,https://r.jina.ai/http://www.moparamerica.com/v-2017-dodge-challenger--sxt--3-6l-v6-gas/6-2l-gas-engine--camshaft-and-valve,1,NOT_STARTED,,,,,,,0,,0,0,,"{""ordinal"": 20}"
leaf-7c150640a4c9eff1096fc286,challenger-sxt-36-gas,cat-29e878dff22aab5fd3634df0,sub-ab45e44fb866044ede44547e,,CATEGORY_INDEX,,,https://www.moparamerica.com/v-2017-dodge-challenger--sxt--3-6l-v6-gas/6-2l-gas-engine--engine-mounting,https://r.jina.ai/http://www.moparamerica.com/v-2017-dodge-challenger--sxt--3-6l-v6-gas/6-2l-gas-engine--engine-mounting,1,NOT_STARTED,,,,,,,0,,0,0,,"{""ordinal"": 21}"
leaf-ec37f31a92f2cc95a7e7ecdb,challenger-sxt-36-gas,cat-29e878dff22aab5fd3634df0,sub-773ca25705365e98d660d23f,,CATEGORY_INDEX,,,https://www.moparamerica.com/v-2017-dodge-challenger--sxt--3-6l-v6-gas/6-2l-gas-engine--engine-oil-cooler,https://r.jina.ai/http://www.moparamerica.com/v-2017-dodge-challenger--sxt--3-6l-v6-gas/6-2l-gas-engine--engine-oil-cooler,1,NOT_STARTED,,,,,,,0,,0,0,,"{""ordinal"": 22}"
leaf-966739d0ca8cafa19ba65995,challenger-sxt-36-gas,cat-29e878dff22aab5fd3634df0,sub-bfc8a5b4c16daa3b7d77cf05,,CATEGORY_INDEX,,,https://www.moparamerica.com/v-2017-dodge-challenger--sxt--3-6l-v6-gas/6-2l-gas-engine--engine-oiling-oil-pan-and-indicator-dipstick,https://r.jina.ai/http://www.moparamerica.com/v-2017-dodge-challenger--sxt--3-6l-v6-gas/6-2l-gas-engine--engine-oiling-oil-pan-and-indicator-dipstick,1,NOT_STARTED,,,,,,,0,,0,0,,"{""ordinal"": 23}"
leaf-3d66239e854297fdd6c9c499,challenger-sxt-36-gas,cat-424f7785f76a5a176afc690e,sub-03c66fc41630ef1a18f883f4,,CATEGORY_INDEX,,,https://www.moparamerica.com/v-2017-dodge-challenger--sxt--3-6l-v6-gas/6-4l-gas-engine--camshaft-and-valve,https://r.jina.ai/http://www.moparamerica.com/v-2017-dodge-challenger--sxt--3-6l-v6-gas/6-4l-gas-engine--camshaft-and-valve,1,NOT_STARTED,,,,,,,0,,0,0,,"{""ordinal"": 24}"
leaf-30f197fd09f529c99095bfc7,challenger-sxt-36-gas,cat-424f7785f76a5a176afc690e,sub-25d2d226b6a30274ab7138eb,,CATEGORY_INDEX,,,https://www.moparamerica.com/v-2017-dodge-challenger--sxt--3-6l-v6-gas/6-4l-gas-engine--engine-mounting,https://r.jina.ai/http://www.moparamerica.com/v-2017-dodge-challenger--sxt--3-6l-v6-gas/6-4l-gas-engine--engine-mounting,1,NOT_STARTED,,,,,,,0,,0,0,,"{""ordinal"": 25}"
leaf-a6f819f8ad27a01daa61eacd,challenger-sxt-36-gas,cat-424f7785f76a5a176afc690e,sub-0381b1175b57d1540d3bccd7,,CATEGORY_INDEX,,,https://www.moparamerica.com/v-2017-dodge-challenger--sxt--3-6l-v6-gas/6-4l-gas-engine--engine-oiling-oil-pan-and-indicator-dipstick,https://r.jina.ai/http://www.moparamerica.com/v-2017-dodge-challenger--sxt--3-6l-v6-gas/6-4l-gas-engine--engine-oiling-oil-pan-and-indicator-dipstick,1,NOT_STARTED,,,,,,,0,,0,0,,"{""ordinal"": 26}"
leaf-de8b65bc3b4361141e66c0da,challenger-sxt-36-gas,cat-b2723f7da1c97c1d8f856161,sub-0b47af5207dfd32898208230,,CATEGORY_INDEX,,,https://www.moparamerica.com/v-2017-dodge-challenger--sxt--3-6l-v6-gas/845re-8-speed-automatic-transmission--automatic-transmission-transaxle-and-torque-converter,https://r.jina.ai/http://www.moparamerica.com/v-2017-dodge-challenger--sxt--3-6l-v6-gas/845re-8-speed-automatic-transmission--automatic-transmission-transaxle-and-torque-converter,1,NOT_STARTED,,,,,,,0,,0,0,,"{""ordinal"": 27}"
leaf-451f655d82eb4210286c7307,challenger-sxt-36-gas,cat-b2723f7da1c97c1d8f856161,sub-5a1015140e663169476729f4,,CATEGORY_INDEX,,,https://www.moparamerica.com/v-2017-dodge-challenger--sxt--3-6l-v6-gas/845re-8-speed-automatic-transmission--case-extension-oil-pan-and-indicator-dipstick,https://r.jina.ai/http://www.moparamerica.com/v-2017-dodge-challenger--sxt--3-6l-v6-gas/845re-8-speed-automatic-transmission--case-extension-oil-pan-and-indicator-dipstick,1,NOT_STARTED,,,,,,,0,,0,0,,"{""ordinal"": 28}"
leaf-5d8a10ed8c410da5963bc60c,challenger-sxt-36-gas,cat-b2723f7da1c97c1d8f856161,sub-aab262c9814babb46d6f479e,,CATEGORY_INDEX,,,https://www.moparamerica.com/v-2017-dodge-challenger--sxt--3-6l-v6-gas/845re-8-speed-automatic-transmission--gearshift-controls-and-related-parts,https://r.jina.ai/http://www.moparamerica.com/v-2017-dodge-challenger--sxt--3-6l-v6-gas/845re-8-speed-automatic-transmission--gearshift-controls-and-related-parts,1,NOT_STARTED,,,,,,,0,,0,0,,"{""ordinal"": 29}"
leaf-5336fbdf134a6b01c15eaea5,challenger-sxt-36-gas,cat-b2723f7da1c97c1d8f856161,sub-0b62a6f17eb1c4b53abedeca,,CATEGORY_INDEX,,,https://www.moparamerica.com/v-2017-dodge-challenger--sxt--3-6l-v6-gas/845re-8-speed-automatic-transmission--mounting-and-skid-plate,https://r.jina.ai/http://www.moparamerica.com/v-2017-dodge-challenger--sxt--3-6l-v6-gas/845re-8-speed-automatic-transmission--mounting-and-skid-plate,1,NOT_STARTED,,,,,,,0,,0,0,,"{""ordinal"": 30}"
leaf-9d3511195bb9766a4f2bfb05,challenger-sxt-36-gas,cat-b2723f7da1c97c1d8f856161,sub-4d7b1260e22ed5afe7296f8b,,CATEGORY_INDEX,,,https://www.moparamerica.com/v-2017-dodge-challenger--sxt--3-6l-v6-gas/845re-8-speed-automatic-transmission--oil-pump,https://r.jina.ai/http://www.moparamerica.com/v-2017-dodge-challenger--sxt--3-6l-v6-gas/845re-8-speed-automatic-transmission--oil-pump,1,NOT_STARTED,,,,,,,0,,0,0,,"{""ordinal"": 31}"
leaf-89a89ab42495e1174de5b758,challenger-sxt-36-gas,cat-b2723f7da1c97c1d8f856161,sub-a4620ba69f844b5b4261e532,,CATEGORY_INDEX,,,https://www.moparamerica.com/v-2017-dodge-challenger--sxt--3-6l-v6-gas/845re-8-speed-automatic-transmission--valve-body-accumulator-solenoid-and-parking-sprag,https://r.jina.ai/http://www.moparamerica.com/v-2017-dodge-challenger--sxt--3-6l-v6-gas/845re-8-speed-automatic-transmission--valve-body-accumulator-solenoid-and-parking-sprag,1,NOT_STARTED,,,,,,,0,,0,0,,"{""ordinal"": 32}"
leaf-d90184c13df5047b98d44c0a,challenger-sxt-36-gas,cat-cb68fe7d8de1612c57345be1,sub-2e26fdd1addb2b4b37f44a8f,,CATEGORY_INDEX,,,https://www.moparamerica.com/v-2017-dodge-challenger--sxt--3-6l-v6-gas/8hp70-8-speed-automatic-transmission--automatic-transmission-transaxle-and-torque-converter,https://r.jina.ai/http://www.moparamerica.com/v-2017-dodge-challenger--sxt--3-6l-v6-gas/8hp70-8-speed-automatic-transmission--automatic-transmission-transaxle-and-torque-converter,1,NOT_STARTED,,,,,,,0,,0,0,,"{""ordinal"": 33}"
leaf-09abfebdd54cf805b23d8292,challenger-sxt-36-gas,cat-cb68fe7d8de1612c57345be1,sub-e514cf4431e09a3a67a928a6,,CATEGORY_INDEX,,,https://www.moparamerica.com/v-2017-dodge-challenger--sxt--3-6l-v6-gas/8hp70-8-speed-automatic-transmission--gearshift-controls-and-related-parts,https://r.jina.ai/http://www.moparamerica.com/v-2017-dodge-challenger--sxt--3-6l-v6-gas/8hp70-8-speed-automatic-transmission--gearshift-controls-and-related-parts,1,NOT_STARTED,,,,,,,0,,0,0,,"{""ordinal"": 34}"
leaf-f93b434c28d13e8cbd818f50,challenger-sxt-36-gas,cat-cb68fe7d8de1612c57345be1,sub-009c51c0e6ca2a6a9fc869d1,,CATEGORY_INDEX,,,https://www.moparamerica.com/v-2017-dodge-challenger--sxt--3-6l-v6-gas/8hp70-8-speed-automatic-transmission--mounting-and-skid-plate,https://r.jina.ai/http://www.moparamerica.com/v-2017-dodge-challenger--sxt--3-6l-v6-gas/8hp70-8-speed-automatic-transmission--mounting-and-skid-plate,1,NOT_STARTED,,,,,,,0,,0,0,,"{""ordinal"": 35}"
leaf-355bd78ea290825b81e79f63,challenger-sxt-36-gas,cat-617983615f0b41e61a72b1ac,sub-bdc1cf4506f52a3c3024bd86,,CATEGORY_INDEX,,,https://www.moparamerica.com/v-2017-dodge-challenger--sxt--3-6l-v6-gas/8hp90-8-speed-automatic-transmission--automatic-transmission-transaxle-and-torque-converter,https://r.jina.ai/http://www.moparamerica.com/v-2017-dodge-challenger--sxt--3-6l-v6-gas/8hp90-8-speed-automatic-transmission--automatic-transmission-transaxle-and-torque-converter,1,NOT_STARTED,,,,,,,0,,0,0,,"{""ordinal"": 36}"
leaf-f01ca874198ad5b2a42aca82,challenger-sxt-36-gas,cat-617983615f0b41e61a72b1ac,sub-9fb4760610c93829bdcc2969,,CATEGORY_INDEX,,,https://www.moparamerica.com/v-2017-dodge-challenger--sxt--3-6l-v6-gas/8hp90-8-speed-automatic-transmission--gearshift-controls-and-related-parts,https://r.jina.ai/http://www.moparamerica.com/v-2017-dodge-challenger--sxt--3-6l-v6-gas/8hp90-8-speed-automatic-transmission--gearshift-controls-and-related-parts,1,NOT_STARTED,,,,,,,0,,0,0,,"{""ordinal"": 37}"
leaf-b9b7456713c4269f01cbd67e,challenger-sxt-36-gas,cat-617983615f0b41e61a72b1ac,sub-ad57d14fd27c635f5b6bd2fd,,CATEGORY_INDEX,,,https://www.moparamerica.com/v-2017-dodge-challenger--sxt--3-6l-v6-gas/8hp90-8-speed-automatic-transmission--mounting-and-skid-plate,https://r.jina.ai/http://www.moparamerica.com/v-2017-dodge-challenger--sxt--3-6l-v6-gas/8hp90-8-speed-automatic-transmission--mounting-and-skid-plate,1,NOT_STARTED,,,,,,,0,,0,0,,"{""ordinal"": 38}"
leaf-4fb00a9ff5c7b205f4ba1db3,challenger-sxt-36-gas,cat-023d17c39341255dd4b99a44,,,CATEGORY_INDEX,,,https://www.moparamerica.com/v-2017-dodge-challenger--sxt--3-6l-v6-gas/accessories,https://r.jina.ai/http://www.moparamerica.com/v-2017-dodge-challenger--sxt--3-6l-v6-gas/accessories,1,NOT_STARTED,,,,,,,0,,0,0,,"{""ordinal"": 2}"
leaf-da6f2de4f176e7eb099a69ac,challenger-sxt-36-gas,cat-de2d1d65b49c9e15f512173b,sub-4fbfe2d6720f07f197b82094,,CATEGORY_INDEX,,,https://www.moparamerica.com/v-2017-dodge-challenger--sxt--3-6l-v6-gas/accessories-audio-video-and-electronics-accessories--remote-start,https://r.jina.ai/http://www.moparamerica.com/v-2017-dodge-challenger--sxt--3-6l-v6-gas/accessories-audio-video-and-electronics-accessories--remote-start,1,NOT_STARTED,,,,,,,0,,0,0,,"{""ordinal"": 49}"
leaf-eca5838ec16c9b261d14473f,challenger-sxt-36-gas,cat-de2d1d65b49c9e15f512173b,sub-b19f06f502b0082c25dcc347,,CATEGORY_INDEX,,,https://www.moparamerica.com/v-2017-dodge-challenger--sxt--3-6l-v6-gas/accessories-audio-video-and-electronics-accessories--security,https://r.jina.ai/http://www.moparamerica.com/v-2017-dodge-challenger--sxt--3-6l-v6-gas/accessories-audio-video-and-electronics-accessories--security,1,NOT_STARTED,,,,,,,0,,0,0,,"{""ordinal"": 50}"
leaf-c4d46d657508f39f39ed1cc1,challenger-sxt-36-gas,cat-664fbd6d15418e2e7f786295,sub-0829eca52b306ab3a49bb45f,,CATEGORY_INDEX,,,https://www.moparamerica.com/v-2017-dodge-challenger--sxt--3-6l-v6-gas/accessories-crate-engines--engines,https://r.jina.ai/http://www.moparamerica.com/v-2017-dodge-challenger--sxt--3-6l-v6-gas/accessories-crate-engines--engines,1,NOT_STARTED,,,,,,,0,,0,0,,"{""ordinal"": 78}"
leaf-73139bf61bad5a0e0b13de3d,challenger-sxt-36-gas,cat-bb6db40d6900c6f30a62f3f2,sub-0bae4741a36a110978e58dd4,,CATEGORY_INDEX,,,https://www.moparamerica.com/v-2017-dodge-challenger--sxt--3-6l-v6-gas/accessories-drag-pak--race-kits,https://r.jina.ai/http://www.moparamerica.com/v-2017-dodge-challenger--sxt--3-6l-v6-gas/accessories-drag-pak--race-kits,1,NOT_STARTED,,,,,,,0,,0,0,,"{""ordinal"": 82}"
leaf-b7295a1984e855cb6a0121e6,challenger-sxt-36-gas,cat-c9008fb1308430701410b8b7,sub-24eae9d6f39b80064fd67177,,CATEGORY_INDEX,,,https://www.moparamerica.com/v-2017-dodge-challenger--sxt--3-6l-v6-gas/accessories-exterior-accessories--exterior-appearance,https://r.jina.ai/http://www.moparamerica.com/v-2017-dodge-challenger--sxt--3-6l-v6-gas/accessories-exterior-accessories--exterior-appearance,1,NOT_STARTED,,,,,,,0,,0,0,,"{""ordinal"": 105}"
leaf-ff875c0f6395e04ed5e6d5f3,challenger-sxt-36-gas,cat-c9008fb1308430701410b8b7,sub-90e13c314e980c7a1f81f9f7,,CATEGORY_INDEX,,,https://www.moparamerica.com/v-2017-dodge-challenger--sxt--3-6l-v6-gas/accessories-exterior-accessories--license-plate,https://r.jina.ai/http://www.moparamerica.com/v-2017-dodge-challenger--sxt--3-6l-v6-gas/accessories-exterior-accessories--license-plate,1,NOT_STARTED,,,,,,,0,,0,0,,"{""ordinal"": 106}"
leaf-cf70c4116ca80518b8196ea0,challenger-sxt-36-gas,cat-c9008fb1308430701410b8b7,sub-43c8bcaeaecde9c7658f171e,,CATEGORY_INDEX,,,https://www.moparamerica.com/v-2017-dodge-challenger--sxt--3-6l-v6-gas/accessories-exterior-accessories--locks,https://r.jina.ai/http://www.moparamerica.com/v-2017-dodge-challenger--sxt--3-6l-v6-gas/accessories-exterior-accessories--locks,1,NOT_STARTED,,,,,,,0,,0,0,,"{""ordinal"": 107}"
leaf-397c07d26337c7cf8cba7a82,challenger-sxt-36-gas,cat-c9008fb1308430701410b8b7,sub-0c4fcdc456d5c284e3e4bf40,,CATEGORY_INDEX,,,https://www.moparamerica.com/v-2017-dodge-challenger--sxt--3-6l-v6-gas/accessories-exterior-accessories--protective-guards,https://r.jina.ai/http://www.moparamerica.com/v-2017-dodge-challenger--sxt--3-6l-v6-gas/accessories-exterior-accessories--protective-guards,1,NOT_STARTED,,,,,,,0,,0,0,,"{""ordinal"": 108}"
leaf-7ed0565e7c37f90039ea2191,challenger-sxt-36-gas,cat-c9008fb1308430701410b8b7,sub-898fe6df51a5415ebff59487,,CATEGORY_INDEX,,,https://www.moparamerica.com/v-2017-dodge-challenger--sxt--3-6l-v6-gas/accessories-exterior-accessories--splash-guards,https://r.jina.ai/http://www.moparamerica.com/v-2017-dodge-challenger--sxt--3-6l-v6-gas/accessories-exterior-accessories--splash-guards,1,NOT_STARTED,,,,,,,0,,0,0,,"{""ordinal"": 109}"
leaf-a35d5aa964fb065db04ab130,challenger-sxt-36-gas,cat-c9008fb1308430701410b8b7,sub-0950f777c5f32d892c553986,,CATEGORY_INDEX,,,https://www.moparamerica.com/v-2017-dodge-challenger--sxt--3-6l-v6-gas/accessories-exterior-accessories--wheels,https://r.jina.ai/http://www.moparamerica.com/v-2017-dodge-challenger--sxt--3-6l-v6-gas/accessories-exterior-accessories--wheels,1,NOT_STARTED,,,,,,,0,,0,0,,"{""ordinal"": 110}"
leaf-bddd32d8013d02b5a2874b34,challenger-sxt-36-gas,cat-a840c20bc7600a4785b590d3,sub-e3755902b386b169095ef8ea,,CATEGORY_INDEX,,,https://www.moparamerica.com/v-2017-dodge-challenger--sxt--3-6l-v6-gas/accessories-interior-accessories--air-purification,https://r.jina.ai/http://www.moparamerica.com/v-2017-dodge-challenger--sxt--3-6l-v6-gas/accessories-interior-accessories--air-purification,1,NOT_STARTED,,,,,,,0,,0,0,,"{""ordinal"": 129}"
leaf-3bc912fc7545423372f6adb8,challenger-sxt-36-gas,cat-a840c20bc7600a4785b590d3,sub-b27537d712dadbebcf597818,,CATEGORY_INDEX,,,https://www.moparamerica.com/v-2017-dodge-challenger--sxt--3-6l-v6-gas/accessories-interior-accessories--cargo-trays-and-mats,https://r.jina.ai/http://www.moparamerica.com/v-2017-dodge-challenger--sxt--3-6l-v6-gas/accessories-interior-accessories--cargo-trays-and-mats,1,NOT_STARTED,,,,,,,0,,0,0,,"{""ordinal"": 130}"
leaf-0144667103a1f92a1c76f0a4,challenger-sxt-36-gas,cat-a840c20bc7600a4785b590d3,sub-8952039ff49855984e7fe729,,CATEGORY_INDEX,,,https://www.moparamerica.com/v-2017-dodge-challenger--sxt--3-6l-v6-gas/accessories-interior-accessories--floor-mats,https://r.jina.ai/http://www.moparamerica.com/v-2017-dodge-challenger--sxt--3-6l-v6-gas/accessories-interior-accessories--floor-mats,1,NOT_STARTED,,,,,,,0,,0,0,,"{""ordinal"": 131}"
leaf-a1635efdd861e63007054be9,challenger-sxt-36-gas,cat-a840c20bc7600a4785b590d3,sub-632cfab95f48570139ac2d35,,CATEGORY_INDEX,,,https://www.moparamerica.com/v-2017-dodge-challenger--sxt--3-6l-v6-gas/accessories-interior-accessories--interior-appearance,https://r.jina.ai/http://www.moparamerica.com/v-2017-dodge-challenger--sxt--3-6l-v6-gas/accessories-interior-accessories--interior-appearance,1,NOT_STARTED,,,,,,,0,,0,0,,"{""ordinal"": 132}"
leaf-0b1cbc4d5f15093d183cc8dc,challenger-sxt-36-gas,cat-594ef82cb0db46434a8fb455,sub-98a61528b176f0a1f6dd6455,,CATEGORY_INDEX,,,https://www.moparamerica.com/v-2017-dodge-challenger--sxt--3-6l-v6-gas/accessories-lifestyle-and-off-road-accessories--safety-kits,https://r.jina.ai/http://www.moparamerica.com/v-2017-dodge-challenger--sxt--3-6l-v6-gas/accessories-lifestyle-and-off-road-accessories--safety-kits,1,NOT_STARTED,,,,,,,0,,0,0,,"{""ordinal"": 144}"
leaf-5b288ae2d1a93e6ab971df3c,challenger-sxt-36-gas,cat-22176099176e01ab4144dcf0,sub-3035d19eff3c0f8ba8c9bcea,,CATEGORY_INDEX,,,https://www.moparamerica.com/v-2017-dodge-challenger--sxt--3-6l-v6-gas/accessories-lighting-and-electrical-accessories--charging-unit,https://r.jina.ai/http://www.moparamerica.com/v-2017-dodge-challenger--sxt--3-6l-v6-gas/accessories-lighting-and-electrical-accessories--charging-unit,1,NOT_STARTED,,,,,,,0,,0,0,,"{""ordinal"": 145}"
leaf-1dcb07b00a3abe5556931c02,challenger-sxt-36-gas,cat-22176099176e01ab4144dcf0,sub-5577221ce3571045a5aca07e,,CATEGORY_INDEX,,,https://www.moparamerica.com/v-2017-dodge-challenger--sxt--3-6l-v6-gas/accessories-lighting-and-electrical-accessories--lights,https://r.jina.ai/http://www.moparamerica.com/v-2017-dodge-challenger--sxt--3-6l-v6-gas/accessories-lighting-and-electrical-accessories--lights,1,NOT_STARTED,,,,,,,0,,0,0,,"{""ordinal"": 146}"
leaf-822d09da505cc7f82b6990ab,challenger-sxt-36-gas,cat-edee4854d1aef273686a3902,sub-51a04a4dc554cf88ea41f63f,,CATEGORY_INDEX,,,https://www.moparamerica.com/v-2017-dodge-challenger--sxt--3-6l-v6-gas/accessories-modern-performance--engine-parts,https://r.jina.ai/http://www.moparamerica.com/v-2017-dodge-challenger--sxt--3-6l-v6-gas/accessories-modern-performance--engine-parts,1,NOT_STARTED,,,,,,,0,,0,0,,"{""ordinal"": 147}"
leaf-e592bd595f3000dff2f7c39d,challenger-sxt-36-gas,cat-edee4854d1aef273686a3902,sub-6b5a60e707a105b71316aed4,,CATEGORY_INDEX,,,https://www.moparamerica.com/v-2017-dodge-challenger--sxt--3-6l-v6-gas/accessories-modern-performance--intake-and-air,https://r.jina.ai/http://www.moparamerica.com/v-2017-dodge-challenger--sxt--3-6l-v6-gas/accessories-modern-performance--intake-and-air,1,NOT_STARTED,,,,,,,0,,0,0,,"{""ordinal"": 148}"
leaf-5ba02dd1b027e90166ff6d95,challenger-sxt-36-gas,cat-edee4854d1aef273686a3902,sub-6f7372b3d6e1c58b88f5f999,,CATEGORY_INDEX,,,https://www.moparamerica.com/v-2017-dodge-challenger--sxt--3-6l-v6-gas/accessories-modern-performance--suspension,https://r.jina.ai/http://www.moparamerica.com/v-2017-dodge-challenger--sxt--3-6l-v6-gas/accessories-modern-performance--suspension,1,NOT_STARTED,,,,,,,0,,0,0,,"{""ordinal"": 149}"
leaf-4f368aa221a0832dcaec9ab0,challenger-sxt-36-gas,cat-6c951bd118a8e5a9a68a584a,sub-093cf20fb0329d97cf8a5c96,,CATEGORY_INDEX,,,https://www.moparamerica.com/v-2017-dodge-challenger--sxt--3-6l-v6-gas/accessories-performance--brakes,https://r.jina.ai/http://www.moparamerica.com/v-2017-dodge-challenger--sxt--3-6l-v6-gas/accessories-performance--brakes,1,NOT_STARTED,,,,,,,0,,0,0,,"{""ordinal"": 156}"
leaf-98de20ced5140539c340b4f6,challenger-sxt-36-gas,cat-9d0a246ec76f39a761f0a7db,sub-61e428aa993e072a664f5783,,CATEGORY_INDEX,,,https://www.moparamerica.com/v-2017-dodge-challenger--sxt--3-6l-v6-gas/accessories-vehicle-care-products--mopar,https://r.jina.ai/http://www.moparamerica.com/v-2017-dodge-challenger--sxt--3-6l-v6-gas/accessories-vehicle-care-products--mopar,1,NOT_STARTED,,,,,,,0,,0,0,,"{""ordinal"": 172}"
leaf-454104b200058025dad78b5c,challenger-sxt-36-gas,cat-9d0a246ec76f39a761f0a7db,sub-bfd5bbbc0a593a5236d565d6,,CATEGORY_INDEX,,,https://www.moparamerica.com/v-2017-dodge-challenger--sxt--3-6l-v6-gas/accessories-vehicle-care-products--touch-up-paint,https://r.jina.ai/http://www.moparamerica.com/v-2017-dodge-challenger--sxt--3-6l-v6-gas/accessories-vehicle-care-products--touch-up-paint,1,NOT_STARTED,,,,,,,0,,0,0,,"{""ordinal"": 173}"
leaf-0809b3fd68bf047b0e3d5e45,challenger-sxt-36-gas,cat-1fdcac26d406e3c24412c8b9,sub-f5564fdb4640234729b249f8,,CATEGORY_INDEX,,,https://www.moparamerica.com/v-2017-dodge-challenger--sxt--3-6l-v6-gas/air-conditioners-and-heaters--air-conditioner-and-heater-controls,https://r.jina.ai/http://www.moparamerica.com/v-2017-dodge-challenger--sxt--3-6l-v6-gas/air-conditioners-and-heaters--air-conditioner-and-heater-controls,1,NOT_STARTED,,,,,,,0,,0,0,,"{""ordinal"": 39}"
leaf-a4bf2b349ba60ceb26f74166,challenger-sxt-36-gas,cat-1fdcac26d406e3c24412c8b9,sub-16023e69eb0aecb5bdd1a1bd,,CATEGORY_INDEX,,,https://www.moparamerica.com/v-2017-dodge-challenger--sxt--3-6l-v6-gas/air-conditioners-and-heaters--air-conditioner-and-heater-plumbing,https://r.jina.ai/http://www.moparamerica.com/v-2017-dodge-challenger--sxt--3-6l-v6-gas/air-conditioners-and-heaters--air-conditioner-and-heater-plumbing,1,NOT_STARTED,,,,,,,0,,0,0,,"{""ordinal"": 40}"
leaf-fb748c3bfa99a6ed9ae373aa,challenger-sxt-36-gas,cat-1fdcac26d406e3c24412c8b9,sub-17f2deb37337100907b4ea84,,CATEGORY_INDEX,,,https://www.moparamerica.com/v-2017-dodge-challenger--sxt--3-6l-v6-gas/air-conditioners-and-heaters--air-conditioner-and-heater-units,https://r.jina.ai/http://www.moparamerica.com/v-2017-dodge-challenger--sxt--3-6l-v6-gas/air-conditioners-and-heaters--air-conditioner-and-heater-units,1,NOT_STARTED,,,,,,,0,,0,0,,"{""ordinal"": 41}"
leaf-adc7a523a7adf1595f8c4c70,challenger-sxt-36-gas,cat-1fdcac26d406e3c24412c8b9,sub-9e2f07f263fa340ebcb41905,,CATEGORY_INDEX,,,https://www.moparamerica.com/v-2017-dodge-challenger--sxt--3-6l-v6-gas/air-conditioners-and-heaters--air-conditioner-compressor-and-mounting,https://r.jina.ai/http://www.moparamerica.com/v-2017-dodge-challenger--sxt--3-6l-v6-gas/air-conditioners-and-heaters--air-conditioner-compressor-and-mounting,1,NOT_STARTED,,,,,,,0,,0,0,,"{""ordinal"": 42}"
leaf-c0b9635ea8a74dfc4bd613ce,challenger-sxt-36-gas,cat-1fdcac26d406e3c24412c8b9,sub-4059e73b0421884b77431bf0,,CATEGORY_INDEX,,,https://www.moparamerica.com/v-2017-dodge-challenger--sxt--3-6l-v6-gas/air-conditioners-and-heaters--air-ducts,https://r.jina.ai/http://www.moparamerica.com/v-2017-dodge-challenger--sxt--3-6l-v6-gas/air-conditioners-and-heaters--air-ducts,1,NOT_STARTED,,,,,,,0,,0,0,,"{""ordinal"": 43}"
leaf-cd62e61dda09f9501d0cca06,challenger-sxt-36-gas,cat-17dea6e5b38e1bb70b2674fb,sub-11143e1dfc87283034f4cc36,,CATEGORY_INDEX,,,https://www.moparamerica.com/v-2017-dodge-challenger--sxt--3-6l-v6-gas/all-wheel-drive-differential-and-drive-line--drive-shaft,https://r.jina.ai/http://www.moparamerica.com/v-2017-dodge-challenger--sxt--3-6l-v6-gas/all-wheel-drive-differential-and-drive-line--drive-shaft,1,NOT_STARTED,,,,,,,0,,0,0,,"{""ordinal"": 44}"
leaf-556c9ff37c523beff6480d4f,challenger-sxt-36-gas,cat-17dea6e5b38e1bb70b2674fb,sub-b2d3bbdcf51a1201a4bed3af,,CATEGORY_INDEX,,,https://www.moparamerica.com/v-2017-dodge-challenger--sxt--3-6l-v6-gas/all-wheel-drive-differential-and-drive-line--front-axle-assembly,https://r.jina.ai/http://www.moparamerica.com/v-2017-dodge-challenger--sxt--3-6l-v6-gas/all-wheel-drive-differential-and-drive-line--front-axle-assembly,1,NOT_STARTED,,,,,,,0,,0,0,,"{""ordinal"": 45}"
leaf-7deb789ea4fde96f48926687,challenger-sxt-36-gas,cat-17dea6e5b38e1bb70b2674fb,sub-b5acdd9acec5ef04e6e1ea32,,CATEGORY_INDEX,,,https://www.moparamerica.com/v-2017-dodge-challenger--sxt--3-6l-v6-gas/all-wheel-drive-differential-and-drive-line--rear-axle-assembly,https://r.jina.ai/http://www.moparamerica.com/v-2017-dodge-challenger--sxt--3-6l-v6-gas/all-wheel-drive-differential-and-drive-line--rear-axle-assembly,1,NOT_STARTED,,,,,,,0,,0,0,,"{""ordinal"": 46}"
leaf-77f7af6cf6791b6299081688,challenger-sxt-36-gas,cat-17dea6e5b38e1bb70b2674fb,sub-03ee832a4d0494d0f2ed2752,,CATEGORY_INDEX,,,https://www.moparamerica.com/v-2017-dodge-challenger--sxt--3-6l-v6-gas/all-wheel-drive-differential-and-drive-line--rear-axle-housing-differential-and-vent,https://r.jina.ai/http://www.moparamerica.com/v-2017-dodge-challenger--sxt--3-6l-v6-gas/all-wheel-drive-differential-and-drive-line--rear-axle-housing-differential-and-vent,1,NOT_STARTED,,,,,,,0,,0,0,,"{""ordinal"": 48}"
leaf-72a27cf36e8886437012ec9e,challenger-sxt-36-gas,cat-17dea6e5b38e1bb70b2674fb,sub-1ecca3a90223be776d4aa5e0,,CATEGORY_INDEX,,,https://www.moparamerica.com/v-2017-dodge-challenger--sxt--3-6l-v6-gas/all-wheel-drive-differential-and-drive-line--rear-axle-shafts,https://r.jina.ai/http://www.moparamerica.com/v-2017-dodge-challenger--sxt--3-6l-v6-gas/all-wheel-drive-differential-and-drive-line--rear-axle-shafts,1,NOT_STARTED,,,,,,,0,,0,0,,"{""ordinal"": 47}"
leaf-2ca74b8a1f11cc5e98e0e7ea,challenger-sxt-36-gas,cat-7ceac2c28710442de710a56b,,,CATEGORY_INDEX,,,https://www.moparamerica.com/v-2017-dodge-challenger--sxt--3-6l-v6-gas/auto-parts,https://r.jina.ai/http://www.moparamerica.com/v-2017-dodge-challenger--sxt--3-6l-v6-gas/auto-parts,1,NOT_STARTED,,,,,,,0,,0,0,,"{""ordinal"": 1}"
leaf-ae095eecdbb171e4cec3cb6f,challenger-sxt-36-gas,cat-1c641e06ad847d5fd35a7ef4,sub-6ba1af2b16dc36c8ffe17251,,CATEGORY_INDEX,,,https://www.moparamerica.com/v-2017-dodge-challenger--sxt--3-6l-v6-gas/body-sheet-metal-except-doors--aperture-panel-and-pillar-supports,https://r.jina.ai/http://www.moparamerica.com/v-2017-dodge-challenger--sxt--3-6l-v6-gas/body-sheet-metal-except-doors--aperture-panel-and-pillar-supports,1,NOT_STARTED,,,,,,,0,,0,0,,"{""ordinal"": 51}"
leaf-1835a9ecfcd5d2e9c2cfec64,challenger-sxt-36-gas,cat-1c641e06ad847d5fd35a7ef4,sub-71c6ed66b573d08796be751c,,CATEGORY_INDEX,,,https://www.moparamerica.com/v-2017-dodge-challenger--sxt--3-6l-v6-gas/body-sheet-metal-except-doors--body-structure-welds-weatherstrips-seals-sealers-and-adhesives,https://r.jina.ai/http://www.moparamerica.com/v-2017-dodge-challenger--sxt--3-6l-v6-gas/body-sheet-metal-except-doors--body-structure-welds-weatherstrips-seals-sealers-and-adhesives,1,NOT_STARTED,,,,,,,0,,0,0,,"{""ordinal"": 52}"
leaf-fe439b705e41b02af886a3de,challenger-sxt-36-gas,cat-1c641e06ad847d5fd35a7ef4,sub-e8bd5ea79008a854b2c6b7e2,,CATEGORY_INDEX,,,https://www.moparamerica.com/v-2017-dodge-challenger--sxt--3-6l-v6-gas/body-sheet-metal-except-doors--cowl-and-dash-panel,https://r.jina.ai/http://www.moparamerica.com/v-2017-dodge-challenger--sxt--3-6l-v6-gas/body-sheet-metal-except-doors--cowl-and-dash-panel,1,NOT_STARTED,,,,,,,0,,0,0,,"{""ordinal"": 53}"
leaf-e25f0b2c238d4187e252eebf,challenger-sxt-36-gas,cat-1c641e06ad847d5fd35a7ef4,sub-bc4be4e2cce8bddd8fe9f4e8,,CATEGORY_INDEX,,,https://www.moparamerica.com/v-2017-dodge-challenger--sxt--3-6l-v6-gas/body-sheet-metal-except-doors--deck-lid,https://r.jina.ai/http://www.moparamerica.com/v-2017-dodge-challenger--sxt--3-6l-v6-gas/body-sheet-metal-except-doors--deck-lid,1,NOT_STARTED,,,,,,,0,,0,0,,"{""ordinal"": 54}"
leaf-0d45b2ae4be6b8b910feb138,challenger-sxt-36-gas,cat-1c641e06ad847d5fd35a7ef4,sub-a540da80df3fb16d5b974f3a,,CATEGORY_INDEX,,,https://www.moparamerica.com/v-2017-dodge-challenger--sxt--3-6l-v6-gas/body-sheet-metal-except-doors--fenders,https://r.jina.ai/http://www.moparamerica.com/v-2017-dodge-challenger--sxt--3-6l-v6-gas/body-sheet-metal-except-doors--fenders,1,NOT_STARTED,,,,,,,0,,0,0,,"{""ordinal"": 55}"
leaf-99d5948b962735bdfa94f2c4,challenger-sxt-36-gas,cat-1c641e06ad847d5fd35a7ef4,sub-2cf89d8523b71c585368a79c,,CATEGORY_INDEX,,,https://www.moparamerica.com/v-2017-dodge-challenger--sxt--3-6l-v6-gas/body-sheet-metal-except-doors--floor-pans,https://r.jina.ai/http://www.moparamerica.com/v-2017-dodge-challenger--sxt--3-6l-v6-gas/body-sheet-metal-except-doors--floor-pans,1,NOT_STARTED,,,,,,,0,,0,0,,"{""ordinal"": 56}"
leaf-f4bb8a4cdd492c1ba6781ddf,challenger-sxt-36-gas,cat-1c641e06ad847d5fd35a7ef4,sub-8193439111fb5b42063a0e98,,CATEGORY_INDEX,,,https://www.moparamerica.com/v-2017-dodge-challenger--sxt--3-6l-v6-gas/body-sheet-metal-except-doors--hood-and-hood-release,https://r.jina.ai/http://www.moparamerica.com/v-2017-dodge-challenger--sxt--3-6l-v6-gas/body-sheet-metal-except-doors--hood-and-hood-release,1,NOT_STARTED,,,,,,,0,,0,0,,"{""ordinal"": 57}"
leaf-4f9444bc4282cc5e5130ace1,challenger-sxt-36-gas,cat-1c641e06ad847d5fd35a7ef4,sub-1b523172773157e714b6aba6,,CATEGORY_INDEX,,,https://www.moparamerica.com/v-2017-dodge-challenger--sxt--3-6l-v6-gas/body-sheet-metal-except-doors--plugs,https://r.jina.ai/http://www.moparamerica.com/v-2017-dodge-challenger--sxt--3-6l-v6-gas/body-sheet-metal-except-doors--plugs,1,NOT_STARTED,,,,,,,0,,0,0,,"{""ordinal"": 58}"
leaf-9f45f88a378c0d3fca877873,challenger-sxt-36-gas,cat-1c641e06ad847d5fd35a7ef4,sub-bf4f84fab7389124f72c809a,,CATEGORY_INDEX,,,https://www.moparamerica.com/v-2017-dodge-challenger--sxt--3-6l-v6-gas/body-sheet-metal-except-doors--roof,https://r.jina.ai/http://www.moparamerica.com/v-2017-dodge-challenger--sxt--3-6l-v6-gas/body-sheet-metal-except-doors--roof,1,NOT_STARTED,,,,,,,0,,0,0,,"{""ordinal"": 59}"
leaf-104ed3ba671b576453c837d8,challenger-sxt-36-gas,cat-1c641e06ad847d5fd35a7ef4,sub-d35eac7cc5ba87d6bf6088b1,,CATEGORY_INDEX,,,https://www.moparamerica.com/v-2017-dodge-challenger--sxt--3-6l-v6-gas/body-sheet-metal-except-doors--shelf-panel,https://r.jina.ai/http://www.moparamerica.com/v-2017-dodge-challenger--sxt--3-6l-v6-gas/body-sheet-metal-except-doors--shelf-panel,1,NOT_STARTED,,,,,,,0,,0,0,,"{""ordinal"": 60}"
leaf-920373cf5cf31ec23130ef1d,challenger-sxt-36-gas,cat-1c641e06ad847d5fd35a7ef4,sub-91e988f861c7a30dbda57170,,CATEGORY_INDEX,,,https://www.moparamerica.com/v-2017-dodge-challenger--sxt--3-6l-v6-gas/body-sheet-metal-except-doors--sunroof,https://r.jina.ai/http://www.moparamerica.com/v-2017-dodge-challenger--sxt--3-6l-v6-gas/body-sheet-metal-except-doors--sunroof,1,NOT_STARTED,,,,,,,0,,0,0,,"{""ordinal"": 61}"
leaf-a48e960e762b587f2bffa8a3,challenger-sxt-36-gas,cat-2398da69793984d23efcf885,sub-05df1697856188ba12bd5065,,CATEGORY_INDEX,,,https://www.moparamerica.com/v-2017-dodge-challenger--sxt--3-6l-v6-gas/brakes--brake-master-cylinder,https://r.jina.ai/http://www.moparamerica.com/v-2017-dodge-challenger--sxt--3-6l-v6-gas/brakes--brake-master-cylinder,1,NOT_STARTED,,,,,,,0,,0,0,,"{""ordinal"": 62}"
leaf-313282aa9f5488a2bf66b61b,challenger-sxt-36-gas,cat-2398da69793984d23efcf885,sub-18dffe2276f4ffc3c4f8e181,,CATEGORY_INDEX,,,https://www.moparamerica.com/v-2017-dodge-challenger--sxt--3-6l-v6-gas/brakes--brake-pedals,https://r.jina.ai/http://www.moparamerica.com/v-2017-dodge-challenger--sxt--3-6l-v6-gas/brakes--brake-pedals,1,NOT_STARTED,,,,,,,0,,0,0,,"{""ordinal"": 63}"
leaf-e3321ac41020289cb2a7af92,challenger-sxt-36-gas,cat-2398da69793984d23efcf885,sub-979e8d2ab467d51e456825c0,,CATEGORY_INDEX,,,https://www.moparamerica.com/v-2017-dodge-challenger--sxt--3-6l-v6-gas/brakes--front-brakes,https://r.jina.ai/http://www.moparamerica.com/v-2017-dodge-challenger--sxt--3-6l-v6-gas/brakes--front-brakes,1,NOT_STARTED,,,,,,,0,,0,0,,"{""ordinal"": 64}"
leaf-3e8136087c72603f2ffd9f2f,challenger-sxt-36-gas,cat-2398da69793984d23efcf885,sub-d4e20c360a8abed83ccbb526,,CATEGORY_INDEX,,,https://www.moparamerica.com/v-2017-dodge-challenger--sxt--3-6l-v6-gas/brakes--hydraulic-control-unit-brake-tubes-and-hoses,https://r.jina.ai/http://www.moparamerica.com/v-2017-dodge-challenger--sxt--3-6l-v6-gas/brakes--hydraulic-control-unit-brake-tubes-and-hoses,1,NOT_STARTED,,,,,,,0,,0,0,,"{""ordinal"": 65}"
leaf-cd81d03a40cc0cfda5d8700c,challenger-sxt-36-gas,cat-2398da69793984d23efcf885,sub-d8e64779d5bca626fb40d0af,,CATEGORY_INDEX,,,https://www.moparamerica.com/v-2017-dodge-challenger--sxt--3-6l-v6-gas/brakes--parking-brake-lever-cables-and-rear-disc-park-brake-assembly,https://r.jina.ai/http://www.moparamerica.com/v-2017-dodge-challenger--sxt--3-6l-v6-gas/brakes--parking-brake-lever-cables-and-rear-disc-park-brake-assembly,1,NOT_STARTED,,,,,,,0,,0,0,,"{""ordinal"": 66}"
leaf-56c3f54a4cb220ec4a94ab7a,challenger-sxt-36-gas,cat-2398da69793984d23efcf885,sub-e31d4757b8afe2df8306bdb8,,CATEGORY_INDEX,,,https://www.moparamerica.com/v-2017-dodge-challenger--sxt--3-6l-v6-gas/brakes--power-brake-booster,https://r.jina.ai/http://www.moparamerica.com/v-2017-dodge-challenger--sxt--3-6l-v6-gas/brakes--power-brake-booster,1,NOT_STARTED,,,,,,,0,,0,0,,"{""ordinal"": 67}"
leaf-dbb4dffaae4b231a783a620c,challenger-sxt-36-gas,cat-2398da69793984d23efcf885,sub-db1da5a5b3d33c940886b6c8,,CATEGORY_INDEX,,,https://www.moparamerica.com/v-2017-dodge-challenger--sxt--3-6l-v6-gas/brakes--rear-brakes,https://r.jina.ai/http://www.moparamerica.com/v-2017-dodge-challenger--sxt--3-6l-v6-gas/brakes--rear-brakes,1,NOT_STARTED,,,,,,,0,,0,0,,"{""ordinal"": 68}"
leaf-42c0ced3de178ad59e519c88,challenger-sxt-36-gas,cat-3f22d5a65986897fe20cf39e,sub-d6dce933cff36a1514525b82,,CATEGORY_INDEX,,,https://www.moparamerica.com/v-2017-dodge-challenger--sxt--3-6l-v6-gas/clutch--clutch-controls,https://r.jina.ai/http://www.moparamerica.com/v-2017-dodge-challenger--sxt--3-6l-v6-gas/clutch--clutch-controls,1,NOT_STARTED,,,,,,,0,,0,0,,"{""ordinal"": 69}"
leaf-b8d8232db2d7ce7a195bc0d3,challenger-sxt-36-gas,cat-3f22d5a65986897fe20cf39e,sub-3f4f71b7160e020556d1609b,,CATEGORY_INDEX,,,https://www.moparamerica.com/v-2017-dodge-challenger--sxt--3-6l-v6-gas/clutch--clutch-pedals,https://r.jina.ai/http://www.moparamerica.com/v-2017-dodge-challenger--sxt--3-6l-v6-gas/clutch--clutch-pedals,1,NOT_STARTED,,,,,,,0,,0,0,,"{""ordinal"": 70}"
leaf-a1d965dc5241aad7d791f613,challenger-sxt-36-gas,cat-b29e5b9bed0933bc6ec35f75,sub-7de619a043788df7b0e9bb85,,CATEGORY_INDEX,,,https://www.moparamerica.com/v-2017-dodge-challenger--sxt--3-6l-v6-gas/conversion-and-upfit-packages--exterior,https://r.jina.ai/http://www.moparamerica.com/v-2017-dodge-challenger--sxt--3-6l-v6-gas/conversion-and-upfit-packages--exterior,1,NOT_STARTED,,,,,,,0,,0,0,,"{""ordinal"": 71}"
leaf-d99e5a47df3e57a55366f9d4,challenger-sxt-36-gas,cat-37c4108df545ebacdca5516b,sub-1c5d1994338afc22abaeae12,,CATEGORY_INDEX,,,https://www.moparamerica.com/v-2017-dodge-challenger--sxt--3-6l-v6-gas/cooling--drive-belts,https://r.jina.ai/http://www.moparamerica.com/v-2017-dodge-challenger--sxt--3-6l-v6-gas/cooling--drive-belts,1,NOT_STARTED,,,,,,,0,,0,0,,"{""ordinal"": 72}"
leaf-86fb582238a31483c5bd1ad1,challenger-sxt-36-gas,cat-37c4108df545ebacdca5516b,sub-d8231652e8563f6b7d13f0ad,,CATEGORY_INDEX,,,https://www.moparamerica.com/v-2017-dodge-challenger--sxt--3-6l-v6-gas/cooling--engine-coolant-reservoir-bottle,https://r.jina.ai/http://www.moparamerica.com/v-2017-dodge-challenger--sxt--3-6l-v6-gas/cooling--engine-coolant-reservoir-bottle,1,NOT_STARTED,,,,,,,0,,0,0,,"{""ordinal"": 73}"
leaf-6f0d4bcef78577d2cef8886a,challenger-sxt-36-gas,cat-37c4108df545ebacdca5516b,sub-a228084297c412f051159790,,CATEGORY_INDEX,,,https://www.moparamerica.com/v-2017-dodge-challenger--sxt--3-6l-v6-gas/cooling--pulleys-and-related-parts,https://r.jina.ai/http://www.moparamerica.com/v-2017-dodge-challenger--sxt--3-6l-v6-gas/cooling--pulleys-and-related-parts,1,NOT_STARTED,,,,,,,0,,0,0,,"{""ordinal"": 74}"
leaf-367fcf9ddab258a40a76708d,challenger-sxt-36-gas,cat-37c4108df545ebacdca5516b,sub-991d10dd5123baf851526f8a,,CATEGORY_INDEX,,,https://www.moparamerica.com/v-2017-dodge-challenger--sxt--3-6l-v6-gas/cooling--radiator-and-related-parts-charge-air-cooler,https://r.jina.ai/http://www.moparamerica.com/v-2017-dodge-challenger--sxt--3-6l-v6-gas/cooling--radiator-and-related-parts-charge-air-cooler,1,NOT_STARTED,,,,,,,0,,0,0,,"{""ordinal"": 75}"
leaf-402471b55412d9280013c33c,challenger-sxt-36-gas,cat-37c4108df545ebacdca5516b,sub-8dee1b0233aca2be63181f08,,CATEGORY_INDEX,,,https://www.moparamerica.com/v-2017-dodge-challenger--sxt--3-6l-v6-gas/cooling--transmission-oil-cooler-and-lines,https://r.jina.ai/http://www.moparamerica.com/v-2017-dodge-challenger--sxt--3-6l-v6-gas/cooling--transmission-oil-cooler-and-lines,1,NOT_STARTED,,,,,,,0,,0,0,,"{""ordinal"": 76}"
leaf-e3846b241b54b02094a93b0d,challenger-sxt-36-gas,cat-37c4108df545ebacdca5516b,sub-94c9c340c7f80ac9842d25fd,,CATEGORY_INDEX,,,https://www.moparamerica.com/v-2017-dodge-challenger--sxt--3-6l-v6-gas/cooling--water-pump-and-related-parts,https://r.jina.ai/http://www.moparamerica.com/v-2017-dodge-challenger--sxt--3-6l-v6-gas/cooling--water-pump-and-related-parts,1,NOT_STARTED,,,,,,,0,,0,0,,"{""ordinal"": 77}"
leaf-c9874bb6bb4b303d141366f9,challenger-sxt-36-gas,cat-72b6f07439ec5dfd06db93c6,sub-f5fc1acd8e43b0bae8eed412,,CATEGORY_INDEX,,,https://www.moparamerica.com/v-2017-dodge-challenger--sxt--3-6l-v6-gas/doors-door-mirrors-and-related-parts--exterior-mirror,https://r.jina.ai/http://www.moparamerica.com/v-2017-dodge-challenger--sxt--3-6l-v6-gas/doors-door-mirrors-and-related-parts--exterior-mirror,1,NOT_STARTED,,,,,,,0,,0,0,,"{""ordinal"": 79}"
leaf-f0be6b9f2bdb0f940177f924,challenger-sxt-36-gas,cat-72b6f07439ec5dfd06db93c6,sub-bef11eb2172f1efa43884d89,,CATEGORY_INDEX,,,https://www.moparamerica.com/v-2017-dodge-challenger--sxt--3-6l-v6-gas/doors-door-mirrors-and-related-parts--front-door,https://r.jina.ai/http://www.moparamerica.com/v-2017-dodge-challenger--sxt--3-6l-v6-gas/doors-door-mirrors-and-related-parts--front-door,1,NOT_STARTED,,,,,,,0,,0,0,,"{""ordinal"": 80}"
leaf-9b4ab63b7c15e8212b3aa391,challenger-sxt-36-gas,cat-72b6f07439ec5dfd06db93c6,sub-612771968dcf31ae8807c304,,CATEGORY_INDEX,,,https://www.moparamerica.com/v-2017-dodge-challenger--sxt--3-6l-v6-gas/doors-door-mirrors-and-related-parts--weatherstrips-and-seals,https://r.jina.ai/http://www.moparamerica.com/v-2017-dodge-challenger--sxt--3-6l-v6-gas/doors-door-mirrors-and-related-parts--weatherstrips-and-seals,1,NOT_STARTED,,,,,,,0,,0,0,,"{""ordinal"": 81}"
leaf-3c4bf5c9599793717f3428d5,challenger-sxt-36-gas,cat-a78b55b1705dc96daf2ed01a,sub-b5ab339df86edc94598e8a64,,CATEGORY_INDEX,,,https://www.moparamerica.com/v-2017-dodge-challenger--sxt--3-6l-v6-gas/electrical--battery-battery-tray-and-cables,https://r.jina.ai/http://www.moparamerica.com/v-2017-dodge-challenger--sxt--3-6l-v6-gas/electrical--battery-battery-tray-and-cables,1,NOT_STARTED,,,,,,,0,,0,0,,"{""ordinal"": 83}"
leaf-27de5c526bee5d5aaf3aad91,challenger-sxt-36-gas,cat-a78b55b1705dc96daf2ed01a,sub-c399df3c2737697f0bd4cf2d,,CATEGORY_INDEX,,,https://www.moparamerica.com/v-2017-dodge-challenger--sxt--3-6l-v6-gas/electrical--generators-alternators,https://r.jina.ai/http://www.moparamerica.com/v-2017-dodge-challenger--sxt--3-6l-v6-gas/electrical--generators-alternators,1,NOT_STARTED,,,,,,,0,,0,0,,"{""ordinal"": 84}"
leaf-7e14cad631eb141e7d9791f5,challenger-sxt-36-gas,cat-a78b55b1705dc96daf2ed01a,sub-83b43d3581af4f5927b54eb5,,CATEGORY_INDEX,,,https://www.moparamerica.com/v-2017-dodge-challenger--sxt--3-6l-v6-gas/electrical--horns,https://r.jina.ai/http://www.moparamerica.com/v-2017-dodge-challenger--sxt--3-6l-v6-gas/electrical--horns,1,NOT_STARTED,,,,,,,0,,0,0,,"{""ordinal"": 85}"
leaf-06499da558f82a0caba57f4a,challenger-sxt-36-gas,cat-a78b55b1705dc96daf2ed01a,sub-1d8dc9b9f7d0c7d648206f97,,CATEGORY_INDEX,,,https://www.moparamerica.com/v-2017-dodge-challenger--sxt--3-6l-v6-gas/electrical--ignition-spark-plugs-cables-coils-and-glow-plugs,https://r.jina.ai/http://www.moparamerica.com/v-2017-dodge-challenger--sxt--3-6l-v6-gas/electrical--ignition-spark-plugs-cables-coils-and-glow-plugs,1,NOT_STARTED,,,,,,,0,,0,0,,"{""ordinal"": 86}"
leaf-ec1bbaf8904346cfc7e40adf,challenger-sxt-36-gas,cat-a78b55b1705dc96daf2ed01a,sub-67dcd6856e212508d16c7095,,CATEGORY_INDEX,,,https://www.moparamerica.com/v-2017-dodge-challenger--sxt--3-6l-v6-gas/electrical--instrument-panel-cluster,https://r.jina.ai/http://www.moparamerica.com/v-2017-dodge-challenger--sxt--3-6l-v6-gas/electrical--instrument-panel-cluster,1,NOT_STARTED,,,,,,,0,,0,0,,"{""ordinal"": 87}"
leaf-fdb62f090f0336a28e80bf0f,challenger-sxt-36-gas,cat-a78b55b1705dc96daf2ed01a,sub-065eed186922a797bf8b806b,,CATEGORY_INDEX,,,https://www.moparamerica.com/v-2017-dodge-challenger--sxt--3-6l-v6-gas/electrical--keys-modules-and-engine-controllers,https://r.jina.ai/http://www.moparamerica.com/v-2017-dodge-challenger--sxt--3-6l-v6-gas/electrical--keys-modules-and-engine-controllers,1,NOT_STARTED,,,,,,,0,,0,0,,"{""ordinal"": 88}"
leaf-08774c29c4f847a2042b3076,challenger-sxt-36-gas,cat-a78b55b1705dc96daf2ed01a,sub-e68a00945406ad027541a791,,CATEGORY_INDEX,,,https://www.moparamerica.com/v-2017-dodge-challenger--sxt--3-6l-v6-gas/electrical--lamps-interior-and-exterior,https://r.jina.ai/http://www.moparamerica.com/v-2017-dodge-challenger--sxt--3-6l-v6-gas/electrical--lamps-interior-and-exterior,1,NOT_STARTED,,,,,,,0,,0,0,,"{""ordinal"": 89}"
leaf-b1e502bcce38788518f92297,challenger-sxt-36-gas,cat-a78b55b1705dc96daf2ed01a,sub-2cf9bb9820d73b4c3e552e31,,CATEGORY_INDEX,,,https://www.moparamerica.com/v-2017-dodge-challenger--sxt--3-6l-v6-gas/electrical--park-assist,https://r.jina.ai/http://www.moparamerica.com/v-2017-dodge-challenger--sxt--3-6l-v6-gas/electrical--park-assist,1,NOT_STARTED,,,,,,,0,,0,0,,"{""ordinal"": 90}"
leaf-4c38e4078317b7cc99eb29f0,challenger-sxt-36-gas,cat-a78b55b1705dc96daf2ed01a,sub-6423bd6115ed3ce50022b32d,,CATEGORY_INDEX,,,https://www.moparamerica.com/v-2017-dodge-challenger--sxt--3-6l-v6-gas/electrical--power-distribution-center-fuse-block-junction-block-relays-and-fuses,https://r.jina.ai/http://www.moparamerica.com/v-2017-dodge-challenger--sxt--3-6l-v6-gas/electrical--power-distribution-center-fuse-block-junction-block-relays-and-fuses,1,NOT_STARTED,,,,,,,0,,0,0,,"{""ordinal"": 91}"
leaf-5f3440966851c1380bcbe82c,challenger-sxt-36-gas,cat-a78b55b1705dc96daf2ed01a,sub-ea9ff9e32c3080ff9e249356,,CATEGORY_INDEX,,,https://www.moparamerica.com/v-2017-dodge-challenger--sxt--3-6l-v6-gas/electrical--radio-antenna-speakers-dvd-and-video-systems,https://r.jina.ai/http://www.moparamerica.com/v-2017-dodge-challenger--sxt--3-6l-v6-gas/electrical--radio-antenna-speakers-dvd-and-video-systems,1,NOT_STARTED,,,,,,,0,,0,0,,"{""ordinal"": 92}"
leaf-66b438b1928382fe3d2a428a,challenger-sxt-36-gas,cat-a78b55b1705dc96daf2ed01a,sub-3e7edc0a0659779ecb116a77,,CATEGORY_INDEX,,,https://www.moparamerica.com/v-2017-dodge-challenger--sxt--3-6l-v6-gas/electrical--sensors,https://r.jina.ai/http://www.moparamerica.com/v-2017-dodge-challenger--sxt--3-6l-v6-gas/electrical--sensors,1,NOT_STARTED,,,,,,,0,,0,0,,"{""ordinal"": 93}"
leaf-6593d9f4329414fab96efc4c,challenger-sxt-36-gas,cat-a78b55b1705dc96daf2ed01a,sub-fe388f8d4e293a2a0bed087e,,CATEGORY_INDEX,,,https://www.moparamerica.com/v-2017-dodge-challenger--sxt--3-6l-v6-gas/electrical--speed-control,https://r.jina.ai/http://www.moparamerica.com/v-2017-dodge-challenger--sxt--3-6l-v6-gas/electrical--speed-control,1,NOT_STARTED,,,,,,,0,,0,0,,"{""ordinal"": 94}"
leaf-4e268077a5d2ee4a32c91f57,challenger-sxt-36-gas,cat-a78b55b1705dc96daf2ed01a,sub-f39f85154eb7ad9601ae5bc6,,CATEGORY_INDEX,,,https://www.moparamerica.com/v-2017-dodge-challenger--sxt--3-6l-v6-gas/electrical--starters,https://r.jina.ai/http://www.moparamerica.com/v-2017-dodge-challenger--sxt--3-6l-v6-gas/electrical--starters,1,NOT_STARTED,,,,,,,0,,0,0,,"{""ordinal"": 95}"
leaf-eedded62130ea16ece684d1c,challenger-sxt-36-gas,cat-a78b55b1705dc96daf2ed01a,sub-fc73e816ce49e09a05096709,,CATEGORY_INDEX,,,https://www.moparamerica.com/v-2017-dodge-challenger--sxt--3-6l-v6-gas/electrical--switches,https://r.jina.ai/http://www.moparamerica.com/v-2017-dodge-challenger--sxt--3-6l-v6-gas/electrical--switches,1,NOT_STARTED,,,,,,,0,,0,0,,"{""ordinal"": 96}"
leaf-23258486f4fbe9bec47e7138,challenger-sxt-36-gas,cat-a78b55b1705dc96daf2ed01a,sub-1944981ed046a198ef548ebe,,CATEGORY_INDEX,,,https://www.moparamerica.com/v-2017-dodge-challenger--sxt--3-6l-v6-gas/electrical--wiper-and-washer-system,https://r.jina.ai/http://www.moparamerica.com/v-2017-dodge-challenger--sxt--3-6l-v6-gas/electrical--wiper-and-washer-system,1,NOT_STARTED,,,,,,,0,,0,0,,"{""ordinal"": 97}"
leaf-290c550f97e78fe793764a88,challenger-sxt-36-gas,cat-a78b55b1705dc96daf2ed01a,sub-a05a7a4ef32477d8da587044,,CATEGORY_INDEX,,,https://www.moparamerica.com/v-2017-dodge-challenger--sxt--3-6l-v6-gas/electrical--wiring-body-and-accessories,https://r.jina.ai/http://www.moparamerica.com/v-2017-dodge-challenger--sxt--3-6l-v6-gas/electrical--wiring-body-and-accessories,1,NOT_STARTED,,,,,,,0,,0,0,,"{""ordinal"": 98}"
leaf-53cc38abccddb0469398957d,challenger-sxt-36-gas,cat-a78b55b1705dc96daf2ed01a,sub-d6c1142e91c903235a3b2bfe,,CATEGORY_INDEX,,,https://www.moparamerica.com/v-2017-dodge-challenger--sxt--3-6l-v6-gas/electrical--wiring-headlamp-to-dash,https://r.jina.ai/http://www.moparamerica.com/v-2017-dodge-challenger--sxt--3-6l-v6-gas/electrical--wiring-headlamp-to-dash,1,NOT_STARTED,,,,,,,0,,0,0,,"{""ordinal"": 99}"
leaf-04154afb0680e40c23c79ad6,challenger-sxt-36-gas,cat-a78b55b1705dc96daf2ed01a,sub-ac92efa0f68ded24d7c3ae2a,,CATEGORY_INDEX,,,https://www.moparamerica.com/v-2017-dodge-challenger--sxt--3-6l-v6-gas/electrical--wiring-instrument-panel,https://r.jina.ai/http://www.moparamerica.com/v-2017-dodge-challenger--sxt--3-6l-v6-gas/electrical--wiring-instrument-panel,1,NOT_STARTED,,,,,,,0,,0,0,,"{""ordinal"": 100}"
leaf-ec0e2a2c1104c31e1e2debfd,challenger-sxt-36-gas,cat-a78b55b1705dc96daf2ed01a,sub-8d7cb086fc94a0e3b2d80bf3,,CATEGORY_INDEX,,,https://www.moparamerica.com/v-2017-dodge-challenger--sxt--3-6l-v6-gas/electrical--wiring-powertrain,https://r.jina.ai/http://www.moparamerica.com/v-2017-dodge-challenger--sxt--3-6l-v6-gas/electrical--wiring-powertrain,1,NOT_STARTED,,,,,,,0,,0,0,,"{""ordinal"": 101}"
leaf-f09ff6e405bc99cfd4a24cb0,challenger-sxt-36-gas,cat-808d9204ac42083506bc749b,sub-7ebf5af225a78751740905fb,,CATEGORY_INDEX,,,https://www.moparamerica.com/v-2017-dodge-challenger--sxt--3-6l-v6-gas/emission-controls--emission-harness,https://r.jina.ai/http://www.moparamerica.com/v-2017-dodge-challenger--sxt--3-6l-v6-gas/emission-controls--emission-harness,1,NOT_STARTED,,,,,,,0,,0,0,,"{""ordinal"": 102}"
leaf-7c69e406c0d99f2cb9aa53e9,challenger-sxt-36-gas,cat-808d9204ac42083506bc749b,sub-aefca38647b2aab29a008362,,CATEGORY_INDEX,,,https://www.moparamerica.com/v-2017-dodge-challenger--sxt--3-6l-v6-gas/emission-controls--vacuum-canister-leak-detection-pump,https://r.jina.ai/http://www.moparamerica.com/v-2017-dodge-challenger--sxt--3-6l-v6-gas/emission-controls--vacuum-canister-leak-detection-pump,1,NOT_STARTED,,,,,,,0,,0,0,,"{""ordinal"": 103}"
leaf-db2f3275089af02124d738a4,challenger-sxt-36-gas,cat-eb9783160c1bac08355338ed,sub-b3b914f8fbfac4282ddfcf48,,CATEGORY_INDEX,,,https://www.moparamerica.com/v-2017-dodge-challenger--sxt--3-6l-v6-gas/exhaust--exhaust-system,https://r.jina.ai/http://www.moparamerica.com/v-2017-dodge-challenger--sxt--3-6l-v6-gas/exhaust--exhaust-system,1,NOT_STARTED,,,,,,,0,,0,0,,"{""ordinal"": 104}"
leaf-d8e7d10f6580732ea05b9145,challenger-sxt-36-gas,cat-6d338ee5de4fa609fe88b5a0,sub-e5d3724e16b102583766ab20,,CATEGORY_INDEX,,,https://www.moparamerica.com/v-2017-dodge-challenger--sxt--3-6l-v6-gas/exterior-ornamentation--decals-and-tape-stripes,https://r.jina.ai/http://www.moparamerica.com/v-2017-dodge-challenger--sxt--3-6l-v6-gas/exterior-ornamentation--decals-and-tape-stripes,1,NOT_STARTED,,,,,,,0,,0,0,,"{""ordinal"": 111}"
leaf-641abb190b7165fdcba9b599,challenger-sxt-36-gas,cat-6d338ee5de4fa609fe88b5a0,sub-98c7cbb706cb9fe0f67c3c28,,CATEGORY_INDEX,,,https://www.moparamerica.com/v-2017-dodge-challenger--sxt--3-6l-v6-gas/exterior-ornamentation--grilles,https://r.jina.ai/http://www.moparamerica.com/v-2017-dodge-challenger--sxt--3-6l-v6-gas/exterior-ornamentation--grilles,1,NOT_STARTED,,,,,,,0,,0,0,,"{""ordinal"": 112}"
leaf-add4b47963340709a43da76c,challenger-sxt-36-gas,cat-6d338ee5de4fa609fe88b5a0,sub-6ba4f3eb25fc6ccebb9694c7,,CATEGORY_INDEX,,,https://www.moparamerica.com/v-2017-dodge-challenger--sxt--3-6l-v6-gas/exterior-ornamentation--moldings-and-ornamentation,https://r.jina.ai/http://www.moparamerica.com/v-2017-dodge-challenger--sxt--3-6l-v6-gas/exterior-ornamentation--moldings-and-ornamentation,1,NOT_STARTED,,,,,,,0,,0,0,,"{""ordinal"": 113}"
leaf-940acb9e9eaa0fdb13bbcd64,challenger-sxt-36-gas,cat-6d338ee5de4fa609fe88b5a0,sub-c52b2f5960157cbd2a3de842,,CATEGORY_INDEX,,,https://www.moparamerica.com/v-2017-dodge-challenger--sxt--3-6l-v6-gas/exterior-ornamentation--nameplates,https://r.jina.ai/http://www.moparamerica.com/v-2017-dodge-challenger--sxt--3-6l-v6-gas/exterior-ornamentation--nameplates,1,NOT_STARTED,,,,,,,0,,0,0,,"{""ordinal"": 114}"
leaf-2d99a1d9aac1ee865ad5a4c7,challenger-sxt-36-gas,cat-c1757a563e773060750e524b,sub-87e428587fd1444dc6e793d4,,CATEGORY_INDEX,,,https://www.moparamerica.com/v-2017-dodge-challenger--sxt--3-6l-v6-gas/frame-bumper-and-fascia--frames,https://r.jina.ai/http://www.moparamerica.com/v-2017-dodge-challenger--sxt--3-6l-v6-gas/frame-bumper-and-fascia--frames,1,NOT_STARTED,,,,,,,0,,0,0,,"{""ordinal"": 115}"
leaf-8fdabc76bcec5a4afd1fc856,challenger-sxt-36-gas,cat-c1757a563e773060750e524b,sub-1995a2be8b74540bcff1c399,,CATEGORY_INDEX,,,https://www.moparamerica.com/v-2017-dodge-challenger--sxt--3-6l-v6-gas/frame-bumper-and-fascia--front-bumper-and-fascia,https://r.jina.ai/http://www.moparamerica.com/v-2017-dodge-challenger--sxt--3-6l-v6-gas/frame-bumper-and-fascia--front-bumper-and-fascia,1,NOT_STARTED,,,,,,,0,,0,0,,"{""ordinal"": 116}"
leaf-0afb424916651e1e250d85ca,challenger-sxt-36-gas,cat-c1757a563e773060750e524b,sub-7a1bc93bd01e6024317e08ce,,CATEGORY_INDEX,,,https://www.moparamerica.com/v-2017-dodge-challenger--sxt--3-6l-v6-gas/frame-bumper-and-fascia--rear-bumper-and-fascia,https://r.jina.ai/http://www.moparamerica.com/v-2017-dodge-challenger--sxt--3-6l-v6-gas/frame-bumper-and-fascia--rear-bumper-and-fascia,1,NOT_STARTED,,,,,,,0,,0,0,,"{""ordinal"": 117}"
leaf-798a7d3d7a5c1339ad72d090,challenger-sxt-36-gas,cat-5f7848bf2b9e1de13600ee2d,sub-bd76e7f379f5a8891a1d3978,,CATEGORY_INDEX,,,https://www.moparamerica.com/v-2017-dodge-challenger--sxt--3-6l-v6-gas/front-suspension--front-stabilizer-bar,https://r.jina.ai/http://www.moparamerica.com/v-2017-dodge-challenger--sxt--3-6l-v6-gas/front-suspension--front-stabilizer-bar,1,NOT_STARTED,,,,,,,0,,0,0,,"{""ordinal"": 118}"
leaf-8031e13e00139e1109ac745a,challenger-sxt-36-gas,cat-5f7848bf2b9e1de13600ee2d,sub-b263395055ff61703ba732da,,CATEGORY_INDEX,,,https://www.moparamerica.com/v-2017-dodge-challenger--sxt--3-6l-v6-gas/front-suspension--front-suspension-strut-and-cradle,https://r.jina.ai/http://www.moparamerica.com/v-2017-dodge-challenger--sxt--3-6l-v6-gas/front-suspension--front-suspension-strut-and-cradle,1,NOT_STARTED,,,,,,,0,,0,0,,"{""ordinal"": 119}"
leaf-fc21bcb37f735d5ad509c919,challenger-sxt-36-gas,cat-430462efa0942de168f4f43f,sub-e211098486c87572f2131754,,CATEGORY_INDEX,,,https://www.moparamerica.com/v-2017-dodge-challenger--sxt--3-6l-v6-gas/fuel--accelerator-pedal,https://r.jina.ai/http://www.moparamerica.com/v-2017-dodge-challenger--sxt--3-6l-v6-gas/fuel--accelerator-pedal,1,NOT_STARTED,,,,,,,0,,0,0,,"{""ordinal"": 120}"
leaf-98f4714b612a091b043ec168,challenger-sxt-36-gas,cat-430462efa0942de168f4f43f,sub-5e6d25ddfbf56348e0ab9026,,CATEGORY_INDEX,,,https://www.moparamerica.com/v-2017-dodge-challenger--sxt--3-6l-v6-gas/fuel--air-cleaner,https://r.jina.ai/http://www.moparamerica.com/v-2017-dodge-challenger--sxt--3-6l-v6-gas/fuel--air-cleaner,1,NOT_STARTED,,,,,,,0,,0,0,,"{""ordinal"": 121}"
leaf-9fee6fd0c716cb1c8d8881b9,challenger-sxt-36-gas,cat-430462efa0942de168f4f43f,sub-7a562080b4424ed5229faa04,,CATEGORY_INDEX,,,https://www.moparamerica.com/v-2017-dodge-challenger--sxt--3-6l-v6-gas/fuel--fuel-lines,https://r.jina.ai/http://www.moparamerica.com/v-2017-dodge-challenger--sxt--3-6l-v6-gas/fuel--fuel-lines,1,NOT_STARTED,,,,,,,0,,0,0,,"{""ordinal"": 122}"
leaf-e9f90facb6cbbb9c240861e4,challenger-sxt-36-gas,cat-430462efa0942de168f4f43f,sub-d7b495f752a03d7ee311805e,,CATEGORY_INDEX,,,https://www.moparamerica.com/v-2017-dodge-challenger--sxt--3-6l-v6-gas/fuel--fuel-pump-and-sending-unit,https://r.jina.ai/http://www.moparamerica.com/v-2017-dodge-challenger--sxt--3-6l-v6-gas/fuel--fuel-pump-and-sending-unit,1,NOT_STARTED,,,,,,,0,,0,0,,"{""ordinal"": 123}"
leaf-b946eb7d20506d88a6675cf5,challenger-sxt-36-gas,cat-430462efa0942de168f4f43f,sub-6fd9dc7c5f5c8bacb4bdd21c,,CATEGORY_INDEX,,,https://www.moparamerica.com/v-2017-dodge-challenger--sxt--3-6l-v6-gas/fuel--fuel-rail-and-injectors,https://r.jina.ai/http://www.moparamerica.com/v-2017-dodge-challenger--sxt--3-6l-v6-gas/fuel--fuel-rail-and-injectors,1,NOT_STARTED,,,,,,,0,,0,0,,"{""ordinal"": 124}"
leaf-cb59b0aef59b9e4642304446,challenger-sxt-36-gas,cat-430462efa0942de168f4f43f,sub-543a5c6157c9b393a9de5ac8,,CATEGORY_INDEX,,,https://www.moparamerica.com/v-2017-dodge-challenger--sxt--3-6l-v6-gas/fuel--fuel-tank,https://r.jina.ai/http://www.moparamerica.com/v-2017-dodge-challenger--sxt--3-6l-v6-gas/fuel--fuel-tank,1,NOT_STARTED,,,,,,,0,,0,0,,"{""ordinal"": 125}"
leaf-b2b5bc9ca56fd8e788922bfc,challenger-sxt-36-gas,cat-430462efa0942de168f4f43f,sub-3736d397cf01593830945123,,CATEGORY_INDEX,,,https://www.moparamerica.com/v-2017-dodge-challenger--sxt--3-6l-v6-gas/fuel--fuel-tank-filler-tube,https://r.jina.ai/http://www.moparamerica.com/v-2017-dodge-challenger--sxt--3-6l-v6-gas/fuel--fuel-tank-filler-tube,1,NOT_STARTED,,,,,,,0,,0,0,,"{""ordinal"": 126}"
leaf-f43afa93120f4a844445b747,challenger-sxt-36-gas,cat-430462efa0942de168f4f43f,sub-29eb114241d8787461ecd624,,CATEGORY_INDEX,,,https://www.moparamerica.com/v-2017-dodge-challenger--sxt--3-6l-v6-gas/fuel--throttle-body,https://r.jina.ai/http://www.moparamerica.com/v-2017-dodge-challenger--sxt--3-6l-v6-gas/fuel--throttle-body,1,NOT_STARTED,,,,,,,0,,0,0,,"{""ordinal"": 127}"
leaf-fb49a5ef7af13a137ea82048,challenger-sxt-36-gas,cat-5688fbd948bc82a1a7c8bb50,sub-b661c27180b63f687ff4e28e,,CATEGORY_INDEX,,,https://www.moparamerica.com/v-2017-dodge-challenger--sxt--3-6l-v6-gas/glass--glass-and-interior-rear-view-mirror,https://r.jina.ai/http://www.moparamerica.com/v-2017-dodge-challenger--sxt--3-6l-v6-gas/glass--glass-and-interior-rear-view-mirror,1,NOT_STARTED,,,,,,,0,,0,0,,"{""ordinal"": 128}"
leaf-871f246e2bd3303c6db36bcf,challenger-sxt-36-gas,cat-b1daf1760b51191aa4cfc885,sub-03d2d04b899c1e617119c9b8,,CATEGORY_INDEX,,,https://www.moparamerica.com/v-2017-dodge-challenger--sxt--3-6l-v6-gas/interior-trim--carpets-floor-mats-load-floor-and-silencers,https://r.jina.ai/http://www.moparamerica.com/v-2017-dodge-challenger--sxt--3-6l-v6-gas/interior-trim--carpets-floor-mats-load-floor-and-silencers,1,NOT_STARTED,,,,,,,0,,0,0,,"{""ordinal"": 133}"
leaf-9e22de0e87a4d2dc67edb639,challenger-sxt-36-gas,cat-b1daf1760b51191aa4cfc885,sub-88c36ec122e96e5556865777,,CATEGORY_INDEX,,,https://www.moparamerica.com/v-2017-dodge-challenger--sxt--3-6l-v6-gas/interior-trim--consoles,https://r.jina.ai/http://www.moparamerica.com/v-2017-dodge-challenger--sxt--3-6l-v6-gas/interior-trim--consoles,1,NOT_STARTED,,,,,,,0,,0,0,,"{""ordinal"": 134}"
leaf-0f2cdeb2c3b7fb15fc6b22ba,challenger-sxt-36-gas,cat-b1daf1760b51191aa4cfc885,sub-3e49cbbb2929d295ce9446d1,,CATEGORY_INDEX,,,https://www.moparamerica.com/v-2017-dodge-challenger--sxt--3-6l-v6-gas/interior-trim--door-trim-panels-front-and-rear,https://r.jina.ai/http://www.moparamerica.com/v-2017-dodge-challenger--sxt--3-6l-v6-gas/interior-trim--door-trim-panels-front-and-rear,1,NOT_STARTED,,,,,,,0,,0,0,,"{""ordinal"": 135}"
leaf-bc00a13601f2dd35cee5c597,challenger-sxt-36-gas,cat-b1daf1760b51191aa4cfc885,sub-53221d7b3473da3a42459d07,,CATEGORY_INDEX,,,https://www.moparamerica.com/v-2017-dodge-challenger--sxt--3-6l-v6-gas/interior-trim--front-seats-adjusters-recliners-shields-and-risers,https://r.jina.ai/http://www.moparamerica.com/v-2017-dodge-challenger--sxt--3-6l-v6-gas/interior-trim--front-seats-adjusters-recliners-shields-and-risers,1,NOT_STARTED,,,,,,,0,,0,0,,"{""ordinal"": 136}"
leaf-9e3b1062f789057420e43721,challenger-sxt-36-gas,cat-b1daf1760b51191aa4cfc885,sub-05d7483b4a52e4b06d4a9c22,,CATEGORY_INDEX,,,https://www.moparamerica.com/v-2017-dodge-challenger--sxt--3-6l-v6-gas/interior-trim--front-seats-first-row,https://r.jina.ai/http://www.moparamerica.com/v-2017-dodge-challenger--sxt--3-6l-v6-gas/interior-trim--front-seats-first-row,1,NOT_STARTED,,,,,,,0,,0,0,,"{""ordinal"": 137}"
leaf-b50fab54f73b3c52b3faf4cf,challenger-sxt-36-gas,cat-b1daf1760b51191aa4cfc885,sub-cb8450f5c75570d38bb480a4,,CATEGORY_INDEX,,,https://www.moparamerica.com/v-2017-dodge-challenger--sxt--3-6l-v6-gas/interior-trim--headliners-visors-assist-straps,https://r.jina.ai/http://www.moparamerica.com/v-2017-dodge-challenger--sxt--3-6l-v6-gas/interior-trim--headliners-visors-assist-straps,1,NOT_STARTED,,,,,,,0,,0,0,,"{""ordinal"": 138}"
leaf-ac1234b78be54a934054e451,challenger-sxt-36-gas,cat-b1daf1760b51191aa4cfc885,sub-46e97c269ffe9b8712d25cc2,,CATEGORY_INDEX,,,https://www.moparamerica.com/v-2017-dodge-challenger--sxt--3-6l-v6-gas/interior-trim--instrument-panel,https://r.jina.ai/http://www.moparamerica.com/v-2017-dodge-challenger--sxt--3-6l-v6-gas/interior-trim--instrument-panel,1,NOT_STARTED,,,,,,,0,,0,0,,"{""ordinal"": 139}"
leaf-81dcf3727811f7113f3182a5,challenger-sxt-36-gas,cat-b1daf1760b51191aa4cfc885,sub-f004fd3c48a37fa80b6447a2,,CATEGORY_INDEX,,,https://www.moparamerica.com/v-2017-dodge-challenger--sxt--3-6l-v6-gas/interior-trim--panels-moldings-scuff-plates-pillar-cowl-1-4-panel-trim-and-cargo-covers,https://r.jina.ai/http://www.moparamerica.com/v-2017-dodge-challenger--sxt--3-6l-v6-gas/interior-trim--panels-moldings-scuff-plates-pillar-cowl-1-4-panel-trim-and-cargo-covers,1,NOT_STARTED,,,,,,,0,,0,0,,"{""ordinal"": 140}"
leaf-c459f8267aee5f530eb113d4,challenger-sxt-36-gas,cat-b1daf1760b51191aa4cfc885,sub-5ee1076c8f6706235bce2075,,CATEGORY_INDEX,,,https://www.moparamerica.com/v-2017-dodge-challenger--sxt--3-6l-v6-gas/interior-trim--rear-seats-second-row,https://r.jina.ai/http://www.moparamerica.com/v-2017-dodge-challenger--sxt--3-6l-v6-gas/interior-trim--rear-seats-second-row,1,NOT_STARTED,,,,,,,0,,0,0,,"{""ordinal"": 141}"
leaf-e745d25e715f1ec1cb3a020c,challenger-sxt-36-gas,cat-b1daf1760b51191aa4cfc885,sub-3c56eaeb62bf68b71da633d5,,CATEGORY_INDEX,,,https://www.moparamerica.com/v-2017-dodge-challenger--sxt--3-6l-v6-gas/interior-trim--rear-seats-second-row-adjusters-recliners-shields-and-risers,https://r.jina.ai/http://www.moparamerica.com/v-2017-dodge-challenger--sxt--3-6l-v6-gas/interior-trim--rear-seats-second-row-adjusters-recliners-shields-and-risers,1,NOT_STARTED,,,,,,,0,,0,0,,"{""ordinal"": 142}"
leaf-1e7a198e5b0dc19f15c6213c,challenger-sxt-36-gas,cat-0214c8ddfcb4e25638b84ac5,sub-ee9c717db10876f8c403e597,,CATEGORY_INDEX,,,https://www.moparamerica.com/v-2017-dodge-challenger--sxt--3-6l-v6-gas/labels--under-hood,https://r.jina.ai/http://www.moparamerica.com/v-2017-dodge-challenger--sxt--3-6l-v6-gas/labels--under-hood,1,NOT_STARTED,,,,,,,0,,0,0,,"{""ordinal"": 143}"
leaf-6f2279d701277508360a5d97,challenger-sxt-36-gas,cat-02fb31c43e82f35a6915a8a9,sub-d40361962f2b258da6b4bd17,,CATEGORY_INDEX,,,https://www.moparamerica.com/v-2017-dodge-challenger--sxt--3-6l-v6-gas/mopar-accessories-component-parts--driving-convenience,https://r.jina.ai/http://www.moparamerica.com/v-2017-dodge-challenger--sxt--3-6l-v6-gas/mopar-accessories-component-parts--driving-convenience,1,NOT_STARTED,,,,,,,0,,0,0,,"{""ordinal"": 150}"
leaf-b15480f8c389e09f336c9441,challenger-sxt-36-gas,cat-02fb31c43e82f35a6915a8a9,sub-9365a5a1c6e513453c0ccde8,,CATEGORY_INDEX,,,https://www.moparamerica.com/v-2017-dodge-challenger--sxt--3-6l-v6-gas/mopar-accessories-component-parts--exterior-appearance,https://r.jina.ai/http://www.moparamerica.com/v-2017-dodge-challenger--sxt--3-6l-v6-gas/mopar-accessories-component-parts--exterior-appearance,1,NOT_STARTED,,,,,,,0,,0,0,,"{""ordinal"": 151}"
leaf-4f06ebfc39477912596ae96e,challenger-sxt-36-gas,cat-02fb31c43e82f35a6915a8a9,sub-4272e5be61b9cc5de4c59fc5,,CATEGORY_INDEX,,,https://www.moparamerica.com/v-2017-dodge-challenger--sxt--3-6l-v6-gas/mopar-accessories-component-parts--fog-lights-and-electrical,https://r.jina.ai/http://www.moparamerica.com/v-2017-dodge-challenger--sxt--3-6l-v6-gas/mopar-accessories-component-parts--fog-lights-and-electrical,1,NOT_STARTED,,,,,,,0,,0,0,,"{""ordinal"": 152}"
leaf-ab0f03f202a382227da85ad0,challenger-sxt-36-gas,cat-02fb31c43e82f35a6915a8a9,sub-52141d5fe9151f9aeb348b4f,,CATEGORY_INDEX,,,https://www.moparamerica.com/v-2017-dodge-challenger--sxt--3-6l-v6-gas/mopar-accessories-component-parts--interior-protection,https://r.jina.ai/http://www.moparamerica.com/v-2017-dodge-challenger--sxt--3-6l-v6-gas/mopar-accessories-component-parts--interior-protection,1,NOT_STARTED,,,,,,,0,,0,0,,"{""ordinal"": 153}"
leaf-c4e157087ead3eb127ca4d85,challenger-sxt-36-gas,cat-02fb31c43e82f35a6915a8a9,sub-57ce1236de561aec29e01a1e,,CATEGORY_INDEX,,,https://www.moparamerica.com/v-2017-dodge-challenger--sxt--3-6l-v6-gas/mopar-accessories-component-parts--lighting-and-electrical-accessories,https://r.jina.ai/http://www.moparamerica.com/v-2017-dodge-challenger--sxt--3-6l-v6-gas/mopar-accessories-component-parts--lighting-and-electrical-accessories,1,NOT_STARTED,,,,,,,0,,0,0,,"{""ordinal"": 154}"
leaf-840266473cd78d0894193cee,challenger-sxt-36-gas,cat-02fb31c43e82f35a6915a8a9,sub-301c6660cc3335919ef6b0a9,,CATEGORY_INDEX,,,https://www.moparamerica.com/v-2017-dodge-challenger--sxt--3-6l-v6-gas/mopar-accessories-component-parts--powertrain,https://r.jina.ai/http://www.moparamerica.com/v-2017-dodge-challenger--sxt--3-6l-v6-gas/mopar-accessories-component-parts--powertrain,1,NOT_STARTED,,,,,,,0,,0,0,,"{""ordinal"": 155}"
leaf-1defa9c5b7713c28479833de,challenger-sxt-36-gas,cat-9691e9a1163c6f7ca6125bec,sub-fe861c0ea2fe106fea6481b9,,CATEGORY_INDEX,,,https://www.moparamerica.com/v-2017-dodge-challenger--sxt--3-6l-v6-gas/rear-suspension--rear-stabilizer,https://r.jina.ai/http://www.moparamerica.com/v-2017-dodge-challenger--sxt--3-6l-v6-gas/rear-suspension--rear-stabilizer,1,NOT_STARTED,,,,,,,0,,0,0,,"{""ordinal"": 157}"
leaf-99643b7c0288e8905c74f7f6,challenger-sxt-36-gas,cat-9691e9a1163c6f7ca6125bec,sub-25fdfc1993762e1e27bc8265,,CATEGORY_INDEX,,,https://www.moparamerica.com/v-2017-dodge-challenger--sxt--3-6l-v6-gas/rear-suspension--rear-suspension-and-cradle,https://r.jina.ai/http://www.moparamerica.com/v-2017-dodge-challenger--sxt--3-6l-v6-gas/rear-suspension--rear-suspension-and-cradle,1,NOT_STARTED,,,,,,,0,,0,0,,"{""ordinal"": 158}"
leaf-505a81b89dcba3acf718c96b,challenger-sxt-36-gas,cat-a1134ec471afcb4a988c2b2e,sub-a2d63edee359d1a3f53bce01,,CATEGORY_INDEX,,,https://www.moparamerica.com/v-2017-dodge-challenger--sxt--3-6l-v6-gas/rear-wheel-drive-differential-and-drive-line--drive-shaft,https://r.jina.ai/http://www.moparamerica.com/v-2017-dodge-challenger--sxt--3-6l-v6-gas/rear-wheel-drive-differential-and-drive-line--drive-shaft,1,NOT_STARTED,,,,,,,0,,0,0,,"{""ordinal"": 159}"
leaf-9c3e6cf40d4fa5ca4fbfdefa,challenger-sxt-36-gas,cat-a1134ec471afcb4a988c2b2e,sub-44d7ad928aae536187a86e85,,CATEGORY_INDEX,,,https://www.moparamerica.com/v-2017-dodge-challenger--sxt--3-6l-v6-gas/rear-wheel-drive-differential-and-drive-line--rear-axle-assembly,https://r.jina.ai/http://www.moparamerica.com/v-2017-dodge-challenger--sxt--3-6l-v6-gas/rear-wheel-drive-differential-and-drive-line--rear-axle-assembly,1,NOT_STARTED,,,,,,,0,,0,0,,"{""ordinal"": 160}"
leaf-798c7bd5c5b58159ddea9121,challenger-sxt-36-gas,cat-a1134ec471afcb4a988c2b2e,sub-92ba9f8be2cf7163e9572a60,,CATEGORY_INDEX,,,https://www.moparamerica.com/v-2017-dodge-challenger--sxt--3-6l-v6-gas/rear-wheel-drive-differential-and-drive-line--rear-axle-housing-differential-and-vent,https://r.jina.ai/http://www.moparamerica.com/v-2017-dodge-challenger--sxt--3-6l-v6-gas/rear-wheel-drive-differential-and-drive-line--rear-axle-housing-differential-and-vent,1,NOT_STARTED,,,,,,,0,,0,0,,"{""ordinal"": 162}"
leaf-a38a761254f060f397f8d08a,challenger-sxt-36-gas,cat-a1134ec471afcb4a988c2b2e,sub-1dda3fc8caadff5adff79993,,CATEGORY_INDEX,,,https://www.moparamerica.com/v-2017-dodge-challenger--sxt--3-6l-v6-gas/rear-wheel-drive-differential-and-drive-line--rear-axle-shafts,https://r.jina.ai/http://www.moparamerica.com/v-2017-dodge-challenger--sxt--3-6l-v6-gas/rear-wheel-drive-differential-and-drive-line--rear-axle-shafts,1,NOT_STARTED,,,,,,,0,,0,0,,"{""ordinal"": 161}"
leaf-b9b1de164d3c148cc4860d08,challenger-sxt-36-gas,cat-13ef81c230bb151f0dee76dc,sub-855b11a8cf920bb3a7f745a3,,CATEGORY_INDEX,,,https://www.moparamerica.com/v-2017-dodge-challenger--sxt--3-6l-v6-gas/restraints--air-bags,https://r.jina.ai/http://www.moparamerica.com/v-2017-dodge-challenger--sxt--3-6l-v6-gas/restraints--air-bags,1,NOT_STARTED,,,,,,,0,,0,0,,"{""ordinal"": 163}"
leaf-bac23d308786ac56ff2d3ff7,challenger-sxt-36-gas,cat-13ef81c230bb151f0dee76dc,sub-46342f0540507f080dc7e135,,CATEGORY_INDEX,,,https://www.moparamerica.com/v-2017-dodge-challenger--sxt--3-6l-v6-gas/restraints--seat-belts,https://r.jina.ai/http://www.moparamerica.com/v-2017-dodge-challenger--sxt--3-6l-v6-gas/restraints--seat-belts,1,NOT_STARTED,,,,,,,0,,0,0,,"{""ordinal"": 164}"
leaf-da7651d9227ec9354415b545,challenger-sxt-36-gas,cat-808be565f71aa0ff341b0b1c,sub-99089864ad7e833021bd8657,,CATEGORY_INDEX,,,https://www.moparamerica.com/v-2017-dodge-challenger--sxt--3-6l-v6-gas/steering--power-steering-hoses,https://r.jina.ai/http://www.moparamerica.com/v-2017-dodge-challenger--sxt--3-6l-v6-gas/steering--power-steering-hoses,1,NOT_STARTED,,,,,,,0,,0,0,,"{""ordinal"": 165}"
leaf-2dd89784b1cb69105905c70f,challenger-sxt-36-gas,cat-808be565f71aa0ff341b0b1c,sub-abb81ef50e9eb7e45ef06dc1,,CATEGORY_INDEX,,,https://www.moparamerica.com/v-2017-dodge-challenger--sxt--3-6l-v6-gas/steering--steering-column-and-intermediate-shaft,https://r.jina.ai/http://www.moparamerica.com/v-2017-dodge-challenger--sxt--3-6l-v6-gas/steering--steering-column-and-intermediate-shaft,1,NOT_STARTED,,,,,,,0,,0,0,,"{""ordinal"": 166}"
leaf-7853f3e18d32797fe7226f45,challenger-sxt-36-gas,cat-808be565f71aa0ff341b0b1c,sub-5661fda97f81a8d92959853a,,CATEGORY_INDEX,,,https://www.moparamerica.com/v-2017-dodge-challenger--sxt--3-6l-v6-gas/steering--steering-gear,https://r.jina.ai/http://www.moparamerica.com/v-2017-dodge-challenger--sxt--3-6l-v6-gas/steering--steering-gear,1,NOT_STARTED,,,,,,,0,,0,0,,"{""ordinal"": 167}"
leaf-736fc7e616f716e0a23b2b2b,challenger-sxt-36-gas,cat-808be565f71aa0ff341b0b1c,sub-ee0b704e746c10cd2bed104f,,CATEGORY_INDEX,,,https://www.moparamerica.com/v-2017-dodge-challenger--sxt--3-6l-v6-gas/steering--steering-wheel,https://r.jina.ai/http://www.moparamerica.com/v-2017-dodge-challenger--sxt--3-6l-v6-gas/steering--steering-wheel,1,NOT_STARTED,,,,,,,0,,0,0,,"{""ordinal"": 168}"
leaf-dfd7aad37f6e11a3f7c3ec8e,challenger-sxt-36-gas,cat-8d843e781e0eccc4b4890ff4,sub-3239a8f5f496cb6121ff7da3,,CATEGORY_INDEX,,,https://www.moparamerica.com/v-2017-dodge-challenger--sxt--3-6l-v6-gas/tr6060-6-speed-manual-transmission--gearshift-controls-and-related-parts,https://r.jina.ai/http://www.moparamerica.com/v-2017-dodge-challenger--sxt--3-6l-v6-gas/tr6060-6-speed-manual-transmission--gearshift-controls-and-related-parts,1,NOT_STARTED,,,,,,,0,,0,0,,"{""ordinal"": 169}"
leaf-6bd40531928f7e96c91ae7bd,challenger-sxt-36-gas,cat-8d843e781e0eccc4b4890ff4,sub-147e7718e9fb9f0dcb342f35,,CATEGORY_INDEX,,,https://www.moparamerica.com/v-2017-dodge-challenger--sxt--3-6l-v6-gas/tr6060-6-speed-manual-transmission--manual-transmission-transaxle,https://r.jina.ai/http://www.moparamerica.com/v-2017-dodge-challenger--sxt--3-6l-v6-gas/tr6060-6-speed-manual-transmission--manual-transmission-transaxle,1,NOT_STARTED,,,,,,,0,,0,0,,"{""ordinal"": 170}"
leaf-c936c7cd2930b04a16787234,challenger-sxt-36-gas,cat-8d843e781e0eccc4b4890ff4,sub-c0b16e0012244b38ccf33596,,CATEGORY_INDEX,,,https://www.moparamerica.com/v-2017-dodge-challenger--sxt--3-6l-v6-gas/tr6060-6-speed-manual-transmission--mounting-and-skid-plate,https://r.jina.ai/http://www.moparamerica.com/v-2017-dodge-challenger--sxt--3-6l-v6-gas/tr6060-6-speed-manual-transmission--mounting-and-skid-plate,1,NOT_STARTED,,,,,,,0,,0,0,,"{""ordinal"": 171}"
leaf-e6b31b220d1ca1008cd51923,challenger-sxt-36-gas,cat-7cf700a7a51d78e09521d1d9,sub-baf0cd4fffb21ef808811752,,CATEGORY_INDEX,,,https://www.moparamerica.com/v-2017-dodge-challenger--sxt--3-6l-v6-gas/wheels--emergency-kit,https://r.jina.ai/http://www.moparamerica.com/v-2017-dodge-challenger--sxt--3-6l-v6-gas/wheels--emergency-kit,1,NOT_STARTED,,,,,,,0,,0,0,,"{""ordinal"": 174}"
leaf-382ef079b2f7bbeb446d4a50,challenger-sxt-36-gas,cat-7cf700a7a51d78e09521d1d9,sub-e75e0c20175bfeaa8f8bcf76,,CATEGORY_INDEX,,,https://www.moparamerica.com/v-2017-dodge-challenger--sxt--3-6l-v6-gas/wheels--jack-stowage,https://r.jina.ai/http://www.moparamerica.com/v-2017-dodge-challenger--sxt--3-6l-v6-gas/wheels--jack-stowage,1,NOT_STARTED,,,,,,,0,,0,0,,"{""ordinal"": 175}"
leaf-89fb1aedea29af4b9d5e1e44,challenger-sxt-36-gas,cat-7cf700a7a51d78e09521d1d9,sub-3bf1f830a60ca987a3488f0c,,CATEGORY_INDEX,,,https://www.moparamerica.com/v-2017-dodge-challenger--sxt--3-6l-v6-gas/wheels--tire-monitoring-system,https://r.jina.ai/http://www.moparamerica.com/v-2017-dodge-challenger--sxt--3-6l-v6-gas/wheels--tire-monitoring-system,1,NOT_STARTED,,,,,,,0,,0,0,,"{""ordinal"": 176}"
leaf-3f0b802499e1d71b06d58faa,challenger-sxt-36-gas,cat-7cf700a7a51d78e09521d1d9,sub-3aef7d6195f591329eda0f53,,CATEGORY_INDEX,,,https://www.moparamerica.com/v-2017-dodge-challenger--sxt--3-6l-v6-gas/wheels--wheel-covers-and-center-caps,https://r.jina.ai/http://www.moparamerica.com/v-2017-dodge-challenger--sxt--3-6l-v6-gas/wheels--wheel-covers-and-center-caps,1,NOT_STARTED,,,,,,,0,,0,0,,"{""ordinal"": 177}"
leaf-0c93cbb863a41c9e43985dca,challenger-sxt-36-gas,cat-7cf700a7a51d78e09521d1d9,sub-87461c7af2cf93824b755d47,,CATEGORY_INDEX,,,https://www.moparamerica.com/v-2017-dodge-challenger--sxt--3-6l-v6-gas/wheels--wheel-spare,https://r.jina.ai/http://www.moparamerica.com/v-2017-dodge-challenger--sxt--3-6l-v6-gas/wheels--wheel-spare,1,NOT_STARTED,,,,,,,0,,0,0,,"{""ordinal"": 178}"
leaf-e0c48402cec3f2045380999c,challenger-sxt-36-gas,cat-7cf700a7a51d78e09521d1d9,sub-e64a08cb0128d2f99fc7e516,,CATEGORY_INDEX,,,https://www.moparamerica.com/v-2017-dodge-challenger--sxt--3-6l-v6-gas/wheels--wheels-tires-and-hardware,https://r.jina.ai/http://www.moparamerica.com/v-2017-dodge-challenger--sxt--3-6l-v6-gas/wheels--wheels-tires-and-hardware,1,NOT_STARTED,,,,,,,0,,0,0,,"{""ordinal"": 179}"
leaf-2bee364bb8076bce3f32b366,chrysler300-c-36-flex,cat-da59fbe882efb19a1f75ac38,sub-5f3a23e4c4aada5f67592028,,CATEGORY_INDEX,,,https://www.moparamerica.com/v-2017-chrysler-300--c--3-6l-v6-flex/3-0l-gas-engine--cylinder-block,https://r.jina.ai/http://www.moparamerica.com/v-2017-chrysler-300--c--3-6l-v6-flex/3-0l-gas-engine--cylinder-block,1,NOT_STARTED,,,,,,,0,,0,0,,"{""ordinal"": 1}"
leaf-651e564842c2846c04c1d8be,chrysler300-c-36-flex,cat-da59fbe882efb19a1f75ac38,sub-a297db650edf52c492e0dcbf,,CATEGORY_INDEX,,,https://www.moparamerica.com/v-2017-chrysler-300--c--3-6l-v6-flex/3-0l-gas-engine--cylinder-head,https://r.jina.ai/http://www.moparamerica.com/v-2017-chrysler-300--c--3-6l-v6-flex/3-0l-gas-engine--cylinder-head,1,NOT_STARTED,,,,,,,0,,0,0,,"{""ordinal"": 2}"
leaf-bf5107efee1e5815c153fee4,chrysler300-c-36-flex,cat-da59fbe882efb19a1f75ac38,sub-35ffada640036edf08fe3ea0,,CATEGORY_INDEX,,,https://www.moparamerica.com/v-2017-chrysler-300--c--3-6l-v6-flex/3-0l-gas-engine--engine-mounting,https://r.jina.ai/http://www.moparamerica.com/v-2017-chrysler-300--c--3-6l-v6-flex/3-0l-gas-engine--engine-mounting,1,NOT_STARTED,,,,,,,0,,0,0,,"{""ordinal"": 3}"
leaf-fab7dddab1944fb10d36d32d,chrysler300-c-36-flex,cat-da59fbe882efb19a1f75ac38,sub-3523d8b10c2b568e25cdd100,,CATEGORY_INDEX,,,https://www.moparamerica.com/v-2017-chrysler-300--c--3-6l-v6-flex/3-0l-gas-engine--engine-oiling-oil-pan-and-indicator-dipstick,https://r.jina.ai/http://www.moparamerica.com/v-2017-chrysler-300--c--3-6l-v6-flex/3-0l-gas-engine--engine-oiling-oil-pan-and-indicator-dipstick,1,NOT_STARTED,,,,,,,0,,0,0,,"{""ordinal"": 4}"
leaf-4334068158950524c08bc44c,chrysler300-c-36-flex,cat-da59fbe882efb19a1f75ac38,sub-ddf03682ed5c425b9ed5661e,,CATEGORY_INDEX,,,https://www.moparamerica.com/v-2017-chrysler-300--c--3-6l-v6-flex/3-0l-gas-engine--timing-belt-chain-and-cover-and-balance-shaft,https://r.jina.ai/http://www.moparamerica.com/v-2017-chrysler-300--c--3-6l-v6-flex/3-0l-gas-engine--timing-belt-chain-and-cover-and-balance-shaft,1,NOT_STARTED,,,,,,,0,,0,0,,"{""ordinal"": 5}"
leaf-6e6c14ce5d99f35fd7c98fb0,chrysler300-c-36-flex,cat-5d70d8198ee912b5c67d8899,sub-2e9c7b70e61a95eed0ba7727,,CATEGORY_INDEX,,,https://www.moparamerica.com/v-2017-chrysler-300--c--3-6l-v6-flex/3-6l-gas-engine--camshaft-and-valve,https://r.jina.ai/http://www.moparamerica.com/v-2017-chrysler-300--c--3-6l-v6-flex/3-6l-gas-engine--camshaft-and-valve,1,NOT_STARTED,,,,,,,0,,0,0,,"{""ordinal"": 6}"
leaf-cef5fb59a1b6b5feb3e377e8,chrysler300-c-36-flex,cat-5d70d8198ee912b5c67d8899,sub-8a03f388abb94f211cab71e7,,CATEGORY_INDEX,,,https://www.moparamerica.com/v-2017-chrysler-300--c--3-6l-v6-flex/3-6l-gas-engine--crankcase-ventilation,https://r.jina.ai/http://www.moparamerica.com/v-2017-chrysler-300--c--3-6l-v6-flex/3-6l-gas-engine--crankcase-ventilation,1,NOT_STARTED,,,,,,,0,,0,0,,"{""ordinal"": 7}"
leaf-54d1a49146d85c205c11624c,chrysler300-c-36-flex,cat-5d70d8198ee912b5c67d8899,sub-8d358b3dc6f5bea4d2ac5e96,,CATEGORY_INDEX,,,https://www.moparamerica.com/v-2017-chrysler-300--c--3-6l-v6-flex/3-6l-gas-engine--crankshaft-piston-drive-plate-flywheel-and-damper,https://r.jina.ai/http://www.moparamerica.com/v-2017-chrysler-300--c--3-6l-v6-flex/3-6l-gas-engine--crankshaft-piston-drive-plate-flywheel-and-damper,1,NOT_STARTED,,,,,,,0,,0,0,,"{""ordinal"": 8}"
leaf-e87f732724f87b76bb707700,chrysler300-c-36-flex,cat-5d70d8198ee912b5c67d8899,sub-5927092657cf01c60ebeefb1,,CATEGORY_INDEX,,,https://www.moparamerica.com/v-2017-chrysler-300--c--3-6l-v6-flex/3-6l-gas-engine--cylinder-block,https://r.jina.ai/http://www.moparamerica.com/v-2017-chrysler-300--c--3-6l-v6-flex/3-6l-gas-engine--cylinder-block,1,NOT_STARTED,,,,,,,0,,0,0,,"{""ordinal"": 9}"
leaf-1dc3f3c8f5d9faf264e05450,chrysler300-c-36-flex,cat-5d70d8198ee912b5c67d8899,sub-1098aa4776e1044a079af2c8,,CATEGORY_INDEX,,,https://www.moparamerica.com/v-2017-chrysler-300--c--3-6l-v6-flex/3-6l-gas-engine--cylinder-head,https://r.jina.ai/http://www.moparamerica.com/v-2017-chrysler-300--c--3-6l-v6-flex/3-6l-gas-engine--cylinder-head,1,NOT_STARTED,,,,,,,0,,0,0,,"{""ordinal"": 10}"
leaf-ec97bc938afef693226ca80d,chrysler300-c-36-flex,cat-5d70d8198ee912b5c67d8899,sub-95b9e921e18cca37d9a2e94e,,CATEGORY_INDEX,,,https://www.moparamerica.com/v-2017-chrysler-300--c--3-6l-v6-flex/3-6l-gas-engine--engine-identification-service-engines-and-engine-service-kits,https://r.jina.ai/http://www.moparamerica.com/v-2017-chrysler-300--c--3-6l-v6-flex/3-6l-gas-engine--engine-identification-service-engines-and-engine-service-kits,1,NOT_STARTED,,,,,,,0,,0,0,,"{""ordinal"": 11}"
leaf-ed29a5102e9bf3066cb4b85d,chrysler300-c-36-flex,cat-5d70d8198ee912b5c67d8899,sub-2b0201191781642fbab4d451,,CATEGORY_INDEX,,,https://www.moparamerica.com/v-2017-chrysler-300--c--3-6l-v6-flex/3-6l-gas-engine--engine-mounting,https://r.jina.ai/http://www.moparamerica.com/v-2017-chrysler-300--c--3-6l-v6-flex/3-6l-gas-engine--engine-mounting,1,NOT_STARTED,,,,,,,0,,0,0,,"{""ordinal"": 12}"
leaf-9f8ff8a3526785e66297abb0,chrysler300-c-36-flex,cat-5d70d8198ee912b5c67d8899,sub-120a5307adb694e6df07694f,,CATEGORY_INDEX,,,https://www.moparamerica.com/v-2017-chrysler-300--c--3-6l-v6-flex/3-6l-gas-engine--engine-oiling-oil-pan-and-indicator-dipstick,https://r.jina.ai/http://www.moparamerica.com/v-2017-chrysler-300--c--3-6l-v6-flex/3-6l-gas-engine--engine-oiling-oil-pan-and-indicator-dipstick,1,NOT_STARTED,,,,,,,0,,0,0,,"{""ordinal"": 13}"
leaf-feaef79831ef2703cfe0a2e6,chrysler300-c-36-flex,cat-5d70d8198ee912b5c67d8899,sub-6c91d89b6b875a32570f4295,,CATEGORY_INDEX,,,https://www.moparamerica.com/v-2017-chrysler-300--c--3-6l-v6-flex/3-6l-gas-engine--manifolds-and-vacuum-fittings,https://r.jina.ai/http://www.moparamerica.com/v-2017-chrysler-300--c--3-6l-v6-flex/3-6l-gas-engine--manifolds-and-vacuum-fittings,1,NOT_STARTED,,,,,,,0,,0,0,,"{""ordinal"": 14}"
leaf-abd8d3c1264be5a5243c09a6,chrysler300-c-36-flex,cat-5d70d8198ee912b5c67d8899,sub-35333c52b39cfde52fd824a3,,CATEGORY_INDEX,,,https://www.moparamerica.com/v-2017-chrysler-300--c--3-6l-v6-flex/3-6l-gas-engine--timing-belt-chain-and-cover-and-balance-shaft,https://r.jina.ai/http://www.moparamerica.com/v-2017-chrysler-300--c--3-6l-v6-flex/3-6l-gas-engine--timing-belt-chain-and-cover-and-balance-shaft,1,NOT_STARTED,,,,,,,0,,0,0,,"{""ordinal"": 15}"
leaf-b9f0ce155641280b2922c76d,chrysler300-c-36-flex,cat-09b00964cce2055bb5d7f4bc,sub-2d70115db0662256a853714d,,CATEGORY_INDEX,,,https://www.moparamerica.com/v-2017-chrysler-300--c--3-6l-v6-flex/5-7l-gas-engine--camshaft-and-valve,https://r.jina.ai/http://www.moparamerica.com/v-2017-chrysler-300--c--3-6l-v6-flex/5-7l-gas-engine--camshaft-and-valve,1,NOT_STARTED,,,,,,,0,,0,0,,"{""ordinal"": 16}"
leaf-7931d3e907f001e5e55ec0fa,chrysler300-c-36-flex,cat-09b00964cce2055bb5d7f4bc,sub-4e9e524537cfb4abb8761d49,,CATEGORY_INDEX,,,https://www.moparamerica.com/v-2017-chrysler-300--c--3-6l-v6-flex/5-7l-gas-engine--engine-mounting,https://r.jina.ai/http://www.moparamerica.com/v-2017-chrysler-300--c--3-6l-v6-flex/5-7l-gas-engine--engine-mounting,1,NOT_STARTED,,,,,,,0,,0,0,,"{""ordinal"": 17}"
leaf-bc6d1544ecf880e323606092,chrysler300-c-36-flex,cat-09b00964cce2055bb5d7f4bc,sub-6ae68f55816abfd9d0ada141,,CATEGORY_INDEX,,,https://www.moparamerica.com/v-2017-chrysler-300--c--3-6l-v6-flex/5-7l-gas-engine--engine-oiling-oil-pan-and-indicator-dipstick,https://r.jina.ai/http://www.moparamerica.com/v-2017-chrysler-300--c--3-6l-v6-flex/5-7l-gas-engine--engine-oiling-oil-pan-and-indicator-dipstick,1,NOT_STARTED,,,,,,,0,,0,0,,"{""ordinal"": 18}"
leaf-4575d0206585448ff55c990e,chrysler300-c-36-flex,cat-d40c7a0606cf9a6ea0a904a3,sub-e2c67b84af6dc0a68894de15,,CATEGORY_INDEX,,,https://www.moparamerica.com/v-2017-chrysler-300--c--3-6l-v6-flex/6-4l-gas-engine--camshaft-and-valve,https://r.jina.ai/http://www.moparamerica.com/v-2017-chrysler-300--c--3-6l-v6-flex/6-4l-gas-engine--camshaft-and-valve,1,NOT_STARTED,,,,,,,0,,0,0,,"{""ordinal"": 19}"
leaf-376476780850cfc9f7f4992c,chrysler300-c-36-flex,cat-d40c7a0606cf9a6ea0a904a3,sub-443e788ebc2dadcbe2f1c674,,CATEGORY_INDEX,,,https://www.moparamerica.com/v-2017-chrysler-300--c--3-6l-v6-flex/6-4l-gas-engine--engine-mounting,https://r.jina.ai/http://www.moparamerica.com/v-2017-chrysler-300--c--3-6l-v6-flex/6-4l-gas-engine--engine-mounting,1,NOT_STARTED,,,,,,,0,,0,0,,"{""ordinal"": 20}"
leaf-76edd66789e7e64daf88c4df,chrysler300-c-36-flex,cat-d40c7a0606cf9a6ea0a904a3,sub-9b827a32abcc1113689fcd13,,CATEGORY_INDEX,,,https://www.moparamerica.com/v-2017-chrysler-300--c--3-6l-v6-flex/6-4l-gas-engine--engine-oiling-oil-pan-and-indicator-dipstick,https://r.jina.ai/http://www.moparamerica.com/v-2017-chrysler-300--c--3-6l-v6-flex/6-4l-gas-engine--engine-oiling-oil-pan-and-indicator-dipstick,1,NOT_STARTED,,,,,,,0,,0,0,,"{""ordinal"": 21}"
leaf-cf7ad7d0b030c58070d1929e,chrysler300-c-36-flex,cat-cd54e78a2f423a7bac532906,sub-e2143523ebd3856d3e865f57,,CATEGORY_INDEX,,,https://www.moparamerica.com/v-2017-chrysler-300--c--3-6l-v6-flex/845re-8-speed-automatic-transmission--automatic-transmission-transaxle-and-torque-converter,https://r.jina.ai/http://www.moparamerica.com/v-2017-chrysler-300--c--3-6l-v6-flex/845re-8-speed-automatic-transmission--automatic-transmission-transaxle-and-torque-converter,1,NOT_STARTED,,,,,,,0,,0,0,,"{""ordinal"": 22}"
leaf-8890044ce3536af957af64aa,chrysler300-c-36-flex,cat-cd54e78a2f423a7bac532906,sub-91465005bfadb1d3238bd4bd,,CATEGORY_INDEX,,,https://www.moparamerica.com/v-2017-chrysler-300--c--3-6l-v6-flex/845re-8-speed-automatic-transmission--case-extension-oil-pan-and-indicator-dipstick,https://r.jina.ai/http://www.moparamerica.com/v-2017-chrysler-300--c--3-6l-v6-flex/845re-8-speed-automatic-transmission--case-extension-oil-pan-and-indicator-dipstick,1,NOT_STARTED,,,,,,,0,,0,0,,"{""ordinal"": 23}"
leaf-35e5533dae4fc9e55832ee6a,chrysler300-c-36-flex,cat-cd54e78a2f423a7bac532906,sub-6469ebdcee17b52502d0e541,,CATEGORY_INDEX,,,https://www.moparamerica.com/v-2017-chrysler-300--c--3-6l-v6-flex/845re-8-speed-automatic-transmission--gearshift-controls-and-related-parts,https://r.jina.ai/http://www.moparamerica.com/v-2017-chrysler-300--c--3-6l-v6-flex/845re-8-speed-automatic-transmission--gearshift-controls-and-related-parts,1,NOT_STARTED,,,,,,,0,,0,0,,"{""ordinal"": 24}"
leaf-6bfcb91f8dbe96d2a3808c21,chrysler300-c-36-flex,cat-cd54e78a2f423a7bac532906,sub-be4a7fc5f2c4ea169aa263f4,,CATEGORY_INDEX,,,https://www.moparamerica.com/v-2017-chrysler-300--c--3-6l-v6-flex/845re-8-speed-automatic-transmission--mounting-and-skid-plate,https://r.jina.ai/http://www.moparamerica.com/v-2017-chrysler-300--c--3-6l-v6-flex/845re-8-speed-automatic-transmission--mounting-and-skid-plate,1,NOT_STARTED,,,,,,,0,,0,0,,"{""ordinal"": 25}"
leaf-7acbbb13a569577516f46320,chrysler300-c-36-flex,cat-cd54e78a2f423a7bac532906,sub-743c17391fb4c8340b5b00c7,,CATEGORY_INDEX,,,https://www.moparamerica.com/v-2017-chrysler-300--c--3-6l-v6-flex/845re-8-speed-automatic-transmission--oil-pump,https://r.jina.ai/http://www.moparamerica.com/v-2017-chrysler-300--c--3-6l-v6-flex/845re-8-speed-automatic-transmission--oil-pump,1,NOT_STARTED,,,,,,,0,,0,0,,"{""ordinal"": 26}"
leaf-a85a44dfa527673e613e0cac,chrysler300-c-36-flex,cat-cd54e78a2f423a7bac532906,sub-46c30a6a127d979b0694c697,,CATEGORY_INDEX,,,https://www.moparamerica.com/v-2017-chrysler-300--c--3-6l-v6-flex/845re-8-speed-automatic-transmission--valve-body-accumulator-solenoid-and-parking-sprag,https://r.jina.ai/http://www.moparamerica.com/v-2017-chrysler-300--c--3-6l-v6-flex/845re-8-speed-automatic-transmission--valve-body-accumulator-solenoid-and-parking-sprag,1,NOT_STARTED,,,,,,,0,,0,0,,"{""ordinal"": 27}"
leaf-34e0ed1e4049984bade90e42,chrysler300-c-36-flex,cat-76159b70a300ceb9d25b29d4,sub-44ad7ee134af520d403dd2c3,,CATEGORY_INDEX,,,https://www.moparamerica.com/v-2017-chrysler-300--c--3-6l-v6-flex/8hp70-8-speed-automatic-transmission--automatic-transmission-transaxle-and-torque-converter,https://r.jina.ai/http://www.moparamerica.com/v-2017-chrysler-300--c--3-6l-v6-flex/8hp70-8-speed-automatic-transmission--automatic-transmission-transaxle-and-torque-converter,1,NOT_STARTED,,,,,,,0,,0,0,,"{""ordinal"": 28}"
leaf-6fbce49391b17ebbf3a9f4cb,chrysler300-c-36-flex,cat-76159b70a300ceb9d25b29d4,sub-d5cde875164ebeefa7b7918e,,CATEGORY_INDEX,,,https://www.moparamerica.com/v-2017-chrysler-300--c--3-6l-v6-flex/8hp70-8-speed-automatic-transmission--gearshift-controls-and-related-parts,https://r.jina.ai/http://www.moparamerica.com/v-2017-chrysler-300--c--3-6l-v6-flex/8hp70-8-speed-automatic-transmission--gearshift-controls-and-related-parts,1,NOT_STARTED,,,,,,,0,,0,0,,"{""ordinal"": 29}"
leaf-b0a5603b8da75cce7184d3d7,chrysler300-c-36-flex,cat-76159b70a300ceb9d25b29d4,sub-df494a4470775decfdd4a696,,CATEGORY_INDEX,,,https://www.moparamerica.com/v-2017-chrysler-300--c--3-6l-v6-flex/8hp70-8-speed-automatic-transmission--mounting-and-skid-plate,https://r.jina.ai/http://www.moparamerica.com/v-2017-chrysler-300--c--3-6l-v6-flex/8hp70-8-speed-automatic-transmission--mounting-and-skid-plate,1,NOT_STARTED,,,,,,,0,,0,0,,"{""ordinal"": 30}"
leaf-bfdaba7ff4bdaf0c09a33477,chrysler300-c-36-flex,cat-13ea9db63f64ed59a9fca71c,,,CATEGORY_INDEX,,,https://www.moparamerica.com/v-2017-chrysler-300--c--3-6l-v6-flex/accessories,https://r.jina.ai/http://www.moparamerica.com/v-2017-chrysler-300--c--3-6l-v6-flex/accessories,1,NOT_STARTED,,,,,,,0,,0,0,,"{""ordinal"": 172}"
leaf-3379f8a492874c463fa65ea0,chrysler300-c-36-flex,cat-ff2e404166e78d854f1df5f2,sub-e36a97c2fce115f33aa33d3b,,CATEGORY_INDEX,,,https://www.moparamerica.com/v-2017-chrysler-300--c--3-6l-v6-flex/accessories-audio-video-and-electronics-accessories--charging-unit,https://r.jina.ai/http://www.moparamerica.com/v-2017-chrysler-300--c--3-6l-v6-flex/accessories-audio-video-and-electronics-accessories--charging-unit,1,NOT_STARTED,,,,,,,0,,0,0,,"{""ordinal"": 42}"
leaf-27ca799253969aac010de30a,chrysler300-c-36-flex,cat-ff2e404166e78d854f1df5f2,sub-dac25b3c47c8ff97bcf7b2dc,,CATEGORY_INDEX,,,https://www.moparamerica.com/v-2017-chrysler-300--c--3-6l-v6-flex/accessories-audio-video-and-electronics-accessories--remote-start,https://r.jina.ai/http://www.moparamerica.com/v-2017-chrysler-300--c--3-6l-v6-flex/accessories-audio-video-and-electronics-accessories--remote-start,1,NOT_STARTED,,,,,,,0,,0,0,,"{""ordinal"": 43}"
leaf-dfccc17ecf5f08fc12444c40,chrysler300-c-36-flex,cat-ff2e404166e78d854f1df5f2,sub-b3202730034e5613bbc85d89,,CATEGORY_INDEX,,,https://www.moparamerica.com/v-2017-chrysler-300--c--3-6l-v6-flex/accessories-audio-video-and-electronics-accessories--security,https://r.jina.ai/http://www.moparamerica.com/v-2017-chrysler-300--c--3-6l-v6-flex/accessories-audio-video-and-electronics-accessories--security,1,NOT_STARTED,,,,,,,0,,0,0,,"{""ordinal"": 44}"
leaf-b6bb7f865d58277261522550,chrysler300-c-36-flex,cat-1351539eb3ee3cd8ed2af01d,sub-b78a2b69d74698f50d191873,,CATEGORY_INDEX,,,https://www.moparamerica.com/v-2017-chrysler-300--c--3-6l-v6-flex/accessories-exterior-accessories--air-deflectors,https://r.jina.ai/http://www.moparamerica.com/v-2017-chrysler-300--c--3-6l-v6-flex/accessories-exterior-accessories--air-deflectors,1,NOT_STARTED,,,,,,,0,,0,0,,"{""ordinal"": 95}"
leaf-af3661c6835df875a23d1c2c,chrysler300-c-36-flex,cat-1351539eb3ee3cd8ed2af01d,sub-f15fe5c329b31a9cdbac7e22,,CATEGORY_INDEX,,,https://www.moparamerica.com/v-2017-chrysler-300--c--3-6l-v6-flex/accessories-exterior-accessories--exterior-appearance,https://r.jina.ai/http://www.moparamerica.com/v-2017-chrysler-300--c--3-6l-v6-flex/accessories-exterior-accessories--exterior-appearance,1,NOT_STARTED,,,,,,,0,,0,0,,"{""ordinal"": 96}"
leaf-20b6d13120299374f69a9bda,chrysler300-c-36-flex,cat-1351539eb3ee3cd8ed2af01d,sub-799d63a82c4beb4b365b4673,,CATEGORY_INDEX,,,https://www.moparamerica.com/v-2017-chrysler-300--c--3-6l-v6-flex/accessories-exterior-accessories--license-plate,https://r.jina.ai/http://www.moparamerica.com/v-2017-chrysler-300--c--3-6l-v6-flex/accessories-exterior-accessories--license-plate,1,NOT_STARTED,,,,,,,0,,0,0,,"{""ordinal"": 97}"
leaf-2059fa27374706b9feda8374,chrysler300-c-36-flex,cat-1351539eb3ee3cd8ed2af01d,sub-df8d902f65cda88a50790212,,CATEGORY_INDEX,,,https://www.moparamerica.com/v-2017-chrysler-300--c--3-6l-v6-flex/accessories-exterior-accessories--locks,https://r.jina.ai/http://www.moparamerica.com/v-2017-chrysler-300--c--3-6l-v6-flex/accessories-exterior-accessories--locks,1,NOT_STARTED,,,,,,,0,,0,0,,"{""ordinal"": 98}"
leaf-12409e7257af780f9e48cb45,chrysler300-c-36-flex,cat-1351539eb3ee3cd8ed2af01d,sub-1124d5b0b36e493e60432092,,CATEGORY_INDEX,,,https://www.moparamerica.com/v-2017-chrysler-300--c--3-6l-v6-flex/accessories-exterior-accessories--protective-guards,https://r.jina.ai/http://www.moparamerica.com/v-2017-chrysler-300--c--3-6l-v6-flex/accessories-exterior-accessories--protective-guards,1,NOT_STARTED,,,,,,,0,,0,0,,"{""ordinal"": 99}"
leaf-8c2947e5b041b42819cc1900,chrysler300-c-36-flex,cat-1351539eb3ee3cd8ed2af01d,sub-6fab5fa541a9023a69d8d1fa,,CATEGORY_INDEX,,,https://www.moparamerica.com/v-2017-chrysler-300--c--3-6l-v6-flex/accessories-exterior-accessories--splash-guards,https://r.jina.ai/http://www.moparamerica.com/v-2017-chrysler-300--c--3-6l-v6-flex/accessories-exterior-accessories--splash-guards,1,NOT_STARTED,,,,,,,0,,0,0,,"{""ordinal"": 100}"
leaf-944e96c72adbd9f8da6d9963,chrysler300-c-36-flex,cat-1351539eb3ee3cd8ed2af01d,sub-f24341bfe13bcfb83bc6fdcf,,CATEGORY_INDEX,,,https://www.moparamerica.com/v-2017-chrysler-300--c--3-6l-v6-flex/accessories-exterior-accessories--wheels,https://r.jina.ai/http://www.moparamerica.com/v-2017-chrysler-300--c--3-6l-v6-flex/accessories-exterior-accessories--wheels,1,NOT_STARTED,,,,,,,0,,0,0,,"{""ordinal"": 101}"
leaf-12d027fc85040855f3efd68f,chrysler300-c-36-flex,cat-5c7b8d4ff7717194fbd0636a,sub-9afb186395164390ea2f9b39,,CATEGORY_INDEX,,,https://www.moparamerica.com/v-2017-chrysler-300--c--3-6l-v6-flex/accessories-interior-accessories--air-purification,https://r.jina.ai/http://www.moparamerica.com/v-2017-chrysler-300--c--3-6l-v6-flex/accessories-interior-accessories--air-purification,1,NOT_STARTED,,,,,,,0,,0,0,,"{""ordinal"": 119}"
leaf-13d7a9ff00e8fa4974af89ad,chrysler300-c-36-flex,cat-5c7b8d4ff7717194fbd0636a,sub-75cce61534186004b24db713,,CATEGORY_INDEX,,,https://www.moparamerica.com/v-2017-chrysler-300--c--3-6l-v6-flex/accessories-interior-accessories--cargo-trays-and-mats,https://r.jina.ai/http://www.moparamerica.com/v-2017-chrysler-300--c--3-6l-v6-flex/accessories-interior-accessories--cargo-trays-and-mats,1,NOT_STARTED,,,,,,,0,,0,0,,"{""ordinal"": 120}"
leaf-cadfbbd38cbc255f70b1b733,chrysler300-c-36-flex,cat-5c7b8d4ff7717194fbd0636a,sub-931dd06e35a26b67e4e09267,,CATEGORY_INDEX,,,https://www.moparamerica.com/v-2017-chrysler-300--c--3-6l-v6-flex/accessories-interior-accessories--floor-mats,https://r.jina.ai/http://www.moparamerica.com/v-2017-chrysler-300--c--3-6l-v6-flex/accessories-interior-accessories--floor-mats,1,NOT_STARTED,,,,,,,0,,0,0,,"{""ordinal"": 121}"
leaf-c8cc516a7ca201e8c84a1f83,chrysler300-c-36-flex,cat-5c7b8d4ff7717194fbd0636a,sub-e3a39ee5986b61ec763f3a55,,CATEGORY_INDEX,,,https://www.moparamerica.com/v-2017-chrysler-300--c--3-6l-v6-flex/accessories-interior-accessories--interior-appearance,https://r.jina.ai/http://www.moparamerica.com/v-2017-chrysler-300--c--3-6l-v6-flex/accessories-interior-accessories--interior-appearance,1,NOT_STARTED,,,,,,,0,,0,0,,"{""ordinal"": 122}"
leaf-3cfb2936bce1211acdeb6b69,chrysler300-c-36-flex,cat-9f8bbdc163d32a2bde6be6e8,sub-5f9db9a4a7e4ac226adf25d8,,CATEGORY_INDEX,,,https://www.moparamerica.com/v-2017-chrysler-300--c--3-6l-v6-flex/accessories-lifestyle-and-off-road-accessories--safety-kits,https://r.jina.ai/http://www.moparamerica.com/v-2017-chrysler-300--c--3-6l-v6-flex/accessories-lifestyle-and-off-road-accessories--safety-kits,1,NOT_STARTED,,,,,,,0,,0,0,,"{""ordinal"": 136}"
leaf-c02b3dd06fd25cca02895874,chrysler300-c-36-flex,cat-8836072b34609c50e8cdd613,sub-3d567a038b747c00d57f8805,,CATEGORY_INDEX,,,https://www.moparamerica.com/v-2017-chrysler-300--c--3-6l-v6-flex/accessories-lighting-and-electrical-accessories--charging-unit,https://r.jina.ai/http://www.moparamerica.com/v-2017-chrysler-300--c--3-6l-v6-flex/accessories-lighting-and-electrical-accessories--charging-unit,1,NOT_STARTED,,,,,,,0,,0,0,,"{""ordinal"": 137}"
leaf-7ab0775d2a099559f737dc31,chrysler300-c-36-flex,cat-99feb7b4746eac55002c64bb,sub-e086606d0687904de0affbd7,,CATEGORY_INDEX,,,https://www.moparamerica.com/v-2017-chrysler-300--c--3-6l-v6-flex/accessories-modern-performance--engine-parts,https://r.jina.ai/http://www.moparamerica.com/v-2017-chrysler-300--c--3-6l-v6-flex/accessories-modern-performance--engine-parts,1,NOT_STARTED,,,,,,,0,,0,0,,"{""ordinal"": 138}"
leaf-a177ffaf995d18e40431436b,chrysler300-c-36-flex,cat-99feb7b4746eac55002c64bb,sub-dcf37ac1d5c56953f324fe0c,,CATEGORY_INDEX,,,https://www.moparamerica.com/v-2017-chrysler-300--c--3-6l-v6-flex/accessories-modern-performance--intake-and-air,https://r.jina.ai/http://www.moparamerica.com/v-2017-chrysler-300--c--3-6l-v6-flex/accessories-modern-performance--intake-and-air,1,NOT_STARTED,,,,,,,0,,0,0,,"{""ordinal"": 139}"
leaf-28e7a1323ba3d43f5c8088fc,chrysler300-c-36-flex,cat-99feb7b4746eac55002c64bb,sub-e1892bf2d4859557034de006,,CATEGORY_INDEX,,,https://www.moparamerica.com/v-2017-chrysler-300--c--3-6l-v6-flex/accessories-modern-performance--suspension,https://r.jina.ai/http://www.moparamerica.com/v-2017-chrysler-300--c--3-6l-v6-flex/accessories-modern-performance--suspension,1,NOT_STARTED,,,,,,,0,,0,0,,"{""ordinal"": 140}"
leaf-fce25dbfb714ad6a9c48db80,chrysler300-c-36-flex,cat-85a37965a9a30c32e8dd9f3b,sub-52cf4c6b34c326781955f856,,CATEGORY_INDEX,,,https://www.moparamerica.com/v-2017-chrysler-300--c--3-6l-v6-flex/accessories-performance--brakes,https://r.jina.ai/http://www.moparamerica.com/v-2017-chrysler-300--c--3-6l-v6-flex/accessories-performance--brakes,1,NOT_STARTED,,,,,,,0,,0,0,,"{""ordinal"": 147}"
leaf-31d689c313161fe2b2ba9d52,chrysler300-c-36-flex,cat-85a37965a9a30c32e8dd9f3b,sub-81831495b4023ac8dc40ba4e,,CATEGORY_INDEX,,,https://www.moparamerica.com/v-2017-chrysler-300--c--3-6l-v6-flex/accessories-performance--performance-packages,https://r.jina.ai/http://www.moparamerica.com/v-2017-chrysler-300--c--3-6l-v6-flex/accessories-performance--performance-packages,1,NOT_STARTED,,,,,,,0,,0,0,,"{""ordinal"": 148}"
leaf-19fc5ff846578dfa6f683afa,chrysler300-c-36-flex,cat-472da7d9ca2d62f41b62e6dd,sub-02d25aa64309830def4a5e78,,CATEGORY_INDEX,,,https://www.moparamerica.com/v-2017-chrysler-300--c--3-6l-v6-flex/accessories-vehicle-care-products--mopar,https://r.jina.ai/http://www.moparamerica.com/v-2017-chrysler-300--c--3-6l-v6-flex/accessories-vehicle-care-products--mopar,1,NOT_STARTED,,,,,,,0,,0,0,,"{""ordinal"": 163}"
leaf-94ce06d5c3c0a374ae4c9135,chrysler300-c-36-flex,cat-472da7d9ca2d62f41b62e6dd,sub-c8411538ad1a7a3ef371a601,,CATEGORY_INDEX,,,https://www.moparamerica.com/v-2017-chrysler-300--c--3-6l-v6-flex/accessories-vehicle-care-products--touch-up-paint,https://r.jina.ai/http://www.moparamerica.com/v-2017-chrysler-300--c--3-6l-v6-flex/accessories-vehicle-care-products--touch-up-paint,1,NOT_STARTED,,,,,,,0,,0,0,,"{""ordinal"": 164}"
leaf-99c2e634814eff219ee408c9,chrysler300-c-36-flex,cat-5bc104a47557eaf731ad49ca,sub-abb4aef893921a23ef0c03b7,,CATEGORY_INDEX,,,https://www.moparamerica.com/v-2017-chrysler-300--c--3-6l-v6-flex/air-conditioners-and-heaters--air-conditioner-and-heater-controls,https://r.jina.ai/http://www.moparamerica.com/v-2017-chrysler-300--c--3-6l-v6-flex/air-conditioners-and-heaters--air-conditioner-and-heater-controls,1,NOT_STARTED,,,,,,,0,,0,0,,"{""ordinal"": 31}"
leaf-822388f8c6fdcad357f55eb3,chrysler300-c-36-flex,cat-5bc104a47557eaf731ad49ca,sub-fb14b106f40cc6506880a89f,,CATEGORY_INDEX,,,https://www.moparamerica.com/v-2017-chrysler-300--c--3-6l-v6-flex/air-conditioners-and-heaters--air-conditioner-and-heater-plumbing,https://r.jina.ai/http://www.moparamerica.com/v-2017-chrysler-300--c--3-6l-v6-flex/air-conditioners-and-heaters--air-conditioner-and-heater-plumbing,1,NOT_STARTED,,,,,,,0,,0,0,,"{""ordinal"": 32}"
leaf-496e9eba95e1e923f5e3f6e6,chrysler300-c-36-flex,cat-5bc104a47557eaf731ad49ca,sub-d1c33e6235dfe6efe3ce8607,,CATEGORY_INDEX,,,https://www.moparamerica.com/v-2017-chrysler-300--c--3-6l-v6-flex/air-conditioners-and-heaters--air-conditioner-and-heater-units,https://r.jina.ai/http://www.moparamerica.com/v-2017-chrysler-300--c--3-6l-v6-flex/air-conditioners-and-heaters--air-conditioner-and-heater-units,1,NOT_STARTED,,,,,,,0,,0,0,,"{""ordinal"": 33}"
leaf-3086f15d7820997817c9d31b,chrysler300-c-36-flex,cat-5bc104a47557eaf731ad49ca,sub-acba04483a14a537bb7ee0aa,,CATEGORY_INDEX,,,https://www.moparamerica.com/v-2017-chrysler-300--c--3-6l-v6-flex/air-conditioners-and-heaters--air-conditioner-compressor-and-mounting,https://r.jina.ai/http://www.moparamerica.com/v-2017-chrysler-300--c--3-6l-v6-flex/air-conditioners-and-heaters--air-conditioner-compressor-and-mounting,1,NOT_STARTED,,,,,,,0,,0,0,,"{""ordinal"": 34}"
leaf-668ba4abd16c11ef85982874,chrysler300-c-36-flex,cat-5bc104a47557eaf731ad49ca,sub-ba575b85dcb3e93b0c7e24a3,,CATEGORY_INDEX,,,https://www.moparamerica.com/v-2017-chrysler-300--c--3-6l-v6-flex/air-conditioners-and-heaters--air-ducts,https://r.jina.ai/http://www.moparamerica.com/v-2017-chrysler-300--c--3-6l-v6-flex/air-conditioners-and-heaters--air-ducts,1,NOT_STARTED,,,,,,,0,,0,0,,"{""ordinal"": 35}"
leaf-dc0aef81a80a5e234e2cfa3c,chrysler300-c-36-flex,cat-f4019fa9885e2d9f9729dc64,sub-a66a6813e87664c4cf1eb297,,CATEGORY_INDEX,,,https://www.moparamerica.com/v-2017-chrysler-300--c--3-6l-v6-flex/all-wheel-drive-differential-and-drive-line--drive-shaft,https://r.jina.ai/http://www.moparamerica.com/v-2017-chrysler-300--c--3-6l-v6-flex/all-wheel-drive-differential-and-drive-line--drive-shaft,1,NOT_STARTED,,,,,,,0,,0,0,,"{""ordinal"": 36}"
leaf-daf53dcbf480af976c2bb6bf,chrysler300-c-36-flex,cat-f4019fa9885e2d9f9729dc64,sub-55545853fd19201ca50cbe0e,,CATEGORY_INDEX,,,https://www.moparamerica.com/v-2017-chrysler-300--c--3-6l-v6-flex/all-wheel-drive-differential-and-drive-line--front-axle-assembly,https://r.jina.ai/http://www.moparamerica.com/v-2017-chrysler-300--c--3-6l-v6-flex/all-wheel-drive-differential-and-drive-line--front-axle-assembly,1,NOT_STARTED,,,,,,,0,,0,0,,"{""ordinal"": 37}"
leaf-ead2ab6516b898825255a5ef,chrysler300-c-36-flex,cat-f4019fa9885e2d9f9729dc64,sub-0cb7dbf729016eb7a6f4924d,,CATEGORY_INDEX,,,https://www.moparamerica.com/v-2017-chrysler-300--c--3-6l-v6-flex/all-wheel-drive-differential-and-drive-line--front-axle-drive-shafts,https://r.jina.ai/http://www.moparamerica.com/v-2017-chrysler-300--c--3-6l-v6-flex/all-wheel-drive-differential-and-drive-line--front-axle-drive-shafts,1,NOT_STARTED,,,,,,,0,,0,0,,"{""ordinal"": 38}"
leaf-9c3b130dab17c02889c60565,chrysler300-c-36-flex,cat-f4019fa9885e2d9f9729dc64,sub-f94f4c9724963f1f26ee15a7,,CATEGORY_INDEX,,,https://www.moparamerica.com/v-2017-chrysler-300--c--3-6l-v6-flex/all-wheel-drive-differential-and-drive-line--rear-axle-assembly,https://r.jina.ai/http://www.moparamerica.com/v-2017-chrysler-300--c--3-6l-v6-flex/all-wheel-drive-differential-and-drive-line--rear-axle-assembly,1,NOT_STARTED,,,,,,,0,,0,0,,"{""ordinal"": 39}"
leaf-b75eac34e4bb655f5fbfbd3e,chrysler300-c-36-flex,cat-f4019fa9885e2d9f9729dc64,sub-012762c65cb7a0e49d285f01,,CATEGORY_INDEX,,,https://www.moparamerica.com/v-2017-chrysler-300--c--3-6l-v6-flex/all-wheel-drive-differential-and-drive-line--rear-axle-housing-differential-and-vent,https://r.jina.ai/http://www.moparamerica.com/v-2017-chrysler-300--c--3-6l-v6-flex/all-wheel-drive-differential-and-drive-line--rear-axle-housing-differential-and-vent,1,NOT_STARTED,,,,,,,0,,0,0,,"{""ordinal"": 41}"
leaf-87ee3f671e9ed952cd4f2835,chrysler300-c-36-flex,cat-f4019fa9885e2d9f9729dc64,sub-de4a90e593fdd02b8cfde2d6,,CATEGORY_INDEX,,,https://www.moparamerica.com/v-2017-chrysler-300--c--3-6l-v6-flex/all-wheel-drive-differential-and-drive-line--rear-axle-shafts,https://r.jina.ai/http://www.moparamerica.com/v-2017-chrysler-300--c--3-6l-v6-flex/all-wheel-drive-differential-and-drive-line--rear-axle-shafts,1,NOT_STARTED,,,,,,,0,,0,0,,"{""ordinal"": 40}"
leaf-4970259fa72dae038bb26a67,chrysler300-c-36-flex,cat-5042c1f52b42c17861923815,,,CATEGORY_INDEX,,,https://www.moparamerica.com/v-2017-chrysler-300--c--3-6l-v6-flex/auto-parts,https://r.jina.ai/http://www.moparamerica.com/v-2017-chrysler-300--c--3-6l-v6-flex/auto-parts,1,NOT_STARTED,,,,,,,0,,0,0,,"{""ordinal"": 171}"
leaf-ce8fa1aa97a926010fa2ae3a,chrysler300-c-36-flex,cat-e4e8ec3776341c9efdfe4cd8,sub-b89c27f66d471654727a8930,,CATEGORY_INDEX,,,https://www.moparamerica.com/v-2017-chrysler-300--c--3-6l-v6-flex/body-sheet-metal-except-doors--aperture-panel-and-pillar-supports,https://r.jina.ai/http://www.moparamerica.com/v-2017-chrysler-300--c--3-6l-v6-flex/body-sheet-metal-except-doors--aperture-panel-and-pillar-supports,1,NOT_STARTED,,,,,,,0,,0,0,,"{""ordinal"": 45}"
leaf-1c0d7e0911d4ff7a4795d603,chrysler300-c-36-flex,cat-e4e8ec3776341c9efdfe4cd8,sub-8642d90a99101df0fddfef5f,,CATEGORY_INDEX,,,https://www.moparamerica.com/v-2017-chrysler-300--c--3-6l-v6-flex/body-sheet-metal-except-doors--cowl-and-dash-panel,https://r.jina.ai/http://www.moparamerica.com/v-2017-chrysler-300--c--3-6l-v6-flex/body-sheet-metal-except-doors--cowl-and-dash-panel,1,NOT_STARTED,,,,,,,0,,0,0,,"{""ordinal"": 46}"
leaf-fd8f74e8dad8b68dc6cef9b4,chrysler300-c-36-flex,cat-e4e8ec3776341c9efdfe4cd8,sub-92989ee4d31d8901c21ac3c6,,CATEGORY_INDEX,,,https://www.moparamerica.com/v-2017-chrysler-300--c--3-6l-v6-flex/body-sheet-metal-except-doors--deck-lid,https://r.jina.ai/http://www.moparamerica.com/v-2017-chrysler-300--c--3-6l-v6-flex/body-sheet-metal-except-doors--deck-lid,1,NOT_STARTED,,,,,,,0,,0,0,,"{""ordinal"": 47}"
leaf-48ca7e0c65a9c7a3cd75192f,chrysler300-c-36-flex,cat-e4e8ec3776341c9efdfe4cd8,sub-e82a91b0c5da15724fe3ae1a,,CATEGORY_INDEX,,,https://www.moparamerica.com/v-2017-chrysler-300--c--3-6l-v6-flex/body-sheet-metal-except-doors--fenders,https://r.jina.ai/http://www.moparamerica.com/v-2017-chrysler-300--c--3-6l-v6-flex/body-sheet-metal-except-doors--fenders,1,NOT_STARTED,,,,,,,0,,0,0,,"{""ordinal"": 48}"
leaf-baa1076ba36c9ed4caecedca,chrysler300-c-36-flex,cat-e4e8ec3776341c9efdfe4cd8,sub-2dfeb5aa1c32e98d9a238286,,CATEGORY_INDEX,,,https://www.moparamerica.com/v-2017-chrysler-300--c--3-6l-v6-flex/body-sheet-metal-except-doors--floor-pans,https://r.jina.ai/http://www.moparamerica.com/v-2017-chrysler-300--c--3-6l-v6-flex/body-sheet-metal-except-doors--floor-pans,1,NOT_STARTED,,,,,,,0,,0,0,,"{""ordinal"": 49}"
leaf-f8767b3faa4fcc4e74ca4ad4,chrysler300-c-36-flex,cat-e4e8ec3776341c9efdfe4cd8,sub-5dcb6b06af8fd0f58848f850,,CATEGORY_INDEX,,,https://www.moparamerica.com/v-2017-chrysler-300--c--3-6l-v6-flex/body-sheet-metal-except-doors--hood-and-hood-release,https://r.jina.ai/http://www.moparamerica.com/v-2017-chrysler-300--c--3-6l-v6-flex/body-sheet-metal-except-doors--hood-and-hood-release,1,NOT_STARTED,,,,,,,0,,0,0,,"{""ordinal"": 50}"
leaf-5fdb86e6a008d089aa35a33b,chrysler300-c-36-flex,cat-e4e8ec3776341c9efdfe4cd8,sub-bd399a497511b0fb89876168,,CATEGORY_INDEX,,,https://www.moparamerica.com/v-2017-chrysler-300--c--3-6l-v6-flex/body-sheet-metal-except-doors--pick-up-box-and-fuel-filler-door,https://r.jina.ai/http://www.moparamerica.com/v-2017-chrysler-300--c--3-6l-v6-flex/body-sheet-metal-except-doors--pick-up-box-and-fuel-filler-door,1,NOT_STARTED,,,,,,,0,,0,0,,"{""ordinal"": 51}"
leaf-298bcbc2852ffbf19ae0bbd0,chrysler300-c-36-flex,cat-e4e8ec3776341c9efdfe4cd8,sub-b06907f5dd55aa53642a71ec,,CATEGORY_INDEX,,,https://www.moparamerica.com/v-2017-chrysler-300--c--3-6l-v6-flex/body-sheet-metal-except-doors--plugs,https://r.jina.ai/http://www.moparamerica.com/v-2017-chrysler-300--c--3-6l-v6-flex/body-sheet-metal-except-doors--plugs,1,NOT_STARTED,,,,,,,0,,0,0,,"{""ordinal"": 52}"
leaf-86e237e4a87ee0445b2618d7,chrysler300-c-36-flex,cat-e4e8ec3776341c9efdfe4cd8,sub-9d55a086048f576823bfdf70,,CATEGORY_INDEX,,,https://www.moparamerica.com/v-2017-chrysler-300--c--3-6l-v6-flex/body-sheet-metal-except-doors--roof,https://r.jina.ai/http://www.moparamerica.com/v-2017-chrysler-300--c--3-6l-v6-flex/body-sheet-metal-except-doors--roof,1,NOT_STARTED,,,,,,,0,,0,0,,"{""ordinal"": 53}"
leaf-d4ec11550bc3c5d1f4596d3c,chrysler300-c-36-flex,cat-e4e8ec3776341c9efdfe4cd8,sub-8371bb758742bb58da744867,,CATEGORY_INDEX,,,https://www.moparamerica.com/v-2017-chrysler-300--c--3-6l-v6-flex/body-sheet-metal-except-doors--shelf-panel,https://r.jina.ai/http://www.moparamerica.com/v-2017-chrysler-300--c--3-6l-v6-flex/body-sheet-metal-except-doors--shelf-panel,1,NOT_STARTED,,,,,,,0,,0,0,,"{""ordinal"": 54}"
leaf-1a0dc0021613582900f6f104,chrysler300-c-36-flex,cat-e4e8ec3776341c9efdfe4cd8,sub-2a275dc199dc81e6888ff9c5,,CATEGORY_INDEX,,,https://www.moparamerica.com/v-2017-chrysler-300--c--3-6l-v6-flex/body-sheet-metal-except-doors--sunroof,https://r.jina.ai/http://www.moparamerica.com/v-2017-chrysler-300--c--3-6l-v6-flex/body-sheet-metal-except-doors--sunroof,1,NOT_STARTED,,,,,,,0,,0,0,,"{""ordinal"": 55}"
leaf-41e60f4f73f7be47e32ad624,chrysler300-c-36-flex,cat-c5c36100630d8ccf1a2f4bc3,sub-515eae24c31b6d683ca2a034,,CATEGORY_INDEX,,,https://www.moparamerica.com/v-2017-chrysler-300--c--3-6l-v6-flex/brakes--brake-master-cylinder,https://r.jina.ai/http://www.moparamerica.com/v-2017-chrysler-300--c--3-6l-v6-flex/brakes--brake-master-cylinder,1,NOT_STARTED,,,,,,,0,,0,0,,"{""ordinal"": 56}"
leaf-0588626bd8e042c7d26259e6,chrysler300-c-36-flex,cat-c5c36100630d8ccf1a2f4bc3,sub-9b69917d9aba23dc0204b96c,,CATEGORY_INDEX,,,https://www.moparamerica.com/v-2017-chrysler-300--c--3-6l-v6-flex/brakes--brake-pedals,https://r.jina.ai/http://www.moparamerica.com/v-2017-chrysler-300--c--3-6l-v6-flex/brakes--brake-pedals,1,NOT_STARTED,,,,,,,0,,0,0,,"{""ordinal"": 57}"
leaf-1effbb1a61ab6ef7b028ed8a,chrysler300-c-36-flex,cat-c5c36100630d8ccf1a2f4bc3,sub-c1e1c106abb6dcf12d8e1f1a,,CATEGORY_INDEX,,,https://www.moparamerica.com/v-2017-chrysler-300--c--3-6l-v6-flex/brakes--front-brakes,https://r.jina.ai/http://www.moparamerica.com/v-2017-chrysler-300--c--3-6l-v6-flex/brakes--front-brakes,1,NOT_STARTED,,,,,,,0,,0,0,,"{""ordinal"": 58}"
leaf-bf256174d841f6505160b368,chrysler300-c-36-flex,cat-c5c36100630d8ccf1a2f4bc3,sub-d60e9224d5fd91e0447970a1,,CATEGORY_INDEX,,,https://www.moparamerica.com/v-2017-chrysler-300--c--3-6l-v6-flex/brakes--hydraulic-control-unit-brake-tubes-and-hoses,https://r.jina.ai/http://www.moparamerica.com/v-2017-chrysler-300--c--3-6l-v6-flex/brakes--hydraulic-control-unit-brake-tubes-and-hoses,1,NOT_STARTED,,,,,,,0,,0,0,,"{""ordinal"": 59}"
leaf-a45f07d91fc0419fc8087c29,chrysler300-c-36-flex,cat-c5c36100630d8ccf1a2f4bc3,sub-921b00d20949a2aca696cd9b,,CATEGORY_INDEX,,,https://www.moparamerica.com/v-2017-chrysler-300--c--3-6l-v6-flex/brakes--parking-brake-lever-cables-and-rear-disc-park-brake-assembly,https://r.jina.ai/http://www.moparamerica.com/v-2017-chrysler-300--c--3-6l-v6-flex/brakes--parking-brake-lever-cables-and-rear-disc-park-brake-assembly,1,NOT_STARTED,,,,,,,0,,0,0,,"{""ordinal"": 60}"
leaf-c4478711c0aac6520220f0dd,chrysler300-c-36-flex,cat-c5c36100630d8ccf1a2f4bc3,sub-21efa642b0bd0a84aeb7919f,,CATEGORY_INDEX,,,https://www.moparamerica.com/v-2017-chrysler-300--c--3-6l-v6-flex/brakes--power-brake-booster,https://r.jina.ai/http://www.moparamerica.com/v-2017-chrysler-300--c--3-6l-v6-flex/brakes--power-brake-booster,1,NOT_STARTED,,,,,,,0,,0,0,,"{""ordinal"": 61}"
leaf-08e08b4e4771a9aed76ad291,chrysler300-c-36-flex,cat-c5c36100630d8ccf1a2f4bc3,sub-7c35d7ab1de2df5956fbeb80,,CATEGORY_INDEX,,,https://www.moparamerica.com/v-2017-chrysler-300--c--3-6l-v6-flex/brakes--rear-brakes,https://r.jina.ai/http://www.moparamerica.com/v-2017-chrysler-300--c--3-6l-v6-flex/brakes--rear-brakes,1,NOT_STARTED,,,,,,,0,,0,0,,"{""ordinal"": 62}"
leaf-bc2f379a17b24316b175c14a,chrysler300-c-36-flex,cat-a540ca2f57ef3657330e4ed5,sub-ade0db77138d4f10426a9c64,,CATEGORY_INDEX,,,https://www.moparamerica.com/v-2017-chrysler-300--c--3-6l-v6-flex/cooling--drive-belts,https://r.jina.ai/http://www.moparamerica.com/v-2017-chrysler-300--c--3-6l-v6-flex/cooling--drive-belts,1,NOT_STARTED,,,,,,,0,,0,0,,"{""ordinal"": 63}"
leaf-ad9ddf97b935cac4b31bc2bf,chrysler300-c-36-flex,cat-a540ca2f57ef3657330e4ed5,sub-4932b7b3787cd2b3e3142f80,,CATEGORY_INDEX,,,https://www.moparamerica.com/v-2017-chrysler-300--c--3-6l-v6-flex/cooling--engine-coolant-reservoir-bottle,https://r.jina.ai/http://www.moparamerica.com/v-2017-chrysler-300--c--3-6l-v6-flex/cooling--engine-coolant-reservoir-bottle,1,NOT_STARTED,,,,,,,0,,0,0,,"{""ordinal"": 64}"
leaf-078bff1114a3e6ad1bdfca2b,chrysler300-c-36-flex,cat-a540ca2f57ef3657330e4ed5,sub-c4e42bf80240c2d5fbb501d3,,CATEGORY_INDEX,,,https://www.moparamerica.com/v-2017-chrysler-300--c--3-6l-v6-flex/cooling--pulleys-and-related-parts,https://r.jina.ai/http://www.moparamerica.com/v-2017-chrysler-300--c--3-6l-v6-flex/cooling--pulleys-and-related-parts,1,NOT_STARTED,,,,,,,0,,0,0,,"{""ordinal"": 65}"
leaf-8d9ffa9c81666e4148106b71,chrysler300-c-36-flex,cat-a540ca2f57ef3657330e4ed5,sub-135ac2419a7ff48febd45a63,,CATEGORY_INDEX,,,https://www.moparamerica.com/v-2017-chrysler-300--c--3-6l-v6-flex/cooling--radiator-and-related-parts-charge-air-cooler,https://r.jina.ai/http://www.moparamerica.com/v-2017-chrysler-300--c--3-6l-v6-flex/cooling--radiator-and-related-parts-charge-air-cooler,1,NOT_STARTED,,,,,,,0,,0,0,,"{""ordinal"": 66}"
leaf-7e2aa80b44dce4c8b043fa8e,chrysler300-c-36-flex,cat-a540ca2f57ef3657330e4ed5,sub-f4393131f5f8528074580dee,,CATEGORY_INDEX,,,https://www.moparamerica.com/v-2017-chrysler-300--c--3-6l-v6-flex/cooling--transmission-oil-cooler-and-lines,https://r.jina.ai/http://www.moparamerica.com/v-2017-chrysler-300--c--3-6l-v6-flex/cooling--transmission-oil-cooler-and-lines,1,NOT_STARTED,,,,,,,0,,0,0,,"{""ordinal"": 67}"
leaf-2e48b7371cf42ff09b24b189,chrysler300-c-36-flex,cat-a540ca2f57ef3657330e4ed5,sub-49faa7d9d7e79ddf92eb90be,,CATEGORY_INDEX,,,https://www.moparamerica.com/v-2017-chrysler-300--c--3-6l-v6-flex/cooling--water-pump-and-related-parts,https://r.jina.ai/http://www.moparamerica.com/v-2017-chrysler-300--c--3-6l-v6-flex/cooling--water-pump-and-related-parts,1,NOT_STARTED,,,,,,,0,,0,0,,"{""ordinal"": 68}"
leaf-3cfd49aa38cc75031f327b2d,chrysler300-c-36-flex,cat-0a92d1bf05b8710818569d47,sub-ad27765888c2c3e22ea2c35d,,CATEGORY_INDEX,,,https://www.moparamerica.com/v-2017-chrysler-300--c--3-6l-v6-flex/doors-door-mirrors-and-related-parts--exterior-mirror,https://r.jina.ai/http://www.moparamerica.com/v-2017-chrysler-300--c--3-6l-v6-flex/doors-door-mirrors-and-related-parts--exterior-mirror,1,NOT_STARTED,,,,,,,0,,0,0,,"{""ordinal"": 69}"
leaf-0cfc59027280bcf06a5e8ebf,chrysler300-c-36-flex,cat-0a92d1bf05b8710818569d47,sub-4e2581b60924afb0f74feb6d,,CATEGORY_INDEX,,,https://www.moparamerica.com/v-2017-chrysler-300--c--3-6l-v6-flex/doors-door-mirrors-and-related-parts--front-door,https://r.jina.ai/http://www.moparamerica.com/v-2017-chrysler-300--c--3-6l-v6-flex/doors-door-mirrors-and-related-parts--front-door,1,NOT_STARTED,,,,,,,0,,0,0,,"{""ordinal"": 70}"
leaf-725f02010ff5d6086d3b5f91,chrysler300-c-36-flex,cat-0a92d1bf05b8710818569d47,sub-6f9c245b5dd6ff66b6a1e434,,CATEGORY_INDEX,,,https://www.moparamerica.com/v-2017-chrysler-300--c--3-6l-v6-flex/doors-door-mirrors-and-related-parts--rear-door,https://r.jina.ai/http://www.moparamerica.com/v-2017-chrysler-300--c--3-6l-v6-flex/doors-door-mirrors-and-related-parts--rear-door,1,NOT_STARTED,,,,,,,0,,0,0,,"{""ordinal"": 71}"
leaf-3676677c390de574eb2a333d,chrysler300-c-36-flex,cat-0a92d1bf05b8710818569d47,sub-c4a2ca77c3769fbb7b3080ad,,CATEGORY_INDEX,,,https://www.moparamerica.com/v-2017-chrysler-300--c--3-6l-v6-flex/doors-door-mirrors-and-related-parts--weatherstrips-and-seals,https://r.jina.ai/http://www.moparamerica.com/v-2017-chrysler-300--c--3-6l-v6-flex/doors-door-mirrors-and-related-parts--weatherstrips-and-seals,1,NOT_STARTED,,,,,,,0,,0,0,,"{""ordinal"": 72}"
leaf-b1052a27b9995051c821a837,chrysler300-c-36-flex,cat-a1f1fe4770957a436679c3d8,sub-f2f1aaba0a7ea9d822a33ec1,,CATEGORY_INDEX,,,https://www.moparamerica.com/v-2017-chrysler-300--c--3-6l-v6-flex/electrical--battery-battery-tray-and-cables,https://r.jina.ai/http://www.moparamerica.com/v-2017-chrysler-300--c--3-6l-v6-flex/electrical--battery-battery-tray-and-cables,1,NOT_STARTED,,,,,,,0,,0,0,,"{""ordinal"": 73}"
leaf-48601c1b31c3bdf286d66aa3,chrysler300-c-36-flex,cat-a1f1fe4770957a436679c3d8,sub-d71565303d1e524454c1808f,,CATEGORY_INDEX,,,https://www.moparamerica.com/v-2017-chrysler-300--c--3-6l-v6-flex/electrical--generators-alternators,https://r.jina.ai/http://www.moparamerica.com/v-2017-chrysler-300--c--3-6l-v6-flex/electrical--generators-alternators,1,NOT_STARTED,,,,,,,0,,0,0,,"{""ordinal"": 74}"
leaf-5627cce514efd4547692de87,chrysler300-c-36-flex,cat-a1f1fe4770957a436679c3d8,sub-0bbeae15dd80f69c6be9012e,,CATEGORY_INDEX,,,https://www.moparamerica.com/v-2017-chrysler-300--c--3-6l-v6-flex/electrical--horns,https://r.jina.ai/http://www.moparamerica.com/v-2017-chrysler-300--c--3-6l-v6-flex/electrical--horns,1,NOT_STARTED,,,,,,,0,,0,0,,"{""ordinal"": 75}"
leaf-46fab59c0251246946734c0a,chrysler300-c-36-flex,cat-a1f1fe4770957a436679c3d8,sub-2a94422de44fcb8a83518da4,,CATEGORY_INDEX,,,https://www.moparamerica.com/v-2017-chrysler-300--c--3-6l-v6-flex/electrical--ignition-spark-plugs-cables-coils-and-glow-plugs,https://r.jina.ai/http://www.moparamerica.com/v-2017-chrysler-300--c--3-6l-v6-flex/electrical--ignition-spark-plugs-cables-coils-and-glow-plugs,1,NOT_STARTED,,,,,,,0,,0,0,,"{""ordinal"": 76}"
leaf-765fd8b12323aedb286ef1c7,chrysler300-c-36-flex,cat-a1f1fe4770957a436679c3d8,sub-c290c49b22fe24aff7cd7f1f,,CATEGORY_INDEX,,,https://www.moparamerica.com/v-2017-chrysler-300--c--3-6l-v6-flex/electrical--instrument-panel-cluster,https://r.jina.ai/http://www.moparamerica.com/v-2017-chrysler-300--c--3-6l-v6-flex/electrical--instrument-panel-cluster,1,NOT_STARTED,,,,,,,0,,0,0,,"{""ordinal"": 77}"
leaf-76bfa47345d5efc69666b44c,chrysler300-c-36-flex,cat-a1f1fe4770957a436679c3d8,sub-68482cbb5e6970479f0a4e5a,,CATEGORY_INDEX,,,https://www.moparamerica.com/v-2017-chrysler-300--c--3-6l-v6-flex/electrical--keys-modules-and-engine-controllers,https://r.jina.ai/http://www.moparamerica.com/v-2017-chrysler-300--c--3-6l-v6-flex/electrical--keys-modules-and-engine-controllers,1,NOT_STARTED,,,,,,,0,,0,0,,"{""ordinal"": 78}"
leaf-4ec6da1169fba7cf36b03d50,chrysler300-c-36-flex,cat-a1f1fe4770957a436679c3d8,sub-62803de9acf25c5da30cfcb6,,CATEGORY_INDEX,,,https://www.moparamerica.com/v-2017-chrysler-300--c--3-6l-v6-flex/electrical--lamps-interior-and-exterior,https://r.jina.ai/http://www.moparamerica.com/v-2017-chrysler-300--c--3-6l-v6-flex/electrical--lamps-interior-and-exterior,1,NOT_STARTED,,,,,,,0,,0,0,,"{""ordinal"": 79}"
leaf-14b32d85f473a9a5af475fa1,chrysler300-c-36-flex,cat-a1f1fe4770957a436679c3d8,sub-d7b687a8cc1d341e6701e2eb,,CATEGORY_INDEX,,,https://www.moparamerica.com/v-2017-chrysler-300--c--3-6l-v6-flex/electrical--park-assist,https://r.jina.ai/http://www.moparamerica.com/v-2017-chrysler-300--c--3-6l-v6-flex/electrical--park-assist,1,NOT_STARTED,,,,,,,0,,0,0,,"{""ordinal"": 80}"
leaf-7a143aa3422df8661aabdf48,chrysler300-c-36-flex,cat-a1f1fe4770957a436679c3d8,sub-18c58bbe1cbdf05ca7f8df78,,CATEGORY_INDEX,,,https://www.moparamerica.com/v-2017-chrysler-300--c--3-6l-v6-flex/electrical--power-distribution-center-fuse-block-junction-block-relays-and-fuses,https://r.jina.ai/http://www.moparamerica.com/v-2017-chrysler-300--c--3-6l-v6-flex/electrical--power-distribution-center-fuse-block-junction-block-relays-and-fuses,1,NOT_STARTED,,,,,,,0,,0,0,,"{""ordinal"": 81}"
leaf-de06708af3057f0f4e9050aa,chrysler300-c-36-flex,cat-a1f1fe4770957a436679c3d8,sub-b350c3fc9bdb550bc7c65d46,,CATEGORY_INDEX,,,https://www.moparamerica.com/v-2017-chrysler-300--c--3-6l-v6-flex/electrical--radio-antenna-speakers-dvd-and-video-systems,https://r.jina.ai/http://www.moparamerica.com/v-2017-chrysler-300--c--3-6l-v6-flex/electrical--radio-antenna-speakers-dvd-and-video-systems,1,NOT_STARTED,,,,,,,0,,0,0,,"{""ordinal"": 82}"
leaf-37d38b7e11b86ac9a387c17d,chrysler300-c-36-flex,cat-a1f1fe4770957a436679c3d8,sub-0ed3ebc5b5e73918dbebcfe2,,CATEGORY_INDEX,,,https://www.moparamerica.com/v-2017-chrysler-300--c--3-6l-v6-flex/electrical--sensors,https://r.jina.ai/http://www.moparamerica.com/v-2017-chrysler-300--c--3-6l-v6-flex/electrical--sensors,1,NOT_STARTED,,,,,,,0,,0,0,,"{""ordinal"": 83}"
leaf-130ac4d01a867a69648d8c31,chrysler300-c-36-flex,cat-a1f1fe4770957a436679c3d8,sub-beadd5ed036ed536e22c15ee,,CATEGORY_INDEX,,,https://www.moparamerica.com/v-2017-chrysler-300--c--3-6l-v6-flex/electrical--speed-control,https://r.jina.ai/http://www.moparamerica.com/v-2017-chrysler-300--c--3-6l-v6-flex/electrical--speed-control,1,NOT_STARTED,,,,,,,0,,0,0,,"{""ordinal"": 84}"
leaf-da6c59b9f4590dee8aa0d442,chrysler300-c-36-flex,cat-a1f1fe4770957a436679c3d8,sub-f68aa169421b180ac09bf81d,,CATEGORY_INDEX,,,https://www.moparamerica.com/v-2017-chrysler-300--c--3-6l-v6-flex/electrical--starters,https://r.jina.ai/http://www.moparamerica.com/v-2017-chrysler-300--c--3-6l-v6-flex/electrical--starters,1,NOT_STARTED,,,,,,,0,,0,0,,"{""ordinal"": 85}"
leaf-9327e929fe0745ad24164487,chrysler300-c-36-flex,cat-a1f1fe4770957a436679c3d8,sub-89896a4a0802d21b2d0758e4,,CATEGORY_INDEX,,,https://www.moparamerica.com/v-2017-chrysler-300--c--3-6l-v6-flex/electrical--switches,https://r.jina.ai/http://www.moparamerica.com/v-2017-chrysler-300--c--3-6l-v6-flex/electrical--switches,1,NOT_STARTED,,,,,,,0,,0,0,,"{""ordinal"": 86}"
leaf-fb5126b11b866d59c14b1952,chrysler300-c-36-flex,cat-a1f1fe4770957a436679c3d8,sub-175f234e69e5ccfa0d7d5dd8,,CATEGORY_INDEX,,,https://www.moparamerica.com/v-2017-chrysler-300--c--3-6l-v6-flex/electrical--wiper-and-washer-system,https://r.jina.ai/http://www.moparamerica.com/v-2017-chrysler-300--c--3-6l-v6-flex/electrical--wiper-and-washer-system,1,NOT_STARTED,,,,,,,0,,0,0,,"{""ordinal"": 87}"
leaf-c5b65ab5a6efa2ca9f8de5fc,chrysler300-c-36-flex,cat-a1f1fe4770957a436679c3d8,sub-ce64c8f4cf28289887940bab,,CATEGORY_INDEX,,,https://www.moparamerica.com/v-2017-chrysler-300--c--3-6l-v6-flex/electrical--wiring-body-and-accessories,https://r.jina.ai/http://www.moparamerica.com/v-2017-chrysler-300--c--3-6l-v6-flex/electrical--wiring-body-and-accessories,1,NOT_STARTED,,,,,,,0,,0,0,,"{""ordinal"": 88}"
leaf-b34122a7176fd80ad0c2bb0c,chrysler300-c-36-flex,cat-a1f1fe4770957a436679c3d8,sub-5d835d768c781edb320c5ce3,,CATEGORY_INDEX,,,https://www.moparamerica.com/v-2017-chrysler-300--c--3-6l-v6-flex/electrical--wiring-headlamp-to-dash,https://r.jina.ai/http://www.moparamerica.com/v-2017-chrysler-300--c--3-6l-v6-flex/electrical--wiring-headlamp-to-dash,1,NOT_STARTED,,,,,,,0,,0,0,,"{""ordinal"": 89}"
leaf-39f689f8dfa9f04687741c21,chrysler300-c-36-flex,cat-a1f1fe4770957a436679c3d8,sub-5701aab6bcba027365562bfb,,CATEGORY_INDEX,,,https://www.moparamerica.com/v-2017-chrysler-300--c--3-6l-v6-flex/electrical--wiring-instrument-panel,https://r.jina.ai/http://www.moparamerica.com/v-2017-chrysler-300--c--3-6l-v6-flex/electrical--wiring-instrument-panel,1,NOT_STARTED,,,,,,,0,,0,0,,"{""ordinal"": 90}"
leaf-c9bba3838347c3899aed47d8,chrysler300-c-36-flex,cat-a1f1fe4770957a436679c3d8,sub-6c82f871d8fa5d9e83937d3d,,CATEGORY_INDEX,,,https://www.moparamerica.com/v-2017-chrysler-300--c--3-6l-v6-flex/electrical--wiring-powertrain,https://r.jina.ai/http://www.moparamerica.com/v-2017-chrysler-300--c--3-6l-v6-flex/electrical--wiring-powertrain,1,NOT_STARTED,,,,,,,0,,0,0,,"{""ordinal"": 91}"
leaf-ffb881f7fef3af0159b5405c,chrysler300-c-36-flex,cat-d723b3d4e6a8620a11e4fe3d,sub-14032643234494847e1c1b0a,,CATEGORY_INDEX,,,https://www.moparamerica.com/v-2017-chrysler-300--c--3-6l-v6-flex/emission-controls--emission-harness,https://r.jina.ai/http://www.moparamerica.com/v-2017-chrysler-300--c--3-6l-v6-flex/emission-controls--emission-harness,1,NOT_STARTED,,,,,,,0,,0,0,,"{""ordinal"": 92}"
leaf-cf28cc802f8ba7eaafcbd61d,chrysler300-c-36-flex,cat-d723b3d4e6a8620a11e4fe3d,sub-6cb288904ba284f11d1dd6cd,,CATEGORY_INDEX,,,https://www.moparamerica.com/v-2017-chrysler-300--c--3-6l-v6-flex/emission-controls--vacuum-canister-leak-detection-pump,https://r.jina.ai/http://www.moparamerica.com/v-2017-chrysler-300--c--3-6l-v6-flex/emission-controls--vacuum-canister-leak-detection-pump,1,NOT_STARTED,,,,,,,0,,0,0,,"{""ordinal"": 93}"
leaf-6b643a26b53d02b0076b3935,chrysler300-c-36-flex,cat-f262a57df1ac94ebd4bfde52,sub-f3ec38c4812c39a1d37b44e8,,CATEGORY_INDEX,,,https://www.moparamerica.com/v-2017-chrysler-300--c--3-6l-v6-flex/exhaust--exhaust-system,https://r.jina.ai/http://www.moparamerica.com/v-2017-chrysler-300--c--3-6l-v6-flex/exhaust--exhaust-system,1,NOT_STARTED,,,,,,,0,,0,0,,"{""ordinal"": 94}"
leaf-35da1fa7d264545d9550cd9c,chrysler300-c-36-flex,cat-661b477ed320c317aec82cb1,sub-6c6b8a253b7620318cc7463a,,CATEGORY_INDEX,,,https://www.moparamerica.com/v-2017-chrysler-300--c--3-6l-v6-flex/exterior-ornamentation--grilles,https://r.jina.ai/http://www.moparamerica.com/v-2017-chrysler-300--c--3-6l-v6-flex/exterior-ornamentation--grilles,1,NOT_STARTED,,,,,,,0,,0,0,,"{""ordinal"": 102}"
leaf-11eab57e6d8a5e4cb79ca523,chrysler300-c-36-flex,cat-661b477ed320c317aec82cb1,sub-bb3c52662bdbba867a5b1aff,,CATEGORY_INDEX,,,https://www.moparamerica.com/v-2017-chrysler-300--c--3-6l-v6-flex/exterior-ornamentation--moldings-and-ornamentation,https://r.jina.ai/http://www.moparamerica.com/v-2017-chrysler-300--c--3-6l-v6-flex/exterior-ornamentation--moldings-and-ornamentation,1,NOT_STARTED,,,,,,,0,,0,0,,"{""ordinal"": 103}"
leaf-58c3cd629f0bdbc5cb6c1f2a,chrysler300-c-36-flex,cat-661b477ed320c317aec82cb1,sub-2de6d1b90138cc284e4ba580,,CATEGORY_INDEX,,,https://www.moparamerica.com/v-2017-chrysler-300--c--3-6l-v6-flex/exterior-ornamentation--nameplates,https://r.jina.ai/http://www.moparamerica.com/v-2017-chrysler-300--c--3-6l-v6-flex/exterior-ornamentation--nameplates,1,NOT_STARTED,,,,,,,0,,0,0,,"{""ordinal"": 104}"
leaf-743b504f6dc20114bc615644,chrysler300-c-36-flex,cat-5149dd509e5d17cd55cfae73,sub-65fe2936753b66c4bb48b260,,CATEGORY_INDEX,,,https://www.moparamerica.com/v-2017-chrysler-300--c--3-6l-v6-flex/frame-bumper-and-fascia--frames,https://r.jina.ai/http://www.moparamerica.com/v-2017-chrysler-300--c--3-6l-v6-flex/frame-bumper-and-fascia--frames,1,NOT_STARTED,,,,,,,0,,0,0,,"{""ordinal"": 105}"
leaf-984d7a33f8263abd23379bdf,chrysler300-c-36-flex,cat-5149dd509e5d17cd55cfae73,sub-18cd87da4f0a47ed68201d19,,CATEGORY_INDEX,,,https://www.moparamerica.com/v-2017-chrysler-300--c--3-6l-v6-flex/frame-bumper-and-fascia--front-bumper-and-fascia,https://r.jina.ai/http://www.moparamerica.com/v-2017-chrysler-300--c--3-6l-v6-flex/frame-bumper-and-fascia--front-bumper-and-fascia,1,NOT_STARTED,,,,,,,0,,0,0,,"{""ordinal"": 106}"
leaf-f424345e712fc3b1f4984dcc,chrysler300-c-36-flex,cat-5149dd509e5d17cd55cfae73,sub-8c496c456430279219190c55,,CATEGORY_INDEX,,,https://www.moparamerica.com/v-2017-chrysler-300--c--3-6l-v6-flex/frame-bumper-and-fascia--rear-bumper-and-fascia,https://r.jina.ai/http://www.moparamerica.com/v-2017-chrysler-300--c--3-6l-v6-flex/frame-bumper-and-fascia--rear-bumper-and-fascia,1,NOT_STARTED,,,,,,,0,,0,0,,"{""ordinal"": 107}"
leaf-d0218545d7db27a08773c03b,chrysler300-c-36-flex,cat-a4e8d7e44e2c90998aa30599,sub-56e6c174554f231121a15316,,CATEGORY_INDEX,,,https://www.moparamerica.com/v-2017-chrysler-300--c--3-6l-v6-flex/front-suspension--front-stabilizer-bar,https://r.jina.ai/http://www.moparamerica.com/v-2017-chrysler-300--c--3-6l-v6-flex/front-suspension--front-stabilizer-bar,1,NOT_STARTED,,,,,,,0,,0,0,,"{""ordinal"": 108}"
leaf-da6879c2736bc30a611efcf5,chrysler300-c-36-flex,cat-a4e8d7e44e2c90998aa30599,sub-5b72a25e5196c4bb75323764,,CATEGORY_INDEX,,,https://www.moparamerica.com/v-2017-chrysler-300--c--3-6l-v6-flex/front-suspension--front-suspension-strut-and-cradle,https://r.jina.ai/http://www.moparamerica.com/v-2017-chrysler-300--c--3-6l-v6-flex/front-suspension--front-suspension-strut-and-cradle,1,NOT_STARTED,,,,,,,0,,0,0,,"{""ordinal"": 109}"
leaf-be056c6bd03be286129ca3b0,chrysler300-c-36-flex,cat-ee8fa1e62f46e75fd7214657,sub-88a91203e4ddc0f19f72cad4,,CATEGORY_INDEX,,,https://www.moparamerica.com/v-2017-chrysler-300--c--3-6l-v6-flex/fuel--accelerator-pedal,https://r.jina.ai/http://www.moparamerica.com/v-2017-chrysler-300--c--3-6l-v6-flex/fuel--accelerator-pedal,1,NOT_STARTED,,,,,,,0,,0,0,,"{""ordinal"": 110}"
leaf-5d978eca2129893939fb4e57,chrysler300-c-36-flex,cat-ee8fa1e62f46e75fd7214657,sub-d917e6b6620defd192420a06,,CATEGORY_INDEX,,,https://www.moparamerica.com/v-2017-chrysler-300--c--3-6l-v6-flex/fuel--air-cleaner,https://r.jina.ai/http://www.moparamerica.com/v-2017-chrysler-300--c--3-6l-v6-flex/fuel--air-cleaner,1,NOT_STARTED,,,,,,,0,,0,0,,"{""ordinal"": 111}"
leaf-6b267eaf01332b244034246d,chrysler300-c-36-flex,cat-ee8fa1e62f46e75fd7214657,sub-b46761929c0702af26f4b5bb,,CATEGORY_INDEX,,,https://www.moparamerica.com/v-2017-chrysler-300--c--3-6l-v6-flex/fuel--fuel-lines,https://r.jina.ai/http://www.moparamerica.com/v-2017-chrysler-300--c--3-6l-v6-flex/fuel--fuel-lines,1,NOT_STARTED,,,,,,,0,,0,0,,"{""ordinal"": 112}"
leaf-d44819fb671b747d057cca18,chrysler300-c-36-flex,cat-ee8fa1e62f46e75fd7214657,sub-2adb43e613608c55b813bd5f,,CATEGORY_INDEX,,,https://www.moparamerica.com/v-2017-chrysler-300--c--3-6l-v6-flex/fuel--fuel-pump-and-sending-unit,https://r.jina.ai/http://www.moparamerica.com/v-2017-chrysler-300--c--3-6l-v6-flex/fuel--fuel-pump-and-sending-unit,1,NOT_STARTED,,,,,,,0,,0,0,,"{""ordinal"": 113}"
leaf-27387c2a12254b984a8d68db,chrysler300-c-36-flex,cat-ee8fa1e62f46e75fd7214657,sub-52f295c3fedca36424158f48,,CATEGORY_INDEX,,,https://www.moparamerica.com/v-2017-chrysler-300--c--3-6l-v6-flex/fuel--fuel-rail-and-injectors,https://r.jina.ai/http://www.moparamerica.com/v-2017-chrysler-300--c--3-6l-v6-flex/fuel--fuel-rail-and-injectors,1,NOT_STARTED,,,,,,,0,,0,0,,"{""ordinal"": 114}"
leaf-45e385c485d75ea03aa6081b,chrysler300-c-36-flex,cat-ee8fa1e62f46e75fd7214657,sub-6eb86e1915a6d19db737a7fc,,CATEGORY_INDEX,,,https://www.moparamerica.com/v-2017-chrysler-300--c--3-6l-v6-flex/fuel--fuel-tank,https://r.jina.ai/http://www.moparamerica.com/v-2017-chrysler-300--c--3-6l-v6-flex/fuel--fuel-tank,1,NOT_STARTED,,,,,,,0,,0,0,,"{""ordinal"": 115}"
leaf-e5d44198b0cefeae3b94578d,chrysler300-c-36-flex,cat-ee8fa1e62f46e75fd7214657,sub-5b1a197eb64ba8a0a0c0c701,,CATEGORY_INDEX,,,https://www.moparamerica.com/v-2017-chrysler-300--c--3-6l-v6-flex/fuel--fuel-tank-filler-tube,https://r.jina.ai/http://www.moparamerica.com/v-2017-chrysler-300--c--3-6l-v6-flex/fuel--fuel-tank-filler-tube,1,NOT_STARTED,,,,,,,0,,0,0,,"{""ordinal"": 116}"
leaf-d709b6c1f08bb1ccd5ebc89f,chrysler300-c-36-flex,cat-ee8fa1e62f46e75fd7214657,sub-d21b9f4ae1712f5b3ab0e1af,,CATEGORY_INDEX,,,https://www.moparamerica.com/v-2017-chrysler-300--c--3-6l-v6-flex/fuel--throttle-body,https://r.jina.ai/http://www.moparamerica.com/v-2017-chrysler-300--c--3-6l-v6-flex/fuel--throttle-body,1,NOT_STARTED,,,,,,,0,,0,0,,"{""ordinal"": 117}"
leaf-fccce83040cdb234b61adb9c,chrysler300-c-36-flex,cat-20f546c31d956053dd1a0b75,sub-b422a0035db46e3bc538cbfc,,CATEGORY_INDEX,,,https://www.moparamerica.com/v-2017-chrysler-300--c--3-6l-v6-flex/glass--glass-and-interior-rear-view-mirror,https://r.jina.ai/http://www.moparamerica.com/v-2017-chrysler-300--c--3-6l-v6-flex/glass--glass-and-interior-rear-view-mirror,1,NOT_STARTED,,,,,,,0,,0,0,,"{""ordinal"": 118}"
leaf-fddd5ebeca8958f3b7274099,chrysler300-c-36-flex,cat-c06a15f22aaef8a87f93e107,sub-a2e93e3f2370cd78f814ce3f,,CATEGORY_INDEX,,,https://www.moparamerica.com/v-2017-chrysler-300--c--3-6l-v6-flex/interior-trim--carpets-floor-mats-load-floor-and-silencers,https://r.jina.ai/http://www.moparamerica.com/v-2017-chrysler-300--c--3-6l-v6-flex/interior-trim--carpets-floor-mats-load-floor-and-silencers,1,NOT_STARTED,,,,,,,0,,0,0,,"{""ordinal"": 123}"
leaf-95c3b0b69a9e9f184b3efae5,chrysler300-c-36-flex,cat-c06a15f22aaef8a87f93e107,sub-3fb21e6fca09d8156c5868b1,,CATEGORY_INDEX,,,https://www.moparamerica.com/v-2017-chrysler-300--c--3-6l-v6-flex/interior-trim--consoles,https://r.jina.ai/http://www.moparamerica.com/v-2017-chrysler-300--c--3-6l-v6-flex/interior-trim--consoles,1,NOT_STARTED,,,,,,,0,,0,0,,"{""ordinal"": 124}"
leaf-079ad99bcae6867691ee55fd,chrysler300-c-36-flex,cat-c06a15f22aaef8a87f93e107,sub-c5a24355d7547befab14bbcf,,CATEGORY_INDEX,,,https://www.moparamerica.com/v-2017-chrysler-300--c--3-6l-v6-flex/interior-trim--door-trim-panels-front-and-rear,https://r.jina.ai/http://www.moparamerica.com/v-2017-chrysler-300--c--3-6l-v6-flex/interior-trim--door-trim-panels-front-and-rear,1,NOT_STARTED,,,,,,,0,,0,0,,"{""ordinal"": 125}"
leaf-798655bfe9ce3b5122e9f901,chrysler300-c-36-flex,cat-c06a15f22aaef8a87f93e107,sub-6f10c8ff0e50f2220fec93aa,,CATEGORY_INDEX,,,https://www.moparamerica.com/v-2017-chrysler-300--c--3-6l-v6-flex/interior-trim--front-seats-adjusters-recliners-shields-and-risers,https://r.jina.ai/http://www.moparamerica.com/v-2017-chrysler-300--c--3-6l-v6-flex/interior-trim--front-seats-adjusters-recliners-shields-and-risers,1,NOT_STARTED,,,,,,,0,,0,0,,"{""ordinal"": 126}"
leaf-50529d5ee6eee7a110384b6c,chrysler300-c-36-flex,cat-c06a15f22aaef8a87f93e107,sub-f7fe8e0f7210dc9f183953d7,,CATEGORY_INDEX,,,https://www.moparamerica.com/v-2017-chrysler-300--c--3-6l-v6-flex/interior-trim--front-seats-first-row,https://r.jina.ai/http://www.moparamerica.com/v-2017-chrysler-300--c--3-6l-v6-flex/interior-trim--front-seats-first-row,1,NOT_STARTED,,,,,,,0,,0,0,,"{""ordinal"": 127}"
leaf-dd61edc55efded4ba83e018d,chrysler300-c-36-flex,cat-c06a15f22aaef8a87f93e107,sub-71d2a1dfed9257cce1c308fd,,CATEGORY_INDEX,,,https://www.moparamerica.com/v-2017-chrysler-300--c--3-6l-v6-flex/interior-trim--headliners-visors-assist-straps,https://r.jina.ai/http://www.moparamerica.com/v-2017-chrysler-300--c--3-6l-v6-flex/interior-trim--headliners-visors-assist-straps,1,NOT_STARTED,,,,,,,0,,0,0,,"{""ordinal"": 128}"
leaf-ce2462d00de0001ff84d7104,chrysler300-c-36-flex,cat-c06a15f22aaef8a87f93e107,sub-c9629c72faed3545d31a5594,,CATEGORY_INDEX,,,https://www.moparamerica.com/v-2017-chrysler-300--c--3-6l-v6-flex/interior-trim--instrument-panel,https://r.jina.ai/http://www.moparamerica.com/v-2017-chrysler-300--c--3-6l-v6-flex/interior-trim--instrument-panel,1,NOT_STARTED,,,,,,,0,,0,0,,"{""ordinal"": 129}"
leaf-5d8f8d3b75f6b8cdf0c4c61c,chrysler300-c-36-flex,cat-c06a15f22aaef8a87f93e107,sub-9a325c2918b2a311944f2cc9,,CATEGORY_INDEX,,,https://www.moparamerica.com/v-2017-chrysler-300--c--3-6l-v6-flex/interior-trim--panels-moldings-scuff-plates-pillar-cowl-1-4-panel-trim-and-cargo-covers,https://r.jina.ai/http://www.moparamerica.com/v-2017-chrysler-300--c--3-6l-v6-flex/interior-trim--panels-moldings-scuff-plates-pillar-cowl-1-4-panel-trim-and-cargo-covers,1,NOT_STARTED,,,,,,,0,,0,0,,"{""ordinal"": 130}"
leaf-95980e4660e72ba50594246e,chrysler300-c-36-flex,cat-c06a15f22aaef8a87f93e107,sub-b90325b593a9ee3348befee1,,CATEGORY_INDEX,,,https://www.moparamerica.com/v-2017-chrysler-300--c--3-6l-v6-flex/interior-trim--rear-seats-second-row,https://r.jina.ai/http://www.moparamerica.com/v-2017-chrysler-300--c--3-6l-v6-flex/interior-trim--rear-seats-second-row,1,NOT_STARTED,,,,,,,0,,0,0,,"{""ordinal"": 131}"
leaf-4d7504213c37f91c28a99c0d,chrysler300-c-36-flex,cat-c06a15f22aaef8a87f93e107,sub-8d07458081a2dd3dcbecba4d,,CATEGORY_INDEX,,,https://www.moparamerica.com/v-2017-chrysler-300--c--3-6l-v6-flex/interior-trim--rear-seats-second-row-adjusters-recliners-shields-and-risers,https://r.jina.ai/http://www.moparamerica.com/v-2017-chrysler-300--c--3-6l-v6-flex/interior-trim--rear-seats-second-row-adjusters-recliners-shields-and-risers,1,NOT_STARTED,,,,,,,0,,0,0,,"{""ordinal"": 132}"
leaf-edcb170436eff0bd1e8dbbc0,chrysler300-c-36-flex,cat-18daa309a4b5b87a51877a3d,sub-713667296c7da5a612d2ed2c,,CATEGORY_INDEX,,,https://www.moparamerica.com/v-2017-chrysler-300--c--3-6l-v6-flex/labels--exterior,https://r.jina.ai/http://www.moparamerica.com/v-2017-chrysler-300--c--3-6l-v6-flex/labels--exterior,1,NOT_STARTED,,,,,,,0,,0,0,,"{""ordinal"": 133}"
leaf-ef3df3987e9732bf97ee5a81,chrysler300-c-36-flex,cat-18daa309a4b5b87a51877a3d,sub-a17ea9b7d3819b8c1a5f53f7,,CATEGORY_INDEX,,,https://www.moparamerica.com/v-2017-chrysler-300--c--3-6l-v6-flex/labels--trunk,https://r.jina.ai/http://www.moparamerica.com/v-2017-chrysler-300--c--3-6l-v6-flex/labels--trunk,1,NOT_STARTED,,,,,,,0,,0,0,,"{""ordinal"": 134}"
leaf-942b2364a7e007b83560a356,chrysler300-c-36-flex,cat-18daa309a4b5b87a51877a3d,sub-74dd14d8c69ed87820bcdc5d,,CATEGORY_INDEX,,,https://www.moparamerica.com/v-2017-chrysler-300--c--3-6l-v6-flex/labels--under-hood,https://r.jina.ai/http://www.moparamerica.com/v-2017-chrysler-300--c--3-6l-v6-flex/labels--under-hood,1,NOT_STARTED,,,,,,,0,,0,0,,"{""ordinal"": 135}"
leaf-edc2c2f72c1da53729eb84e6,chrysler300-c-36-flex,cat-994280dd3dbf37a3005f4f09,sub-cd4a8ac70bf6871e5c0af25b,,CATEGORY_INDEX,,,https://www.moparamerica.com/v-2017-chrysler-300--c--3-6l-v6-flex/mopar-accessories-component-parts--audio-and-electronics,https://r.jina.ai/http://www.moparamerica.com/v-2017-chrysler-300--c--3-6l-v6-flex/mopar-accessories-component-parts--audio-and-electronics,1,NOT_STARTED,,,,,,,0,,0,0,,"{""ordinal"": 141}"
leaf-cd7734346be03cf09ec9117f,chrysler300-c-36-flex,cat-994280dd3dbf37a3005f4f09,sub-3a71417a724310845408fb27,,CATEGORY_INDEX,,,https://www.moparamerica.com/v-2017-chrysler-300--c--3-6l-v6-flex/mopar-accessories-component-parts--driver-convenience,https://r.jina.ai/http://www.moparamerica.com/v-2017-chrysler-300--c--3-6l-v6-flex/mopar-accessories-component-parts--driver-convenience,1,NOT_STARTED,,,,,,,0,,0,0,,"{""ordinal"": 142}"
leaf-28ccaf8f056a60f02162b67b,chrysler300-c-36-flex,cat-994280dd3dbf37a3005f4f09,sub-364f9c6d11b883b0631ea0b4,,CATEGORY_INDEX,,,https://www.moparamerica.com/v-2017-chrysler-300--c--3-6l-v6-flex/mopar-accessories-component-parts--exterior-appearance,https://r.jina.ai/http://www.moparamerica.com/v-2017-chrysler-300--c--3-6l-v6-flex/mopar-accessories-component-parts--exterior-appearance,1,NOT_STARTED,,,,,,,0,,0,0,,"{""ordinal"": 143}"
leaf-c4574a56c277222117ad7895,chrysler300-c-36-flex,cat-994280dd3dbf37a3005f4f09,sub-750e353c20b5a9068cc3096c,,CATEGORY_INDEX,,,https://www.moparamerica.com/v-2017-chrysler-300--c--3-6l-v6-flex/mopar-accessories-component-parts--fog-lights-and-electrical,https://r.jina.ai/http://www.moparamerica.com/v-2017-chrysler-300--c--3-6l-v6-flex/mopar-accessories-component-parts--fog-lights-and-electrical,1,NOT_STARTED,,,,,,,0,,0,0,,"{""ordinal"": 144}"
leaf-b19c7caa8b1cb74715ad135d,chrysler300-c-36-flex,cat-994280dd3dbf37a3005f4f09,sub-970d398897bbf258e8a9dcaa,,CATEGORY_INDEX,,,https://www.moparamerica.com/v-2017-chrysler-300--c--3-6l-v6-flex/mopar-accessories-component-parts--interior-protection,https://r.jina.ai/http://www.moparamerica.com/v-2017-chrysler-300--c--3-6l-v6-flex/mopar-accessories-component-parts--interior-protection,1,NOT_STARTED,,,,,,,0,,0,0,,"{""ordinal"": 145}"
leaf-11bd7132ef832c152c0c6a3a,chrysler300-c-36-flex,cat-994280dd3dbf37a3005f4f09,sub-6bc803f0dd21b2b5ff9ea1ae,,CATEGORY_INDEX,,,https://www.moparamerica.com/v-2017-chrysler-300--c--3-6l-v6-flex/mopar-accessories-component-parts--powertrain,https://r.jina.ai/http://www.moparamerica.com/v-2017-chrysler-300--c--3-6l-v6-flex/mopar-accessories-component-parts--powertrain,1,NOT_STARTED,,,,,,,0,,0,0,,"{""ordinal"": 146}"
leaf-fcc127af2c7e27d8d407967c,chrysler300-c-36-flex,cat-c9bb25a96be28021c6044c71,sub-367d85a8ecf414a34f9542d8,,CATEGORY_INDEX,,,https://www.moparamerica.com/v-2017-chrysler-300--c--3-6l-v6-flex/power-transfer-unit-transfer-case--case-and-extension,https://r.jina.ai/http://www.moparamerica.com/v-2017-chrysler-300--c--3-6l-v6-flex/power-transfer-unit-transfer-case--case-and-extension,1,NOT_STARTED,,,,,,,0,,0,0,,"{""ordinal"": 149}"
leaf-a6d04904e6c7020c497c26a5,chrysler300-c-36-flex,cat-c9bb25a96be28021c6044c71,sub-40845e0df8c6286426da296b,,CATEGORY_INDEX,,,https://www.moparamerica.com/v-2017-chrysler-300--c--3-6l-v6-flex/power-transfer-unit-transfer-case--gear-train,https://r.jina.ai/http://www.moparamerica.com/v-2017-chrysler-300--c--3-6l-v6-flex/power-transfer-unit-transfer-case--gear-train,1,NOT_STARTED,,,,,,,0,,0,0,,"{""ordinal"": 150}"
leaf-dbce378185b02e162ecf530b,chrysler300-c-36-flex,cat-c9bb25a96be28021c6044c71,sub-bff7ce2b430bbd9be9413bf2,,CATEGORY_INDEX,,,https://www.moparamerica.com/v-2017-chrysler-300--c--3-6l-v6-flex/power-transfer-unit-transfer-case--transfer-case-assembly,https://r.jina.ai/http://www.moparamerica.com/v-2017-chrysler-300--c--3-6l-v6-flex/power-transfer-unit-transfer-case--transfer-case-assembly,1,NOT_STARTED,,,,,,,0,,0,0,,"{""ordinal"": 151}"
leaf-99030e4118b845a4aecc113f,chrysler300-c-36-flex,cat-6ac52045384d0967f609d34e,sub-aba7b343762b2b83f1f1a83e,,CATEGORY_INDEX,,,https://www.moparamerica.com/v-2017-chrysler-300--c--3-6l-v6-flex/rear-suspension--rear-stabilizer,https://r.jina.ai/http://www.moparamerica.com/v-2017-chrysler-300--c--3-6l-v6-flex/rear-suspension--rear-stabilizer,1,NOT_STARTED,,,,,,,0,,0,0,,"{""ordinal"": 152}"
leaf-dbfa95f194cd99128068624d,chrysler300-c-36-flex,cat-6ac52045384d0967f609d34e,sub-b509a0a10896304f08e1476d,,CATEGORY_INDEX,,,https://www.moparamerica.com/v-2017-chrysler-300--c--3-6l-v6-flex/rear-suspension--rear-suspension-and-cradle,https://r.jina.ai/http://www.moparamerica.com/v-2017-chrysler-300--c--3-6l-v6-flex/rear-suspension--rear-suspension-and-cradle,1,NOT_STARTED,,,,,,,0,,0,0,,"{""ordinal"": 153}"
leaf-f4dfdb45a1065105b6eccce1,chrysler300-c-36-flex,cat-6f376eb26e32043a14ae6d91,sub-495feb94ff8e75496d5d025c,,CATEGORY_INDEX,,,https://www.moparamerica.com/v-2017-chrysler-300--c--3-6l-v6-flex/rear-wheel-drive-differential-and-drive-line--drive-shaft,https://r.jina.ai/http://www.moparamerica.com/v-2017-chrysler-300--c--3-6l-v6-flex/rear-wheel-drive-differential-and-drive-line--drive-shaft,1,NOT_STARTED,,,,,,,0,,0,0,,"{""ordinal"": 154}"
leaf-b7b55297fe370ca4a6ffc2a9,chrysler300-c-36-flex,cat-6f376eb26e32043a14ae6d91,sub-609708762942e98a72cd09ac,,CATEGORY_INDEX,,,https://www.moparamerica.com/v-2017-chrysler-300--c--3-6l-v6-flex/rear-wheel-drive-differential-and-drive-line--rear-axle-assembly,https://r.jina.ai/http://www.moparamerica.com/v-2017-chrysler-300--c--3-6l-v6-flex/rear-wheel-drive-differential-and-drive-line--rear-axle-assembly,1,NOT_STARTED,,,,,,,0,,0,0,,"{""ordinal"": 155}"
leaf-a37604c34a68c4c056147b13,chrysler300-c-36-flex,cat-6f376eb26e32043a14ae6d91,sub-dba91b6efb3d2dfb936e12a7,,CATEGORY_INDEX,,,https://www.moparamerica.com/v-2017-chrysler-300--c--3-6l-v6-flex/rear-wheel-drive-differential-and-drive-line--rear-axle-housing-differential-and-vent,https://r.jina.ai/http://www.moparamerica.com/v-2017-chrysler-300--c--3-6l-v6-flex/rear-wheel-drive-differential-and-drive-line--rear-axle-housing-differential-and-vent,1,NOT_STARTED,,,,,,,0,,0,0,,"{""ordinal"": 157}"
leaf-da05c2f7234bbffe01397478,chrysler300-c-36-flex,cat-6f376eb26e32043a14ae6d91,sub-e00b02f86d0c7b38e894d9ab,,CATEGORY_INDEX,,,https://www.moparamerica.com/v-2017-chrysler-300--c--3-6l-v6-flex/rear-wheel-drive-differential-and-drive-line--rear-axle-shafts,https://r.jina.ai/http://www.moparamerica.com/v-2017-chrysler-300--c--3-6l-v6-flex/rear-wheel-drive-differential-and-drive-line--rear-axle-shafts,1,NOT_STARTED,,,,,,,0,,0,0,,"{""ordinal"": 156}"
leaf-d9f17bed781cb0692d85ce01,chrysler300-c-36-flex,cat-ee3ddc8a9fea77a9509a3229,sub-4b839ad588ba443a5aaeebf9,,CATEGORY_INDEX,,,https://www.moparamerica.com/v-2017-chrysler-300--c--3-6l-v6-flex/restraints--air-bags,https://r.jina.ai/http://www.moparamerica.com/v-2017-chrysler-300--c--3-6l-v6-flex/restraints--air-bags,1,NOT_STARTED,,,,,,,0,,0,0,,"{""ordinal"": 158}"
leaf-329973706fa27a5180489275,chrysler300-c-36-flex,cat-ee3ddc8a9fea77a9509a3229,sub-8251e97b511debf813b8a22b,,CATEGORY_INDEX,,,https://www.moparamerica.com/v-2017-chrysler-300--c--3-6l-v6-flex/restraints--seat-belts,https://r.jina.ai/http://www.moparamerica.com/v-2017-chrysler-300--c--3-6l-v6-flex/restraints--seat-belts,1,NOT_STARTED,,,,,,,0,,0,0,,"{""ordinal"": 159}"
leaf-f7c09e8d01f1d58c24b7dc69,chrysler300-c-36-flex,cat-8412634b652c4362eb73b14a,sub-af987045dbcee51479a38334,,CATEGORY_INDEX,,,https://www.moparamerica.com/v-2017-chrysler-300--c--3-6l-v6-flex/steering--steering-column-and-intermediate-shaft,https://r.jina.ai/http://www.moparamerica.com/v-2017-chrysler-300--c--3-6l-v6-flex/steering--steering-column-and-intermediate-shaft,1,NOT_STARTED,,,,,,,0,,0,0,,"{""ordinal"": 160}"
leaf-4d533da2dc730e658b0588fd,chrysler300-c-36-flex,cat-8412634b652c4362eb73b14a,sub-cd1c35d606dd5ad9e289d1d6,,CATEGORY_INDEX,,,https://www.moparamerica.com/v-2017-chrysler-300--c--3-6l-v6-flex/steering--steering-gear,https://r.jina.ai/http://www.moparamerica.com/v-2017-chrysler-300--c--3-6l-v6-flex/steering--steering-gear,1,NOT_STARTED,,,,,,,0,,0,0,,"{""ordinal"": 161}"
leaf-b00f4230a93dced398dd365e,chrysler300-c-36-flex,cat-8412634b652c4362eb73b14a,sub-7e3abf1db2644407a0b13d22,,CATEGORY_INDEX,,,https://www.moparamerica.com/v-2017-chrysler-300--c--3-6l-v6-flex/steering--steering-wheel,https://r.jina.ai/http://www.moparamerica.com/v-2017-chrysler-300--c--3-6l-v6-flex/steering--steering-wheel,1,NOT_STARTED,,,,,,,0,,0,0,,"{""ordinal"": 162}"
leaf-63de550a80ebbc712741d3e3,chrysler300-c-36-flex,cat-e2f35f43f5d48300ee1f2839,sub-00fb81613a5ce56461352ba2,,CATEGORY_INDEX,,,https://www.moparamerica.com/v-2017-chrysler-300--c--3-6l-v6-flex/wheels--emergency-kit,https://r.jina.ai/http://www.moparamerica.com/v-2017-chrysler-300--c--3-6l-v6-flex/wheels--emergency-kit,1,NOT_STARTED,,,,,,,0,,0,0,,"{""ordinal"": 165}"
leaf-47fcb392a308d07849a27af4,chrysler300-c-36-flex,cat-e2f35f43f5d48300ee1f2839,sub-921763cc31981edf064f3d96,,CATEGORY_INDEX,,,https://www.moparamerica.com/v-2017-chrysler-300--c--3-6l-v6-flex/wheels--jack-stowage,https://r.jina.ai/http://www.moparamerica.com/v-2017-chrysler-300--c--3-6l-v6-flex/wheels--jack-stowage,1,NOT_STARTED,,,,,,,0,,0,0,,"{""ordinal"": 166}"
leaf-f36ed183ed804e1c5fed6ca2,chrysler300-c-36-flex,cat-e2f35f43f5d48300ee1f2839,sub-6bdf642ee003dd5f2c56e348,,CATEGORY_INDEX,,,https://www.moparamerica.com/v-2017-chrysler-300--c--3-6l-v6-flex/wheels--tire-monitoring-system,https://r.jina.ai/http://www.moparamerica.com/v-2017-chrysler-300--c--3-6l-v6-flex/wheels--tire-monitoring-system,1,NOT_STARTED,,,,,,,0,,0,0,,"{""ordinal"": 167}"
leaf-c558f3e93ba3ff4e6aea6de7,chrysler300-c-36-flex,cat-e2f35f43f5d48300ee1f2839,sub-9a59964af5aab47934558ffa,,CATEGORY_INDEX,,,https://www.moparamerica.com/v-2017-chrysler-300--c--3-6l-v6-flex/wheels--wheel-covers-and-center-caps,https://r.jina.ai/http://www.moparamerica.com/v-2017-chrysler-300--c--3-6l-v6-flex/wheels--wheel-covers-and-center-caps,1,NOT_STARTED,,,,,,,0,,0,0,,"{""ordinal"": 168}"
leaf-29e6768da991757eaab0cf40,chrysler300-c-36-flex,cat-e2f35f43f5d48300ee1f2839,sub-425e7ea84a0f9210ac71d13c,,CATEGORY_INDEX,,,https://www.moparamerica.com/v-2017-chrysler-300--c--3-6l-v6-flex/wheels--wheel-spare,https://r.jina.ai/http://www.moparamerica.com/v-2017-chrysler-300--c--3-6l-v6-flex/wheels--wheel-spare,1,NOT_STARTED,,,,,,,0,,0,0,,"{""ordinal"": 169}"
leaf-922ebb350d960f312992e74e,chrysler300-c-36-flex,cat-e2f35f43f5d48300ee1f2839,sub-384b4f31adec81fe8b7d8ef8,,CATEGORY_INDEX,,,https://www.moparamerica.com/v-2017-chrysler-300--c--3-6l-v6-flex/wheels--wheels-tires-and-hardware,https://r.jina.ai/http://www.moparamerica.com/v-2017-chrysler-300--c--3-6l-v6-flex/wheels--wheels-tires-and-hardware,1,NOT_STARTED,,,,,,,0,,0,0,,"{""ordinal"": 170}"
leaf-d459942135529be097e964f7,chrysler300-c-36-gas,cat-c8c57936d11a514e0609f2e2,sub-0a0fd7a6aec5a4cb1379b362,,CATEGORY_INDEX,,,https://www.moparamerica.com/v-2017-chrysler-300--c--3-6l-v6-gas/3-0l-gas-engine--cylinder-block,https://r.jina.ai/http://www.moparamerica.com/v-2017-chrysler-300--c--3-6l-v6-gas/3-0l-gas-engine--cylinder-block,1,NOT_STARTED,,,,,,,0,,0,0,,"{""ordinal"": 3}"
leaf-e6891877317e86bf80891b20,chrysler300-c-36-gas,cat-c8c57936d11a514e0609f2e2,sub-3ddb19ba7c5037f45200d1fa,,CATEGORY_INDEX,,,https://www.moparamerica.com/v-2017-chrysler-300--c--3-6l-v6-gas/3-0l-gas-engine--cylinder-head,https://r.jina.ai/http://www.moparamerica.com/v-2017-chrysler-300--c--3-6l-v6-gas/3-0l-gas-engine--cylinder-head,1,NOT_STARTED,,,,,,,0,,0,0,,"{""ordinal"": 4}"
leaf-66a766e0727b3d6323772c71,chrysler300-c-36-gas,cat-c8c57936d11a514e0609f2e2,sub-ec48367bf5c86230149e71c9,,CATEGORY_INDEX,,,https://www.moparamerica.com/v-2017-chrysler-300--c--3-6l-v6-gas/3-0l-gas-engine--engine-mounting,https://r.jina.ai/http://www.moparamerica.com/v-2017-chrysler-300--c--3-6l-v6-gas/3-0l-gas-engine--engine-mounting,1,NOT_STARTED,,,,,,,0,,0,0,,"{""ordinal"": 5}"
leaf-3f1eacc78caa8039e9fbb0e3,chrysler300-c-36-gas,cat-c8c57936d11a514e0609f2e2,sub-83b215fdc3b04b52a36d4f81,,CATEGORY_INDEX,,,https://www.moparamerica.com/v-2017-chrysler-300--c--3-6l-v6-gas/3-0l-gas-engine--engine-oiling-oil-pan-and-indicator-dipstick,https://r.jina.ai/http://www.moparamerica.com/v-2017-chrysler-300--c--3-6l-v6-gas/3-0l-gas-engine--engine-oiling-oil-pan-and-indicator-dipstick,1,NOT_STARTED,,,,,,,0,,0,0,,"{""ordinal"": 6}"
leaf-dbb13af64b5e60060e7f3b22,chrysler300-c-36-gas,cat-c8c57936d11a514e0609f2e2,sub-45d0a037971ebccc1349a077,,CATEGORY_INDEX,,,https://www.moparamerica.com/v-2017-chrysler-300--c--3-6l-v6-gas/3-0l-gas-engine--timing-belt-chain-and-cover-and-balance-shaft,https://r.jina.ai/http://www.moparamerica.com/v-2017-chrysler-300--c--3-6l-v6-gas/3-0l-gas-engine--timing-belt-chain-and-cover-and-balance-shaft,1,NOT_STARTED,,,,,,,0,,0,0,,"{""ordinal"": 7}"
leaf-388d7c438fbdd4a4832bdb8e,chrysler300-c-36-gas,cat-0d1d30df79ebf36a37900772,sub-084a846c8801b354df6a7977,,CATEGORY_INDEX,,,https://www.moparamerica.com/v-2017-chrysler-300--c--3-6l-v6-gas/3-6l-gas-engine--camshaft-and-valve,https://r.jina.ai/http://www.moparamerica.com/v-2017-chrysler-300--c--3-6l-v6-gas/3-6l-gas-engine--camshaft-and-valve,1,NOT_STARTED,,,,,,,0,,0,0,,"{""ordinal"": 8}"
leaf-a84fa4afbac5bda40120ad66,chrysler300-c-36-gas,cat-0d1d30df79ebf36a37900772,sub-38f050db116083986e47b883,,CATEGORY_INDEX,,,https://www.moparamerica.com/v-2017-chrysler-300--c--3-6l-v6-gas/3-6l-gas-engine--crankcase-ventilation,https://r.jina.ai/http://www.moparamerica.com/v-2017-chrysler-300--c--3-6l-v6-gas/3-6l-gas-engine--crankcase-ventilation,1,NOT_STARTED,,,,,,,0,,0,0,,"{""ordinal"": 9}"
leaf-21189b2e20d323ddd3b72ba8,chrysler300-c-36-gas,cat-0d1d30df79ebf36a37900772,sub-d018a7a986a88d215064e8fd,,CATEGORY_INDEX,,,https://www.moparamerica.com/v-2017-chrysler-300--c--3-6l-v6-gas/3-6l-gas-engine--crankshaft-piston-drive-plate-flywheel-and-damper,https://r.jina.ai/http://www.moparamerica.com/v-2017-chrysler-300--c--3-6l-v6-gas/3-6l-gas-engine--crankshaft-piston-drive-plate-flywheel-and-damper,1,NOT_STARTED,,,,,,,0,,0,0,,"{""ordinal"": 10}"
leaf-5504fafb0950bb69c2831b3f,chrysler300-c-36-gas,cat-0d1d30df79ebf36a37900772,sub-3b48a5bfd420cac4e57fe6d1,,CATEGORY_INDEX,,,https://www.moparamerica.com/v-2017-chrysler-300--c--3-6l-v6-gas/3-6l-gas-engine--cylinder-block,https://r.jina.ai/http://www.moparamerica.com/v-2017-chrysler-300--c--3-6l-v6-gas/3-6l-gas-engine--cylinder-block,1,NOT_STARTED,,,,,,,0,,0,0,,"{""ordinal"": 11}"
leaf-6866b4a730ecc7c8ddefbaca,chrysler300-c-36-gas,cat-0d1d30df79ebf36a37900772,sub-f1ddea66290215b9a443de0c,,CATEGORY_INDEX,,,https://www.moparamerica.com/v-2017-chrysler-300--c--3-6l-v6-gas/3-6l-gas-engine--cylinder-head,https://r.jina.ai/http://www.moparamerica.com/v-2017-chrysler-300--c--3-6l-v6-gas/3-6l-gas-engine--cylinder-head,1,NOT_STARTED,,,,,,,0,,0,0,,"{""ordinal"": 12}"
leaf-b52b2e6ed0070404db3962d9,chrysler300-c-36-gas,cat-0d1d30df79ebf36a37900772,sub-3b96445626f7e0a627bcc023,,CATEGORY_INDEX,,,https://www.moparamerica.com/v-2017-chrysler-300--c--3-6l-v6-gas/3-6l-gas-engine--engine-identification-service-engines-and-engine-service-kits,https://r.jina.ai/http://www.moparamerica.com/v-2017-chrysler-300--c--3-6l-v6-gas/3-6l-gas-engine--engine-identification-service-engines-and-engine-service-kits,1,NOT_STARTED,,,,,,,0,,0,0,,"{""ordinal"": 13}"
leaf-373c9442447726d2ffeddf52,chrysler300-c-36-gas,cat-0d1d30df79ebf36a37900772,sub-0ff15b86c4e5051da8ca4b53,,CATEGORY_INDEX,,,https://www.moparamerica.com/v-2017-chrysler-300--c--3-6l-v6-gas/3-6l-gas-engine--engine-mounting,https://r.jina.ai/http://www.moparamerica.com/v-2017-chrysler-300--c--3-6l-v6-gas/3-6l-gas-engine--engine-mounting,1,NOT_STARTED,,,,,,,0,,0,0,,"{""ordinal"": 14}"
leaf-cb8e8aa0f87c06ec98dc10fa,chrysler300-c-36-gas,cat-0d1d30df79ebf36a37900772,sub-0d0b3d53e4a863add572c4d6,,CATEGORY_INDEX,,,https://www.moparamerica.com/v-2017-chrysler-300--c--3-6l-v6-gas/3-6l-gas-engine--engine-oiling-oil-pan-and-indicator-dipstick,https://r.jina.ai/http://www.moparamerica.com/v-2017-chrysler-300--c--3-6l-v6-gas/3-6l-gas-engine--engine-oiling-oil-pan-and-indicator-dipstick,1,NOT_STARTED,,,,,,,0,,0,0,,"{""ordinal"": 15}"
leaf-e0410d1aaac1647a0acc9f39,chrysler300-c-36-gas,cat-0d1d30df79ebf36a37900772,sub-79713e10a86cb6c353ef0bb9,,CATEGORY_INDEX,,,https://www.moparamerica.com/v-2017-chrysler-300--c--3-6l-v6-gas/3-6l-gas-engine--manifolds-and-vacuum-fittings,https://r.jina.ai/http://www.moparamerica.com/v-2017-chrysler-300--c--3-6l-v6-gas/3-6l-gas-engine--manifolds-and-vacuum-fittings,1,NOT_STARTED,,,,,,,0,,0,0,,"{""ordinal"": 16}"
leaf-77efe42c97316b5080e54aab,chrysler300-c-36-gas,cat-0d1d30df79ebf36a37900772,sub-20370e1da01bd7c134aaa043,,CATEGORY_INDEX,,,https://www.moparamerica.com/v-2017-chrysler-300--c--3-6l-v6-gas/3-6l-gas-engine--timing-belt-chain-and-cover-and-balance-shaft,https://r.jina.ai/http://www.moparamerica.com/v-2017-chrysler-300--c--3-6l-v6-gas/3-6l-gas-engine--timing-belt-chain-and-cover-and-balance-shaft,1,NOT_STARTED,,,,,,,0,,0,0,,"{""ordinal"": 17}"
leaf-2f9f5f6ba11232d8aff07476,chrysler300-c-36-gas,cat-6f2010a9edd9b5d2883de46a,sub-b8aff15c4f28e0ca8031b376,,CATEGORY_INDEX,,,https://www.moparamerica.com/v-2017-chrysler-300--c--3-6l-v6-gas/5-7l-gas-engine--camshaft-and-valve,https://r.jina.ai/http://www.moparamerica.com/v-2017-chrysler-300--c--3-6l-v6-gas/5-7l-gas-engine--camshaft-and-valve,1,NOT_STARTED,,,,,,,0,,0,0,,"{""ordinal"": 18}"
leaf-24d284b8c16b0171d0e8ea3a,chrysler300-c-36-gas,cat-6f2010a9edd9b5d2883de46a,sub-8a24e2ac5beab6bb3126c229,,CATEGORY_INDEX,,,https://www.moparamerica.com/v-2017-chrysler-300--c--3-6l-v6-gas/5-7l-gas-engine--engine-mounting,https://r.jina.ai/http://www.moparamerica.com/v-2017-chrysler-300--c--3-6l-v6-gas/5-7l-gas-engine--engine-mounting,1,NOT_STARTED,,,,,,,0,,0,0,,"{""ordinal"": 19}"
leaf-636621e710a081516438edff,chrysler300-c-36-gas,cat-6f2010a9edd9b5d2883de46a,sub-156f5b09c1335e055c954b73,,CATEGORY_INDEX,,,https://www.moparamerica.com/v-2017-chrysler-300--c--3-6l-v6-gas/5-7l-gas-engine--engine-oiling-oil-pan-and-indicator-dipstick,https://r.jina.ai/http://www.moparamerica.com/v-2017-chrysler-300--c--3-6l-v6-gas/5-7l-gas-engine--engine-oiling-oil-pan-and-indicator-dipstick,1,NOT_STARTED,,,,,,,0,,0,0,,"{""ordinal"": 20}"
leaf-b0e8d7a5e529c5cb66adbe2c,chrysler300-c-36-gas,cat-9f3dfca0e221db94d319233a,sub-220cdcc0d4fc7160ab6121f2,,CATEGORY_INDEX,,,https://www.moparamerica.com/v-2017-chrysler-300--c--3-6l-v6-gas/6-4l-gas-engine--camshaft-and-valve,https://r.jina.ai/http://www.moparamerica.com/v-2017-chrysler-300--c--3-6l-v6-gas/6-4l-gas-engine--camshaft-and-valve,1,NOT_STARTED,,,,,,,0,,0,0,,"{""ordinal"": 21}"
leaf-b083eec5015a5ccd8a2517bf,chrysler300-c-36-gas,cat-9f3dfca0e221db94d319233a,sub-d45df6d7976fd366f812b35e,,CATEGORY_INDEX,,,https://www.moparamerica.com/v-2017-chrysler-300--c--3-6l-v6-gas/6-4l-gas-engine--engine-mounting,https://r.jina.ai/http://www.moparamerica.com/v-2017-chrysler-300--c--3-6l-v6-gas/6-4l-gas-engine--engine-mounting,1,NOT_STARTED,,,,,,,0,,0,0,,"{""ordinal"": 22}"
leaf-4862b55ea01b237df3ffe681,chrysler300-c-36-gas,cat-9f3dfca0e221db94d319233a,sub-28856f8be82b0fc3820843be,,CATEGORY_INDEX,,,https://www.moparamerica.com/v-2017-chrysler-300--c--3-6l-v6-gas/6-4l-gas-engine--engine-oiling-oil-pan-and-indicator-dipstick,https://r.jina.ai/http://www.moparamerica.com/v-2017-chrysler-300--c--3-6l-v6-gas/6-4l-gas-engine--engine-oiling-oil-pan-and-indicator-dipstick,1,NOT_STARTED,,,,,,,0,,0,0,,"{""ordinal"": 23}"
leaf-23f0398986e2f6fa11540ffc,chrysler300-c-36-gas,cat-2c74fa9a9ade0ac10ef5cf39,sub-d0bbae35351b04e362dafb05,,CATEGORY_INDEX,,,https://www.moparamerica.com/v-2017-chrysler-300--c--3-6l-v6-gas/845re-8-speed-automatic-transmission--automatic-transmission-transaxle-and-torque-converter,https://r.jina.ai/http://www.moparamerica.com/v-2017-chrysler-300--c--3-6l-v6-gas/845re-8-speed-automatic-transmission--automatic-transmission-transaxle-and-torque-converter,1,NOT_STARTED,,,,,,,0,,0,0,,"{""ordinal"": 24}"
leaf-70bf14688f50af2a1ac35bfd,chrysler300-c-36-gas,cat-2c74fa9a9ade0ac10ef5cf39,sub-0cc43fbfce6b41c8cacc30d8,,CATEGORY_INDEX,,,https://www.moparamerica.com/v-2017-chrysler-300--c--3-6l-v6-gas/845re-8-speed-automatic-transmission--case-extension-oil-pan-and-indicator-dipstick,https://r.jina.ai/http://www.moparamerica.com/v-2017-chrysler-300--c--3-6l-v6-gas/845re-8-speed-automatic-transmission--case-extension-oil-pan-and-indicator-dipstick,1,NOT_STARTED,,,,,,,0,,0,0,,"{""ordinal"": 25}"
leaf-5a22ebc1efdc37ea09633ea4,chrysler300-c-36-gas,cat-2c74fa9a9ade0ac10ef5cf39,sub-519a6b7d2df45d5fee3f6a43,,CATEGORY_INDEX,,,https://www.moparamerica.com/v-2017-chrysler-300--c--3-6l-v6-gas/845re-8-speed-automatic-transmission--gearshift-controls-and-related-parts,https://r.jina.ai/http://www.moparamerica.com/v-2017-chrysler-300--c--3-6l-v6-gas/845re-8-speed-automatic-transmission--gearshift-controls-and-related-parts,1,NOT_STARTED,,,,,,,0,,0,0,,"{""ordinal"": 26}"
leaf-c418d27ef4d7ee0cacc94857,chrysler300-c-36-gas,cat-2c74fa9a9ade0ac10ef5cf39,sub-fae100f773657037afbb56d7,,CATEGORY_INDEX,,,https://www.moparamerica.com/v-2017-chrysler-300--c--3-6l-v6-gas/845re-8-speed-automatic-transmission--mounting-and-skid-plate,https://r.jina.ai/http://www.moparamerica.com/v-2017-chrysler-300--c--3-6l-v6-gas/845re-8-speed-automatic-transmission--mounting-and-skid-plate,1,NOT_STARTED,,,,,,,0,,0,0,,"{""ordinal"": 27}"
leaf-cafe12d66847ba61bb35ff9d,chrysler300-c-36-gas,cat-2c74fa9a9ade0ac10ef5cf39,sub-b6c47cc71f66444a6e437ff9,,CATEGORY_INDEX,,,https://www.moparamerica.com/v-2017-chrysler-300--c--3-6l-v6-gas/845re-8-speed-automatic-transmission--oil-pump,https://r.jina.ai/http://www.moparamerica.com/v-2017-chrysler-300--c--3-6l-v6-gas/845re-8-speed-automatic-transmission--oil-pump,1,NOT_STARTED,,,,,,,0,,0,0,,"{""ordinal"": 28}"
leaf-fdd6cad576765ba628d77d0b,chrysler300-c-36-gas,cat-2c74fa9a9ade0ac10ef5cf39,sub-46bc9e6d6d4e7ec1e751504d,,CATEGORY_INDEX,,,https://www.moparamerica.com/v-2017-chrysler-300--c--3-6l-v6-gas/845re-8-speed-automatic-transmission--valve-body-accumulator-solenoid-and-parking-sprag,https://r.jina.ai/http://www.moparamerica.com/v-2017-chrysler-300--c--3-6l-v6-gas/845re-8-speed-automatic-transmission--valve-body-accumulator-solenoid-and-parking-sprag,1,NOT_STARTED,,,,,,,0,,0,0,,"{""ordinal"": 29}"
leaf-7e13033ecbcb6127e2fb407e,chrysler300-c-36-gas,cat-ac4eeee542c8c4afae77942f,sub-1fbfd4ea6422e6f0afd378db,,CATEGORY_INDEX,,,https://www.moparamerica.com/v-2017-chrysler-300--c--3-6l-v6-gas/8hp70-8-speed-automatic-transmission--automatic-transmission-transaxle-and-torque-converter,https://r.jina.ai/http://www.moparamerica.com/v-2017-chrysler-300--c--3-6l-v6-gas/8hp70-8-speed-automatic-transmission--automatic-transmission-transaxle-and-torque-converter,1,NOT_STARTED,,,,,,,0,,0,0,,"{""ordinal"": 30}"
leaf-0c1b39eb3b3a6014f0e1fbf9,chrysler300-c-36-gas,cat-ac4eeee542c8c4afae77942f,sub-500b44f6a3eeccb5cd9a1f79,,CATEGORY_INDEX,,,https://www.moparamerica.com/v-2017-chrysler-300--c--3-6l-v6-gas/8hp70-8-speed-automatic-transmission--gearshift-controls-and-related-parts,https://r.jina.ai/http://www.moparamerica.com/v-2017-chrysler-300--c--3-6l-v6-gas/8hp70-8-speed-automatic-transmission--gearshift-controls-and-related-parts,1,NOT_STARTED,,,,,,,0,,0,0,,"{""ordinal"": 31}"
leaf-b619a3cb1c32976d7143eb0e,chrysler300-c-36-gas,cat-ac4eeee542c8c4afae77942f,sub-ad4e9db6a0dec8277ed76e5d,,CATEGORY_INDEX,,,https://www.moparamerica.com/v-2017-chrysler-300--c--3-6l-v6-gas/8hp70-8-speed-automatic-transmission--mounting-and-skid-plate,https://r.jina.ai/http://www.moparamerica.com/v-2017-chrysler-300--c--3-6l-v6-gas/8hp70-8-speed-automatic-transmission--mounting-and-skid-plate,1,NOT_STARTED,,,,,,,0,,0,0,,"{""ordinal"": 32}"
leaf-7c675a860e32f622a3d3aaf4,chrysler300-c-36-gas,cat-f6cf3e3c9fcea6a37a0e366c,,,CATEGORY_INDEX,,,https://www.moparamerica.com/v-2017-chrysler-300--c--3-6l-v6-gas/accessories,https://r.jina.ai/http://www.moparamerica.com/v-2017-chrysler-300--c--3-6l-v6-gas/accessories,1,NOT_STARTED,,,,,,,0,,0,0,,"{""ordinal"": 2}"
leaf-09b9bd69af4aaee6b1e1a95a,chrysler300-c-36-gas,cat-1edc6ffacd9d4d5ca9214802,sub-6cf8d9bbc588c3510741a22d,,CATEGORY_INDEX,,,https://www.moparamerica.com/v-2017-chrysler-300--c--3-6l-v6-gas/accessories-audio-video-and-electronics-accessories--charging-unit,https://r.jina.ai/http://www.moparamerica.com/v-2017-chrysler-300--c--3-6l-v6-gas/accessories-audio-video-and-electronics-accessories--charging-unit,1,NOT_STARTED,,,,,,,0,,0,0,,"{""ordinal"": 44}"
leaf-befdd5e14cb88a01e585c2b5,chrysler300-c-36-gas,cat-1edc6ffacd9d4d5ca9214802,sub-14af951758084f6eeac73528,,CATEGORY_INDEX,,,https://www.moparamerica.com/v-2017-chrysler-300--c--3-6l-v6-gas/accessories-audio-video-and-electronics-accessories--remote-start,https://r.jina.ai/http://www.moparamerica.com/v-2017-chrysler-300--c--3-6l-v6-gas/accessories-audio-video-and-electronics-accessories--remote-start,1,NOT_STARTED,,,,,,,0,,0,0,,"{""ordinal"": 45}"
leaf-fcf7a27148103d8b2fd9bdc7,chrysler300-c-36-gas,cat-1edc6ffacd9d4d5ca9214802,sub-57a5eb2590f4a87e96bd63d5,,CATEGORY_INDEX,,,https://www.moparamerica.com/v-2017-chrysler-300--c--3-6l-v6-gas/accessories-audio-video-and-electronics-accessories--security,https://r.jina.ai/http://www.moparamerica.com/v-2017-chrysler-300--c--3-6l-v6-gas/accessories-audio-video-and-electronics-accessories--security,1,NOT_STARTED,,,,,,,0,,0,0,,"{""ordinal"": 46}"
leaf-8d8d464bf32660b2622a176a,chrysler300-c-36-gas,cat-ab0900394d66a8dde903b15b,sub-4021dc5c63b3e89e97237b52,,CATEGORY_INDEX,,,https://www.moparamerica.com/v-2017-chrysler-300--c--3-6l-v6-gas/accessories-exterior-accessories--air-deflectors,https://r.jina.ai/http://www.moparamerica.com/v-2017-chrysler-300--c--3-6l-v6-gas/accessories-exterior-accessories--air-deflectors,1,NOT_STARTED,,,,,,,0,,0,0,,"{""ordinal"": 97}"
leaf-263e87a083bd2ff8d1e3baea,chrysler300-c-36-gas,cat-ab0900394d66a8dde903b15b,sub-d0e999d5531b5878f4074811,,CATEGORY_INDEX,,,https://www.moparamerica.com/v-2017-chrysler-300--c--3-6l-v6-gas/accessories-exterior-accessories--exterior-appearance,https://r.jina.ai/http://www.moparamerica.com/v-2017-chrysler-300--c--3-6l-v6-gas/accessories-exterior-accessories--exterior-appearance,1,NOT_STARTED,,,,,,,0,,0,0,,"{""ordinal"": 98}"
leaf-34d0717b5ab12c386dfa24fb,chrysler300-c-36-gas,cat-ab0900394d66a8dde903b15b,sub-8304fbd0c09b12e5e51cee87,,CATEGORY_INDEX,,,https://www.moparamerica.com/v-2017-chrysler-300--c--3-6l-v6-gas/accessories-exterior-accessories--license-plate,https://r.jina.ai/http://www.moparamerica.com/v-2017-chrysler-300--c--3-6l-v6-gas/accessories-exterior-accessories--license-plate,1,NOT_STARTED,,,,,,,0,,0,0,,"{""ordinal"": 99}"
leaf-7ffaea7701f6c231fd67e913,chrysler300-c-36-gas,cat-ab0900394d66a8dde903b15b,sub-6814688156765b130e3ff5e8,,CATEGORY_INDEX,,,https://www.moparamerica.com/v-2017-chrysler-300--c--3-6l-v6-gas/accessories-exterior-accessories--locks,https://r.jina.ai/http://www.moparamerica.com/v-2017-chrysler-300--c--3-6l-v6-gas/accessories-exterior-accessories--locks,1,NOT_STARTED,,,,,,,0,,0,0,,"{""ordinal"": 100}"
leaf-488aa262bdf1855d96d41108,chrysler300-c-36-gas,cat-ab0900394d66a8dde903b15b,sub-4c9e919a423e756a42f72af4,,CATEGORY_INDEX,,,https://www.moparamerica.com/v-2017-chrysler-300--c--3-6l-v6-gas/accessories-exterior-accessories--protective-guards,https://r.jina.ai/http://www.moparamerica.com/v-2017-chrysler-300--c--3-6l-v6-gas/accessories-exterior-accessories--protective-guards,1,NOT_STARTED,,,,,,,0,,0,0,,"{""ordinal"": 101}"
leaf-3f09735a6266cb289413bd6e,chrysler300-c-36-gas,cat-ab0900394d66a8dde903b15b,sub-c5f5f9c36f48960561c4e8c6,,CATEGORY_INDEX,,,https://www.moparamerica.com/v-2017-chrysler-300--c--3-6l-v6-gas/accessories-exterior-accessories--splash-guards,https://r.jina.ai/http://www.moparamerica.com/v-2017-chrysler-300--c--3-6l-v6-gas/accessories-exterior-accessories--splash-guards,1,NOT_STARTED,,,,,,,0,,0,0,,"{""ordinal"": 102}"
leaf-3e7dc2e40d9e50541689809a,chrysler300-c-36-gas,cat-ab0900394d66a8dde903b15b,sub-4e38164c6d3858dbe490a159,,CATEGORY_INDEX,,,https://www.moparamerica.com/v-2017-chrysler-300--c--3-6l-v6-gas/accessories-exterior-accessories--wheels,https://r.jina.ai/http://www.moparamerica.com/v-2017-chrysler-300--c--3-6l-v6-gas/accessories-exterior-accessories--wheels,1,NOT_STARTED,,,,,,,0,,0,0,,"{""ordinal"": 103}"
leaf-349185d095500269cc5f9057,chrysler300-c-36-gas,cat-7b0a3ac57de9b8e41754cb28,sub-8620355aa148ea1e0599cb0f,,CATEGORY_INDEX,,,https://www.moparamerica.com/v-2017-chrysler-300--c--3-6l-v6-gas/accessories-interior-accessories--air-purification,https://r.jina.ai/http://www.moparamerica.com/v-2017-chrysler-300--c--3-6l-v6-gas/accessories-interior-accessories--air-purification,1,NOT_STARTED,,,,,,,0,,0,0,,"{""ordinal"": 121}"
leaf-b60b4a50b13c34fc2ce03874,chrysler300-c-36-gas,cat-7b0a3ac57de9b8e41754cb28,sub-5def3025f993e01f8ab1a7ec,,CATEGORY_INDEX,,,https://www.moparamerica.com/v-2017-chrysler-300--c--3-6l-v6-gas/accessories-interior-accessories--cargo-trays-and-mats,https://r.jina.ai/http://www.moparamerica.com/v-2017-chrysler-300--c--3-6l-v6-gas/accessories-interior-accessories--cargo-trays-and-mats,1,NOT_STARTED,,,,,,,0,,0,0,,"{""ordinal"": 122}"
leaf-1f3a7a12a301860cb8127d46,chrysler300-c-36-gas,cat-7b0a3ac57de9b8e41754cb28,sub-1232b2a41d29e206cdd25540,,CATEGORY_INDEX,,,https://www.moparamerica.com/v-2017-chrysler-300--c--3-6l-v6-gas/accessories-interior-accessories--floor-mats,https://r.jina.ai/http://www.moparamerica.com/v-2017-chrysler-300--c--3-6l-v6-gas/accessories-interior-accessories--floor-mats,1,NOT_STARTED,,,,,,,0,,0,0,,"{""ordinal"": 123}"
leaf-d95f522d3d35e958d5e61886,chrysler300-c-36-gas,cat-7b0a3ac57de9b8e41754cb28,sub-93bc493558a2bdb28e6064e8,,CATEGORY_INDEX,,,https://www.moparamerica.com/v-2017-chrysler-300--c--3-6l-v6-gas/accessories-interior-accessories--interior-appearance,https://r.jina.ai/http://www.moparamerica.com/v-2017-chrysler-300--c--3-6l-v6-gas/accessories-interior-accessories--interior-appearance,1,NOT_STARTED,,,,,,,0,,0,0,,"{""ordinal"": 124}"
leaf-2095192ae1802b63404ebc87,chrysler300-c-36-gas,cat-b8835a61cb70abe11bfe3150,sub-f861d6f7bfe8a712192a1844,,CATEGORY_INDEX,,,https://www.moparamerica.com/v-2017-chrysler-300--c--3-6l-v6-gas/accessories-lifestyle-and-off-road-accessories--safety-kits,https://r.jina.ai/http://www.moparamerica.com/v-2017-chrysler-300--c--3-6l-v6-gas/accessories-lifestyle-and-off-road-accessories--safety-kits,1,NOT_STARTED,,,,,,,0,,0,0,,"{""ordinal"": 138}"
leaf-69aa7401d813e7958544669f,chrysler300-c-36-gas,cat-91832ba0b25e17fd3ec88f55,sub-286bb001ed938b08d45c764d,,CATEGORY_INDEX,,,https://www.moparamerica.com/v-2017-chrysler-300--c--3-6l-v6-gas/accessories-lighting-and-electrical-accessories--charging-unit,https://r.jina.ai/http://www.moparamerica.com/v-2017-chrysler-300--c--3-6l-v6-gas/accessories-lighting-and-electrical-accessories--charging-unit,1,NOT_STARTED,,,,,,,0,,0,0,,"{""ordinal"": 139}"
leaf-0b7e01434a3ffbec3603cbeb,chrysler300-c-36-gas,cat-f90778a5160ba97c1a785c85,sub-9fcda0648d39aa949a5e0882,,CATEGORY_INDEX,,,https://www.moparamerica.com/v-2017-chrysler-300--c--3-6l-v6-gas/accessories-modern-performance--engine-parts,https://r.jina.ai/http://www.moparamerica.com/v-2017-chrysler-300--c--3-6l-v6-gas/accessories-modern-performance--engine-parts,1,NOT_STARTED,,,,,,,0,,0,0,,"{""ordinal"": 140}"
leaf-e08c7c017769a346575a34ea,chrysler300-c-36-gas,cat-f90778a5160ba97c1a785c85,sub-2bac6cd6df1799396664d653,,CATEGORY_INDEX,,,https://www.moparamerica.com/v-2017-chrysler-300--c--3-6l-v6-gas/accessories-modern-performance--intake-and-air,https://r.jina.ai/http://www.moparamerica.com/v-2017-chrysler-300--c--3-6l-v6-gas/accessories-modern-performance--intake-and-air,1,NOT_STARTED,,,,,,,0,,0,0,,"{""ordinal"": 141}"
leaf-0d0a4ccf1186038737a6c855,chrysler300-c-36-gas,cat-f90778a5160ba97c1a785c85,sub-e89802908a6c095c58320d85,,CATEGORY_INDEX,,,https://www.moparamerica.com/v-2017-chrysler-300--c--3-6l-v6-gas/accessories-modern-performance--suspension,https://r.jina.ai/http://www.moparamerica.com/v-2017-chrysler-300--c--3-6l-v6-gas/accessories-modern-performance--suspension,1,NOT_STARTED,,,,,,,0,,0,0,,"{""ordinal"": 142}"
leaf-5d2b8bf5109960bc54636e7c,chrysler300-c-36-gas,cat-5b809115f3bac6e990eb3e87,sub-7f887bd4fdd6870b42f3ae23,,CATEGORY_INDEX,,,https://www.moparamerica.com/v-2017-chrysler-300--c--3-6l-v6-gas/accessories-performance--brakes,https://r.jina.ai/http://www.moparamerica.com/v-2017-chrysler-300--c--3-6l-v6-gas/accessories-performance--brakes,1,NOT_STARTED,,,,,,,0,,0,0,,"{""ordinal"": 149}"
leaf-aaed8ecc0ea03850194b2148,chrysler300-c-36-gas,cat-5b809115f3bac6e990eb3e87,sub-75ea26ff1b275a27ec6acf22,,CATEGORY_INDEX,,,https://www.moparamerica.com/v-2017-chrysler-300--c--3-6l-v6-gas/accessories-performance--performance-packages,https://r.jina.ai/http://www.moparamerica.com/v-2017-chrysler-300--c--3-6l-v6-gas/accessories-performance--performance-packages,1,NOT_STARTED,,,,,,,0,,0,0,,"{""ordinal"": 150}"
leaf-230792bb65afffcf50f34706,chrysler300-c-36-gas,cat-c5e01ac5b9fcc229c7bfa604,sub-f7c4e20bfa9f02e72561acaa,,CATEGORY_INDEX,,,https://www.moparamerica.com/v-2017-chrysler-300--c--3-6l-v6-gas/accessories-vehicle-care-products--mopar,https://r.jina.ai/http://www.moparamerica.com/v-2017-chrysler-300--c--3-6l-v6-gas/accessories-vehicle-care-products--mopar,1,NOT_STARTED,,,,,,,0,,0,0,,"{""ordinal"": 165}"
leaf-9417c20c80871fb121852e67,chrysler300-c-36-gas,cat-c5e01ac5b9fcc229c7bfa604,sub-17998790c357e5cf4ff45046,,CATEGORY_INDEX,,,https://www.moparamerica.com/v-2017-chrysler-300--c--3-6l-v6-gas/accessories-vehicle-care-products--touch-up-paint,https://r.jina.ai/http://www.moparamerica.com/v-2017-chrysler-300--c--3-6l-v6-gas/accessories-vehicle-care-products--touch-up-paint,1,NOT_STARTED,,,,,,,0,,0,0,,"{""ordinal"": 166}"
leaf-416c0cdbaef2737e51428135,chrysler300-c-36-gas,cat-a931e3843bee7f3da85c5b15,sub-afb9e95ddf752c3954f8d6b5,,CATEGORY_INDEX,,,https://www.moparamerica.com/v-2017-chrysler-300--c--3-6l-v6-gas/air-conditioners-and-heaters--air-conditioner-and-heater-controls,https://r.jina.ai/http://www.moparamerica.com/v-2017-chrysler-300--c--3-6l-v6-gas/air-conditioners-and-heaters--air-conditioner-and-heater-controls,1,NOT_STARTED,,,,,,,0,,0,0,,"{""ordinal"": 33}"
leaf-c8f3d997ff7f9943c23df887,chrysler300-c-36-gas,cat-a931e3843bee7f3da85c5b15,sub-d4940b28f31fcb92cc407b72,,CATEGORY_INDEX,,,https://www.moparamerica.com/v-2017-chrysler-300--c--3-6l-v6-gas/air-conditioners-and-heaters--air-conditioner-and-heater-plumbing,https://r.jina.ai/http://www.moparamerica.com/v-2017-chrysler-300--c--3-6l-v6-gas/air-conditioners-and-heaters--air-conditioner-and-heater-plumbing,1,NOT_STARTED,,,,,,,0,,0,0,,"{""ordinal"": 34}"
leaf-de042e53ac6913ad04d53b31,chrysler300-c-36-gas,cat-a931e3843bee7f3da85c5b15,sub-735846ac2ed6ca5b93f7b27e,,CATEGORY_INDEX,,,https://www.moparamerica.com/v-2017-chrysler-300--c--3-6l-v6-gas/air-conditioners-and-heaters--air-conditioner-and-heater-units,https://r.jina.ai/http://www.moparamerica.com/v-2017-chrysler-300--c--3-6l-v6-gas/air-conditioners-and-heaters--air-conditioner-and-heater-units,1,NOT_STARTED,,,,,,,0,,0,0,,"{""ordinal"": 35}"
leaf-1056a7af4049f9c1b66f23e9,chrysler300-c-36-gas,cat-a931e3843bee7f3da85c5b15,sub-1faddfb4a24a7b0bd21e188c,,CATEGORY_INDEX,,,https://www.moparamerica.com/v-2017-chrysler-300--c--3-6l-v6-gas/air-conditioners-and-heaters--air-conditioner-compressor-and-mounting,https://r.jina.ai/http://www.moparamerica.com/v-2017-chrysler-300--c--3-6l-v6-gas/air-conditioners-and-heaters--air-conditioner-compressor-and-mounting,1,NOT_STARTED,,,,,,,0,,0,0,,"{""ordinal"": 36}"
leaf-7ea4eeab629ba4966f39a9e5,chrysler300-c-36-gas,cat-a931e3843bee7f3da85c5b15,sub-8bbd800dd1005d78ea38387e,,CATEGORY_INDEX,,,https://www.moparamerica.com/v-2017-chrysler-300--c--3-6l-v6-gas/air-conditioners-and-heaters--air-ducts,https://r.jina.ai/http://www.moparamerica.com/v-2017-chrysler-300--c--3-6l-v6-gas/air-conditioners-and-heaters--air-ducts,1,NOT_STARTED,,,,,,,0,,0,0,,"{""ordinal"": 37}"
leaf-bb80b939be10f9c075cef6e0,chrysler300-c-36-gas,cat-5e2fedaf79f092504f47fc76,sub-63333f7f900b62031fc3958b,,CATEGORY_INDEX,,,https://www.moparamerica.com/v-2017-chrysler-300--c--3-6l-v6-gas/all-wheel-drive-differential-and-drive-line--drive-shaft,https://r.jina.ai/http://www.moparamerica.com/v-2017-chrysler-300--c--3-6l-v6-gas/all-wheel-drive-differential-and-drive-line--drive-shaft,1,NOT_STARTED,,,,,,,0,,0,0,,"{""ordinal"": 38}"
leaf-cb16207249545f39b168c3af,chrysler300-c-36-gas,cat-5e2fedaf79f092504f47fc76,sub-e81ab9fdd340796ffb88f108,,CATEGORY_INDEX,,,https://www.moparamerica.com/v-2017-chrysler-300--c--3-6l-v6-gas/all-wheel-drive-differential-and-drive-line--front-axle-assembly,https://r.jina.ai/http://www.moparamerica.com/v-2017-chrysler-300--c--3-6l-v6-gas/all-wheel-drive-differential-and-drive-line--front-axle-assembly,1,NOT_STARTED,,,,,,,0,,0,0,,"{""ordinal"": 39}"
leaf-72efa33ed278ada682a493f5,chrysler300-c-36-gas,cat-5e2fedaf79f092504f47fc76,sub-8efdac87671bfb14f80397bb,,CATEGORY_INDEX,,,https://www.moparamerica.com/v-2017-chrysler-300--c--3-6l-v6-gas/all-wheel-drive-differential-and-drive-line--front-axle-drive-shafts,https://r.jina.ai/http://www.moparamerica.com/v-2017-chrysler-300--c--3-6l-v6-gas/all-wheel-drive-differential-and-drive-line--front-axle-drive-shafts,1,NOT_STARTED,,,,,,,0,,0,0,,"{""ordinal"": 40}"
leaf-8bf8dc19d5623204debaa7bc,chrysler300-c-36-gas,cat-5e2fedaf79f092504f47fc76,sub-e2181ccd2d5d9453157e4a6b,,CATEGORY_INDEX,,,https://www.moparamerica.com/v-2017-chrysler-300--c--3-6l-v6-gas/all-wheel-drive-differential-and-drive-line--rear-axle-assembly,https://r.jina.ai/http://www.moparamerica.com/v-2017-chrysler-300--c--3-6l-v6-gas/all-wheel-drive-differential-and-drive-line--rear-axle-assembly,1,NOT_STARTED,,,,,,,0,,0,0,,"{""ordinal"": 41}"
leaf-d87bcedd2c7ae3f173dc1f49,chrysler300-c-36-gas,cat-5e2fedaf79f092504f47fc76,sub-9a333d5eff65d0ed7d4aaa69,,CATEGORY_INDEX,,,https://www.moparamerica.com/v-2017-chrysler-300--c--3-6l-v6-gas/all-wheel-drive-differential-and-drive-line--rear-axle-housing-differential-and-vent,https://r.jina.ai/http://www.moparamerica.com/v-2017-chrysler-300--c--3-6l-v6-gas/all-wheel-drive-differential-and-drive-line--rear-axle-housing-differential-and-vent,1,NOT_STARTED,,,,,,,0,,0,0,,"{""ordinal"": 43}"
leaf-2921c497e694186f7ae9b4d3,chrysler300-c-36-gas,cat-5e2fedaf79f092504f47fc76,sub-a002e776d0a1b34a631ed796,,CATEGORY_INDEX,,,https://www.moparamerica.com/v-2017-chrysler-300--c--3-6l-v6-gas/all-wheel-drive-differential-and-drive-line--rear-axle-shafts,https://r.jina.ai/http://www.moparamerica.com/v-2017-chrysler-300--c--3-6l-v6-gas/all-wheel-drive-differential-and-drive-line--rear-axle-shafts,1,NOT_STARTED,,,,,,,0,,0,0,,"{""ordinal"": 42}"
leaf-1edbe02437542156da9027fc,chrysler300-c-36-gas,cat-5b5cf17f07bdddc192873d66,,,CATEGORY_INDEX,,,https://www.moparamerica.com/v-2017-chrysler-300--c--3-6l-v6-gas/auto-parts,https://r.jina.ai/http://www.moparamerica.com/v-2017-chrysler-300--c--3-6l-v6-gas/auto-parts,1,NOT_STARTED,,,,,,,0,,0,0,,"{""ordinal"": 1}"
leaf-ca92abb913b2397d2bb10fe8,chrysler300-c-36-gas,cat-b23dd58073a8178f51c69689,sub-d337a22d4d5822319343b4e6,,CATEGORY_INDEX,,,https://www.moparamerica.com/v-2017-chrysler-300--c--3-6l-v6-gas/body-sheet-metal-except-doors--aperture-panel-and-pillar-supports,https://r.jina.ai/http://www.moparamerica.com/v-2017-chrysler-300--c--3-6l-v6-gas/body-sheet-metal-except-doors--aperture-panel-and-pillar-supports,1,NOT_STARTED,,,,,,,0,,0,0,,"{""ordinal"": 47}"
leaf-ed609f8c1a19b40ac8395120,chrysler300-c-36-gas,cat-b23dd58073a8178f51c69689,sub-107589d7c1fe958f1b7f7fe5,,CATEGORY_INDEX,,,https://www.moparamerica.com/v-2017-chrysler-300--c--3-6l-v6-gas/body-sheet-metal-except-doors--cowl-and-dash-panel,https://r.jina.ai/http://www.moparamerica.com/v-2017-chrysler-300--c--3-6l-v6-gas/body-sheet-metal-except-doors--cowl-and-dash-panel,1,NOT_STARTED,,,,,,,0,,0,0,,"{""ordinal"": 48}"
leaf-293abc27d11a8c17b354c92b,chrysler300-c-36-gas,cat-b23dd58073a8178f51c69689,sub-2bc6bea1fedadcd475c0a412,,CATEGORY_INDEX,,,https://www.moparamerica.com/v-2017-chrysler-300--c--3-6l-v6-gas/body-sheet-metal-except-doors--deck-lid,https://r.jina.ai/http://www.moparamerica.com/v-2017-chrysler-300--c--3-6l-v6-gas/body-sheet-metal-except-doors--deck-lid,1,NOT_STARTED,,,,,,,0,,0,0,,"{""ordinal"": 49}"
leaf-c96fab75fed990e1edf4d361,chrysler300-c-36-gas,cat-b23dd58073a8178f51c69689,sub-125cce127832dd4ac9385f64,,CATEGORY_INDEX,,,https://www.moparamerica.com/v-2017-chrysler-300--c--3-6l-v6-gas/body-sheet-metal-except-doors--fenders,https://r.jina.ai/http://www.moparamerica.com/v-2017-chrysler-300--c--3-6l-v6-gas/body-sheet-metal-except-doors--fenders,1,NOT_STARTED,,,,,,,0,,0,0,,"{""ordinal"": 50}"
leaf-2937d4fc0fd29b824c1c7cd9,chrysler300-c-36-gas,cat-b23dd58073a8178f51c69689,sub-c91261f548c9087be474943a,,CATEGORY_INDEX,,,https://www.moparamerica.com/v-2017-chrysler-300--c--3-6l-v6-gas/body-sheet-metal-except-doors--floor-pans,https://r.jina.ai/http://www.moparamerica.com/v-2017-chrysler-300--c--3-6l-v6-gas/body-sheet-metal-except-doors--floor-pans,1,NOT_STARTED,,,,,,,0,,0,0,,"{""ordinal"": 51}"
leaf-b89b6f7d638795ef446aec61,chrysler300-c-36-gas,cat-b23dd58073a8178f51c69689,sub-c82495875effbe2bdac96753,,CATEGORY_INDEX,,,https://www.moparamerica.com/v-2017-chrysler-300--c--3-6l-v6-gas/body-sheet-metal-except-doors--hood-and-hood-release,https://r.jina.ai/http://www.moparamerica.com/v-2017-chrysler-300--c--3-6l-v6-gas/body-sheet-metal-except-doors--hood-and-hood-release,1,NOT_STARTED,,,,,,,0,,0,0,,"{""ordinal"": 52}"
leaf-9283d6b9c9fa32e4183e54ae,chrysler300-c-36-gas,cat-b23dd58073a8178f51c69689,sub-90524cbf5b23272cb8c0265f,,CATEGORY_INDEX,,,https://www.moparamerica.com/v-2017-chrysler-300--c--3-6l-v6-gas/body-sheet-metal-except-doors--pick-up-box-and-fuel-filler-door,https://r.jina.ai/http://www.moparamerica.com/v-2017-chrysler-300--c--3-6l-v6-gas/body-sheet-metal-except-doors--pick-up-box-and-fuel-filler-door,1,NOT_STARTED,,,,,,,0,,0,0,,"{""ordinal"": 53}"
leaf-3ca630d0131ed34999068a4d,chrysler300-c-36-gas,cat-b23dd58073a8178f51c69689,sub-30aef0d4cecaba3594d64591,,CATEGORY_INDEX,,,https://www.moparamerica.com/v-2017-chrysler-300--c--3-6l-v6-gas/body-sheet-metal-except-doors--plugs,https://r.jina.ai/http://www.moparamerica.com/v-2017-chrysler-300--c--3-6l-v6-gas/body-sheet-metal-except-doors--plugs,1,NOT_STARTED,,,,,,,0,,0,0,,"{""ordinal"": 54}"
leaf-620ce4116f3e6a420c431d5a,chrysler300-c-36-gas,cat-b23dd58073a8178f51c69689,sub-149cbe3a628459f6ca4a73a8,,CATEGORY_INDEX,,,https://www.moparamerica.com/v-2017-chrysler-300--c--3-6l-v6-gas/body-sheet-metal-except-doors--roof,https://r.jina.ai/http://www.moparamerica.com/v-2017-chrysler-300--c--3-6l-v6-gas/body-sheet-metal-except-doors--roof,1,NOT_STARTED,,,,,,,0,,0,0,,"{""ordinal"": 55}"
leaf-2cded5b6704c33aa452be4a2,chrysler300-c-36-gas,cat-b23dd58073a8178f51c69689,sub-0464a8cc81f42049cca1419c,,CATEGORY_INDEX,,,https://www.moparamerica.com/v-2017-chrysler-300--c--3-6l-v6-gas/body-sheet-metal-except-doors--shelf-panel,https://r.jina.ai/http://www.moparamerica.com/v-2017-chrysler-300--c--3-6l-v6-gas/body-sheet-metal-except-doors--shelf-panel,1,NOT_STARTED,,,,,,,0,,0,0,,"{""ordinal"": 56}"
leaf-30e8f0ae0dd48a1629ecd438,chrysler300-c-36-gas,cat-b23dd58073a8178f51c69689,sub-6f13b085e1434bbe24c6a041,,CATEGORY_INDEX,,,https://www.moparamerica.com/v-2017-chrysler-300--c--3-6l-v6-gas/body-sheet-metal-except-doors--sunroof,https://r.jina.ai/http://www.moparamerica.com/v-2017-chrysler-300--c--3-6l-v6-gas/body-sheet-metal-except-doors--sunroof,1,NOT_STARTED,,,,,,,0,,0,0,,"{""ordinal"": 57}"
leaf-16690cf5ec40119f9e1e025a,chrysler300-c-36-gas,cat-fd38bf0005dfebebdf2ae121,sub-3c1d07f46feddbd7c8b33a2e,,CATEGORY_INDEX,,,https://www.moparamerica.com/v-2017-chrysler-300--c--3-6l-v6-gas/brakes--brake-master-cylinder,https://r.jina.ai/http://www.moparamerica.com/v-2017-chrysler-300--c--3-6l-v6-gas/brakes--brake-master-cylinder,1,NOT_STARTED,,,,,,,0,,0,0,,"{""ordinal"": 58}"
leaf-a0f388be65c838e9485c286f,chrysler300-c-36-gas,cat-fd38bf0005dfebebdf2ae121,sub-a3c716e75294ef11d1cd9097,,CATEGORY_INDEX,,,https://www.moparamerica.com/v-2017-chrysler-300--c--3-6l-v6-gas/brakes--brake-pedals,https://r.jina.ai/http://www.moparamerica.com/v-2017-chrysler-300--c--3-6l-v6-gas/brakes--brake-pedals,1,NOT_STARTED,,,,,,,0,,0,0,,"{""ordinal"": 59}"
leaf-3c89b4a758e5d4af059a6422,chrysler300-c-36-gas,cat-fd38bf0005dfebebdf2ae121,sub-2e78f465383a76127caed29b,,CATEGORY_INDEX,,,https://www.moparamerica.com/v-2017-chrysler-300--c--3-6l-v6-gas/brakes--front-brakes,https://r.jina.ai/http://www.moparamerica.com/v-2017-chrysler-300--c--3-6l-v6-gas/brakes--front-brakes,1,NOT_STARTED,,,,,,,0,,0,0,,"{""ordinal"": 60}"
leaf-efd07e01c3b8d264f5e519a4,chrysler300-c-36-gas,cat-fd38bf0005dfebebdf2ae121,sub-e67b4fdde7165dc3218c1286,,CATEGORY_INDEX,,,https://www.moparamerica.com/v-2017-chrysler-300--c--3-6l-v6-gas/brakes--hydraulic-control-unit-brake-tubes-and-hoses,https://r.jina.ai/http://www.moparamerica.com/v-2017-chrysler-300--c--3-6l-v6-gas/brakes--hydraulic-control-unit-brake-tubes-and-hoses,1,NOT_STARTED,,,,,,,0,,0,0,,"{""ordinal"": 61}"
leaf-5ad2c116c7f722c03d01ade3,chrysler300-c-36-gas,cat-fd38bf0005dfebebdf2ae121,sub-53d5a8c7c9c456d3f90b13e1,,CATEGORY_INDEX,,,https://www.moparamerica.com/v-2017-chrysler-300--c--3-6l-v6-gas/brakes--parking-brake-lever-cables-and-rear-disc-park-brake-assembly,https://r.jina.ai/http://www.moparamerica.com/v-2017-chrysler-300--c--3-6l-v6-gas/brakes--parking-brake-lever-cables-and-rear-disc-park-brake-assembly,1,NOT_STARTED,,,,,,,0,,0,0,,"{""ordinal"": 62}"
leaf-dc0054ec57580c3e42c70486,chrysler300-c-36-gas,cat-fd38bf0005dfebebdf2ae121,sub-5d36eb50dbdffeb567d25727,,CATEGORY_INDEX,,,https://www.moparamerica.com/v-2017-chrysler-300--c--3-6l-v6-gas/brakes--power-brake-booster,https://r.jina.ai/http://www.moparamerica.com/v-2017-chrysler-300--c--3-6l-v6-gas/brakes--power-brake-booster,1,NOT_STARTED,,,,,,,0,,0,0,,"{""ordinal"": 63}"
leaf-532acf0a27cd4a9b0b02bbd7,chrysler300-c-36-gas,cat-fd38bf0005dfebebdf2ae121,sub-372814dad81d4847610dbe04,,CATEGORY_INDEX,,,https://www.moparamerica.com/v-2017-chrysler-300--c--3-6l-v6-gas/brakes--rear-brakes,https://r.jina.ai/http://www.moparamerica.com/v-2017-chrysler-300--c--3-6l-v6-gas/brakes--rear-brakes,1,NOT_STARTED,,,,,,,0,,0,0,,"{""ordinal"": 64}"
leaf-671803b6a28f39d5e95555a0,chrysler300-c-36-gas,cat-79ae608ca00538b2a35c2659,sub-38c188d0ec7d636ae46134aa,,CATEGORY_INDEX,,,https://www.moparamerica.com/v-2017-chrysler-300--c--3-6l-v6-gas/cooling--drive-belts,https://r.jina.ai/http://www.moparamerica.com/v-2017-chrysler-300--c--3-6l-v6-gas/cooling--drive-belts,1,NOT_STARTED,,,,,,,0,,0,0,,"{""ordinal"": 65}"
leaf-5ee4ba0bffc3653b2c9d4b74,chrysler300-c-36-gas,cat-79ae608ca00538b2a35c2659,sub-141ed1bf5793ffef93227dce,,CATEGORY_INDEX,,,https://www.moparamerica.com/v-2017-chrysler-300--c--3-6l-v6-gas/cooling--engine-coolant-reservoir-bottle,https://r.jina.ai/http://www.moparamerica.com/v-2017-chrysler-300--c--3-6l-v6-gas/cooling--engine-coolant-reservoir-bottle,1,NOT_STARTED,,,,,,,0,,0,0,,"{""ordinal"": 66}"
leaf-179c31a269b1417c2afb6525,chrysler300-c-36-gas,cat-79ae608ca00538b2a35c2659,sub-a69318f5a9cc026826c81e40,,CATEGORY_INDEX,,,https://www.moparamerica.com/v-2017-chrysler-300--c--3-6l-v6-gas/cooling--pulleys-and-related-parts,https://r.jina.ai/http://www.moparamerica.com/v-2017-chrysler-300--c--3-6l-v6-gas/cooling--pulleys-and-related-parts,1,NOT_STARTED,,,,,,,0,,0,0,,"{""ordinal"": 67}"
leaf-1b90ec26cec629371179d3d5,chrysler300-c-36-gas,cat-79ae608ca00538b2a35c2659,sub-8a081ffe8501142e0aeacd4b,,CATEGORY_INDEX,,,https://www.moparamerica.com/v-2017-chrysler-300--c--3-6l-v6-gas/cooling--radiator-and-related-parts-charge-air-cooler,https://r.jina.ai/http://www.moparamerica.com/v-2017-chrysler-300--c--3-6l-v6-gas/cooling--radiator-and-related-parts-charge-air-cooler,1,NOT_STARTED,,,,,,,0,,0,0,,"{""ordinal"": 68}"
leaf-47f5f45ffc2a18558c62980b,chrysler300-c-36-gas,cat-79ae608ca00538b2a35c2659,sub-13ce2a9c88fd3aa48a5b2cf9,,CATEGORY_INDEX,,,https://www.moparamerica.com/v-2017-chrysler-300--c--3-6l-v6-gas/cooling--transmission-oil-cooler-and-lines,https://r.jina.ai/http://www.moparamerica.com/v-2017-chrysler-300--c--3-6l-v6-gas/cooling--transmission-oil-cooler-and-lines,1,NOT_STARTED,,,,,,,0,,0,0,,"{""ordinal"": 69}"
leaf-5095d13b0e2d6875e706b050,chrysler300-c-36-gas,cat-79ae608ca00538b2a35c2659,sub-a5077a29a5aabf253f3b2982,,CATEGORY_INDEX,,,https://www.moparamerica.com/v-2017-chrysler-300--c--3-6l-v6-gas/cooling--water-pump-and-related-parts,https://r.jina.ai/http://www.moparamerica.com/v-2017-chrysler-300--c--3-6l-v6-gas/cooling--water-pump-and-related-parts,1,NOT_STARTED,,,,,,,0,,0,0,,"{""ordinal"": 70}"
leaf-47fe2491973d2af9a173b6a7,chrysler300-c-36-gas,cat-c10964f3ebf56a55b8f2b6eb,sub-df3f79b69553dde932c79984,,CATEGORY_INDEX,,,https://www.moparamerica.com/v-2017-chrysler-300--c--3-6l-v6-gas/doors-door-mirrors-and-related-parts--exterior-mirror,https://r.jina.ai/http://www.moparamerica.com/v-2017-chrysler-300--c--3-6l-v6-gas/doors-door-mirrors-and-related-parts--exterior-mirror,1,NOT_STARTED,,,,,,,0,,0,0,,"{""ordinal"": 71}"
leaf-bc047cfd575d4fe335624062,chrysler300-c-36-gas,cat-c10964f3ebf56a55b8f2b6eb,sub-3893edcf16c15336fe35f657,,CATEGORY_INDEX,,,https://www.moparamerica.com/v-2017-chrysler-300--c--3-6l-v6-gas/doors-door-mirrors-and-related-parts--front-door,https://r.jina.ai/http://www.moparamerica.com/v-2017-chrysler-300--c--3-6l-v6-gas/doors-door-mirrors-and-related-parts--front-door,1,NOT_STARTED,,,,,,,0,,0,0,,"{""ordinal"": 72}"
leaf-2d47da83dc42ce8c059abc1a,chrysler300-c-36-gas,cat-c10964f3ebf56a55b8f2b6eb,sub-45b490f00860becb5f6ea26d,,CATEGORY_INDEX,,,https://www.moparamerica.com/v-2017-chrysler-300--c--3-6l-v6-gas/doors-door-mirrors-and-related-parts--rear-door,https://r.jina.ai/http://www.moparamerica.com/v-2017-chrysler-300--c--3-6l-v6-gas/doors-door-mirrors-and-related-parts--rear-door,1,NOT_STARTED,,,,,,,0,,0,0,,"{""ordinal"": 73}"
leaf-a5a507b4b2a1d4a4a084f76a,chrysler300-c-36-gas,cat-c10964f3ebf56a55b8f2b6eb,sub-29cb587ec33b98fe63ce4319,,CATEGORY_INDEX,,,https://www.moparamerica.com/v-2017-chrysler-300--c--3-6l-v6-gas/doors-door-mirrors-and-related-parts--weatherstrips-and-seals,https://r.jina.ai/http://www.moparamerica.com/v-2017-chrysler-300--c--3-6l-v6-gas/doors-door-mirrors-and-related-parts--weatherstrips-and-seals,1,NOT_STARTED,,,,,,,0,,0,0,,"{""ordinal"": 74}"
leaf-aff08ef7f00d4116028b5c34,chrysler300-c-36-gas,cat-723ea89293a491b6ee2e071a,sub-160757a2b7129aaf0942b485,,CATEGORY_INDEX,,,https://www.moparamerica.com/v-2017-chrysler-300--c--3-6l-v6-gas/electrical--battery-battery-tray-and-cables,https://r.jina.ai/http://www.moparamerica.com/v-2017-chrysler-300--c--3-6l-v6-gas/electrical--battery-battery-tray-and-cables,1,NOT_STARTED,,,,,,,0,,0,0,,"{""ordinal"": 75}"
leaf-79f61d3ee419d6ed39eefe20,chrysler300-c-36-gas,cat-723ea89293a491b6ee2e071a,sub-d14586bc6733de8dffdb78bf,,CATEGORY_INDEX,,,https://www.moparamerica.com/v-2017-chrysler-300--c--3-6l-v6-gas/electrical--generators-alternators,https://r.jina.ai/http://www.moparamerica.com/v-2017-chrysler-300--c--3-6l-v6-gas/electrical--generators-alternators,1,NOT_STARTED,,,,,,,0,,0,0,,"{""ordinal"": 76}"
leaf-43711f5a3f313ee5a182e976,chrysler300-c-36-gas,cat-723ea89293a491b6ee2e071a,sub-ad6c126c63bd7873ed1c407f,,CATEGORY_INDEX,,,https://www.moparamerica.com/v-2017-chrysler-300--c--3-6l-v6-gas/electrical--horns,https://r.jina.ai/http://www.moparamerica.com/v-2017-chrysler-300--c--3-6l-v6-gas/electrical--horns,1,NOT_STARTED,,,,,,,0,,0,0,,"{""ordinal"": 77}"
leaf-ae70c6d71c70929f62818571,chrysler300-c-36-gas,cat-723ea89293a491b6ee2e071a,sub-9205862558ed236715ee55cb,,CATEGORY_INDEX,,,https://www.moparamerica.com/v-2017-chrysler-300--c--3-6l-v6-gas/electrical--ignition-spark-plugs-cables-coils-and-glow-plugs,https://r.jina.ai/http://www.moparamerica.com/v-2017-chrysler-300--c--3-6l-v6-gas/electrical--ignition-spark-plugs-cables-coils-and-glow-plugs,1,NOT_STARTED,,,,,,,0,,0,0,,"{""ordinal"": 78}"
leaf-9bfdbf6f23b6ebac9010ad22,chrysler300-c-36-gas,cat-723ea89293a491b6ee2e071a,sub-b38e882e8c40b871b4b9af8e,,CATEGORY_INDEX,,,https://www.moparamerica.com/v-2017-chrysler-300--c--3-6l-v6-gas/electrical--instrument-panel-cluster,https://r.jina.ai/http://www.moparamerica.com/v-2017-chrysler-300--c--3-6l-v6-gas/electrical--instrument-panel-cluster,1,NOT_STARTED,,,,,,,0,,0,0,,"{""ordinal"": 79}"
leaf-24c9416b5cf20275dfe35827,chrysler300-c-36-gas,cat-723ea89293a491b6ee2e071a,sub-0e0b0ca2d3d10eba7697b304,,CATEGORY_INDEX,,,https://www.moparamerica.com/v-2017-chrysler-300--c--3-6l-v6-gas/electrical--keys-modules-and-engine-controllers,https://r.jina.ai/http://www.moparamerica.com/v-2017-chrysler-300--c--3-6l-v6-gas/electrical--keys-modules-and-engine-controllers,1,NOT_STARTED,,,,,,,0,,0,0,,"{""ordinal"": 80}"
leaf-1b0e5a11d83bbe2f5e29c1ce,chrysler300-c-36-gas,cat-723ea89293a491b6ee2e071a,sub-50bd197c4b0283779f462b0f,,CATEGORY_INDEX,,,https://www.moparamerica.com/v-2017-chrysler-300--c--3-6l-v6-gas/electrical--lamps-interior-and-exterior,https://r.jina.ai/http://www.moparamerica.com/v-2017-chrysler-300--c--3-6l-v6-gas/electrical--lamps-interior-and-exterior,1,NOT_STARTED,,,,,,,0,,0,0,,"{""ordinal"": 81}"
leaf-c7d348869748d0019544d192,chrysler300-c-36-gas,cat-723ea89293a491b6ee2e071a,sub-ef92fb632b7051f1546a599f,,CATEGORY_INDEX,,,https://www.moparamerica.com/v-2017-chrysler-300--c--3-6l-v6-gas/electrical--park-assist,https://r.jina.ai/http://www.moparamerica.com/v-2017-chrysler-300--c--3-6l-v6-gas/electrical--park-assist,1,NOT_STARTED,,,,,,,0,,0,0,,"{""ordinal"": 82}"
leaf-7bd47a7a324ef25a8771c046,chrysler300-c-36-gas,cat-723ea89293a491b6ee2e071a,sub-14033bcde57cedde23265d30,,CATEGORY_INDEX,,,https://www.moparamerica.com/v-2017-chrysler-300--c--3-6l-v6-gas/electrical--power-distribution-center-fuse-block-junction-block-relays-and-fuses,https://r.jina.ai/http://www.moparamerica.com/v-2017-chrysler-300--c--3-6l-v6-gas/electrical--power-distribution-center-fuse-block-junction-block-relays-and-fuses,1,NOT_STARTED,,,,,,,0,,0,0,,"{""ordinal"": 83}"
leaf-b481738d6722118c0d9d8ac0,chrysler300-c-36-gas,cat-723ea89293a491b6ee2e071a,sub-8978700f63346ac7ec99812a,,CATEGORY_INDEX,,,https://www.moparamerica.com/v-2017-chrysler-300--c--3-6l-v6-gas/electrical--radio-antenna-speakers-dvd-and-video-systems,https://r.jina.ai/http://www.moparamerica.com/v-2017-chrysler-300--c--3-6l-v6-gas/electrical--radio-antenna-speakers-dvd-and-video-systems,1,NOT_STARTED,,,,,,,0,,0,0,,"{""ordinal"": 84}"
leaf-84fc20acf9f015e787ff7a50,chrysler300-c-36-gas,cat-723ea89293a491b6ee2e071a,sub-7b09164c1e9af9ae9e125da2,,CATEGORY_INDEX,,,https://www.moparamerica.com/v-2017-chrysler-300--c--3-6l-v6-gas/electrical--sensors,https://r.jina.ai/http://www.moparamerica.com/v-2017-chrysler-300--c--3-6l-v6-gas/electrical--sensors,1,NOT_STARTED,,,,,,,0,,0,0,,"{""ordinal"": 85}"
leaf-35416a3b38fdbd331854df51,chrysler300-c-36-gas,cat-723ea89293a491b6ee2e071a,sub-374829ac5025059a9f7d5ec9,,CATEGORY_INDEX,,,https://www.moparamerica.com/v-2017-chrysler-300--c--3-6l-v6-gas/electrical--speed-control,https://r.jina.ai/http://www.moparamerica.com/v-2017-chrysler-300--c--3-6l-v6-gas/electrical--speed-control,1,NOT_STARTED,,,,,,,0,,0,0,,"{""ordinal"": 86}"
leaf-70dda944988b2b266a2ddc19,chrysler300-c-36-gas,cat-723ea89293a491b6ee2e071a,sub-354c72bba7ff579754313fe3,,CATEGORY_INDEX,,,https://www.moparamerica.com/v-2017-chrysler-300--c--3-6l-v6-gas/electrical--starters,https://r.jina.ai/http://www.moparamerica.com/v-2017-chrysler-300--c--3-6l-v6-gas/electrical--starters,1,NOT_STARTED,,,,,,,0,,0,0,,"{""ordinal"": 87}"
leaf-64783d6dec238893e33c6283,chrysler300-c-36-gas,cat-723ea89293a491b6ee2e071a,sub-86035dc85e6d91b8654c4f57,,CATEGORY_INDEX,,,https://www.moparamerica.com/v-2017-chrysler-300--c--3-6l-v6-gas/electrical--switches,https://r.jina.ai/http://www.moparamerica.com/v-2017-chrysler-300--c--3-6l-v6-gas/electrical--switches,1,NOT_STARTED,,,,,,,0,,0,0,,"{""ordinal"": 88}"
leaf-b670bbf38881c3d6d3543f2b,chrysler300-c-36-gas,cat-723ea89293a491b6ee2e071a,sub-52c634de009dd0d9b617b42a,,CATEGORY_INDEX,,,https://www.moparamerica.com/v-2017-chrysler-300--c--3-6l-v6-gas/electrical--wiper-and-washer-system,https://r.jina.ai/http://www.moparamerica.com/v-2017-chrysler-300--c--3-6l-v6-gas/electrical--wiper-and-washer-system,1,NOT_STARTED,,,,,,,0,,0,0,,"{""ordinal"": 89}"
leaf-a98e326e5ceba0e91eb09b7a,chrysler300-c-36-gas,cat-723ea89293a491b6ee2e071a,sub-9a0e201d8142d59767adf8ca,,CATEGORY_INDEX,,,https://www.moparamerica.com/v-2017-chrysler-300--c--3-6l-v6-gas/electrical--wiring-body-and-accessories,https://r.jina.ai/http://www.moparamerica.com/v-2017-chrysler-300--c--3-6l-v6-gas/electrical--wiring-body-and-accessories,1,NOT_STARTED,,,,,,,0,,0,0,,"{""ordinal"": 90}"
leaf-670c4519c5d9d6f5e369539a,chrysler300-c-36-gas,cat-723ea89293a491b6ee2e071a,sub-fdb05451a267f7eea960cfe0,,CATEGORY_INDEX,,,https://www.moparamerica.com/v-2017-chrysler-300--c--3-6l-v6-gas/electrical--wiring-headlamp-to-dash,https://r.jina.ai/http://www.moparamerica.com/v-2017-chrysler-300--c--3-6l-v6-gas/electrical--wiring-headlamp-to-dash,1,NOT_STARTED,,,,,,,0,,0,0,,"{""ordinal"": 91}"
leaf-8b2d2a80b914ebdc122ec864,chrysler300-c-36-gas,cat-723ea89293a491b6ee2e071a,sub-a1893dab9690ce7db3a2c3d0,,CATEGORY_INDEX,,,https://www.moparamerica.com/v-2017-chrysler-300--c--3-6l-v6-gas/electrical--wiring-instrument-panel,https://r.jina.ai/http://www.moparamerica.com/v-2017-chrysler-300--c--3-6l-v6-gas/electrical--wiring-instrument-panel,1,NOT_STARTED,,,,,,,0,,0,0,,"{""ordinal"": 92}"
leaf-2479fa6b0b424f0df472ab4e,chrysler300-c-36-gas,cat-723ea89293a491b6ee2e071a,sub-91a2bfd90325c3c9a62a0914,,CATEGORY_INDEX,,,https://www.moparamerica.com/v-2017-chrysler-300--c--3-6l-v6-gas/electrical--wiring-powertrain,https://r.jina.ai/http://www.moparamerica.com/v-2017-chrysler-300--c--3-6l-v6-gas/electrical--wiring-powertrain,1,NOT_STARTED,,,,,,,0,,0,0,,"{""ordinal"": 93}"
leaf-d2fcff9b2c490a0a6e3490fb,chrysler300-c-36-gas,cat-66b1e4e3a4b21243ba7a2309,sub-c6d00a366ba86a198ba6cf17,,CATEGORY_INDEX,,,https://www.moparamerica.com/v-2017-chrysler-300--c--3-6l-v6-gas/emission-controls--emission-harness,https://r.jina.ai/http://www.moparamerica.com/v-2017-chrysler-300--c--3-6l-v6-gas/emission-controls--emission-harness,1,NOT_STARTED,,,,,,,0,,0,0,,"{""ordinal"": 94}"
leaf-b544986927bd47461b5a07cd,chrysler300-c-36-gas,cat-66b1e4e3a4b21243ba7a2309,sub-87b18911e93af452674e594c,,CATEGORY_INDEX,,,https://www.moparamerica.com/v-2017-chrysler-300--c--3-6l-v6-gas/emission-controls--vacuum-canister-leak-detection-pump,https://r.jina.ai/http://www.moparamerica.com/v-2017-chrysler-300--c--3-6l-v6-gas/emission-controls--vacuum-canister-leak-detection-pump,1,NOT_STARTED,,,,,,,0,,0,0,,"{""ordinal"": 95}"
leaf-053c106f92d06deda5c544f1,chrysler300-c-36-gas,cat-78fc7d78da768c7605699720,sub-baefce9a3d26b6da53ac609a,,CATEGORY_INDEX,,,https://www.moparamerica.com/v-2017-chrysler-300--c--3-6l-v6-gas/exhaust--exhaust-system,https://r.jina.ai/http://www.moparamerica.com/v-2017-chrysler-300--c--3-6l-v6-gas/exhaust--exhaust-system,1,NOT_STARTED,,,,,,,0,,0,0,,"{""ordinal"": 96}"
leaf-529f3f701930a89267599403,chrysler300-c-36-gas,cat-2d53a5e3c668ab5b33ee1b33,sub-234a697381d1a7712e3853db,,CATEGORY_INDEX,,,https://www.moparamerica.com/v-2017-chrysler-300--c--3-6l-v6-gas/exterior-ornamentation--grilles,https://r.jina.ai/http://www.moparamerica.com/v-2017-chrysler-300--c--3-6l-v6-gas/exterior-ornamentation--grilles,1,NOT_STARTED,,,,,,,0,,0,0,,"{""ordinal"": 104}"
leaf-30917273a43dcfdcf8c2087a,chrysler300-c-36-gas,cat-2d53a5e3c668ab5b33ee1b33,sub-0cc1b699bbc628d49299c0a9,,CATEGORY_INDEX,,,https://www.moparamerica.com/v-2017-chrysler-300--c--3-6l-v6-gas/exterior-ornamentation--moldings-and-ornamentation,https://r.jina.ai/http://www.moparamerica.com/v-2017-chrysler-300--c--3-6l-v6-gas/exterior-ornamentation--moldings-and-ornamentation,1,NOT_STARTED,,,,,,,0,,0,0,,"{""ordinal"": 105}"
leaf-2c2646345ecd9b59c2a0c757,chrysler300-c-36-gas,cat-2d53a5e3c668ab5b33ee1b33,sub-a666fe33d8d3abebd9bd6ad0,,CATEGORY_INDEX,,,https://www.moparamerica.com/v-2017-chrysler-300--c--3-6l-v6-gas/exterior-ornamentation--nameplates,https://r.jina.ai/http://www.moparamerica.com/v-2017-chrysler-300--c--3-6l-v6-gas/exterior-ornamentation--nameplates,1,NOT_STARTED,,,,,,,0,,0,0,,"{""ordinal"": 106}"
leaf-e7768a3b0da2a8ec6960beb5,chrysler300-c-36-gas,cat-18f29c62a42b8be332bcb7cc,sub-ceb948673f97eaf522273afa,,CATEGORY_INDEX,,,https://www.moparamerica.com/v-2017-chrysler-300--c--3-6l-v6-gas/frame-bumper-and-fascia--frames,https://r.jina.ai/http://www.moparamerica.com/v-2017-chrysler-300--c--3-6l-v6-gas/frame-bumper-and-fascia--frames,1,NOT_STARTED,,,,,,,0,,0,0,,"{""ordinal"": 107}"
leaf-702adfd0be33b6929967d995,chrysler300-c-36-gas,cat-18f29c62a42b8be332bcb7cc,sub-491d769d9e2a5059925ccf52,,CATEGORY_INDEX,,,https://www.moparamerica.com/v-2017-chrysler-300--c--3-6l-v6-gas/frame-bumper-and-fascia--front-bumper-and-fascia,https://r.jina.ai/http://www.moparamerica.com/v-2017-chrysler-300--c--3-6l-v6-gas/frame-bumper-and-fascia--front-bumper-and-fascia,1,NOT_STARTED,,,,,,,0,,0,0,,"{""ordinal"": 108}"
leaf-ee8af64101452b5565378ec6,chrysler300-c-36-gas,cat-18f29c62a42b8be332bcb7cc,sub-589ef6daface1fc84f5a2aef,,CATEGORY_INDEX,,,https://www.moparamerica.com/v-2017-chrysler-300--c--3-6l-v6-gas/frame-bumper-and-fascia--rear-bumper-and-fascia,https://r.jina.ai/http://www.moparamerica.com/v-2017-chrysler-300--c--3-6l-v6-gas/frame-bumper-and-fascia--rear-bumper-and-fascia,1,NOT_STARTED,,,,,,,0,,0,0,,"{""ordinal"": 109}"
leaf-bca49cf617335dd8c9f0cbc9,chrysler300-c-36-gas,cat-f13abbe64f321156a92ad5e4,sub-83afd13e46ee8d917944bdf0,,CATEGORY_INDEX,,,https://www.moparamerica.com/v-2017-chrysler-300--c--3-6l-v6-gas/front-suspension--front-stabilizer-bar,https://r.jina.ai/http://www.moparamerica.com/v-2017-chrysler-300--c--3-6l-v6-gas/front-suspension--front-stabilizer-bar,1,NOT_STARTED,,,,,,,0,,0,0,,"{""ordinal"": 110}"
leaf-319b83fe0e435229b08e273b,chrysler300-c-36-gas,cat-f13abbe64f321156a92ad5e4,sub-a0b0ef5684787a9555dc76f3,,CATEGORY_INDEX,,,https://www.moparamerica.com/v-2017-chrysler-300--c--3-6l-v6-gas/front-suspension--front-suspension-strut-and-cradle,https://r.jina.ai/http://www.moparamerica.com/v-2017-chrysler-300--c--3-6l-v6-gas/front-suspension--front-suspension-strut-and-cradle,1,NOT_STARTED,,,,,,,0,,0,0,,"{""ordinal"": 111}"
leaf-f4973fedfe83129a3dbcfa1b,chrysler300-c-36-gas,cat-5a0af9b1a7b8ae63404389bb,sub-50bfc11144721ea416601a63,,CATEGORY_INDEX,,,https://www.moparamerica.com/v-2017-chrysler-300--c--3-6l-v6-gas/fuel--accelerator-pedal,https://r.jina.ai/http://www.moparamerica.com/v-2017-chrysler-300--c--3-6l-v6-gas/fuel--accelerator-pedal,1,NOT_STARTED,,,,,,,0,,0,0,,"{""ordinal"": 112}"
leaf-4abe2a3cd36c6f1d0f456e4c,chrysler300-c-36-gas,cat-5a0af9b1a7b8ae63404389bb,sub-e6af2e96f05b8a9a35507b53,,CATEGORY_INDEX,,,https://www.moparamerica.com/v-2017-chrysler-300--c--3-6l-v6-gas/fuel--air-cleaner,https://r.jina.ai/http://www.moparamerica.com/v-2017-chrysler-300--c--3-6l-v6-gas/fuel--air-cleaner,1,NOT_STARTED,,,,,,,0,,0,0,,"{""ordinal"": 113}"
leaf-6ac4ca4e7904d06b4de0d38a,chrysler300-c-36-gas,cat-5a0af9b1a7b8ae63404389bb,sub-c90f4801e3475d5577375322,,CATEGORY_INDEX,,,https://www.moparamerica.com/v-2017-chrysler-300--c--3-6l-v6-gas/fuel--fuel-lines,https://r.jina.ai/http://www.moparamerica.com/v-2017-chrysler-300--c--3-6l-v6-gas/fuel--fuel-lines,1,NOT_STARTED,,,,,,,0,,0,0,,"{""ordinal"": 114}"
leaf-20bc12599ca382b262ef9615,chrysler300-c-36-gas,cat-5a0af9b1a7b8ae63404389bb,sub-558eed2cde371ae6381ebc45,,CATEGORY_INDEX,,,https://www.moparamerica.com/v-2017-chrysler-300--c--3-6l-v6-gas/fuel--fuel-pump-and-sending-unit,https://r.jina.ai/http://www.moparamerica.com/v-2017-chrysler-300--c--3-6l-v6-gas/fuel--fuel-pump-and-sending-unit,1,NOT_STARTED,,,,,,,0,,0,0,,"{""ordinal"": 115}"
leaf-47fe5b098bbeed218a7d9fd4,chrysler300-c-36-gas,cat-5a0af9b1a7b8ae63404389bb,sub-6a1f09716ac5ff8a9df8f2c2,,CATEGORY_INDEX,,,https://www.moparamerica.com/v-2017-chrysler-300--c--3-6l-v6-gas/fuel--fuel-rail-and-injectors,https://r.jina.ai/http://www.moparamerica.com/v-2017-chrysler-300--c--3-6l-v6-gas/fuel--fuel-rail-and-injectors,1,NOT_STARTED,,,,,,,0,,0,0,,"{""ordinal"": 116}"
leaf-8ea20165282e7f5f03ebcfc5,chrysler300-c-36-gas,cat-5a0af9b1a7b8ae63404389bb,sub-0fcf64b4d6443fd4512cd5ac,,CATEGORY_INDEX,,,https://www.moparamerica.com/v-2017-chrysler-300--c--3-6l-v6-gas/fuel--fuel-tank,https://r.jina.ai/http://www.moparamerica.com/v-2017-chrysler-300--c--3-6l-v6-gas/fuel--fuel-tank,1,NOT_STARTED,,,,,,,0,,0,0,,"{""ordinal"": 117}"
leaf-e6b85cadeb515f18f59fe835,chrysler300-c-36-gas,cat-5a0af9b1a7b8ae63404389bb,sub-2e292972d6c0d29d24bea296,,CATEGORY_INDEX,,,https://www.moparamerica.com/v-2017-chrysler-300--c--3-6l-v6-gas/fuel--fuel-tank-filler-tube,https://r.jina.ai/http://www.moparamerica.com/v-2017-chrysler-300--c--3-6l-v6-gas/fuel--fuel-tank-filler-tube,1,NOT_STARTED,,,,,,,0,,0,0,,"{""ordinal"": 118}"
leaf-60381974b37ae38d7bbd2528,chrysler300-c-36-gas,cat-5a0af9b1a7b8ae63404389bb,sub-bb7801956663f6703663cf60,,CATEGORY_INDEX,,,https://www.moparamerica.com/v-2017-chrysler-300--c--3-6l-v6-gas/fuel--throttle-body,https://r.jina.ai/http://www.moparamerica.com/v-2017-chrysler-300--c--3-6l-v6-gas/fuel--throttle-body,1,NOT_STARTED,,,,,,,0,,0,0,,"{""ordinal"": 119}"
leaf-509c289236b5665edd184ffb,chrysler300-c-36-gas,cat-26190d30d1ae2e0a129a4ff7,sub-fd832792d71fc7c2437f742a,,CATEGORY_INDEX,,,https://www.moparamerica.com/v-2017-chrysler-300--c--3-6l-v6-gas/glass--glass-and-interior-rear-view-mirror,https://r.jina.ai/http://www.moparamerica.com/v-2017-chrysler-300--c--3-6l-v6-gas/glass--glass-and-interior-rear-view-mirror,1,NOT_STARTED,,,,,,,0,,0,0,,"{""ordinal"": 120}"
leaf-17142d29f51366055d2d4d90,chrysler300-c-36-gas,cat-5fd047cf45ebec03ba4e1889,sub-4d668b45dcadcb0b24f21db7,,CATEGORY_INDEX,,,https://www.moparamerica.com/v-2017-chrysler-300--c--3-6l-v6-gas/interior-trim--carpets-floor-mats-load-floor-and-silencers,https://r.jina.ai/http://www.moparamerica.com/v-2017-chrysler-300--c--3-6l-v6-gas/interior-trim--carpets-floor-mats-load-floor-and-silencers,1,NOT_STARTED,,,,,,,0,,0,0,,"{""ordinal"": 125}"
leaf-0bdd1cab65e094b44200fe25,chrysler300-c-36-gas,cat-5fd047cf45ebec03ba4e1889,sub-ff7eacc493b25eff17768a76,,CATEGORY_INDEX,,,https://www.moparamerica.com/v-2017-chrysler-300--c--3-6l-v6-gas/interior-trim--consoles,https://r.jina.ai/http://www.moparamerica.com/v-2017-chrysler-300--c--3-6l-v6-gas/interior-trim--consoles,1,NOT_STARTED,,,,,,,0,,0,0,,"{""ordinal"": 126}"
leaf-1488ed9966a84cc6ed592b54,chrysler300-c-36-gas,cat-5fd047cf45ebec03ba4e1889,sub-26ed739e84ff224e4bd62db6,,CATEGORY_INDEX,,,https://www.moparamerica.com/v-2017-chrysler-300--c--3-6l-v6-gas/interior-trim--door-trim-panels-front-and-rear,https://r.jina.ai/http://www.moparamerica.com/v-2017-chrysler-300--c--3-6l-v6-gas/interior-trim--door-trim-panels-front-and-rear,1,NOT_STARTED,,,,,,,0,,0,0,,"{""ordinal"": 127}"
leaf-d03b0c9b870923c100fc2ca3,chrysler300-c-36-gas,cat-5fd047cf45ebec03ba4e1889,sub-714983cb30054bb177a00a3d,,CATEGORY_INDEX,,,https://www.moparamerica.com/v-2017-chrysler-300--c--3-6l-v6-gas/interior-trim--front-seats-adjusters-recliners-shields-and-risers,https://r.jina.ai/http://www.moparamerica.com/v-2017-chrysler-300--c--3-6l-v6-gas/interior-trim--front-seats-adjusters-recliners-shields-and-risers,1,NOT_STARTED,,,,,,,0,,0,0,,"{""ordinal"": 128}"
leaf-e7466d1ce5eefcb2497200e3,chrysler300-c-36-gas,cat-5fd047cf45ebec03ba4e1889,sub-b03b2f17928a106d107e421e,,CATEGORY_INDEX,,,https://www.moparamerica.com/v-2017-chrysler-300--c--3-6l-v6-gas/interior-trim--front-seats-first-row,https://r.jina.ai/http://www.moparamerica.com/v-2017-chrysler-300--c--3-6l-v6-gas/interior-trim--front-seats-first-row,1,NOT_STARTED,,,,,,,0,,0,0,,"{""ordinal"": 129}"
leaf-bed8cf7ad1bd7f8fa2079cd1,chrysler300-c-36-gas,cat-5fd047cf45ebec03ba4e1889,sub-79ba071564118fa1d9bc3432,,CATEGORY_INDEX,,,https://www.moparamerica.com/v-2017-chrysler-300--c--3-6l-v6-gas/interior-trim--headliners-visors-assist-straps,https://r.jina.ai/http://www.moparamerica.com/v-2017-chrysler-300--c--3-6l-v6-gas/interior-trim--headliners-visors-assist-straps,1,NOT_STARTED,,,,,,,0,,0,0,,"{""ordinal"": 130}"
leaf-b1d98cb75f6a94c4298750a1,chrysler300-c-36-gas,cat-5fd047cf45ebec03ba4e1889,sub-1c90cf2beffb6e98d60508a9,,CATEGORY_INDEX,,,https://www.moparamerica.com/v-2017-chrysler-300--c--3-6l-v6-gas/interior-trim--instrument-panel,https://r.jina.ai/http://www.moparamerica.com/v-2017-chrysler-300--c--3-6l-v6-gas/interior-trim--instrument-panel,1,NOT_STARTED,,,,,,,0,,0,0,,"{""ordinal"": 131}"
leaf-6954261c0dafb6da626d7fc2,chrysler300-c-36-gas,cat-5fd047cf45ebec03ba4e1889,sub-52e26cbffe032a488177ec6c,,CATEGORY_INDEX,,,https://www.moparamerica.com/v-2017-chrysler-300--c--3-6l-v6-gas/interior-trim--panels-moldings-scuff-plates-pillar-cowl-1-4-panel-trim-and-cargo-covers,https://r.jina.ai/http://www.moparamerica.com/v-2017-chrysler-300--c--3-6l-v6-gas/interior-trim--panels-moldings-scuff-plates-pillar-cowl-1-4-panel-trim-and-cargo-covers,1,NOT_STARTED,,,,,,,0,,0,0,,"{""ordinal"": 132}"
leaf-02762b3b3da5b51c19a38316,chrysler300-c-36-gas,cat-5fd047cf45ebec03ba4e1889,sub-1e7ca298c65a04b5edd7d7b1,,CATEGORY_INDEX,,,https://www.moparamerica.com/v-2017-chrysler-300--c--3-6l-v6-gas/interior-trim--rear-seats-second-row,https://r.jina.ai/http://www.moparamerica.com/v-2017-chrysler-300--c--3-6l-v6-gas/interior-trim--rear-seats-second-row,1,NOT_STARTED,,,,,,,0,,0,0,,"{""ordinal"": 133}"
leaf-76edc1e1f9640303abe343fb,chrysler300-c-36-gas,cat-5fd047cf45ebec03ba4e1889,sub-65190ef47600f7d284f76706,,CATEGORY_INDEX,,,https://www.moparamerica.com/v-2017-chrysler-300--c--3-6l-v6-gas/interior-trim--rear-seats-second-row-adjusters-recliners-shields-and-risers,https://r.jina.ai/http://www.moparamerica.com/v-2017-chrysler-300--c--3-6l-v6-gas/interior-trim--rear-seats-second-row-adjusters-recliners-shields-and-risers,1,NOT_STARTED,,,,,,,0,,0,0,,"{""ordinal"": 134}"
leaf-03872438d517cdcf82fc511a,chrysler300-c-36-gas,cat-e145790142bcadfa391a91b9,sub-185713c362e9d56163ec77d5,,CATEGORY_INDEX,,,https://www.moparamerica.com/v-2017-chrysler-300--c--3-6l-v6-gas/labels--exterior,https://r.jina.ai/http://www.moparamerica.com/v-2017-chrysler-300--c--3-6l-v6-gas/labels--exterior,1,NOT_STARTED,,,,,,,0,,0,0,,"{""ordinal"": 135}"
leaf-c49c0b1e98db4f1893d0836d,chrysler300-c-36-gas,cat-e145790142bcadfa391a91b9,sub-13b64810315bf4d6b3352c2b,,CATEGORY_INDEX,,,https://www.moparamerica.com/v-2017-chrysler-300--c--3-6l-v6-gas/labels--trunk,https://r.jina.ai/http://www.moparamerica.com/v-2017-chrysler-300--c--3-6l-v6-gas/labels--trunk,1,NOT_STARTED,,,,,,,0,,0,0,,"{""ordinal"": 136}"
leaf-2cda0126c0cec34cf00b0738,chrysler300-c-36-gas,cat-e145790142bcadfa391a91b9,sub-b7b600d826bdae83d0cca68c,,CATEGORY_INDEX,,,https://www.moparamerica.com/v-2017-chrysler-300--c--3-6l-v6-gas/labels--under-hood,https://r.jina.ai/http://www.moparamerica.com/v-2017-chrysler-300--c--3-6l-v6-gas/labels--under-hood,1,NOT_STARTED,,,,,,,0,,0,0,,"{""ordinal"": 137}"
leaf-112a675d783e945373666409,chrysler300-c-36-gas,cat-4f390367bf3946da5a1c733f,sub-a6cbdb03aa12a25dbbddc173,,CATEGORY_INDEX,,,https://www.moparamerica.com/v-2017-chrysler-300--c--3-6l-v6-gas/mopar-accessories-component-parts--audio-and-electronics,https://r.jina.ai/http://www.moparamerica.com/v-2017-chrysler-300--c--3-6l-v6-gas/mopar-accessories-component-parts--audio-and-electronics,1,NOT_STARTED,,,,,,,0,,0,0,,"{""ordinal"": 143}"
leaf-55ce040670799396982c133b,chrysler300-c-36-gas,cat-4f390367bf3946da5a1c733f,sub-f7eec61f4b9db63037c742ec,,CATEGORY_INDEX,,,https://www.moparamerica.com/v-2017-chrysler-300--c--3-6l-v6-gas/mopar-accessories-component-parts--driver-convenience,https://r.jina.ai/http://www.moparamerica.com/v-2017-chrysler-300--c--3-6l-v6-gas/mopar-accessories-component-parts--driver-convenience,1,NOT_STARTED,,,,,,,0,,0,0,,"{""ordinal"": 144}"
leaf-c3ea4edbde83d3d3c0a5b42c,chrysler300-c-36-gas,cat-4f390367bf3946da5a1c733f,sub-7aa0077c913504fb330c288a,,CATEGORY_INDEX,,,https://www.moparamerica.com/v-2017-chrysler-300--c--3-6l-v6-gas/mopar-accessories-component-parts--exterior-appearance,https://r.jina.ai/http://www.moparamerica.com/v-2017-chrysler-300--c--3-6l-v6-gas/mopar-accessories-component-parts--exterior-appearance,1,NOT_STARTED,,,,,,,0,,0,0,,"{""ordinal"": 145}"
leaf-8ca0abc3c3c018239218acef,chrysler300-c-36-gas,cat-4f390367bf3946da5a1c733f,sub-f4f12ce22ae0177ca1daab90,,CATEGORY_INDEX,,,https://www.moparamerica.com/v-2017-chrysler-300--c--3-6l-v6-gas/mopar-accessories-component-parts--fog-lights-and-electrical,https://r.jina.ai/http://www.moparamerica.com/v-2017-chrysler-300--c--3-6l-v6-gas/mopar-accessories-component-parts--fog-lights-and-electrical,1,NOT_STARTED,,,,,,,0,,0,0,,"{""ordinal"": 146}"
leaf-737fb637c7d2fb3d20cb874d,chrysler300-c-36-gas,cat-4f390367bf3946da5a1c733f,sub-8cec97c2c3dc55a9a6736d86,,CATEGORY_INDEX,,,https://www.moparamerica.com/v-2017-chrysler-300--c--3-6l-v6-gas/mopar-accessories-component-parts--interior-protection,https://r.jina.ai/http://www.moparamerica.com/v-2017-chrysler-300--c--3-6l-v6-gas/mopar-accessories-component-parts--interior-protection,1,NOT_STARTED,,,,,,,0,,0,0,,"{""ordinal"": 147}"
leaf-87a4d8e298c5859c6891a176,chrysler300-c-36-gas,cat-4f390367bf3946da5a1c733f,sub-8576a18b07b48a4c7f8972d8,,CATEGORY_INDEX,,,https://www.moparamerica.com/v-2017-chrysler-300--c--3-6l-v6-gas/mopar-accessories-component-parts--powertrain,https://r.jina.ai/http://www.moparamerica.com/v-2017-chrysler-300--c--3-6l-v6-gas/mopar-accessories-component-parts--powertrain,1,NOT_STARTED,,,,,,,0,,0,0,,"{""ordinal"": 148}"
leaf-fe462dc11d6465c61a0726e2,chrysler300-c-36-gas,cat-eff5d5b26c2f893a0b71506e,sub-e9af104eabd5a0e14ee769e1,,CATEGORY_INDEX,,,https://www.moparamerica.com/v-2017-chrysler-300--c--3-6l-v6-gas/power-transfer-unit-transfer-case--case-and-extension,https://r.jina.ai/http://www.moparamerica.com/v-2017-chrysler-300--c--3-6l-v6-gas/power-transfer-unit-transfer-case--case-and-extension,1,NOT_STARTED,,,,,,,0,,0,0,,"{""ordinal"": 151}"
leaf-fe472a0aa0f7fe0d87efd84e,chrysler300-c-36-gas,cat-eff5d5b26c2f893a0b71506e,sub-3a59328c01073ce5fd193838,,CATEGORY_INDEX,,,https://www.moparamerica.com/v-2017-chrysler-300--c--3-6l-v6-gas/power-transfer-unit-transfer-case--gear-train,https://r.jina.ai/http://www.moparamerica.com/v-2017-chrysler-300--c--3-6l-v6-gas/power-transfer-unit-transfer-case--gear-train,1,NOT_STARTED,,,,,,,0,,0,0,,"{""ordinal"": 152}"
leaf-579667673ef3fdeb5414694d,chrysler300-c-36-gas,cat-eff5d5b26c2f893a0b71506e,sub-0d0cbd3bd42bc6dc36651d0c,,CATEGORY_INDEX,,,https://www.moparamerica.com/v-2017-chrysler-300--c--3-6l-v6-gas/power-transfer-unit-transfer-case--transfer-case-assembly,https://r.jina.ai/http://www.moparamerica.com/v-2017-chrysler-300--c--3-6l-v6-gas/power-transfer-unit-transfer-case--transfer-case-assembly,1,NOT_STARTED,,,,,,,0,,0,0,,"{""ordinal"": 153}"
leaf-a518de0166ecbf49d024ed9e,chrysler300-c-36-gas,cat-31c5782323437160c96ce7d2,sub-733aea1749c38b36740574c6,,CATEGORY_INDEX,,,https://www.moparamerica.com/v-2017-chrysler-300--c--3-6l-v6-gas/rear-suspension--rear-stabilizer,https://r.jina.ai/http://www.moparamerica.com/v-2017-chrysler-300--c--3-6l-v6-gas/rear-suspension--rear-stabilizer,1,NOT_STARTED,,,,,,,0,,0,0,,"{""ordinal"": 154}"
leaf-b8b6621e6943f63a93c1224f,chrysler300-c-36-gas,cat-31c5782323437160c96ce7d2,sub-c4772a2055cea5858b30e892,,CATEGORY_INDEX,,,https://www.moparamerica.com/v-2017-chrysler-300--c--3-6l-v6-gas/rear-suspension--rear-suspension-and-cradle,https://r.jina.ai/http://www.moparamerica.com/v-2017-chrysler-300--c--3-6l-v6-gas/rear-suspension--rear-suspension-and-cradle,1,NOT_STARTED,,,,,,,0,,0,0,,"{""ordinal"": 155}"
leaf-fab298dd78cdd6aac5c7238b,chrysler300-c-36-gas,cat-1f113d1c221ac5c22cf54048,sub-56a59c69e97180ced914f272,,CATEGORY_INDEX,,,https://www.moparamerica.com/v-2017-chrysler-300--c--3-6l-v6-gas/rear-wheel-drive-differential-and-drive-line--drive-shaft,https://r.jina.ai/http://www.moparamerica.com/v-2017-chrysler-300--c--3-6l-v6-gas/rear-wheel-drive-differential-and-drive-line--drive-shaft,1,NOT_STARTED,,,,,,,0,,0,0,,"{""ordinal"": 156}"
leaf-38a75dbdae96bc98b9d08d2c,chrysler300-c-36-gas,cat-1f113d1c221ac5c22cf54048,sub-74d8de6d3e27fe9574c7f491,,CATEGORY_INDEX,,,https://www.moparamerica.com/v-2017-chrysler-300--c--3-6l-v6-gas/rear-wheel-drive-differential-and-drive-line--rear-axle-assembly,https://r.jina.ai/http://www.moparamerica.com/v-2017-chrysler-300--c--3-6l-v6-gas/rear-wheel-drive-differential-and-drive-line--rear-axle-assembly,1,NOT_STARTED,,,,,,,0,,0,0,,"{""ordinal"": 157}"
leaf-60c65598e9488deeddd42e1b,chrysler300-c-36-gas,cat-1f113d1c221ac5c22cf54048,sub-af6d1f0dfdb40a9a5a3f19f6,,CATEGORY_INDEX,,,https://www.moparamerica.com/v-2017-chrysler-300--c--3-6l-v6-gas/rear-wheel-drive-differential-and-drive-line--rear-axle-housing-differential-and-vent,https://r.jina.ai/http://www.moparamerica.com/v-2017-chrysler-300--c--3-6l-v6-gas/rear-wheel-drive-differential-and-drive-line--rear-axle-housing-differential-and-vent,1,NOT_STARTED,,,,,,,0,,0,0,,"{""ordinal"": 159}"
leaf-708965f7b875a0012c7890df,chrysler300-c-36-gas,cat-1f113d1c221ac5c22cf54048,sub-9dbadd81283b7b17e6903183,,CATEGORY_INDEX,,,https://www.moparamerica.com/v-2017-chrysler-300--c--3-6l-v6-gas/rear-wheel-drive-differential-and-drive-line--rear-axle-shafts,https://r.jina.ai/http://www.moparamerica.com/v-2017-chrysler-300--c--3-6l-v6-gas/rear-wheel-drive-differential-and-drive-line--rear-axle-shafts,1,NOT_STARTED,,,,,,,0,,0,0,,"{""ordinal"": 158}"
leaf-9f31a7eb18eaf407b61a4bdd,chrysler300-c-36-gas,cat-3920f57d3e6c8b4bccc77557,sub-73657495b7e5d586afa6782c,,CATEGORY_INDEX,,,https://www.moparamerica.com/v-2017-chrysler-300--c--3-6l-v6-gas/restraints--air-bags,https://r.jina.ai/http://www.moparamerica.com/v-2017-chrysler-300--c--3-6l-v6-gas/restraints--air-bags,1,NOT_STARTED,,,,,,,0,,0,0,,"{""ordinal"": 160}"
leaf-3acc096aa60a49aa90ca609f,chrysler300-c-36-gas,cat-3920f57d3e6c8b4bccc77557,sub-e383d5e33b55e7ad81504f12,,CATEGORY_INDEX,,,https://www.moparamerica.com/v-2017-chrysler-300--c--3-6l-v6-gas/restraints--seat-belts,https://r.jina.ai/http://www.moparamerica.com/v-2017-chrysler-300--c--3-6l-v6-gas/restraints--seat-belts,1,NOT_STARTED,,,,,,,0,,0,0,,"{""ordinal"": 161}"
leaf-9dbc80d030f78df12f82be12,chrysler300-c-36-gas,cat-7940d1a03f7a50ec4db66c1e,sub-ee9c1c4f5aaef86a21f5e5ee,,CATEGORY_INDEX,,,https://www.moparamerica.com/v-2017-chrysler-300--c--3-6l-v6-gas/steering--steering-column-and-intermediate-shaft,https://r.jina.ai/http://www.moparamerica.com/v-2017-chrysler-300--c--3-6l-v6-gas/steering--steering-column-and-intermediate-shaft,1,NOT_STARTED,,,,,,,0,,0,0,,"{""ordinal"": 162}"
leaf-a6f4c98bdc6a65f8598ecae4,chrysler300-c-36-gas,cat-7940d1a03f7a50ec4db66c1e,sub-1d9f751b42f47c541b72c6f9,,CATEGORY_INDEX,,,https://www.moparamerica.com/v-2017-chrysler-300--c--3-6l-v6-gas/steering--steering-gear,https://r.jina.ai/http://www.moparamerica.com/v-2017-chrysler-300--c--3-6l-v6-gas/steering--steering-gear,1,NOT_STARTED,,,,,,,0,,0,0,,"{""ordinal"": 163}"
leaf-c699fb3ad09732bf4afcd57e,chrysler300-c-36-gas,cat-7940d1a03f7a50ec4db66c1e,sub-c6ce79e0ddfe92e6aa1430ef,,CATEGORY_INDEX,,,https://www.moparamerica.com/v-2017-chrysler-300--c--3-6l-v6-gas/steering--steering-wheel,https://r.jina.ai/http://www.moparamerica.com/v-2017-chrysler-300--c--3-6l-v6-gas/steering--steering-wheel,1,NOT_STARTED,,,,,,,0,,0,0,,"{""ordinal"": 164}"
leaf-991cca7732d286103bcb707d,chrysler300-c-36-gas,cat-fa52d80e22bc836ca33d78b0,sub-00d54360427f2a87d80c69f3,,CATEGORY_INDEX,,,https://www.moparamerica.com/v-2017-chrysler-300--c--3-6l-v6-gas/wheels--emergency-kit,https://r.jina.ai/http://www.moparamerica.com/v-2017-chrysler-300--c--3-6l-v6-gas/wheels--emergency-kit,1,NOT_STARTED,,,,,,,0,,0,0,,"{""ordinal"": 167}"
leaf-3f7811aa470377aa7cbe6bec,chrysler300-c-36-gas,cat-fa52d80e22bc836ca33d78b0,sub-4794014d8f6d357230095d08,,CATEGORY_INDEX,,,https://www.moparamerica.com/v-2017-chrysler-300--c--3-6l-v6-gas/wheels--jack-stowage,https://r.jina.ai/http://www.moparamerica.com/v-2017-chrysler-300--c--3-6l-v6-gas/wheels--jack-stowage,1,NOT_STARTED,,,,,,,0,,0,0,,"{""ordinal"": 168}"
leaf-614687d8efe5b74d626b7826,chrysler300-c-36-gas,cat-fa52d80e22bc836ca33d78b0,sub-caa0d03f18cf01895d70297a,,CATEGORY_INDEX,,,https://www.moparamerica.com/v-2017-chrysler-300--c--3-6l-v6-gas/wheels--tire-monitoring-system,https://r.jina.ai/http://www.moparamerica.com/v-2017-chrysler-300--c--3-6l-v6-gas/wheels--tire-monitoring-system,1,NOT_STARTED,,,,,,,0,,0,0,,"{""ordinal"": 169}"
leaf-e37898af1c29b3738dce9e4d,chrysler300-c-36-gas,cat-fa52d80e22bc836ca33d78b0,sub-d4929e0d0600d517c5ef9527,,CATEGORY_INDEX,,,https://www.moparamerica.com/v-2017-chrysler-300--c--3-6l-v6-gas/wheels--wheel-covers-and-center-caps,https://r.jina.ai/http://www.moparamerica.com/v-2017-chrysler-300--c--3-6l-v6-gas/wheels--wheel-covers-and-center-caps,1,NOT_STARTED,,,,,,,0,,0,0,,"{""ordinal"": 170}"
leaf-856f95c8cd678f7561e0ce2d,chrysler300-c-36-gas,cat-fa52d80e22bc836ca33d78b0,sub-45b56abf1d856f95bf4d7cf3,,CATEGORY_INDEX,,,https://www.moparamerica.com/v-2017-chrysler-300--c--3-6l-v6-gas/wheels--wheel-spare,https://r.jina.ai/http://www.moparamerica.com/v-2017-chrysler-300--c--3-6l-v6-gas/wheels--wheel-spare,1,NOT_STARTED,,,,,,,0,,0,0,,"{""ordinal"": 171}"
leaf-8f347d32f5fa3a2417d1cc72,chrysler300-c-36-gas,cat-fa52d80e22bc836ca33d78b0,sub-81a59769419921586cf039e0,,CATEGORY_INDEX,,,https://www.moparamerica.com/v-2017-chrysler-300--c--3-6l-v6-gas/wheels--wheels-tires-and-hardware,https://r.jina.ai/http://www.moparamerica.com/v-2017-chrysler-300--c--3-6l-v6-gas/wheels--wheels-tires-and-hardware,1,NOT_STARTED,,,,,,,0,,0,0,,"{""ordinal"": 172}"
leaf-11cd1301238ade5433d794b0,chrysler300-c-57-gas,cat-a3b738b77cd5af98f386baa9,sub-a00acb0321f525089c399835,,CATEGORY_INDEX,,,https://www.moparamerica.com/v-2017-chrysler-300--c--5-7l-v8-gas/3-0l-gas-engine--engine-mounting,https://r.jina.ai/http://www.moparamerica.com/v-2017-chrysler-300--c--5-7l-v8-gas/3-0l-gas-engine--engine-mounting,1,NOT_STARTED,,,,,,,0,,0,0,,"{""ordinal"": 1}"
leaf-6f300af12aaaa69fa88a7041,chrysler300-c-57-gas,cat-a3b738b77cd5af98f386baa9,sub-be05f786d9120f660c68ac6b,,CATEGORY_INDEX,,,https://www.moparamerica.com/v-2017-chrysler-300--c--5-7l-v8-gas/3-0l-gas-engine--engine-oiling-oil-pan-and-indicator-dipstick,https://r.jina.ai/http://www.moparamerica.com/v-2017-chrysler-300--c--5-7l-v8-gas/3-0l-gas-engine--engine-oiling-oil-pan-and-indicator-dipstick,1,NOT_STARTED,,,,,,,0,,0,0,,"{""ordinal"": 2}"
leaf-73a2c7135b98b2fcd4af2c6c,chrysler300-c-57-gas,cat-a3b738b77cd5af98f386baa9,sub-e053dea051465d5baaa30d74,,CATEGORY_INDEX,,,https://www.moparamerica.com/v-2017-chrysler-300--c--5-7l-v8-gas/3-0l-gas-engine--timing-belt-chain-and-cover-and-balance-shaft,https://r.jina.ai/http://www.moparamerica.com/v-2017-chrysler-300--c--5-7l-v8-gas/3-0l-gas-engine--timing-belt-chain-and-cover-and-balance-shaft,1,NOT_STARTED,,,,,,,0,,0,0,,"{""ordinal"": 3}"
leaf-7119b54f516a615795fa31f2,chrysler300-c-57-gas,cat-8046463ef326ce5d7bf9b364,sub-fb522b369233da1aaef312da,,CATEGORY_INDEX,,,https://www.moparamerica.com/v-2017-chrysler-300--c--5-7l-v8-gas/3-6l-gas-engine--engine-mounting,https://r.jina.ai/http://www.moparamerica.com/v-2017-chrysler-300--c--5-7l-v8-gas/3-6l-gas-engine--engine-mounting,1,NOT_STARTED,,,,,,,0,,0,0,,"{""ordinal"": 4}"
leaf-4e2ce05fa150a7a195fc2ea8,chrysler300-c-57-gas,cat-8046463ef326ce5d7bf9b364,sub-8b26ebe88e2ce95703c91455,,CATEGORY_INDEX,,,https://www.moparamerica.com/v-2017-chrysler-300--c--5-7l-v8-gas/3-6l-gas-engine--engine-oiling-oil-pan-and-indicator-dipstick,https://r.jina.ai/http://www.moparamerica.com/v-2017-chrysler-300--c--5-7l-v8-gas/3-6l-gas-engine--engine-oiling-oil-pan-and-indicator-dipstick,1,NOT_STARTED,,,,,,,0,,0,0,,"{""ordinal"": 5}"
leaf-a6fe9ff1238d1af2d0708f89,chrysler300-c-57-gas,cat-8046463ef326ce5d7bf9b364,sub-6b21aa08656416b9ef05965a,,CATEGORY_INDEX,,,https://www.moparamerica.com/v-2017-chrysler-300--c--5-7l-v8-gas/3-6l-gas-engine--timing-belt-chain-and-cover-and-balance-shaft,https://r.jina.ai/http://www.moparamerica.com/v-2017-chrysler-300--c--5-7l-v8-gas/3-6l-gas-engine--timing-belt-chain-and-cover-and-balance-shaft,1,NOT_STARTED,,,,,,,0,,0,0,,"{""ordinal"": 6}"
leaf-2a7e4de464037b115483e307,chrysler300-c-57-gas,cat-8a6b25f12653f449daf7c877,sub-617b3d3c96089d0dcfa3f3c7,,CATEGORY_INDEX,,,https://www.moparamerica.com/v-2017-chrysler-300--c--5-7l-v8-gas/5-7l-gas-engine--camshaft-and-valve,https://r.jina.ai/http://www.moparamerica.com/v-2017-chrysler-300--c--5-7l-v8-gas/5-7l-gas-engine--camshaft-and-valve,1,NOT_STARTED,,,,,,,0,,0,0,,"{""ordinal"": 7}"
leaf-d0fab02aa1aed7969ca51fd2,chrysler300-c-57-gas,cat-8a6b25f12653f449daf7c877,sub-aee713610d2c67e8ef114056,,CATEGORY_INDEX,,,https://www.moparamerica.com/v-2017-chrysler-300--c--5-7l-v8-gas/5-7l-gas-engine--crankcase-ventilation,https://r.jina.ai/http://www.moparamerica.com/v-2017-chrysler-300--c--5-7l-v8-gas/5-7l-gas-engine--crankcase-ventilation,1,NOT_STARTED,,,,,,,0,,0,0,,"{""ordinal"": 8}"
leaf-1db3ac1212b3dd22a7f306dc,chrysler300-c-57-gas,cat-8a6b25f12653f449daf7c877,sub-fd44d7bfaa2235c3cfaf7cb7,,CATEGORY_INDEX,,,https://www.moparamerica.com/v-2017-chrysler-300--c--5-7l-v8-gas/5-7l-gas-engine--crankshaft-piston-drive-plate-flywheel-and-damper,https://r.jina.ai/http://www.moparamerica.com/v-2017-chrysler-300--c--5-7l-v8-gas/5-7l-gas-engine--crankshaft-piston-drive-plate-flywheel-and-damper,1,NOT_STARTED,,,,,,,0,,0,0,,"{""ordinal"": 9}"
leaf-14168113bfde5946b4846f41,chrysler300-c-57-gas,cat-8a6b25f12653f449daf7c877,sub-963db6eb2cf041a49cbb6333,,CATEGORY_INDEX,,,https://www.moparamerica.com/v-2017-chrysler-300--c--5-7l-v8-gas/5-7l-gas-engine--cylinder-block,https://r.jina.ai/http://www.moparamerica.com/v-2017-chrysler-300--c--5-7l-v8-gas/5-7l-gas-engine--cylinder-block,1,NOT_STARTED,,,,,,,0,,0,0,,"{""ordinal"": 10}"
leaf-d70b33031c42944402e0ed69,chrysler300-c-57-gas,cat-8a6b25f12653f449daf7c877,sub-e6538e09bcd081a305128d95,,CATEGORY_INDEX,,,https://www.moparamerica.com/v-2017-chrysler-300--c--5-7l-v8-gas/5-7l-gas-engine--cylinder-head,https://r.jina.ai/http://www.moparamerica.com/v-2017-chrysler-300--c--5-7l-v8-gas/5-7l-gas-engine--cylinder-head,1,NOT_STARTED,,,,,,,0,,0,0,,"{""ordinal"": 11}"
leaf-c956662a0fc13a3e1b6f2b6d,chrysler300-c-57-gas,cat-8a6b25f12653f449daf7c877,sub-c0cba8602aa67e2031f1d5fa,,CATEGORY_INDEX,,,https://www.moparamerica.com/v-2017-chrysler-300--c--5-7l-v8-gas/5-7l-gas-engine--engine-identification-service-engines-and-engine-service-kits,https://r.jina.ai/http://www.moparamerica.com/v-2017-chrysler-300--c--5-7l-v8-gas/5-7l-gas-engine--engine-identification-service-engines-and-engine-service-kits,1,NOT_STARTED,,,,,,,0,,0,0,,"{""ordinal"": 12}"
leaf-beb481c7a117fa1187825e5f,chrysler300-c-57-gas,cat-8a6b25f12653f449daf7c877,sub-309c4c657bcc46f555c1c368,,CATEGORY_INDEX,,,https://www.moparamerica.com/v-2017-chrysler-300--c--5-7l-v8-gas/5-7l-gas-engine--engine-mounting,https://r.jina.ai/http://www.moparamerica.com/v-2017-chrysler-300--c--5-7l-v8-gas/5-7l-gas-engine--engine-mounting,1,NOT_STARTED,,,,,,,0,,0,0,,"{""ordinal"": 13}"
leaf-ba23ba2b72414eb3a6859e09,chrysler300-c-57-gas,cat-8a6b25f12653f449daf7c877,sub-af0020c1b4886213206358f1,,CATEGORY_INDEX,,,https://www.moparamerica.com/v-2017-chrysler-300--c--5-7l-v8-gas/5-7l-gas-engine--engine-oiling-oil-pan-and-indicator-dipstick,https://r.jina.ai/http://www.moparamerica.com/v-2017-chrysler-300--c--5-7l-v8-gas/5-7l-gas-engine--engine-oiling-oil-pan-and-indicator-dipstick,1,NOT_STARTED,,,,,,,0,,0,0,,"{""ordinal"": 14}"
leaf-5b3e00e5e4446e1772b0b93c,chrysler300-c-57-gas,cat-8a6b25f12653f449daf7c877,sub-edece03799e1dcbfc40f65a1,,CATEGORY_INDEX,,,https://www.moparamerica.com/v-2017-chrysler-300--c--5-7l-v8-gas/5-7l-gas-engine--manifolds-and-vacuum-fittings,https://r.jina.ai/http://www.moparamerica.com/v-2017-chrysler-300--c--5-7l-v8-gas/5-7l-gas-engine--manifolds-and-vacuum-fittings,1,NOT_STARTED,,,,,,,0,,0,0,,"{""ordinal"": 15}"
leaf-c5538ff58e0af9b980ccefb7,chrysler300-c-57-gas,cat-8a6b25f12653f449daf7c877,sub-f0827360d6df7d2706c2d5e1,,CATEGORY_INDEX,,,https://www.moparamerica.com/v-2017-chrysler-300--c--5-7l-v8-gas/5-7l-gas-engine--timing-belt-chain-and-cover-and-balance-shaft,https://r.jina.ai/http://www.moparamerica.com/v-2017-chrysler-300--c--5-7l-v8-gas/5-7l-gas-engine--timing-belt-chain-and-cover-and-balance-shaft,1,NOT_STARTED,,,,,,,0,,0,0,,"{""ordinal"": 16}"
leaf-be52606996428b3280f260e7,chrysler300-c-57-gas,cat-f2cfb309e61fa441fd2baa71,sub-758e76d63ecb427681380fce,,CATEGORY_INDEX,,,https://www.moparamerica.com/v-2017-chrysler-300--c--5-7l-v8-gas/6-4l-gas-engine--camshaft-and-valve,https://r.jina.ai/http://www.moparamerica.com/v-2017-chrysler-300--c--5-7l-v8-gas/6-4l-gas-engine--camshaft-and-valve,1,NOT_STARTED,,,,,,,0,,0,0,,"{""ordinal"": 17}"
leaf-907cade4fdebb7b736b63231,chrysler300-c-57-gas,cat-f2cfb309e61fa441fd2baa71,sub-97e0a738f2710ed4cbffd3d4,,CATEGORY_INDEX,,,https://www.moparamerica.com/v-2017-chrysler-300--c--5-7l-v8-gas/6-4l-gas-engine--cylinder-block,https://r.jina.ai/http://www.moparamerica.com/v-2017-chrysler-300--c--5-7l-v8-gas/6-4l-gas-engine--cylinder-block,1,NOT_STARTED,,,,,,,0,,0,0,,"{""ordinal"": 18}"
leaf-5441f93a56afcccae4e077ab,chrysler300-c-57-gas,cat-f2cfb309e61fa441fd2baa71,sub-0c88f1e119e15b2116de58f5,,CATEGORY_INDEX,,,https://www.moparamerica.com/v-2017-chrysler-300--c--5-7l-v8-gas/6-4l-gas-engine--engine-mounting,https://r.jina.ai/http://www.moparamerica.com/v-2017-chrysler-300--c--5-7l-v8-gas/6-4l-gas-engine--engine-mounting,1,NOT_STARTED,,,,,,,0,,0,0,,"{""ordinal"": 19}"
leaf-da319dd8db101cba8126064e,chrysler300-c-57-gas,cat-f2cfb309e61fa441fd2baa71,sub-c276764fd53a4b7272b51a53,,CATEGORY_INDEX,,,https://www.moparamerica.com/v-2017-chrysler-300--c--5-7l-v8-gas/6-4l-gas-engine--engine-oil-cooler,https://r.jina.ai/http://www.moparamerica.com/v-2017-chrysler-300--c--5-7l-v8-gas/6-4l-gas-engine--engine-oil-cooler,1,NOT_STARTED,,,,,,,0,,0,0,,"{""ordinal"": 20}"
leaf-b472c9f9d5ad7cc246d86132,chrysler300-c-57-gas,cat-f2cfb309e61fa441fd2baa71,sub-dc235cfb088f4d40ad2a0158,,CATEGORY_INDEX,,,https://www.moparamerica.com/v-2017-chrysler-300--c--5-7l-v8-gas/6-4l-gas-engine--engine-oiling-oil-pan-and-indicator-dipstick,https://r.jina.ai/http://www.moparamerica.com/v-2017-chrysler-300--c--5-7l-v8-gas/6-4l-gas-engine--engine-oiling-oil-pan-and-indicator-dipstick,1,NOT_STARTED,,,,,,,0,,0,0,,"{""ordinal"": 21}"
leaf-fe9b06000c8491d49c19764a,chrysler300-c-57-gas,cat-f2cfb309e61fa441fd2baa71,sub-0084e56c2761a20fb87727de,,CATEGORY_INDEX,,,https://www.moparamerica.com/v-2017-chrysler-300--c--5-7l-v8-gas/6-4l-gas-engine--manifolds-and-vacuum-fittings,https://r.jina.ai/http://www.moparamerica.com/v-2017-chrysler-300--c--5-7l-v8-gas/6-4l-gas-engine--manifolds-and-vacuum-fittings,1,NOT_STARTED,,,,,,,0,,0,0,,"{""ordinal"": 22}"
leaf-9b4d9544ae31159be122994d,chrysler300-c-57-gas,cat-b6035c74fc299625e1d0a04c,sub-c38b1bb9274f324ec6d483cd,,CATEGORY_INDEX,,,https://www.moparamerica.com/v-2017-chrysler-300--c--5-7l-v8-gas/845re-8-speed-automatic-transmission--automatic-transmission-transaxle-and-torque-converter,https://r.jina.ai/http://www.moparamerica.com/v-2017-chrysler-300--c--5-7l-v8-gas/845re-8-speed-automatic-transmission--automatic-transmission-transaxle-and-torque-converter,1,NOT_STARTED,,,,,,,0,,0,0,,"{""ordinal"": 23}"
leaf-483bc66d334c934442737387,chrysler300-c-57-gas,cat-b6035c74fc299625e1d0a04c,sub-d3602bab5699db62609865e1,,CATEGORY_INDEX,,,https://www.moparamerica.com/v-2017-chrysler-300--c--5-7l-v8-gas/845re-8-speed-automatic-transmission--gearshift-controls-and-related-parts,https://r.jina.ai/http://www.moparamerica.com/v-2017-chrysler-300--c--5-7l-v8-gas/845re-8-speed-automatic-transmission--gearshift-controls-and-related-parts,1,NOT_STARTED,,,,,,,0,,0,0,,"{""ordinal"": 24}"
leaf-b2a91c9792e0ddba76a8efbb,chrysler300-c-57-gas,cat-b6035c74fc299625e1d0a04c,sub-f142c9d08211182fd93c02c1,,CATEGORY_INDEX,,,https://www.moparamerica.com/v-2017-chrysler-300--c--5-7l-v8-gas/845re-8-speed-automatic-transmission--mounting-and-skid-plate,https://r.jina.ai/http://www.moparamerica.com/v-2017-chrysler-300--c--5-7l-v8-gas/845re-8-speed-automatic-transmission--mounting-and-skid-plate,1,NOT_STARTED,,,,,,,0,,0,0,,"{""ordinal"": 25}"
leaf-8bb5fd4b70dcddf3cfadfd37,chrysler300-c-57-gas,cat-b6035c74fc299625e1d0a04c,sub-1f901088ff1e18b7ed945309,,CATEGORY_INDEX,,,https://www.moparamerica.com/v-2017-chrysler-300--c--5-7l-v8-gas/845re-8-speed-automatic-transmission--oil-pump,https://r.jina.ai/http://www.moparamerica.com/v-2017-chrysler-300--c--5-7l-v8-gas/845re-8-speed-automatic-transmission--oil-pump,1,NOT_STARTED,,,,,,,0,,0,0,,"{""ordinal"": 26}"
leaf-14f6f602ec528f38c4dc5187,chrysler300-c-57-gas,cat-4ce3e2e6e53fb035d2dcb1aa,sub-8ddd9dbe8771f74e26fa76e7,,CATEGORY_INDEX,,,https://www.moparamerica.com/v-2017-chrysler-300--c--5-7l-v8-gas/8hp70-8-speed-automatic-transmission--automatic-transmission-transaxle-and-torque-converter,https://r.jina.ai/http://www.moparamerica.com/v-2017-chrysler-300--c--5-7l-v8-gas/8hp70-8-speed-automatic-transmission--automatic-transmission-transaxle-and-torque-converter,1,NOT_STARTED,,,,,,,0,,0,0,,"{""ordinal"": 27}"
leaf-b1653adb73531ac28a685787,chrysler300-c-57-gas,cat-4ce3e2e6e53fb035d2dcb1aa,sub-a197ed9991e8672141b6439b,,CATEGORY_INDEX,,,https://www.moparamerica.com/v-2017-chrysler-300--c--5-7l-v8-gas/8hp70-8-speed-automatic-transmission--case-extension-oil-pan-and-indicator-dipstick,https://r.jina.ai/http://www.moparamerica.com/v-2017-chrysler-300--c--5-7l-v8-gas/8hp70-8-speed-automatic-transmission--case-extension-oil-pan-and-indicator-dipstick,1,NOT_STARTED,,,,,,,0,,0,0,,"{""ordinal"": 28}"
leaf-fb1c1f073d33b7bbc80e1750,chrysler300-c-57-gas,cat-4ce3e2e6e53fb035d2dcb1aa,sub-5a5b72d30e7ceae74d2e1861,,CATEGORY_INDEX,,,https://www.moparamerica.com/v-2017-chrysler-300--c--5-7l-v8-gas/8hp70-8-speed-automatic-transmission--gearshift-controls-and-related-parts,https://r.jina.ai/http://www.moparamerica.com/v-2017-chrysler-300--c--5-7l-v8-gas/8hp70-8-speed-automatic-transmission--gearshift-controls-and-related-parts,1,NOT_STARTED,,,,,,,0,,0,0,,"{""ordinal"": 29}"
leaf-662bb9da0334ff0d6d911da7,chrysler300-c-57-gas,cat-4ce3e2e6e53fb035d2dcb1aa,sub-20faee53cfd14a4d4773159e,,CATEGORY_INDEX,,,https://www.moparamerica.com/v-2017-chrysler-300--c--5-7l-v8-gas/8hp70-8-speed-automatic-transmission--mounting-and-skid-plate,https://r.jina.ai/http://www.moparamerica.com/v-2017-chrysler-300--c--5-7l-v8-gas/8hp70-8-speed-automatic-transmission--mounting-and-skid-plate,1,NOT_STARTED,,,,,,,0,,0,0,,"{""ordinal"": 30}"
leaf-0852779eb99691accf084542,chrysler300-c-57-gas,cat-4ce3e2e6e53fb035d2dcb1aa,sub-30978edbdfb0b267893504ae,,CATEGORY_INDEX,,,https://www.moparamerica.com/v-2017-chrysler-300--c--5-7l-v8-gas/8hp70-8-speed-automatic-transmission--oil-pump,https://r.jina.ai/http://www.moparamerica.com/v-2017-chrysler-300--c--5-7l-v8-gas/8hp70-8-speed-automatic-transmission--oil-pump,1,NOT_STARTED,,,,,,,0,,0,0,,"{""ordinal"": 31}"
leaf-95d9ee98adb2a977b685519f,chrysler300-c-57-gas,cat-4ce3e2e6e53fb035d2dcb1aa,sub-44416a44d614d72149bb83c1,,CATEGORY_INDEX,,,https://www.moparamerica.com/v-2017-chrysler-300--c--5-7l-v8-gas/8hp70-8-speed-automatic-transmission--valve-body-accumulator-solenoid-and-parking-sprag,https://r.jina.ai/http://www.moparamerica.com/v-2017-chrysler-300--c--5-7l-v8-gas/8hp70-8-speed-automatic-transmission--valve-body-accumulator-solenoid-and-parking-sprag,1,NOT_STARTED,,,,,,,0,,0,0,,"{""ordinal"": 32}"
leaf-5db7ff418fbc7bec1e173620,chrysler300-c-57-gas,cat-a02db646d064e36877b76389,,,CATEGORY_INDEX,,,https://www.moparamerica.com/v-2017-chrysler-300--c--5-7l-v8-gas/accessories,https://r.jina.ai/http://www.moparamerica.com/v-2017-chrysler-300--c--5-7l-v8-gas/accessories,1,NOT_STARTED,,,,,,,0,,0,0,,"{""ordinal"": 170}"
leaf-14217bda9c15630d88c43a82,chrysler300-c-57-gas,cat-c78454fe880f69f91bb6dade,sub-fcb0772110156f19db5cdf62,,CATEGORY_INDEX,,,https://www.moparamerica.com/v-2017-chrysler-300--c--5-7l-v8-gas/accessories-audio-video-and-electronics-accessories--charging-unit,https://r.jina.ai/http://www.moparamerica.com/v-2017-chrysler-300--c--5-7l-v8-gas/accessories-audio-video-and-electronics-accessories--charging-unit,1,NOT_STARTED,,,,,,,0,,0,0,,"{""ordinal"": 43}"
leaf-5e223b727c1f7a97dcedcfd7,chrysler300-c-57-gas,cat-c78454fe880f69f91bb6dade,sub-406def760f102c2a65bfde8d,,CATEGORY_INDEX,,,https://www.moparamerica.com/v-2017-chrysler-300--c--5-7l-v8-gas/accessories-audio-video-and-electronics-accessories--remote-start,https://r.jina.ai/http://www.moparamerica.com/v-2017-chrysler-300--c--5-7l-v8-gas/accessories-audio-video-and-electronics-accessories--remote-start,1,NOT_STARTED,,,,,,,0,,0,0,,"{""ordinal"": 44}"
leaf-bedd68a50262398918168039,chrysler300-c-57-gas,cat-c78454fe880f69f91bb6dade,sub-009a7a2a25f104b67637ca8c,,CATEGORY_INDEX,,,https://www.moparamerica.com/v-2017-chrysler-300--c--5-7l-v8-gas/accessories-audio-video-and-electronics-accessories--security,https://r.jina.ai/http://www.moparamerica.com/v-2017-chrysler-300--c--5-7l-v8-gas/accessories-audio-video-and-electronics-accessories--security,1,NOT_STARTED,,,,,,,0,,0,0,,"{""ordinal"": 45}"
leaf-e3819e6e6b8a14e99931c774,chrysler300-c-57-gas,cat-32c3bec8a094013109fa9833,sub-2cb4b991e2e696063725b889,,CATEGORY_INDEX,,,https://www.moparamerica.com/v-2017-chrysler-300--c--5-7l-v8-gas/accessories-exterior-accessories--air-deflectors,https://r.jina.ai/http://www.moparamerica.com/v-2017-chrysler-300--c--5-7l-v8-gas/accessories-exterior-accessories--air-deflectors,1,NOT_STARTED,,,,,,,0,,0,0,,"{""ordinal"": 96}"
leaf-fc3ff48471c0f7622fd071e0,chrysler300-c-57-gas,cat-32c3bec8a094013109fa9833,sub-7dfaaf81d3e8c3925191fc7e,,CATEGORY_INDEX,,,https://www.moparamerica.com/v-2017-chrysler-300--c--5-7l-v8-gas/accessories-exterior-accessories--exterior-appearance,https://r.jina.ai/http://www.moparamerica.com/v-2017-chrysler-300--c--5-7l-v8-gas/accessories-exterior-accessories--exterior-appearance,1,NOT_STARTED,,,,,,,0,,0,0,,"{""ordinal"": 97}"
leaf-b96dd191c0eba345d1c857fc,chrysler300-c-57-gas,cat-32c3bec8a094013109fa9833,sub-7c53be743902b7e9992d9f67,,CATEGORY_INDEX,,,https://www.moparamerica.com/v-2017-chrysler-300--c--5-7l-v8-gas/accessories-exterior-accessories--license-plate,https://r.jina.ai/http://www.moparamerica.com/v-2017-chrysler-300--c--5-7l-v8-gas/accessories-exterior-accessories--license-plate,1,NOT_STARTED,,,,,,,0,,0,0,,"{""ordinal"": 98}"
leaf-cdc6a0f85b389f0e248f01a7,chrysler300-c-57-gas,cat-32c3bec8a094013109fa9833,sub-bbed22556e4031905738a167,,CATEGORY_INDEX,,,https://www.moparamerica.com/v-2017-chrysler-300--c--5-7l-v8-gas/accessories-exterior-accessories--locks,https://r.jina.ai/http://www.moparamerica.com/v-2017-chrysler-300--c--5-7l-v8-gas/accessories-exterior-accessories--locks,1,NOT_STARTED,,,,,,,0,,0,0,,"{""ordinal"": 99}"
leaf-cd2152c62f0bdb70c61dfaae,chrysler300-c-57-gas,cat-32c3bec8a094013109fa9833,sub-d79cb24148432992740282ea,,CATEGORY_INDEX,,,https://www.moparamerica.com/v-2017-chrysler-300--c--5-7l-v8-gas/accessories-exterior-accessories--protective-guards,https://r.jina.ai/http://www.moparamerica.com/v-2017-chrysler-300--c--5-7l-v8-gas/accessories-exterior-accessories--protective-guards,1,NOT_STARTED,,,,,,,0,,0,0,,"{""ordinal"": 100}"
leaf-07678f984f65e9fc508483be,chrysler300-c-57-gas,cat-32c3bec8a094013109fa9833,sub-c0387bbbaf8823c0813da77a,,CATEGORY_INDEX,,,https://www.moparamerica.com/v-2017-chrysler-300--c--5-7l-v8-gas/accessories-exterior-accessories--splash-guards,https://r.jina.ai/http://www.moparamerica.com/v-2017-chrysler-300--c--5-7l-v8-gas/accessories-exterior-accessories--splash-guards,1,NOT_STARTED,,,,,,,0,,0,0,,"{""ordinal"": 101}"
leaf-42a10574609c6b17b3127516,chrysler300-c-57-gas,cat-32c3bec8a094013109fa9833,sub-60990a3be1d6d1bb106f821f,,CATEGORY_INDEX,,,https://www.moparamerica.com/v-2017-chrysler-300--c--5-7l-v8-gas/accessories-exterior-accessories--wheels,https://r.jina.ai/http://www.moparamerica.com/v-2017-chrysler-300--c--5-7l-v8-gas/accessories-exterior-accessories--wheels,1,NOT_STARTED,,,,,,,0,,0,0,,"{""ordinal"": 102}"
leaf-d53571c51b96fa464a7a87a7,chrysler300-c-57-gas,cat-4cfdda4932905bb831562d2b,sub-d43a927317b448deccc0f033,,CATEGORY_INDEX,,,https://www.moparamerica.com/v-2017-chrysler-300--c--5-7l-v8-gas/accessories-interior-accessories--air-purification,https://r.jina.ai/http://www.moparamerica.com/v-2017-chrysler-300--c--5-7l-v8-gas/accessories-interior-accessories--air-purification,1,NOT_STARTED,,,,,,,0,,0,0,,"{""ordinal"": 120}"
leaf-656b525cc0e71626b1fd0108,chrysler300-c-57-gas,cat-4cfdda4932905bb831562d2b,sub-e2f651bf8598a2a3861a1237,,CATEGORY_INDEX,,,https://www.moparamerica.com/v-2017-chrysler-300--c--5-7l-v8-gas/accessories-interior-accessories--cargo-trays-and-mats,https://r.jina.ai/http://www.moparamerica.com/v-2017-chrysler-300--c--5-7l-v8-gas/accessories-interior-accessories--cargo-trays-and-mats,1,NOT_STARTED,,,,,,,0,,0,0,,"{""ordinal"": 121}"
leaf-f5d9deef7b40f603e6cd8b54,chrysler300-c-57-gas,cat-4cfdda4932905bb831562d2b,sub-c5fe72b8dc5a2876c2569dde,,CATEGORY_INDEX,,,https://www.moparamerica.com/v-2017-chrysler-300--c--5-7l-v8-gas/accessories-interior-accessories--floor-mats,https://r.jina.ai/http://www.moparamerica.com/v-2017-chrysler-300--c--5-7l-v8-gas/accessories-interior-accessories--floor-mats,1,NOT_STARTED,,,,,,,0,,0,0,,"{""ordinal"": 122}"
leaf-5822ec9da3473722cea68a8e,chrysler300-c-57-gas,cat-4cfdda4932905bb831562d2b,sub-7e918fad4ede47ae7805fb31,,CATEGORY_INDEX,,,https://www.moparamerica.com/v-2017-chrysler-300--c--5-7l-v8-gas/accessories-interior-accessories--interior-appearance,https://r.jina.ai/http://www.moparamerica.com/v-2017-chrysler-300--c--5-7l-v8-gas/accessories-interior-accessories--interior-appearance,1,NOT_STARTED,,,,,,,0,,0,0,,"{""ordinal"": 123}"
leaf-0625442e7ae7cbac840fa1a1,chrysler300-c-57-gas,cat-faaf617565b298d7e1746ad1,sub-f034411945c9fd7f913327c3,,CATEGORY_INDEX,,,https://www.moparamerica.com/v-2017-chrysler-300--c--5-7l-v8-gas/accessories-lifestyle-and-off-road-accessories--safety-kits,https://r.jina.ai/http://www.moparamerica.com/v-2017-chrysler-300--c--5-7l-v8-gas/accessories-lifestyle-and-off-road-accessories--safety-kits,1,NOT_STARTED,,,,,,,0,,0,0,,"{""ordinal"": 136}"
leaf-03fe1be6575434582a90ee11,chrysler300-c-57-gas,cat-334406042a2d2ef4475f1eef,sub-3537f921b71c4c089a7a7440,,CATEGORY_INDEX,,,https://www.moparamerica.com/v-2017-chrysler-300--c--5-7l-v8-gas/accessories-lighting-and-electrical-accessories--charging-unit,https://r.jina.ai/http://www.moparamerica.com/v-2017-chrysler-300--c--5-7l-v8-gas/accessories-lighting-and-electrical-accessories--charging-unit,1,NOT_STARTED,,,,,,,0,,0,0,,"{""ordinal"": 137}"
leaf-3e32a20f9b1f3db1e760135e,chrysler300-c-57-gas,cat-ae4cb82e2fca13082fe6d7b3,sub-53acfbd6790aef4f341a6308,,CATEGORY_INDEX,,,https://www.moparamerica.com/v-2017-chrysler-300--c--5-7l-v8-gas/accessories-modern-performance--engine-parts,https://r.jina.ai/http://www.moparamerica.com/v-2017-chrysler-300--c--5-7l-v8-gas/accessories-modern-performance--engine-parts,1,NOT_STARTED,,,,,,,0,,0,0,,"{""ordinal"": 138}"
leaf-5417958d45424b7f0bf6749a,chrysler300-c-57-gas,cat-ae4cb82e2fca13082fe6d7b3,sub-cf6a9e85b459d5ed6c3c7d88,,CATEGORY_INDEX,,,https://www.moparamerica.com/v-2017-chrysler-300--c--5-7l-v8-gas/accessories-modern-performance--intake-and-air,https://r.jina.ai/http://www.moparamerica.com/v-2017-chrysler-300--c--5-7l-v8-gas/accessories-modern-performance--intake-and-air,1,NOT_STARTED,,,,,,,0,,0,0,,"{""ordinal"": 139}"
leaf-0a18915bb1461bba4e9fb3d2,chrysler300-c-57-gas,cat-ae4cb82e2fca13082fe6d7b3,sub-444ff3f30dcb1eb276174abb,,CATEGORY_INDEX,,,https://www.moparamerica.com/v-2017-chrysler-300--c--5-7l-v8-gas/accessories-modern-performance--suspension,https://r.jina.ai/http://www.moparamerica.com/v-2017-chrysler-300--c--5-7l-v8-gas/accessories-modern-performance--suspension,1,NOT_STARTED,,,,,,,0,,0,0,,"{""ordinal"": 140}"
leaf-a159585886e2d5ce79316f0f,chrysler300-c-57-gas,cat-8886dac4ed22ba112e08ca7e,sub-f1e98ceaf7c76584e91ae843,,CATEGORY_INDEX,,,https://www.moparamerica.com/v-2017-chrysler-300--c--5-7l-v8-gas/accessories-performance--brakes,https://r.jina.ai/http://www.moparamerica.com/v-2017-chrysler-300--c--5-7l-v8-gas/accessories-performance--brakes,1,NOT_STARTED,,,,,,,0,,0,0,,"{""ordinal"": 147}"
leaf-ca44f4217b011483eb9bef03,chrysler300-c-57-gas,cat-8886dac4ed22ba112e08ca7e,sub-def017e5e505e6602f563abd,,CATEGORY_INDEX,,,https://www.moparamerica.com/v-2017-chrysler-300--c--5-7l-v8-gas/accessories-performance--performance-packages,https://r.jina.ai/http://www.moparamerica.com/v-2017-chrysler-300--c--5-7l-v8-gas/accessories-performance--performance-packages,1,NOT_STARTED,,,,,,,0,,0,0,,"{""ordinal"": 148}"
leaf-fd6be3fac507ac003a864261,chrysler300-c-57-gas,cat-2601e75fd1d3a854fb40d4aa,sub-319c0e2847d89084500a1196,,CATEGORY_INDEX,,,https://www.moparamerica.com/v-2017-chrysler-300--c--5-7l-v8-gas/accessories-vehicle-care-products--mopar,https://r.jina.ai/http://www.moparamerica.com/v-2017-chrysler-300--c--5-7l-v8-gas/accessories-vehicle-care-products--mopar,1,NOT_STARTED,,,,,,,0,,0,0,,"{""ordinal"": 161}"
leaf-c28dc9a9309d80eaea072cdf,chrysler300-c-57-gas,cat-2601e75fd1d3a854fb40d4aa,sub-f915bc5ba540ecfe444728b1,,CATEGORY_INDEX,,,https://www.moparamerica.com/v-2017-chrysler-300--c--5-7l-v8-gas/accessories-vehicle-care-products--touch-up-paint,https://r.jina.ai/http://www.moparamerica.com/v-2017-chrysler-300--c--5-7l-v8-gas/accessories-vehicle-care-products--touch-up-paint,1,NOT_STARTED,,,,,,,0,,0,0,,"{""ordinal"": 162}"
leaf-d9160b5930179b9ddccdf399,chrysler300-c-57-gas,cat-462721ebebe2a2e2cb9baafd,sub-9ab57caa428b33b8c28b7195,,CATEGORY_INDEX,,,https://www.moparamerica.com/v-2017-chrysler-300--c--5-7l-v8-gas/air-conditioners-and-heaters--air-conditioner-and-heater-controls,https://r.jina.ai/http://www.moparamerica.com/v-2017-chrysler-300--c--5-7l-v8-gas/air-conditioners-and-heaters--air-conditioner-and-heater-controls,1,NOT_STARTED,,,,,,,0,,0,0,,"{""ordinal"": 33}"
leaf-6ff603e495e5a6f6792fc00a,chrysler300-c-57-gas,cat-462721ebebe2a2e2cb9baafd,sub-f3aa654756c6378c4b2f1f50,,CATEGORY_INDEX,,,https://www.moparamerica.com/v-2017-chrysler-300--c--5-7l-v8-gas/air-conditioners-and-heaters--air-conditioner-and-heater-plumbing,https://r.jina.ai/http://www.moparamerica.com/v-2017-chrysler-300--c--5-7l-v8-gas/air-conditioners-and-heaters--air-conditioner-and-heater-plumbing,1,NOT_STARTED,,,,,,,0,,0,0,,"{""ordinal"": 34}"
leaf-f8bc092a674e2dcb45c5b0e8,chrysler300-c-57-gas,cat-462721ebebe2a2e2cb9baafd,sub-9c4bdda49518ef2215f8c04f,,CATEGORY_INDEX,,,https://www.moparamerica.com/v-2017-chrysler-300--c--5-7l-v8-gas/air-conditioners-and-heaters--air-conditioner-and-heater-units,https://r.jina.ai/http://www.moparamerica.com/v-2017-chrysler-300--c--5-7l-v8-gas/air-conditioners-and-heaters--air-conditioner-and-heater-units,1,NOT_STARTED,,,,,,,0,,0,0,,"{""ordinal"": 35}"
leaf-f236d3139d3a4298e25891c3,chrysler300-c-57-gas,cat-462721ebebe2a2e2cb9baafd,sub-621806350782964f1a1ac89e,,CATEGORY_INDEX,,,https://www.moparamerica.com/v-2017-chrysler-300--c--5-7l-v8-gas/air-conditioners-and-heaters--air-conditioner-compressor-and-mounting,https://r.jina.ai/http://www.moparamerica.com/v-2017-chrysler-300--c--5-7l-v8-gas/air-conditioners-and-heaters--air-conditioner-compressor-and-mounting,1,NOT_STARTED,,,,,,,0,,0,0,,"{""ordinal"": 36}"
leaf-37f40e3bf1bcfc3bbda848d8,chrysler300-c-57-gas,cat-462721ebebe2a2e2cb9baafd,sub-c37d8c6112aed3ff47dbda4f,,CATEGORY_INDEX,,,https://www.moparamerica.com/v-2017-chrysler-300--c--5-7l-v8-gas/air-conditioners-and-heaters--air-ducts,https://r.jina.ai/http://www.moparamerica.com/v-2017-chrysler-300--c--5-7l-v8-gas/air-conditioners-and-heaters--air-ducts,1,NOT_STARTED,,,,,,,0,,0,0,,"{""ordinal"": 37}"
leaf-0b9a183cfdb84da8c1e35ee8,chrysler300-c-57-gas,cat-437a531f5ab18e45610e96b2,sub-a55d96eaf07dc9bbe608f5b2,,CATEGORY_INDEX,,,https://www.moparamerica.com/v-2017-chrysler-300--c--5-7l-v8-gas/all-wheel-drive-differential-and-drive-line--drive-shaft,https://r.jina.ai/http://www.moparamerica.com/v-2017-chrysler-300--c--5-7l-v8-gas/all-wheel-drive-differential-and-drive-line--drive-shaft,1,NOT_STARTED,,,,,,,0,,0,0,,"{""ordinal"": 38}"
leaf-bf862cca9cb70e806887a9dd,chrysler300-c-57-gas,cat-437a531f5ab18e45610e96b2,sub-f5823d5a78544b777ce8dc47,,CATEGORY_INDEX,,,https://www.moparamerica.com/v-2017-chrysler-300--c--5-7l-v8-gas/all-wheel-drive-differential-and-drive-line--front-axle-assembly,https://r.jina.ai/http://www.moparamerica.com/v-2017-chrysler-300--c--5-7l-v8-gas/all-wheel-drive-differential-and-drive-line--front-axle-assembly,1,NOT_STARTED,,,,,,,0,,0,0,,"{""ordinal"": 39}"
leaf-2bdcd259fd72b8dd8e877c63,chrysler300-c-57-gas,cat-437a531f5ab18e45610e96b2,sub-1e32e3c243a21354d4581cac,,CATEGORY_INDEX,,,https://www.moparamerica.com/v-2017-chrysler-300--c--5-7l-v8-gas/all-wheel-drive-differential-and-drive-line--front-axle-drive-shafts,https://r.jina.ai/http://www.moparamerica.com/v-2017-chrysler-300--c--5-7l-v8-gas/all-wheel-drive-differential-and-drive-line--front-axle-drive-shafts,1,NOT_STARTED,,,,,,,0,,0,0,,"{""ordinal"": 40}"
leaf-8f3b84a486a203b45701dba8,chrysler300-c-57-gas,cat-437a531f5ab18e45610e96b2,sub-9601ba1212de13d591e59560,,CATEGORY_INDEX,,,https://www.moparamerica.com/v-2017-chrysler-300--c--5-7l-v8-gas/all-wheel-drive-differential-and-drive-line--rear-axle-assembly,https://r.jina.ai/http://www.moparamerica.com/v-2017-chrysler-300--c--5-7l-v8-gas/all-wheel-drive-differential-and-drive-line--rear-axle-assembly,1,NOT_STARTED,,,,,,,0,,0,0,,"{""ordinal"": 41}"
leaf-7f6d3b5e4a0b5d2850b08e2a,chrysler300-c-57-gas,cat-437a531f5ab18e45610e96b2,sub-f2be30a12a8983811e117191,,CATEGORY_INDEX,,,https://www.moparamerica.com/v-2017-chrysler-300--c--5-7l-v8-gas/all-wheel-drive-differential-and-drive-line--rear-axle-housing-differential-and-vent,https://r.jina.ai/http://www.moparamerica.com/v-2017-chrysler-300--c--5-7l-v8-gas/all-wheel-drive-differential-and-drive-line--rear-axle-housing-differential-and-vent,1,NOT_STARTED,,,,,,,0,,0,0,,"{""ordinal"": 42}"
leaf-6601d2224b4a70b28915fa09,chrysler300-c-57-gas,cat-c1b56dfbba34de4e8ef63cdc,,,CATEGORY_INDEX,,,https://www.moparamerica.com/v-2017-chrysler-300--c--5-7l-v8-gas/auto-parts,https://r.jina.ai/http://www.moparamerica.com/v-2017-chrysler-300--c--5-7l-v8-gas/auto-parts,1,NOT_STARTED,,,,,,,0,,0,0,,"{""ordinal"": 169}"
leaf-32724b3d7a964a1103b1ee95,chrysler300-c-57-gas,cat-0477265cb939be8ce7d50165,sub-6d04cf615aa78051dddf2a4f,,CATEGORY_INDEX,,,https://www.moparamerica.com/v-2017-chrysler-300--c--5-7l-v8-gas/body-sheet-metal-except-doors--aperture-panel-and-pillar-supports,https://r.jina.ai/http://www.moparamerica.com/v-2017-chrysler-300--c--5-7l-v8-gas/body-sheet-metal-except-doors--aperture-panel-and-pillar-supports,1,NOT_STARTED,,,,,,,0,,0,0,,"{""ordinal"": 46}"
leaf-ce23311838104b620283ec7c,chrysler300-c-57-gas,cat-0477265cb939be8ce7d50165,sub-e4be840e1f6a9aefd729158d,,CATEGORY_INDEX,,,https://www.moparamerica.com/v-2017-chrysler-300--c--5-7l-v8-gas/body-sheet-metal-except-doors--cowl-and-dash-panel,https://r.jina.ai/http://www.moparamerica.com/v-2017-chrysler-300--c--5-7l-v8-gas/body-sheet-metal-except-doors--cowl-and-dash-panel,1,NOT_STARTED,,,,,,,0,,0,0,,"{""ordinal"": 47}"
leaf-e09149e022a5b7a4b9465e03,chrysler300-c-57-gas,cat-0477265cb939be8ce7d50165,sub-60e95904eedea3657c70b08d,,CATEGORY_INDEX,,,https://www.moparamerica.com/v-2017-chrysler-300--c--5-7l-v8-gas/body-sheet-metal-except-doors--deck-lid,https://r.jina.ai/http://www.moparamerica.com/v-2017-chrysler-300--c--5-7l-v8-gas/body-sheet-metal-except-doors--deck-lid,1,NOT_STARTED,,,,,,,0,,0,0,,"{""ordinal"": 48}"
leaf-2fe7012bb7cfc0f6884e8a09,chrysler300-c-57-gas,cat-0477265cb939be8ce7d50165,sub-6d958eb5e6a040e418236eac,,CATEGORY_INDEX,,,https://www.moparamerica.com/v-2017-chrysler-300--c--5-7l-v8-gas/body-sheet-metal-except-doors--fenders,https://r.jina.ai/http://www.moparamerica.com/v-2017-chrysler-300--c--5-7l-v8-gas/body-sheet-metal-except-doors--fenders,1,NOT_STARTED,,,,,,,0,,0,0,,"{""ordinal"": 49}"
leaf-11dc76c69b8c721b21bb3319,chrysler300-c-57-gas,cat-0477265cb939be8ce7d50165,sub-621c39ca08b212a256af2208,,CATEGORY_INDEX,,,https://www.moparamerica.com/v-2017-chrysler-300--c--5-7l-v8-gas/body-sheet-metal-except-doors--floor-pans,https://r.jina.ai/http://www.moparamerica.com/v-2017-chrysler-300--c--5-7l-v8-gas/body-sheet-metal-except-doors--floor-pans,1,NOT_STARTED,,,,,,,0,,0,0,,"{""ordinal"": 50}"
leaf-3fee5fd63b261c4cd7abccb9,chrysler300-c-57-gas,cat-0477265cb939be8ce7d50165,sub-bdfce1b23871857f0baefc33,,CATEGORY_INDEX,,,https://www.moparamerica.com/v-2017-chrysler-300--c--5-7l-v8-gas/body-sheet-metal-except-doors--hood-and-hood-release,https://r.jina.ai/http://www.moparamerica.com/v-2017-chrysler-300--c--5-7l-v8-gas/body-sheet-metal-except-doors--hood-and-hood-release,1,NOT_STARTED,,,,,,,0,,0,0,,"{""ordinal"": 51}"
leaf-1836edcf64c4939bbb4e1167,chrysler300-c-57-gas,cat-0477265cb939be8ce7d50165,sub-d57b6db25b1836797ded60a9,,CATEGORY_INDEX,,,https://www.moparamerica.com/v-2017-chrysler-300--c--5-7l-v8-gas/body-sheet-metal-except-doors--pick-up-box-and-fuel-filler-door,https://r.jina.ai/http://www.moparamerica.com/v-2017-chrysler-300--c--5-7l-v8-gas/body-sheet-metal-except-doors--pick-up-box-and-fuel-filler-door,1,NOT_STARTED,,,,,,,0,,0,0,,"{""ordinal"": 52}"
leaf-870cc15a57bf2f4ebf71a86d,chrysler300-c-57-gas,cat-0477265cb939be8ce7d50165,sub-c033a1ae9b9629521866bdeb,,CATEGORY_INDEX,,,https://www.moparamerica.com/v-2017-chrysler-300--c--5-7l-v8-gas/body-sheet-metal-except-doors--plugs,https://r.jina.ai/http://www.moparamerica.com/v-2017-chrysler-300--c--5-7l-v8-gas/body-sheet-metal-except-doors--plugs,1,NOT_STARTED,,,,,,,0,,0,0,,"{""ordinal"": 53}"
leaf-c9dafa58209c03e4d6644728,chrysler300-c-57-gas,cat-0477265cb939be8ce7d50165,sub-3efbeaef51e2d9288dfa3334,,CATEGORY_INDEX,,,https://www.moparamerica.com/v-2017-chrysler-300--c--5-7l-v8-gas/body-sheet-metal-except-doors--roof,https://r.jina.ai/http://www.moparamerica.com/v-2017-chrysler-300--c--5-7l-v8-gas/body-sheet-metal-except-doors--roof,1,NOT_STARTED,,,,,,,0,,0,0,,"{""ordinal"": 54}"
leaf-adbe1cc9e3beda3ce51aa936,chrysler300-c-57-gas,cat-0477265cb939be8ce7d50165,sub-c6cc6a8e0d48bb827ee66078,,CATEGORY_INDEX,,,https://www.moparamerica.com/v-2017-chrysler-300--c--5-7l-v8-gas/body-sheet-metal-except-doors--shelf-panel,https://r.jina.ai/http://www.moparamerica.com/v-2017-chrysler-300--c--5-7l-v8-gas/body-sheet-metal-except-doors--shelf-panel,1,NOT_STARTED,,,,,,,0,,0,0,,"{""ordinal"": 55}"
leaf-9729a3d80feee36dccdb7889,chrysler300-c-57-gas,cat-0477265cb939be8ce7d50165,sub-6780eb4758fa58bad8f982d3,,CATEGORY_INDEX,,,https://www.moparamerica.com/v-2017-chrysler-300--c--5-7l-v8-gas/body-sheet-metal-except-doors--sunroof,https://r.jina.ai/http://www.moparamerica.com/v-2017-chrysler-300--c--5-7l-v8-gas/body-sheet-metal-except-doors--sunroof,1,NOT_STARTED,,,,,,,0,,0,0,,"{""ordinal"": 56}"
leaf-03fa85e30a8c04d7ebcc6225,chrysler300-c-57-gas,cat-19ec3f2e92d0b5eaa1804ce9,sub-2f7171a00932f51b4c3c5f89,,CATEGORY_INDEX,,,https://www.moparamerica.com/v-2017-chrysler-300--c--5-7l-v8-gas/brakes--brake-master-cylinder,https://r.jina.ai/http://www.moparamerica.com/v-2017-chrysler-300--c--5-7l-v8-gas/brakes--brake-master-cylinder,1,NOT_STARTED,,,,,,,0,,0,0,,"{""ordinal"": 57}"
leaf-c527c1debb23f477ff7c64d8,chrysler300-c-57-gas,cat-19ec3f2e92d0b5eaa1804ce9,sub-4916030db090dd8899afe352,,CATEGORY_INDEX,,,https://www.moparamerica.com/v-2017-chrysler-300--c--5-7l-v8-gas/brakes--brake-pedals,https://r.jina.ai/http://www.moparamerica.com/v-2017-chrysler-300--c--5-7l-v8-gas/brakes--brake-pedals,1,NOT_STARTED,,,,,,,0,,0,0,,"{""ordinal"": 58}"
leaf-092087385598382f39548bf8,chrysler300-c-57-gas,cat-19ec3f2e92d0b5eaa1804ce9,sub-b9eec2bc4b9daa17ce8841b9,,CATEGORY_INDEX,,,https://www.moparamerica.com/v-2017-chrysler-300--c--5-7l-v8-gas/brakes--front-brakes,https://r.jina.ai/http://www.moparamerica.com/v-2017-chrysler-300--c--5-7l-v8-gas/brakes--front-brakes,1,NOT_STARTED,,,,,,,0,,0,0,,"{""ordinal"": 59}"
leaf-f727a4ca95856374a67b3565,chrysler300-c-57-gas,cat-19ec3f2e92d0b5eaa1804ce9,sub-31d5ea18f8ac4690639a9866,,CATEGORY_INDEX,,,https://www.moparamerica.com/v-2017-chrysler-300--c--5-7l-v8-gas/brakes--hydraulic-control-unit-brake-tubes-and-hoses,https://r.jina.ai/http://www.moparamerica.com/v-2017-chrysler-300--c--5-7l-v8-gas/brakes--hydraulic-control-unit-brake-tubes-and-hoses,1,NOT_STARTED,,,,,,,0,,0,0,,"{""ordinal"": 60}"
leaf-c6ba715e8867a24574f203f4,chrysler300-c-57-gas,cat-19ec3f2e92d0b5eaa1804ce9,sub-7d91a99d76bf9a227abe68a6,,CATEGORY_INDEX,,,https://www.moparamerica.com/v-2017-chrysler-300--c--5-7l-v8-gas/brakes--parking-brake-lever-cables-and-rear-disc-park-brake-assembly,https://r.jina.ai/http://www.moparamerica.com/v-2017-chrysler-300--c--5-7l-v8-gas/brakes--parking-brake-lever-cables-and-rear-disc-park-brake-assembly,1,NOT_STARTED,,,,,,,0,,0,0,,"{""ordinal"": 61}"
leaf-1e6c861afc4131a29189cc5b,chrysler300-c-57-gas,cat-19ec3f2e92d0b5eaa1804ce9,sub-940b62d06f9b77c50dc66085,,CATEGORY_INDEX,,,https://www.moparamerica.com/v-2017-chrysler-300--c--5-7l-v8-gas/brakes--power-brake-booster,https://r.jina.ai/http://www.moparamerica.com/v-2017-chrysler-300--c--5-7l-v8-gas/brakes--power-brake-booster,1,NOT_STARTED,,,,,,,0,,0,0,,"{""ordinal"": 62}"
leaf-572e804b9429eed1ed68b633,chrysler300-c-57-gas,cat-19ec3f2e92d0b5eaa1804ce9,sub-a0a1694d70cad801dff86171,,CATEGORY_INDEX,,,https://www.moparamerica.com/v-2017-chrysler-300--c--5-7l-v8-gas/brakes--rear-brakes,https://r.jina.ai/http://www.moparamerica.com/v-2017-chrysler-300--c--5-7l-v8-gas/brakes--rear-brakes,1,NOT_STARTED,,,,,,,0,,0,0,,"{""ordinal"": 63}"
leaf-1d04c51b1f79a37a1f4a9da8,chrysler300-c-57-gas,cat-0e07e04e6e639da3c39b8a34,sub-879a3ca69b0c5e8b8d1c3f92,,CATEGORY_INDEX,,,https://www.moparamerica.com/v-2017-chrysler-300--c--5-7l-v8-gas/cooling--drive-belts,https://r.jina.ai/http://www.moparamerica.com/v-2017-chrysler-300--c--5-7l-v8-gas/cooling--drive-belts,1,NOT_STARTED,,,,,,,0,,0,0,,"{""ordinal"": 64}"
leaf-3a7c99af219a4acc85071c4d,chrysler300-c-57-gas,cat-0e07e04e6e639da3c39b8a34,sub-57e5d87419557fed5de1fb84,,CATEGORY_INDEX,,,https://www.moparamerica.com/v-2017-chrysler-300--c--5-7l-v8-gas/cooling--engine-coolant-reservoir-bottle,https://r.jina.ai/http://www.moparamerica.com/v-2017-chrysler-300--c--5-7l-v8-gas/cooling--engine-coolant-reservoir-bottle,1,NOT_STARTED,,,,,,,0,,0,0,,"{""ordinal"": 65}"
leaf-cbc434fd7a151a266912b746,chrysler300-c-57-gas,cat-0e07e04e6e639da3c39b8a34,sub-54a84e6451b83bc1fb7d61a2,,CATEGORY_INDEX,,,https://www.moparamerica.com/v-2017-chrysler-300--c--5-7l-v8-gas/cooling--pulleys-and-related-parts,https://r.jina.ai/http://www.moparamerica.com/v-2017-chrysler-300--c--5-7l-v8-gas/cooling--pulleys-and-related-parts,1,NOT_STARTED,,,,,,,0,,0,0,,"{""ordinal"": 66}"
leaf-759e6841fde10070b8f1b99e,chrysler300-c-57-gas,cat-0e07e04e6e639da3c39b8a34,sub-cc546dff8b65ecf5c93242e9,,CATEGORY_INDEX,,,https://www.moparamerica.com/v-2017-chrysler-300--c--5-7l-v8-gas/cooling--radiator-and-related-parts-charge-air-cooler,https://r.jina.ai/http://www.moparamerica.com/v-2017-chrysler-300--c--5-7l-v8-gas/cooling--radiator-and-related-parts-charge-air-cooler,1,NOT_STARTED,,,,,,,0,,0,0,,"{""ordinal"": 67}"
leaf-56b5351b053bd72b6385053e,chrysler300-c-57-gas,cat-0e07e04e6e639da3c39b8a34,sub-369ff9218061dce23ccd2ef5,,CATEGORY_INDEX,,,https://www.moparamerica.com/v-2017-chrysler-300--c--5-7l-v8-gas/cooling--transmission-oil-cooler-and-lines,https://r.jina.ai/http://www.moparamerica.com/v-2017-chrysler-300--c--5-7l-v8-gas/cooling--transmission-oil-cooler-and-lines,1,NOT_STARTED,,,,,,,0,,0,0,,"{""ordinal"": 68}"
leaf-29fff6e0718a5b5934fb4e1e,chrysler300-c-57-gas,cat-0e07e04e6e639da3c39b8a34,sub-048032d1a8ca3cb3ff4d9541,,CATEGORY_INDEX,,,https://www.moparamerica.com/v-2017-chrysler-300--c--5-7l-v8-gas/cooling--water-pump-and-related-parts,https://r.jina.ai/http://www.moparamerica.com/v-2017-chrysler-300--c--5-7l-v8-gas/cooling--water-pump-and-related-parts,1,NOT_STARTED,,,,,,,0,,0,0,,"{""ordinal"": 69}"
leaf-36bb8d58d50a9c97ae4cc872,chrysler300-c-57-gas,cat-6e6e1f9648096f5664a50984,sub-117785912ed23c731085caa8,,CATEGORY_INDEX,,,https://www.moparamerica.com/v-2017-chrysler-300--c--5-7l-v8-gas/doors-door-mirrors-and-related-parts--exterior-mirror,https://r.jina.ai/http://www.moparamerica.com/v-2017-chrysler-300--c--5-7l-v8-gas/doors-door-mirrors-and-related-parts--exterior-mirror,1,NOT_STARTED,,,,,,,0,,0,0,,"{""ordinal"": 70}"
leaf-0a4810d0842ff710d63098cc,chrysler300-c-57-gas,cat-6e6e1f9648096f5664a50984,sub-3e51590cb96fae2a6c9d1855,,CATEGORY_INDEX,,,https://www.moparamerica.com/v-2017-chrysler-300--c--5-7l-v8-gas/doors-door-mirrors-and-related-parts--front-door,https://r.jina.ai/http://www.moparamerica.com/v-2017-chrysler-300--c--5-7l-v8-gas/doors-door-mirrors-and-related-parts--front-door,1,NOT_STARTED,,,,,,,0,,0,0,,"{""ordinal"": 71}"
leaf-18ce23e09f67550bf333afca,chrysler300-c-57-gas,cat-6e6e1f9648096f5664a50984,sub-1ac644a228b43e89b649d394,,CATEGORY_INDEX,,,https://www.moparamerica.com/v-2017-chrysler-300--c--5-7l-v8-gas/doors-door-mirrors-and-related-parts--rear-door,https://r.jina.ai/http://www.moparamerica.com/v-2017-chrysler-300--c--5-7l-v8-gas/doors-door-mirrors-and-related-parts--rear-door,1,NOT_STARTED,,,,,,,0,,0,0,,"{""ordinal"": 72}"
leaf-574f84d177d771ac98b3a3fa,chrysler300-c-57-gas,cat-6e6e1f9648096f5664a50984,sub-5484a2d2063ea9d39d9e5b4c,,CATEGORY_INDEX,,,https://www.moparamerica.com/v-2017-chrysler-300--c--5-7l-v8-gas/doors-door-mirrors-and-related-parts--weatherstrips-and-seals,https://r.jina.ai/http://www.moparamerica.com/v-2017-chrysler-300--c--5-7l-v8-gas/doors-door-mirrors-and-related-parts--weatherstrips-and-seals,1,NOT_STARTED,,,,,,,0,,0,0,,"{""ordinal"": 73}"
leaf-a229f1ee3c5222d186539a0d,chrysler300-c-57-gas,cat-505f6d3d321ce23c45263ba3,sub-3b0f091f5c409aee58937446,,CATEGORY_INDEX,,,https://www.moparamerica.com/v-2017-chrysler-300--c--5-7l-v8-gas/electrical--battery-battery-tray-and-cables,https://r.jina.ai/http://www.moparamerica.com/v-2017-chrysler-300--c--5-7l-v8-gas/electrical--battery-battery-tray-and-cables,1,NOT_STARTED,,,,,,,0,,0,0,,"{""ordinal"": 74}"
leaf-2a976ecece4089918a99c103,chrysler300-c-57-gas,cat-505f6d3d321ce23c45263ba3,sub-fe9994be06001a839926f32c,,CATEGORY_INDEX,,,https://www.moparamerica.com/v-2017-chrysler-300--c--5-7l-v8-gas/electrical--generators-alternators,https://r.jina.ai/http://www.moparamerica.com/v-2017-chrysler-300--c--5-7l-v8-gas/electrical--generators-alternators,1,NOT_STARTED,,,,,,,0,,0,0,,"{""ordinal"": 75}"
leaf-5b3326a8fc1555e69043863d,chrysler300-c-57-gas,cat-505f6d3d321ce23c45263ba3,sub-a55c6ec2e559f13a273e28cf,,CATEGORY_INDEX,,,https://www.moparamerica.com/v-2017-chrysler-300--c--5-7l-v8-gas/electrical--horns,https://r.jina.ai/http://www.moparamerica.com/v-2017-chrysler-300--c--5-7l-v8-gas/electrical--horns,1,NOT_STARTED,,,,,,,0,,0,0,,"{""ordinal"": 76}"
leaf-d74ae280e4b96a8efa0ead17,chrysler300-c-57-gas,cat-505f6d3d321ce23c45263ba3,sub-d40f242384ceb8f4443a5671,,CATEGORY_INDEX,,,https://www.moparamerica.com/v-2017-chrysler-300--c--5-7l-v8-gas/electrical--ignition-spark-plugs-cables-coils-and-glow-plugs,https://r.jina.ai/http://www.moparamerica.com/v-2017-chrysler-300--c--5-7l-v8-gas/electrical--ignition-spark-plugs-cables-coils-and-glow-plugs,1,NOT_STARTED,,,,,,,0,,0,0,,"{""ordinal"": 77}"
leaf-207b3ec47301f2891f10665f,chrysler300-c-57-gas,cat-505f6d3d321ce23c45263ba3,sub-3bc2b35d3bb1b87bd5086046,,CATEGORY_INDEX,,,https://www.moparamerica.com/v-2017-chrysler-300--c--5-7l-v8-gas/electrical--instrument-panel-cluster,https://r.jina.ai/http://www.moparamerica.com/v-2017-chrysler-300--c--5-7l-v8-gas/electrical--instrument-panel-cluster,1,NOT_STARTED,,,,,,,0,,0,0,,"{""ordinal"": 78}"
leaf-53e8dfae36fb587324f918f4,chrysler300-c-57-gas,cat-505f6d3d321ce23c45263ba3,sub-8ea01e71f4f8df7891a2d795,,CATEGORY_INDEX,,,https://www.moparamerica.com/v-2017-chrysler-300--c--5-7l-v8-gas/electrical--keys-modules-and-engine-controllers,https://r.jina.ai/http://www.moparamerica.com/v-2017-chrysler-300--c--5-7l-v8-gas/electrical--keys-modules-and-engine-controllers,1,NOT_STARTED,,,,,,,0,,0,0,,"{""ordinal"": 79}"
leaf-79ef6b612d8524390979a77f,chrysler300-c-57-gas,cat-505f6d3d321ce23c45263ba3,sub-195177194c98aeba53b771c0,,CATEGORY_INDEX,,,https://www.moparamerica.com/v-2017-chrysler-300--c--5-7l-v8-gas/electrical--lamps-interior-and-exterior,https://r.jina.ai/http://www.moparamerica.com/v-2017-chrysler-300--c--5-7l-v8-gas/electrical--lamps-interior-and-exterior,1,NOT_STARTED,,,,,,,0,,0,0,,"{""ordinal"": 80}"
leaf-bf1b983581c12197902beda8,chrysler300-c-57-gas,cat-505f6d3d321ce23c45263ba3,sub-f96c8ced59ed9b417e93bbbe,,CATEGORY_INDEX,,,https://www.moparamerica.com/v-2017-chrysler-300--c--5-7l-v8-gas/electrical--park-assist,https://r.jina.ai/http://www.moparamerica.com/v-2017-chrysler-300--c--5-7l-v8-gas/electrical--park-assist,1,NOT_STARTED,,,,,,,0,,0,0,,"{""ordinal"": 81}"
leaf-3997f817c393e28d083c5c0d,chrysler300-c-57-gas,cat-505f6d3d321ce23c45263ba3,sub-36a2305f7e04c026dbc3a8a9,,CATEGORY_INDEX,,,https://www.moparamerica.com/v-2017-chrysler-300--c--5-7l-v8-gas/electrical--power-distribution-center-fuse-block-junction-block-relays-and-fuses,https://r.jina.ai/http://www.moparamerica.com/v-2017-chrysler-300--c--5-7l-v8-gas/electrical--power-distribution-center-fuse-block-junction-block-relays-and-fuses,1,NOT_STARTED,,,,,,,0,,0,0,,"{""ordinal"": 82}"
leaf-3cbd646911dab733d32f9fd1,chrysler300-c-57-gas,cat-505f6d3d321ce23c45263ba3,sub-d2a9254d6da1dfde2a674d4e,,CATEGORY_INDEX,,,https://www.moparamerica.com/v-2017-chrysler-300--c--5-7l-v8-gas/electrical--radio-antenna-speakers-dvd-and-video-systems,https://r.jina.ai/http://www.moparamerica.com/v-2017-chrysler-300--c--5-7l-v8-gas/electrical--radio-antenna-speakers-dvd-and-video-systems,1,NOT_STARTED,,,,,,,0,,0,0,,"{""ordinal"": 83}"
leaf-bbc55d5af6cb7fbb9c234622,chrysler300-c-57-gas,cat-505f6d3d321ce23c45263ba3,sub-15ec961de4c393c0b23cc7aa,,CATEGORY_INDEX,,,https://www.moparamerica.com/v-2017-chrysler-300--c--5-7l-v8-gas/electrical--sensors,https://r.jina.ai/http://www.moparamerica.com/v-2017-chrysler-300--c--5-7l-v8-gas/electrical--sensors,1,NOT_STARTED,,,,,,,0,,0,0,,"{""ordinal"": 84}"
leaf-dd3a78ee07ca6a3fc33e17c5,chrysler300-c-57-gas,cat-505f6d3d321ce23c45263ba3,sub-10a97e78b4337e79d07b0ed3,,CATEGORY_INDEX,,,https://www.moparamerica.com/v-2017-chrysler-300--c--5-7l-v8-gas/electrical--speed-control,https://r.jina.ai/http://www.moparamerica.com/v-2017-chrysler-300--c--5-7l-v8-gas/electrical--speed-control,1,NOT_STARTED,,,,,,,0,,0,0,,"{""ordinal"": 85}"
leaf-817b945186a3fc4f9f438ea4,chrysler300-c-57-gas,cat-505f6d3d321ce23c45263ba3,sub-ea0790ccb7847cd3fae69bdc,,CATEGORY_INDEX,,,https://www.moparamerica.com/v-2017-chrysler-300--c--5-7l-v8-gas/electrical--starters,https://r.jina.ai/http://www.moparamerica.com/v-2017-chrysler-300--c--5-7l-v8-gas/electrical--starters,1,NOT_STARTED,,,,,,,0,,0,0,,"{""ordinal"": 86}"
leaf-1c3709659db6cffa068c593a,chrysler300-c-57-gas,cat-505f6d3d321ce23c45263ba3,sub-b8b7a8de71856b270a7a6eb1,,CATEGORY_INDEX,,,https://www.moparamerica.com/v-2017-chrysler-300--c--5-7l-v8-gas/electrical--switches,https://r.jina.ai/http://www.moparamerica.com/v-2017-chrysler-300--c--5-7l-v8-gas/electrical--switches,1,NOT_STARTED,,,,,,,0,,0,0,,"{""ordinal"": 87}"
leaf-bd371dd0fc032ce152b7d3a6,chrysler300-c-57-gas,cat-505f6d3d321ce23c45263ba3,sub-ea3c265c033c5be22dab4c79,,CATEGORY_INDEX,,,https://www.moparamerica.com/v-2017-chrysler-300--c--5-7l-v8-gas/electrical--wiper-and-washer-system,https://r.jina.ai/http://www.moparamerica.com/v-2017-chrysler-300--c--5-7l-v8-gas/electrical--wiper-and-washer-system,1,NOT_STARTED,,,,,,,0,,0,0,,"{""ordinal"": 88}"
leaf-e8470fb6ec98f67a19db87c2,chrysler300-c-57-gas,cat-505f6d3d321ce23c45263ba3,sub-f1e96bcba44795a645ea5736,,CATEGORY_INDEX,,,https://www.moparamerica.com/v-2017-chrysler-300--c--5-7l-v8-gas/electrical--wiring-body-and-accessories,https://r.jina.ai/http://www.moparamerica.com/v-2017-chrysler-300--c--5-7l-v8-gas/electrical--wiring-body-and-accessories,1,NOT_STARTED,,,,,,,0,,0,0,,"{""ordinal"": 89}"
leaf-92523b615b14d59d974c4ae0,chrysler300-c-57-gas,cat-505f6d3d321ce23c45263ba3,sub-a4af7421035d202d5c621cb6,,CATEGORY_INDEX,,,https://www.moparamerica.com/v-2017-chrysler-300--c--5-7l-v8-gas/electrical--wiring-headlamp-to-dash,https://r.jina.ai/http://www.moparamerica.com/v-2017-chrysler-300--c--5-7l-v8-gas/electrical--wiring-headlamp-to-dash,1,NOT_STARTED,,,,,,,0,,0,0,,"{""ordinal"": 90}"
leaf-58018e7a1de75ca3818ef0d7,chrysler300-c-57-gas,cat-505f6d3d321ce23c45263ba3,sub-38aaad243ebd8646b997e276,,CATEGORY_INDEX,,,https://www.moparamerica.com/v-2017-chrysler-300--c--5-7l-v8-gas/electrical--wiring-instrument-panel,https://r.jina.ai/http://www.moparamerica.com/v-2017-chrysler-300--c--5-7l-v8-gas/electrical--wiring-instrument-panel,1,NOT_STARTED,,,,,,,0,,0,0,,"{""ordinal"": 91}"
leaf-ea0d45976430d30289c6350d,chrysler300-c-57-gas,cat-505f6d3d321ce23c45263ba3,sub-5ad19c91f75a93a96ab478ec,,CATEGORY_INDEX,,,https://www.moparamerica.com/v-2017-chrysler-300--c--5-7l-v8-gas/electrical--wiring-powertrain,https://r.jina.ai/http://www.moparamerica.com/v-2017-chrysler-300--c--5-7l-v8-gas/electrical--wiring-powertrain,1,NOT_STARTED,,,,,,,0,,0,0,,"{""ordinal"": 92}"
leaf-02d3c9b84c1be3c29b7941a3,chrysler300-c-57-gas,cat-543fdf4e8428dfe9344f488f,sub-72a3f1aa611acecbdc57bcdc,,CATEGORY_INDEX,,,https://www.moparamerica.com/v-2017-chrysler-300--c--5-7l-v8-gas/emission-controls--emission-harness,https://r.jina.ai/http://www.moparamerica.com/v-2017-chrysler-300--c--5-7l-v8-gas/emission-controls--emission-harness,1,NOT_STARTED,,,,,,,0,,0,0,,"{""ordinal"": 93}"
leaf-e90023ed844fd84966db7829,chrysler300-c-57-gas,cat-543fdf4e8428dfe9344f488f,sub-2d839e9b499373e163d45b5c,,CATEGORY_INDEX,,,https://www.moparamerica.com/v-2017-chrysler-300--c--5-7l-v8-gas/emission-controls--vacuum-canister-leak-detection-pump,https://r.jina.ai/http://www.moparamerica.com/v-2017-chrysler-300--c--5-7l-v8-gas/emission-controls--vacuum-canister-leak-detection-pump,1,NOT_STARTED,,,,,,,0,,0,0,,"{""ordinal"": 94}"
leaf-2dc995446bdbdebb1c3a3716,chrysler300-c-57-gas,cat-18d44be6fef8a5c49f867ea9,sub-b42d1c759e0b2b4826fb013f,,CATEGORY_INDEX,,,https://www.moparamerica.com/v-2017-chrysler-300--c--5-7l-v8-gas/exhaust--exhaust-system,https://r.jina.ai/http://www.moparamerica.com/v-2017-chrysler-300--c--5-7l-v8-gas/exhaust--exhaust-system,1,NOT_STARTED,,,,,,,0,,0,0,,"{""ordinal"": 95}"
leaf-328c1b4f2cf1fc0dd73b01ce,chrysler300-c-57-gas,cat-52801c0e2aa358018f4ccd86,sub-7f7a48c56437aec63dded0dd,,CATEGORY_INDEX,,,https://www.moparamerica.com/v-2017-chrysler-300--c--5-7l-v8-gas/exterior-ornamentation--grilles,https://r.jina.ai/http://www.moparamerica.com/v-2017-chrysler-300--c--5-7l-v8-gas/exterior-ornamentation--grilles,1,NOT_STARTED,,,,,,,0,,0,0,,"{""ordinal"": 103}"
leaf-93c2eb50ebf90efe7d0bc25d,chrysler300-c-57-gas,cat-52801c0e2aa358018f4ccd86,sub-9d8f2d3971fb4fc940a6b2a8,,CATEGORY_INDEX,,,https://www.moparamerica.com/v-2017-chrysler-300--c--5-7l-v8-gas/exterior-ornamentation--moldings-and-ornamentation,https://r.jina.ai/http://www.moparamerica.com/v-2017-chrysler-300--c--5-7l-v8-gas/exterior-ornamentation--moldings-and-ornamentation,1,NOT_STARTED,,,,,,,0,,0,0,,"{""ordinal"": 104}"
leaf-3683c66d401f3bfdea280f9f,chrysler300-c-57-gas,cat-52801c0e2aa358018f4ccd86,sub-9e205d17efac5036f1d73fa1,,CATEGORY_INDEX,,,https://www.moparamerica.com/v-2017-chrysler-300--c--5-7l-v8-gas/exterior-ornamentation--nameplates,https://r.jina.ai/http://www.moparamerica.com/v-2017-chrysler-300--c--5-7l-v8-gas/exterior-ornamentation--nameplates,1,NOT_STARTED,,,,,,,0,,0,0,,"{""ordinal"": 105}"
leaf-adf1eb26561891b071a865fc,chrysler300-c-57-gas,cat-19e8e5a9d176a41ab1a14476,sub-b1be3a32a5be0523afac0d28,,CATEGORY_INDEX,,,https://www.moparamerica.com/v-2017-chrysler-300--c--5-7l-v8-gas/frame-bumper-and-fascia--frames,https://r.jina.ai/http://www.moparamerica.com/v-2017-chrysler-300--c--5-7l-v8-gas/frame-bumper-and-fascia--frames,1,NOT_STARTED,,,,,,,0,,0,0,,"{""ordinal"": 106}"
leaf-24584187856a55e500606f92,chrysler300-c-57-gas,cat-19e8e5a9d176a41ab1a14476,sub-59da518b63b5b40ad57db4e4,,CATEGORY_INDEX,,,https://www.moparamerica.com/v-2017-chrysler-300--c--5-7l-v8-gas/frame-bumper-and-fascia--front-bumper-and-fascia,https://r.jina.ai/http://www.moparamerica.com/v-2017-chrysler-300--c--5-7l-v8-gas/frame-bumper-and-fascia--front-bumper-and-fascia,1,NOT_STARTED,,,,,,,0,,0,0,,"{""ordinal"": 107}"
leaf-d557a4b8fb0419994733ce4a,chrysler300-c-57-gas,cat-19e8e5a9d176a41ab1a14476,sub-deee3c213b099ea1d23b1716,,CATEGORY_INDEX,,,https://www.moparamerica.com/v-2017-chrysler-300--c--5-7l-v8-gas/frame-bumper-and-fascia--rear-bumper-and-fascia,https://r.jina.ai/http://www.moparamerica.com/v-2017-chrysler-300--c--5-7l-v8-gas/frame-bumper-and-fascia--rear-bumper-and-fascia,1,NOT_STARTED,,,,,,,0,,0,0,,"{""ordinal"": 108}"
leaf-02f9d226fe3730ddc6488f9d,chrysler300-c-57-gas,cat-090b670e7b3a8359534af6a6,sub-71f008a2008d02cbe18f942a,,CATEGORY_INDEX,,,https://www.moparamerica.com/v-2017-chrysler-300--c--5-7l-v8-gas/front-suspension--front-stabilizer-bar,https://r.jina.ai/http://www.moparamerica.com/v-2017-chrysler-300--c--5-7l-v8-gas/front-suspension--front-stabilizer-bar,1,NOT_STARTED,,,,,,,0,,0,0,,"{""ordinal"": 109}"
leaf-3d7145240aacdb793d195670,chrysler300-c-57-gas,cat-090b670e7b3a8359534af6a6,sub-b012fdcaa97a99b0ba6021fd,,CATEGORY_INDEX,,,https://www.moparamerica.com/v-2017-chrysler-300--c--5-7l-v8-gas/front-suspension--front-suspension-strut-and-cradle,https://r.jina.ai/http://www.moparamerica.com/v-2017-chrysler-300--c--5-7l-v8-gas/front-suspension--front-suspension-strut-and-cradle,1,NOT_STARTED,,,,,,,0,,0,0,,"{""ordinal"": 110}"
leaf-494f07c6db0e75807c443d7e,chrysler300-c-57-gas,cat-d06b51b8e08a4b0d3cce5ec8,sub-d9a43e91bd3b4c28fdc97c3e,,CATEGORY_INDEX,,,https://www.moparamerica.com/v-2017-chrysler-300--c--5-7l-v8-gas/fuel--accelerator-pedal,https://r.jina.ai/http://www.moparamerica.com/v-2017-chrysler-300--c--5-7l-v8-gas/fuel--accelerator-pedal,1,NOT_STARTED,,,,,,,0,,0,0,,"{""ordinal"": 111}"
leaf-dceb84bf282672c6c2699751,chrysler300-c-57-gas,cat-d06b51b8e08a4b0d3cce5ec8,sub-3e514a3490831f66b3cf9872,,CATEGORY_INDEX,,,https://www.moparamerica.com/v-2017-chrysler-300--c--5-7l-v8-gas/fuel--air-cleaner,https://r.jina.ai/http://www.moparamerica.com/v-2017-chrysler-300--c--5-7l-v8-gas/fuel--air-cleaner,1,NOT_STARTED,,,,,,,0,,0,0,,"{""ordinal"": 112}"
leaf-4aae5eb771ab198739454319,chrysler300-c-57-gas,cat-d06b51b8e08a4b0d3cce5ec8,sub-c6211ab55b319e24d96aa023,,CATEGORY_INDEX,,,https://www.moparamerica.com/v-2017-chrysler-300--c--5-7l-v8-gas/fuel--fuel-lines,https://r.jina.ai/http://www.moparamerica.com/v-2017-chrysler-300--c--5-7l-v8-gas/fuel--fuel-lines,1,NOT_STARTED,,,,,,,0,,0,0,,"{""ordinal"": 113}"
leaf-13bcc538d0bdb06f4e50fe93,chrysler300-c-57-gas,cat-d06b51b8e08a4b0d3cce5ec8,sub-fc5444fa4b360e3b916aa04e,,CATEGORY_INDEX,,,https://www.moparamerica.com/v-2017-chrysler-300--c--5-7l-v8-gas/fuel--fuel-pump-and-sending-unit,https://r.jina.ai/http://www.moparamerica.com/v-2017-chrysler-300--c--5-7l-v8-gas/fuel--fuel-pump-and-sending-unit,1,NOT_STARTED,,,,,,,0,,0,0,,"{""ordinal"": 114}"
leaf-a05490e1842d72e197d4263d,chrysler300-c-57-gas,cat-d06b51b8e08a4b0d3cce5ec8,sub-c6ccc86ffa9dfcacb666e92d,,CATEGORY_INDEX,,,https://www.moparamerica.com/v-2017-chrysler-300--c--5-7l-v8-gas/fuel--fuel-rail-and-injectors,https://r.jina.ai/http://www.moparamerica.com/v-2017-chrysler-300--c--5-7l-v8-gas/fuel--fuel-rail-and-injectors,1,NOT_STARTED,,,,,,,0,,0,0,,"{""ordinal"": 115}"
leaf-fce3cd0c17275d1e07f690e7,chrysler300-c-57-gas,cat-d06b51b8e08a4b0d3cce5ec8,sub-7be7bdf59ea4b234d94ac2f4,,CATEGORY_INDEX,,,https://www.moparamerica.com/v-2017-chrysler-300--c--5-7l-v8-gas/fuel--fuel-tank,https://r.jina.ai/http://www.moparamerica.com/v-2017-chrysler-300--c--5-7l-v8-gas/fuel--fuel-tank,1,NOT_STARTED,,,,,,,0,,0,0,,"{""ordinal"": 116}"
leaf-6af9dcacc8645a9a39bec260,chrysler300-c-57-gas,cat-d06b51b8e08a4b0d3cce5ec8,sub-90fc639d0187ff38c8b6ea7f,,CATEGORY_INDEX,,,https://www.moparamerica.com/v-2017-chrysler-300--c--5-7l-v8-gas/fuel--fuel-tank-filler-tube,https://r.jina.ai/http://www.moparamerica.com/v-2017-chrysler-300--c--5-7l-v8-gas/fuel--fuel-tank-filler-tube,1,NOT_STARTED,,,,,,,0,,0,0,,"{""ordinal"": 117}"
leaf-19b76fa67053e836733748a5,chrysler300-c-57-gas,cat-d06b51b8e08a4b0d3cce5ec8,sub-c9563da85f0da779122830b2,,CATEGORY_INDEX,,,https://www.moparamerica.com/v-2017-chrysler-300--c--5-7l-v8-gas/fuel--throttle-body,https://r.jina.ai/http://www.moparamerica.com/v-2017-chrysler-300--c--5-7l-v8-gas/fuel--throttle-body,1,NOT_STARTED,,,,,,,0,,0,0,,"{""ordinal"": 118}"
leaf-4b0e436956837659a9c5c782,chrysler300-c-57-gas,cat-a3e5e3b317b9c74271596a34,sub-fabe565800600740a7bdd104,,CATEGORY_INDEX,,,https://www.moparamerica.com/v-2017-chrysler-300--c--5-7l-v8-gas/glass--glass-and-interior-rear-view-mirror,https://r.jina.ai/http://www.moparamerica.com/v-2017-chrysler-300--c--5-7l-v8-gas/glass--glass-and-interior-rear-view-mirror,1,NOT_STARTED,,,,,,,0,,0,0,,"{""ordinal"": 119}"
leaf-c33667d00757fd86636cc206,chrysler300-c-57-gas,cat-9392a16ed36d188143483951,sub-d0326595b39916bd3a3b5b95,,CATEGORY_INDEX,,,https://www.moparamerica.com/v-2017-chrysler-300--c--5-7l-v8-gas/interior-trim--carpets-floor-mats-load-floor-and-silencers,https://r.jina.ai/http://www.moparamerica.com/v-2017-chrysler-300--c--5-7l-v8-gas/interior-trim--carpets-floor-mats-load-floor-and-silencers,1,NOT_STARTED,,,,,,,0,,0,0,,"{""ordinal"": 124}"
leaf-f02f209fed4786032b7e55b6,chrysler300-c-57-gas,cat-9392a16ed36d188143483951,sub-2257ca091fada50cfce53d33,,CATEGORY_INDEX,,,https://www.moparamerica.com/v-2017-chrysler-300--c--5-7l-v8-gas/interior-trim--consoles,https://r.jina.ai/http://www.moparamerica.com/v-2017-chrysler-300--c--5-7l-v8-gas/interior-trim--consoles,1,NOT_STARTED,,,,,,,0,,0,0,,"{""ordinal"": 125}"
leaf-e779e34427e2b8cf18546575,chrysler300-c-57-gas,cat-9392a16ed36d188143483951,sub-f5c7288cf107396396a97afa,,CATEGORY_INDEX,,,https://www.moparamerica.com/v-2017-chrysler-300--c--5-7l-v8-gas/interior-trim--door-trim-panels-front-and-rear,https://r.jina.ai/http://www.moparamerica.com/v-2017-chrysler-300--c--5-7l-v8-gas/interior-trim--door-trim-panels-front-and-rear,1,NOT_STARTED,,,,,,,0,,0,0,,"{""ordinal"": 126}"
leaf-892331f89283157ae271d4f7,chrysler300-c-57-gas,cat-9392a16ed36d188143483951,sub-d0cc1d19627014dc10862b81,,CATEGORY_INDEX,,,https://www.moparamerica.com/v-2017-chrysler-300--c--5-7l-v8-gas/interior-trim--front-seats-adjusters-recliners-shields-and-risers,https://r.jina.ai/http://www.moparamerica.com/v-2017-chrysler-300--c--5-7l-v8-gas/interior-trim--front-seats-adjusters-recliners-shields-and-risers,1,NOT_STARTED,,,,,,,0,,0,0,,"{""ordinal"": 127}"
leaf-7eedc4cf425d0d12b9a13599,chrysler300-c-57-gas,cat-9392a16ed36d188143483951,sub-475a51e19114bad670dc6853,,CATEGORY_INDEX,,,https://www.moparamerica.com/v-2017-chrysler-300--c--5-7l-v8-gas/interior-trim--front-seats-first-row,https://r.jina.ai/http://www.moparamerica.com/v-2017-chrysler-300--c--5-7l-v8-gas/interior-trim--front-seats-first-row,1,NOT_STARTED,,,,,,,0,,0,0,,"{""ordinal"": 128}"
leaf-06eeb1268773e58c73a92b1c,chrysler300-c-57-gas,cat-9392a16ed36d188143483951,sub-4243850415ae08710d36a463,,CATEGORY_INDEX,,,https://www.moparamerica.com/v-2017-chrysler-300--c--5-7l-v8-gas/interior-trim--headliners-visors-assist-straps,https://r.jina.ai/http://www.moparamerica.com/v-2017-chrysler-300--c--5-7l-v8-gas/interior-trim--headliners-visors-assist-straps,1,NOT_STARTED,,,,,,,0,,0,0,,"{""ordinal"": 129}"
leaf-bd8e533c49c5bbdea95f32c1,chrysler300-c-57-gas,cat-9392a16ed36d188143483951,sub-8224b36d0845282ebc06ad30,,CATEGORY_INDEX,,,https://www.moparamerica.com/v-2017-chrysler-300--c--5-7l-v8-gas/interior-trim--instrument-panel,https://r.jina.ai/http://www.moparamerica.com/v-2017-chrysler-300--c--5-7l-v8-gas/interior-trim--instrument-panel,1,NOT_STARTED,,,,,,,0,,0,0,,"{""ordinal"": 130}"
leaf-080a500b8ec5dc8f4dec5462,chrysler300-c-57-gas,cat-9392a16ed36d188143483951,sub-d572a50d5edb4b337dc69e99,,CATEGORY_INDEX,,,https://www.moparamerica.com/v-2017-chrysler-300--c--5-7l-v8-gas/interior-trim--panels-moldings-scuff-plates-pillar-cowl-1-4-panel-trim-and-cargo-covers,https://r.jina.ai/http://www.moparamerica.com/v-2017-chrysler-300--c--5-7l-v8-gas/interior-trim--panels-moldings-scuff-plates-pillar-cowl-1-4-panel-trim-and-cargo-covers,1,NOT_STARTED,,,,,,,0,,0,0,,"{""ordinal"": 131}"
leaf-3d485b388c94ce45c4cde91e,chrysler300-c-57-gas,cat-9392a16ed36d188143483951,sub-4f2e332bde895be91fb85d00,,CATEGORY_INDEX,,,https://www.moparamerica.com/v-2017-chrysler-300--c--5-7l-v8-gas/interior-trim--rear-seats-second-row,https://r.jina.ai/http://www.moparamerica.com/v-2017-chrysler-300--c--5-7l-v8-gas/interior-trim--rear-seats-second-row,1,NOT_STARTED,,,,,,,0,,0,0,,"{""ordinal"": 132}"
leaf-3d8089b557f811f6da34e862,chrysler300-c-57-gas,cat-9392a16ed36d188143483951,sub-fa6dd84221e5f9bb6928ec70,,CATEGORY_INDEX,,,https://www.moparamerica.com/v-2017-chrysler-300--c--5-7l-v8-gas/interior-trim--rear-seats-second-row-adjusters-recliners-shields-and-risers,https://r.jina.ai/http://www.moparamerica.com/v-2017-chrysler-300--c--5-7l-v8-gas/interior-trim--rear-seats-second-row-adjusters-recliners-shields-and-risers,1,NOT_STARTED,,,,,,,0,,0,0,,"{""ordinal"": 133}"
leaf-60ed7f9328486cc2f3861b89,chrysler300-c-57-gas,cat-fabc6290ddd4b213a74ee818,sub-63b27a1044aed8a3035bc58c,,CATEGORY_INDEX,,,https://www.moparamerica.com/v-2017-chrysler-300--c--5-7l-v8-gas/labels--trunk,https://r.jina.ai/http://www.moparamerica.com/v-2017-chrysler-300--c--5-7l-v8-gas/labels--trunk,1,NOT_STARTED,,,,,,,0,,0,0,,"{""ordinal"": 134}"
leaf-1132f8a34a71436bf8375ecc,chrysler300-c-57-gas,cat-fabc6290ddd4b213a74ee818,sub-eb5e69356d4125065504788f,,CATEGORY_INDEX,,,https://www.moparamerica.com/v-2017-chrysler-300--c--5-7l-v8-gas/labels--under-hood,https://r.jina.ai/http://www.moparamerica.com/v-2017-chrysler-300--c--5-7l-v8-gas/labels--under-hood,1,NOT_STARTED,,,,,,,0,,0,0,,"{""ordinal"": 135}"
leaf-356d1653aa64768ddb39f358,chrysler300-c-57-gas,cat-e5d9cced61a14231216a705a,sub-9e60d4707c1338d76f5dd888,,CATEGORY_INDEX,,,https://www.moparamerica.com/v-2017-chrysler-300--c--5-7l-v8-gas/mopar-accessories-component-parts--audio-and-electronics,https://r.jina.ai/http://www.moparamerica.com/v-2017-chrysler-300--c--5-7l-v8-gas/mopar-accessories-component-parts--audio-and-electronics,1,NOT_STARTED,,,,,,,0,,0,0,,"{""ordinal"": 141}"
leaf-e9d1288fefbe7e71d4c61373,chrysler300-c-57-gas,cat-e5d9cced61a14231216a705a,sub-a4cddf11791e9d33c0e66228,,CATEGORY_INDEX,,,https://www.moparamerica.com/v-2017-chrysler-300--c--5-7l-v8-gas/mopar-accessories-component-parts--driver-convenience,https://r.jina.ai/http://www.moparamerica.com/v-2017-chrysler-300--c--5-7l-v8-gas/mopar-accessories-component-parts--driver-convenience,1,NOT_STARTED,,,,,,,0,,0,0,,"{""ordinal"": 142}"
leaf-65520dac0f4ea361c96f72ed,chrysler300-c-57-gas,cat-e5d9cced61a14231216a705a,sub-796d0317029343fac86ca7b4,,CATEGORY_INDEX,,,https://www.moparamerica.com/v-2017-chrysler-300--c--5-7l-v8-gas/mopar-accessories-component-parts--exterior-appearance,https://r.jina.ai/http://www.moparamerica.com/v-2017-chrysler-300--c--5-7l-v8-gas/mopar-accessories-component-parts--exterior-appearance,1,NOT_STARTED,,,,,,,0,,0,0,,"{""ordinal"": 143}"
leaf-a6e05e885e2f067fde853907,chrysler300-c-57-gas,cat-e5d9cced61a14231216a705a,sub-b4952cfc65f6db8f90f8b157,,CATEGORY_INDEX,,,https://www.moparamerica.com/v-2017-chrysler-300--c--5-7l-v8-gas/mopar-accessories-component-parts--fog-lights-and-electrical,https://r.jina.ai/http://www.moparamerica.com/v-2017-chrysler-300--c--5-7l-v8-gas/mopar-accessories-component-parts--fog-lights-and-electrical,1,NOT_STARTED,,,,,,,0,,0,0,,"{""ordinal"": 144}"
leaf-c3de4ee61eac4f7c2929fccc,chrysler300-c-57-gas,cat-e5d9cced61a14231216a705a,sub-a35badc0f3b02a4d2ac05084,,CATEGORY_INDEX,,,https://www.moparamerica.com/v-2017-chrysler-300--c--5-7l-v8-gas/mopar-accessories-component-parts--interior-protection,https://r.jina.ai/http://www.moparamerica.com/v-2017-chrysler-300--c--5-7l-v8-gas/mopar-accessories-component-parts--interior-protection,1,NOT_STARTED,,,,,,,0,,0,0,,"{""ordinal"": 145}"
leaf-df30f9367103f6296917f46a,chrysler300-c-57-gas,cat-e5d9cced61a14231216a705a,sub-be2ee5535b49d0120b552ad5,,CATEGORY_INDEX,,,https://www.moparamerica.com/v-2017-chrysler-300--c--5-7l-v8-gas/mopar-accessories-component-parts--powertrain,https://r.jina.ai/http://www.moparamerica.com/v-2017-chrysler-300--c--5-7l-v8-gas/mopar-accessories-component-parts--powertrain,1,NOT_STARTED,,,,,,,0,,0,0,,"{""ordinal"": 146}"
leaf-a2ca640deae40a18a48ec53d,chrysler300-c-57-gas,cat-8478cd447d9de0bcd474a291,sub-123cfcf052e7632b280793d0,,CATEGORY_INDEX,,,https://www.moparamerica.com/v-2017-chrysler-300--c--5-7l-v8-gas/power-transfer-unit-transfer-case--case-and-extension,https://r.jina.ai/http://www.moparamerica.com/v-2017-chrysler-300--c--5-7l-v8-gas/power-transfer-unit-transfer-case--case-and-extension,1,NOT_STARTED,,,,,,,0,,0,0,,"{""ordinal"": 149}"
leaf-5dc68aeba6d7c5ccb2433fc0,chrysler300-c-57-gas,cat-e532ed5bbb6a5df35506a557,sub-50b7841d78a97292007dce33,,CATEGORY_INDEX,,,https://www.moparamerica.com/v-2017-chrysler-300--c--5-7l-v8-gas/rear-suspension--rear-stabilizer,https://r.jina.ai/http://www.moparamerica.com/v-2017-chrysler-300--c--5-7l-v8-gas/rear-suspension--rear-stabilizer,1,NOT_STARTED,,,,,,,0,,0,0,,"{""ordinal"": 150}"
leaf-c55fe7d71f6ee44141171890,chrysler300-c-57-gas,cat-e532ed5bbb6a5df35506a557,sub-9526dd6bb438a2c47fabaaa3,,CATEGORY_INDEX,,,https://www.moparamerica.com/v-2017-chrysler-300--c--5-7l-v8-gas/rear-suspension--rear-suspension-and-cradle,https://r.jina.ai/http://www.moparamerica.com/v-2017-chrysler-300--c--5-7l-v8-gas/rear-suspension--rear-suspension-and-cradle,1,NOT_STARTED,,,,,,,0,,0,0,,"{""ordinal"": 151}"
leaf-fb8e35c16fe97f694c67983a,chrysler300-c-57-gas,cat-ec693ed5229750ff2c4479d7,sub-814c367015e479399cc35570,,CATEGORY_INDEX,,,https://www.moparamerica.com/v-2017-chrysler-300--c--5-7l-v8-gas/rear-wheel-drive-differential-and-drive-line--drive-shaft,https://r.jina.ai/http://www.moparamerica.com/v-2017-chrysler-300--c--5-7l-v8-gas/rear-wheel-drive-differential-and-drive-line--drive-shaft,1,NOT_STARTED,,,,,,,0,,0,0,,"{""ordinal"": 152}"
leaf-b48d2f89f4595fcb996a8d7c,chrysler300-c-57-gas,cat-ec693ed5229750ff2c4479d7,sub-3044e51d9c384a7d8f19cd43,,CATEGORY_INDEX,,,https://www.moparamerica.com/v-2017-chrysler-300--c--5-7l-v8-gas/rear-wheel-drive-differential-and-drive-line--rear-axle-assembly,https://r.jina.ai/http://www.moparamerica.com/v-2017-chrysler-300--c--5-7l-v8-gas/rear-wheel-drive-differential-and-drive-line--rear-axle-assembly,1,NOT_STARTED,,,,,,,0,,0,0,,"{""ordinal"": 153}"
leaf-eb6faf4627b60d4fafc13934,chrysler300-c-57-gas,cat-ec693ed5229750ff2c4479d7,sub-eca315b2e9d5f3a0eb624ce8,,CATEGORY_INDEX,,,https://www.moparamerica.com/v-2017-chrysler-300--c--5-7l-v8-gas/rear-wheel-drive-differential-and-drive-line--rear-axle-housing-differential-and-vent,https://r.jina.ai/http://www.moparamerica.com/v-2017-chrysler-300--c--5-7l-v8-gas/rear-wheel-drive-differential-and-drive-line--rear-axle-housing-differential-and-vent,1,NOT_STARTED,,,,,,,0,,0,0,,"{""ordinal"": 155}"
leaf-3d97aa3ec0d0c2e21f5634bc,chrysler300-c-57-gas,cat-ec693ed5229750ff2c4479d7,sub-750d7f77e92354c0e1efb309,,CATEGORY_INDEX,,,https://www.moparamerica.com/v-2017-chrysler-300--c--5-7l-v8-gas/rear-wheel-drive-differential-and-drive-line--rear-axle-shafts,https://r.jina.ai/http://www.moparamerica.com/v-2017-chrysler-300--c--5-7l-v8-gas/rear-wheel-drive-differential-and-drive-line--rear-axle-shafts,1,NOT_STARTED,,,,,,,0,,0,0,,"{""ordinal"": 154}"
leaf-afb40691522a792aaefecf5c,chrysler300-c-57-gas,cat-5f4bfe88138b5522b6db5a10,sub-b5ce798151fee680d5417074,,CATEGORY_INDEX,,,https://www.moparamerica.com/v-2017-chrysler-300--c--5-7l-v8-gas/restraints--air-bags,https://r.jina.ai/http://www.moparamerica.com/v-2017-chrysler-300--c--5-7l-v8-gas/restraints--air-bags,1,NOT_STARTED,,,,,,,0,,0,0,,"{""ordinal"": 156}"
leaf-1c74cf3085c61f3f00c4934a,chrysler300-c-57-gas,cat-5f4bfe88138b5522b6db5a10,sub-943fbf3e9ff6d43f1fb26c05,,CATEGORY_INDEX,,,https://www.moparamerica.com/v-2017-chrysler-300--c--5-7l-v8-gas/restraints--seat-belts,https://r.jina.ai/http://www.moparamerica.com/v-2017-chrysler-300--c--5-7l-v8-gas/restraints--seat-belts,1,NOT_STARTED,,,,,,,0,,0,0,,"{""ordinal"": 157}"
leaf-f6ed76f3a619d822f90a607a,chrysler300-c-57-gas,cat-9d87e37f8a857c8e9d52dfc3,sub-369efe18092242346b940085,,CATEGORY_INDEX,,,https://www.moparamerica.com/v-2017-chrysler-300--c--5-7l-v8-gas/steering--steering-column-and-intermediate-shaft,https://r.jina.ai/http://www.moparamerica.com/v-2017-chrysler-300--c--5-7l-v8-gas/steering--steering-column-and-intermediate-shaft,1,NOT_STARTED,,,,,,,0,,0,0,,"{""ordinal"": 158}"
leaf-b3564ba3b9c23178d86b5aa3,chrysler300-c-57-gas,cat-9d87e37f8a857c8e9d52dfc3,sub-5e525e6b722efb06808b938a,,CATEGORY_INDEX,,,https://www.moparamerica.com/v-2017-chrysler-300--c--5-7l-v8-gas/steering--steering-gear,https://r.jina.ai/http://www.moparamerica.com/v-2017-chrysler-300--c--5-7l-v8-gas/steering--steering-gear,1,NOT_STARTED,,,,,,,0,,0,0,,"{""ordinal"": 159}"
leaf-12571cd750abb0a2dbe4aaea,chrysler300-c-57-gas,cat-9d87e37f8a857c8e9d52dfc3,sub-da414a6a8c692af5d5ad31d2,,CATEGORY_INDEX,,,https://www.moparamerica.com/v-2017-chrysler-300--c--5-7l-v8-gas/steering--steering-wheel,https://r.jina.ai/http://www.moparamerica.com/v-2017-chrysler-300--c--5-7l-v8-gas/steering--steering-wheel,1,NOT_STARTED,,,,,,,0,,0,0,,"{""ordinal"": 160}"
leaf-59b28f0053feb23651a3fbeb,chrysler300-c-57-gas,cat-f09c8e7ac9c390e87a4173e4,sub-521f0f019d32a28c0b3475da,,CATEGORY_INDEX,,,https://www.moparamerica.com/v-2017-chrysler-300--c--5-7l-v8-gas/wheels--emergency-kit,https://r.jina.ai/http://www.moparamerica.com/v-2017-chrysler-300--c--5-7l-v8-gas/wheels--emergency-kit,1,NOT_STARTED,,,,,,,0,,0,0,,"{""ordinal"": 163}"
leaf-75541873a9c126188dee6756,chrysler300-c-57-gas,cat-f09c8e7ac9c390e87a4173e4,sub-ebaf1c86555a7c89a260ee47,,CATEGORY_INDEX,,,https://www.moparamerica.com/v-2017-chrysler-300--c--5-7l-v8-gas/wheels--jack-stowage,https://r.jina.ai/http://www.moparamerica.com/v-2017-chrysler-300--c--5-7l-v8-gas/wheels--jack-stowage,1,NOT_STARTED,,,,,,,0,,0,0,,"{""ordinal"": 164}"
leaf-83f14a8eb1741d31fe470f6f,chrysler300-c-57-gas,cat-f09c8e7ac9c390e87a4173e4,sub-8d0c290e0f3e7e6480f15881,,CATEGORY_INDEX,,,https://www.moparamerica.com/v-2017-chrysler-300--c--5-7l-v8-gas/wheels--tire-monitoring-system,https://r.jina.ai/http://www.moparamerica.com/v-2017-chrysler-300--c--5-7l-v8-gas/wheels--tire-monitoring-system,1,NOT_STARTED,,,,,,,0,,0,0,,"{""ordinal"": 165}"
leaf-83fe3278690faa9e25be488e,chrysler300-c-57-gas,cat-f09c8e7ac9c390e87a4173e4,sub-89a1accb9c1aa20b112192ca,,CATEGORY_INDEX,,,https://www.moparamerica.com/v-2017-chrysler-300--c--5-7l-v8-gas/wheels--wheel-covers-and-center-caps,https://r.jina.ai/http://www.moparamerica.com/v-2017-chrysler-300--c--5-7l-v8-gas/wheels--wheel-covers-and-center-caps,1,NOT_STARTED,,,,,,,0,,0,0,,"{""ordinal"": 166}"
leaf-27b0b4ba48c021ddf3b6955a,chrysler300-c-57-gas,cat-f09c8e7ac9c390e87a4173e4,sub-2a53c0ce1f069a40d7cc2723,,CATEGORY_INDEX,,,https://www.moparamerica.com/v-2017-chrysler-300--c--5-7l-v8-gas/wheels--wheel-spare,https://r.jina.ai/http://www.moparamerica.com/v-2017-chrysler-300--c--5-7l-v8-gas/wheels--wheel-spare,1,NOT_STARTED,,,,,,,0,,0,0,,"{""ordinal"": 167}"
leaf-5ae6b5c766a6498e33ae5c7b,chrysler300-c-57-gas,cat-f09c8e7ac9c390e87a4173e4,sub-25d82f9ef3e509cd20b24f4a,,CATEGORY_INDEX,,,https://www.moparamerica.com/v-2017-chrysler-300--c--5-7l-v8-gas/wheels--wheels-tires-and-hardware,https://r.jina.ai/http://www.moparamerica.com/v-2017-chrysler-300--c--5-7l-v8-gas/wheels--wheels-tires-and-hardware,1,NOT_STARTED,,,,,,,0,,0,0,,"{""ordinal"": 168}"
