node_id,variation_id,parent_node_id,node_type,source_label,normalized_label,source_slug,source_url,ordinal,discovery_status,source_accessed_at
tax-af8af272135f83a93b2d4728,challenger-rt-57-gas,,CATEGORY,3 6L Gas Engine,3-6L-GAS-ENGINE,3-6l-gas-engine,https://www.moparamerica.com/v-2017-dodge-challenger--r-t--5-7l-v8-gas/#cat-3-6l-gas-engine,2,DISCOVERED,2026-08-01T00:45:41+00:00
tax-0bf5d588f30abab2e9cb04d2,challenger-rt-57-gas,,CATEGORY,5 7L Gas Engine,5-7L-GAS-ENGINE,5-7l-gas-engine,https://www.moparamerica.com/v-2017-dodge-challenger--r-t--5-7l-v8-gas/#cat-5-7l-gas-engine,12,DISCOVERED,2026-08-01T00:45:41+00:00
tax-6fc0a4e0616973e72ec2bf73,challenger-rt-57-gas,,CATEGORY,5 7Lgas Engine,5-7LGAS-ENGINE,5-7lgas-engine,https://www.moparamerica.com/v-2017-dodge-challenger--r-t--5-7l-v8-gas/#cat-5-7lgas-engine,22,DISCOVERED,2026-08-01T00:45:41+00:00
tax-ab3af5144be175d90c3058f7,challenger-rt-57-gas,,CATEGORY,6 2L Gas Engine,6-2L-GAS-ENGINE,6-2l-gas-engine,https://www.moparamerica.com/v-2017-dodge-challenger--r-t--5-7l-v8-gas/#cat-6-2l-gas-engine,28,DISCOVERED,2026-08-01T00:45:41+00:00
tax-b8a82997e9cddd54857da72c,challenger-rt-57-gas,,CATEGORY,6 4L Gas Engine,6-4L-GAS-ENGINE,6-4l-gas-engine,https://www.moparamerica.com/v-2017-dodge-challenger--r-t--5-7l-v8-gas/#cat-6-4l-gas-engine,34,DISCOVERED,2026-08-01T00:45:41+00:00
tax-e6200b9235cc7ffa188c7d13,challenger-rt-57-gas,,CATEGORY,845Re 8 Speed Automatic Transmission,845RE-8-SPEED-AUTOMATIC-TRANSMISSION,845re-8-speed-automatic-transmission,https://www.moparamerica.com/v-2017-dodge-challenger--r-t--5-7l-v8-gas/#cat-845re-8-speed-automatic-transmission,39,DISCOVERED,2026-08-01T00:45:41+00:00
tax-a5f2dd43b036dadba37f1480,challenger-rt-57-gas,,CATEGORY,8Hp70 8 Speed Automatic Transmission,8HP70-8-SPEED-AUTOMATIC-TRANSMISSION,8hp70-8-speed-automatic-transmission,https://www.moparamerica.com/v-2017-dodge-challenger--r-t--5-7l-v8-gas/#cat-8hp70-8-speed-automatic-transmission,45,DISCOVERED,2026-08-01T00:45:41+00:00
tax-c754975022e9e2e5c92b7728,challenger-rt-57-gas,,CATEGORY,8Hp90 8 Speed Automatic Transmission,8HP90-8-SPEED-AUTOMATIC-TRANSMISSION,8hp90-8-speed-automatic-transmission,https://www.moparamerica.com/v-2017-dodge-challenger--r-t--5-7l-v8-gas/#cat-8hp90-8-speed-automatic-transmission,48,DISCOVERED,2026-08-01T00:45:41+00:00
tax-2750898cd4b22c7fda089ccd,challenger-rt-57-gas,,CATEGORY,Accessories Audio Video And Electronics Accessories,ACCESSORIES-AUDIO-VIDEO-AND-ELECTRONICS-ACCESSORIES,accessories-audio-video-and-electronics-accessories,https://www.moparamerica.com/v-2017-dodge-challenger--r-t--5-7l-v8-gas/#cat-accessories-audio-video-and-electronics-accessories,50,DISCOVERED,2026-08-01T00:45:41+00:00
tax-06fe3f1df6e294d9bcd9f8b4,challenger-rt-57-gas,,CATEGORY,Accessories Crate Engines,ACCESSORIES-CRATE-ENGINES,accessories-crate-engines,https://www.moparamerica.com/v-2017-dodge-challenger--r-t--5-7l-v8-gas/#cat-accessories-crate-engines,51,DISCOVERED,2026-08-01T00:45:41+00:00
tax-59254db7e91276cbc2e4bf66,challenger-rt-57-gas,,CATEGORY,Accessories Drag Pak,ACCESSORIES-DRAG-PAK,accessories-drag-pak,https://www.moparamerica.com/v-2017-dodge-challenger--r-t--5-7l-v8-gas/#cat-accessories-drag-pak,52,DISCOVERED,2026-08-01T00:45:41+00:00
tax-fc5446a329a8f91e53de34bf,challenger-rt-57-gas,,CATEGORY,Accessories Exterior Accessories,ACCESSORIES-EXTERIOR-ACCESSORIES,accessories-exterior-accessories,https://www.moparamerica.com/v-2017-dodge-challenger--r-t--5-7l-v8-gas/#cat-accessories-exterior-accessories,59,DISCOVERED,2026-08-01T00:45:41+00:00
tax-2b8fc65cbb96a485a0a78154,challenger-rt-57-gas,,CATEGORY,Accessories Interior Accessories,ACCESSORIES-INTERIOR-ACCESSORIES,accessories-interior-accessories,https://www.moparamerica.com/v-2017-dodge-challenger--r-t--5-7l-v8-gas/#cat-accessories-interior-accessories,63,DISCOVERED,2026-08-01T00:45:41+00:00
tax-a2eeead64ca2482ac8a7d91d,challenger-rt-57-gas,,CATEGORY,Accessories Lifestyle And Off Road Accessories,ACCESSORIES-LIFESTYLE-AND-OFF-ROAD-ACCESSORIES,accessories-lifestyle-and-off-road-accessories,https://www.moparamerica.com/v-2017-dodge-challenger--r-t--5-7l-v8-gas/#cat-accessories-lifestyle-and-off-road-accessories,64,DISCOVERED,2026-08-01T00:45:41+00:00
tax-53e257e07f1c856ba1a915d7,challenger-rt-57-gas,,CATEGORY,Accessories Lighting And Electrical Accessories,ACCESSORIES-LIGHTING-AND-ELECTRICAL-ACCESSORIES,accessories-lighting-and-electrical-accessories,https://www.moparamerica.com/v-2017-dodge-challenger--r-t--5-7l-v8-gas/#cat-accessories-lighting-and-electrical-accessories,66,DISCOVERED,2026-08-01T00:45:41+00:00
tax-437cd9d1fb4f8a24a6dc0ebd,challenger-rt-57-gas,,CATEGORY,Accessories Modern Performance,ACCESSORIES-MODERN-PERFORMANCE,accessories-modern-performance,https://www.moparamerica.com/v-2017-dodge-challenger--r-t--5-7l-v8-gas/#cat-accessories-modern-performance,69,DISCOVERED,2026-08-01T00:45:41+00:00
tax-e2f5ec7fbcc75e42ff88ce8c,challenger-rt-57-gas,,CATEGORY,Accessories Vehicle Care Products,ACCESSORIES-VEHICLE-CARE-PRODUCTS,accessories-vehicle-care-products,https://www.moparamerica.com/v-2017-dodge-challenger--r-t--5-7l-v8-gas/#cat-accessories-vehicle-care-products,71,DISCOVERED,2026-08-01T00:45:41+00:00
tax-958255554219ffa3b685fb81,challenger-rt-57-gas,,CATEGORY,Air Conditioners And Heaters,AIR-CONDITIONERS-AND-HEATERS,air-conditioners-and-heaters,https://www.moparamerica.com/v-2017-dodge-challenger--r-t--5-7l-v8-gas/#cat-air-conditioners-and-heaters,76,DISCOVERED,2026-08-01T00:45:41+00:00
tax-f7a5893a26f2cbbc6b1d76e7,challenger-rt-57-gas,,CATEGORY,All Wheel Drive Differential And Drive Line,ALL-WHEEL-DRIVE-DIFFERENTIAL-AND-DRIVE-LINE,all-wheel-drive-differential-and-drive-line,https://www.moparamerica.com/v-2017-dodge-challenger--r-t--5-7l-v8-gas/#cat-all-wheel-drive-differential-and-drive-line,82,DISCOVERED,2026-08-01T00:45:41+00:00
tax-d725db1a8760ccada6355505,challenger-rt-57-gas,,CATEGORY,Body Sheet Metal Except Doors,BODY-SHEET-METAL-EXCEPT-DOORS,body-sheet-metal-except-doors,https://www.moparamerica.com/v-2017-dodge-challenger--r-t--5-7l-v8-gas/#cat-body-sheet-metal-except-doors,93,DISCOVERED,2026-08-01T00:45:41+00:00
tax-d028be49c06c112113bc2e12,challenger-rt-57-gas,,CATEGORY,Brakes,BRAKES,brakes,https://www.moparamerica.com/v-2017-dodge-challenger--r-t--5-7l-v8-gas/#cat-brakes,100,DISCOVERED,2026-08-01T00:45:41+00:00
tax-b3f1e444f5780615e16594d4,challenger-rt-57-gas,,CATEGORY,Clutch,CLUTCH,clutch,https://www.moparamerica.com/v-2017-dodge-challenger--r-t--5-7l-v8-gas/#cat-clutch,104,DISCOVERED,2026-08-01T00:45:41+00:00
tax-50e77216eed8ef5fa79b61f8,challenger-rt-57-gas,,CATEGORY,Conversion And Upfit Packages,CONVERSION-AND-UPFIT-PACKAGES,conversion-and-upfit-packages,https://www.moparamerica.com/v-2017-dodge-challenger--r-t--5-7l-v8-gas/#cat-conversion-and-upfit-packages,105,DISCOVERED,2026-08-01T00:45:41+00:00
tax-b3552af0b3922e9f5b9694fc,challenger-rt-57-gas,,CATEGORY,Cooling,COOLING,cooling,https://www.moparamerica.com/v-2017-dodge-challenger--r-t--5-7l-v8-gas/#cat-cooling,111,DISCOVERED,2026-08-01T00:45:41+00:00
tax-983ec96f7a9a446568f9aa3a,challenger-rt-57-gas,,CATEGORY,Doors Door Mirrors And Related Parts,DOORS-DOOR-MIRRORS-AND-RELATED-PARTS,doors-door-mirrors-and-related-parts,https://www.moparamerica.com/v-2017-dodge-challenger--r-t--5-7l-v8-gas/#cat-doors-door-mirrors-and-related-parts,114,DISCOVERED,2026-08-01T00:45:41+00:00
tax-ab46c502055c21d2cb744e76,challenger-rt-57-gas,,CATEGORY,Electrical,ELECTRICAL,electrical,https://www.moparamerica.com/v-2017-dodge-challenger--r-t--5-7l-v8-gas/#cat-electrical,133,DISCOVERED,2026-08-01T00:45:41+00:00
tax-497d8baa8945c696200af905,challenger-rt-57-gas,,CATEGORY,Emission Controls,EMISSION-CONTROLS,emission-controls,https://www.moparamerica.com/v-2017-dodge-challenger--r-t--5-7l-v8-gas/#cat-emission-controls,135,DISCOVERED,2026-08-01T00:45:41+00:00
tax-40e75c97a26545038c0e9792,challenger-rt-57-gas,,CATEGORY,Exhaust,EXHAUST,exhaust,https://www.moparamerica.com/v-2017-dodge-challenger--r-t--5-7l-v8-gas/#cat-exhaust,136,DISCOVERED,2026-08-01T00:45:41+00:00
tax-80af3e129b06720193931ce7,challenger-rt-57-gas,,CATEGORY,Exterior Ornamentation,EXTERIOR-ORNAMENTATION,exterior-ornamentation,https://www.moparamerica.com/v-2017-dodge-challenger--r-t--5-7l-v8-gas/#cat-exterior-ornamentation,140,DISCOVERED,2026-08-01T00:45:41+00:00
tax-833b24f76ad47342925ab719,challenger-rt-57-gas,,CATEGORY,Frame Bumper And Fascia,FRAME-BUMPER-AND-FASCIA,frame-bumper-and-fascia,https://www.moparamerica.com/v-2017-dodge-challenger--r-t--5-7l-v8-gas/#cat-frame-bumper-and-fascia,143,DISCOVERED,2026-08-01T00:45:41+00:00
tax-f1a1e104928f49d60bba5e10,challenger-rt-57-gas,,CATEGORY,Front Suspension,FRONT-SUSPENSION,front-suspension,https://www.moparamerica.com/v-2017-dodge-challenger--r-t--5-7l-v8-gas/#cat-front-suspension,145,DISCOVERED,2026-08-01T00:45:41+00:00
tax-7bf28d8f7fe1af265b7ac2f9,challenger-rt-57-gas,,CATEGORY,Fuel,FUEL,fuel,https://www.moparamerica.com/v-2017-dodge-challenger--r-t--5-7l-v8-gas/#cat-fuel,153,DISCOVERED,2026-08-01T00:45:41+00:00
tax-4972b1bbabfbba4cb8dd7caf,challenger-rt-57-gas,,CATEGORY,Glass,GLASS,glass,https://www.moparamerica.com/v-2017-dodge-challenger--r-t--5-7l-v8-gas/#cat-glass,154,DISCOVERED,2026-08-01T00:45:41+00:00
tax-376f5d81cc0e2cc866a7d540,challenger-rt-57-gas,,CATEGORY,Interior Trim,INTERIOR-TRIM,interior-trim,https://www.moparamerica.com/v-2017-dodge-challenger--r-t--5-7l-v8-gas/#cat-interior-trim,164,DISCOVERED,2026-08-01T00:45:41+00:00
tax-4b287ef6c92c3f1b1e42f5d1,challenger-rt-57-gas,,CATEGORY,Labels,LABELS,labels,https://www.moparamerica.com/v-2017-dodge-challenger--r-t--5-7l-v8-gas/#cat-labels,165,DISCOVERED,2026-08-01T00:45:41+00:00
tax-127c181604664fbd68ffb387,challenger-rt-57-gas,,CATEGORY,Mopar Accessories Component Parts,MOPAR-ACCESSORIES-COMPONENT-PARTS,mopar-accessories-component-parts,https://www.moparamerica.com/v-2017-dodge-challenger--r-t--5-7l-v8-gas/#cat-mopar-accessories-component-parts,171,DISCOVERED,2026-08-01T00:45:41+00:00
tax-accc5d5e65da208f022b7a05,challenger-rt-57-gas,,CATEGORY,Rear Suspension,REAR-SUSPENSION,rear-suspension,https://www.moparamerica.com/v-2017-dodge-challenger--r-t--5-7l-v8-gas/#cat-rear-suspension,173,DISCOVERED,2026-08-01T00:45:41+00:00
tax-2074b624a846c9b2f096c908,challenger-rt-57-gas,,CATEGORY,Rear Wheel Drive Differential And Drive Line,REAR-WHEEL-DRIVE-DIFFERENTIAL-AND-DRIVE-LINE,rear-wheel-drive-differential-and-drive-line,https://www.moparamerica.com/v-2017-dodge-challenger--r-t--5-7l-v8-gas/#cat-rear-wheel-drive-differential-and-drive-line,177,DISCOVERED,2026-08-01T00:45:41+00:00
tax-da9bf8710b6d6e76854df7cb,challenger-rt-57-gas,,CATEGORY,Restraints,RESTRAINTS,restraints,https://www.moparamerica.com/v-2017-dodge-challenger--r-t--5-7l-v8-gas/#cat-restraints,179,DISCOVERED,2026-08-01T00:45:41+00:00
tax-8c1763c50aa8f1e8bf6b32d0,challenger-rt-57-gas,,CATEGORY,Steering,STEERING,steering,https://www.moparamerica.com/v-2017-dodge-challenger--r-t--5-7l-v8-gas/#cat-steering,183,DISCOVERED,2026-08-01T00:45:41+00:00
tax-9f81336763da974a47bbc2d7,challenger-rt-57-gas,,CATEGORY,Tr6060 6 Speed Manual Transmission,TR6060-6-SPEED-MANUAL-TRANSMISSION,tr6060-6-speed-manual-transmission,https://www.moparamerica.com/v-2017-dodge-challenger--r-t--5-7l-v8-gas/#cat-tr6060-6-speed-manual-transmission,189,DISCOVERED,2026-08-01T00:45:41+00:00
tax-11f9df7c4a326395d7fdc883,challenger-rt-57-gas,,CATEGORY,Wheels,WHEELS,wheels,https://www.moparamerica.com/v-2017-dodge-challenger--r-t--5-7l-v8-gas/#cat-wheels,195,DISCOVERED,2026-08-01T00:45:41+00:00
tax-11a337c7835bf95740da01f2,challenger-rt-57-gas,tax-af8af272135f83a93b2d4728,SUBCATEGORY,Engine Mounting,ENGINEMOUNTING,3-6l-gas-engine--engine-mounting,https://www.moparamerica.com/v-2017-dodge-challenger--r-t--5-7l-v8-gas/3-6l-gas-engine--engine-mounting,1,DISCOVERED,2026-08-01T00:45:41+00:00
tax-a21cec90521bad264d0385d1,challenger-rt-57-gas,tax-af8af272135f83a93b2d4728,SUBCATEGORY,"Engine Oiling, Oil Pan and Indicator (Dipstick)",ENGINEOILINGOILPANANDINDICATORDIPSTICK,3-6l-gas-engine--engine-oiling-oil-pan-and-indicator-dipstick,https://www.moparamerica.com/v-2017-dodge-challenger--r-t--5-7l-v8-gas/3-6l-gas-engine--engine-oiling-oil-pan-and-indicator-dipstick,2,DISCOVERED,2026-08-01T00:45:41+00:00
tax-92277692db2d7eac77e7474b,challenger-rt-57-gas,tax-0bf5d588f30abab2e9cb04d2,SUBCATEGORY,Camshaft and Valve,CAMSHAFTANDVALVE,5-7l-gas-engine--camshaft-and-valve,https://www.moparamerica.com/v-2017-dodge-challenger--r-t--5-7l-v8-gas/5-7l-gas-engine--camshaft-and-valve,3,DISCOVERED,2026-08-01T00:45:41+00:00
tax-9823d90cfdc13541506fd981,challenger-rt-57-gas,tax-0bf5d588f30abab2e9cb04d2,SUBCATEGORY,Crankcase Ventilation,CRANKCASEVENTILATION,5-7l-gas-engine--crankcase-ventilation,https://www.moparamerica.com/v-2017-dodge-challenger--r-t--5-7l-v8-gas/5-7l-gas-engine--crankcase-ventilation,4,DISCOVERED,2026-08-01T00:45:41+00:00
tax-1a66bf5e53a8a2c5fdb21714,challenger-rt-57-gas,tax-0bf5d588f30abab2e9cb04d2,SUBCATEGORY,"Crankshaft, Piston, Drive Plate, Flywheel, and Damper",CRANKSHAFTPISTONDRIVEPLATEFLYWHEELANDDAMPER,5-7l-gas-engine--crankshaft-piston-drive-plate-flywheel-and-damper,https://www.moparamerica.com/v-2017-dodge-challenger--r-t--5-7l-v8-gas/5-7l-gas-engine--crankshaft-piston-drive-plate-flywheel-and-damper,5,DISCOVERED,2026-08-01T00:45:41+00:00
tax-29e514d99076726c5d10163f,challenger-rt-57-gas,tax-0bf5d588f30abab2e9cb04d2,SUBCATEGORY,Cylinder Block,CYLINDERBLOCK,5-7l-gas-engine--cylinder-block,https://www.moparamerica.com/v-2017-dodge-challenger--r-t--5-7l-v8-gas/5-7l-gas-engine--cylinder-block,6,DISCOVERED,2026-08-01T00:45:41+00:00
tax-13d153656b9267423c372279,challenger-rt-57-gas,tax-0bf5d588f30abab2e9cb04d2,SUBCATEGORY,Cylinder Head,CYLINDERHEAD,5-7l-gas-engine--cylinder-head,https://www.moparamerica.com/v-2017-dodge-challenger--r-t--5-7l-v8-gas/5-7l-gas-engine--cylinder-head,7,DISCOVERED,2026-08-01T00:45:41+00:00
tax-85a689a1df7be46aa2739ecf,challenger-rt-57-gas,tax-0bf5d588f30abab2e9cb04d2,SUBCATEGORY,"Engine Identification, Service Engines & Engine Service Kits",ENGINEIDENTIFICATIONSERVICEENGINESENGINESERVICEKITS,5-7l-gas-engine--engine-identification-service-engines-and-engine-service-kits,https://www.moparamerica.com/v-2017-dodge-challenger--r-t--5-7l-v8-gas/5-7l-gas-engine--engine-identification-service-engines-and-engine-service-kits,8,DISCOVERED,2026-08-01T00:45:41+00:00
tax-0398235a91c3f574f1a3445c,challenger-rt-57-gas,tax-0bf5d588f30abab2e9cb04d2,SUBCATEGORY,Engine Mounting,ENGINEMOUNTING,5-7l-gas-engine--engine-mounting,https://www.moparamerica.com/v-2017-dodge-challenger--r-t--5-7l-v8-gas/5-7l-gas-engine--engine-mounting,9,DISCOVERED,2026-08-01T00:45:41+00:00
tax-a7b2c0880cce62cccc687a43,challenger-rt-57-gas,tax-0bf5d588f30abab2e9cb04d2,SUBCATEGORY,"Engine Oiling, Oil Pan and Indicator (Dipstick)",ENGINEOILINGOILPANANDINDICATORDIPSTICK,5-7l-gas-engine--engine-oiling-oil-pan-and-indicator-dipstick,https://www.moparamerica.com/v-2017-dodge-challenger--r-t--5-7l-v8-gas/5-7l-gas-engine--engine-oiling-oil-pan-and-indicator-dipstick,10,DISCOVERED,2026-08-01T00:45:41+00:00
tax-50cccb7df7719c31a487300b,challenger-rt-57-gas,tax-0bf5d588f30abab2e9cb04d2,SUBCATEGORY,Manifolds and Vacuum Fittings,MANIFOLDSANDVACUUMFITTINGS,5-7l-gas-engine--manifolds-and-vacuum-fittings,https://www.moparamerica.com/v-2017-dodge-challenger--r-t--5-7l-v8-gas/5-7l-gas-engine--manifolds-and-vacuum-fittings,11,DISCOVERED,2026-08-01T00:45:41+00:00
tax-7bb68480d9ba7dab0b4a5a18,challenger-rt-57-gas,tax-0bf5d588f30abab2e9cb04d2,SUBCATEGORY,Timing Belt/Chain and Cover and Balance Shaft,TIMINGBELTCHAINANDCOVERANDBALANCESHAFT,5-7l-gas-engine--timing-belt-chain-and-cover-and-balance-shaft,https://www.moparamerica.com/v-2017-dodge-challenger--r-t--5-7l-v8-gas/5-7l-gas-engine--timing-belt-chain-and-cover-and-balance-shaft,12,DISCOVERED,2026-08-01T00:45:41+00:00
tax-d6c94b513819eb26fe5f48a6,challenger-rt-57-gas,tax-6fc0a4e0616973e72ec2bf73,SUBCATEGORY,Camshaft and Valve,CAMSHAFTANDVALVE,5-7lgas-engine--camshaft-and-valve,https://www.moparamerica.com/v-2017-dodge-challenger--r-t--5-7l-v8-gas/5-7lgas-engine--camshaft-and-valve,13,DISCOVERED,2026-08-01T00:45:41+00:00
tax-7b1334329f60fbd2f5e2be75,challenger-rt-57-gas,tax-6fc0a4e0616973e72ec2bf73,SUBCATEGORY,Crankcase Ventilation,CRANKCASEVENTILATION,5-7lgas-engine--crankcase-ventilation,https://www.moparamerica.com/v-2017-dodge-challenger--r-t--5-7l-v8-gas/5-7lgas-engine--crankcase-ventilation,14,DISCOVERED,2026-08-01T00:45:41+00:00
tax-ad4fd38bf44551bd641255d7,challenger-rt-57-gas,tax-6fc0a4e0616973e72ec2bf73,SUBCATEGORY,"Crankshaft, Piston, Drive Plate, Flywheel, and Damper",CRANKSHAFTPISTONDRIVEPLATEFLYWHEELANDDAMPER,5-7lgas-engine--crankshaft-piston-drive-plate-flywheel-and-damper,https://www.moparamerica.com/v-2017-dodge-challenger--r-t--5-7l-v8-gas/5-7lgas-engine--crankshaft-piston-drive-plate-flywheel-and-damper,15,DISCOVERED,2026-08-01T00:45:41+00:00
tax-73226802e0b16b43330cc3d5,challenger-rt-57-gas,tax-6fc0a4e0616973e72ec2bf73,SUBCATEGORY,Cylinder Block,CYLINDERBLOCK,5-7lgas-engine--cylinder-block,https://www.moparamerica.com/v-2017-dodge-challenger--r-t--5-7l-v8-gas/5-7lgas-engine--cylinder-block,16,DISCOVERED,2026-08-01T00:45:41+00:00
tax-797f468b4d3951b74791043e,challenger-rt-57-gas,tax-6fc0a4e0616973e72ec2bf73,SUBCATEGORY,Cylinder Head,CYLINDERHEAD,5-7lgas-engine--cylinder-head,https://www.moparamerica.com/v-2017-dodge-challenger--r-t--5-7l-v8-gas/5-7lgas-engine--cylinder-head,17,DISCOVERED,2026-08-01T00:45:41+00:00
tax-d8d2f37989b8ba7a577665f4,challenger-rt-57-gas,tax-6fc0a4e0616973e72ec2bf73,SUBCATEGORY,"Engine Identification, Service Engines & Engine Service Kits",ENGINEIDENTIFICATIONSERVICEENGINESENGINESERVICEKITS,5-7lgas-engine--engine-identification-service-engines-and-engine-service-kits,https://www.moparamerica.com/v-2017-dodge-challenger--r-t--5-7l-v8-gas/5-7lgas-engine--engine-identification-service-engines-and-engine-service-kits,18,DISCOVERED,2026-08-01T00:45:41+00:00
tax-63add66c4592cebe58f45f87,challenger-rt-57-gas,tax-6fc0a4e0616973e72ec2bf73,SUBCATEGORY,Engine Mounting,ENGINEMOUNTING,5-7lgas-engine--engine-mounting,https://www.moparamerica.com/v-2017-dodge-challenger--r-t--5-7l-v8-gas/5-7lgas-engine--engine-mounting,19,DISCOVERED,2026-08-01T00:45:41+00:00
tax-9ae84fb1c442c6725a063d4c,challenger-rt-57-gas,tax-6fc0a4e0616973e72ec2bf73,SUBCATEGORY,"Engine Oiling, Oil Pan and Indicator (Dipstick)",ENGINEOILINGOILPANANDINDICATORDIPSTICK,5-7lgas-engine--engine-oiling-oil-pan-and-indicator-dipstick,https://www.moparamerica.com/v-2017-dodge-challenger--r-t--5-7l-v8-gas/5-7lgas-engine--engine-oiling-oil-pan-and-indicator-dipstick,20,DISCOVERED,2026-08-01T00:45:41+00:00
tax-82b82909b114b434257704cb,challenger-rt-57-gas,tax-6fc0a4e0616973e72ec2bf73,SUBCATEGORY,Manifolds and Vacuum Fittings,MANIFOLDSANDVACUUMFITTINGS,5-7lgas-engine--manifolds-and-vacuum-fittings,https://www.moparamerica.com/v-2017-dodge-challenger--r-t--5-7l-v8-gas/5-7lgas-engine--manifolds-and-vacuum-fittings,21,DISCOVERED,2026-08-01T00:45:41+00:00
tax-9e08fc45ec40e7ebe4aa622d,challenger-rt-57-gas,tax-6fc0a4e0616973e72ec2bf73,SUBCATEGORY,Timing Belt/Chain and Cover and Balance Shaft,TIMINGBELTCHAINANDCOVERANDBALANCESHAFT,5-7lgas-engine--timing-belt-chain-and-cover-and-balance-shaft,https://www.moparamerica.com/v-2017-dodge-challenger--r-t--5-7l-v8-gas/5-7lgas-engine--timing-belt-chain-and-cover-and-balance-shaft,22,DISCOVERED,2026-08-01T00:45:41+00:00
tax-eabdfcc573e0957697ad9878,challenger-rt-57-gas,tax-ab3af5144be175d90c3058f7,SUBCATEGORY,Camshaft and Valve,CAMSHAFTANDVALVE,6-2l-gas-engine--camshaft-and-valve,https://www.moparamerica.com/v-2017-dodge-challenger--r-t--5-7l-v8-gas/6-2l-gas-engine--camshaft-and-valve,23,DISCOVERED,2026-08-01T00:45:41+00:00
tax-ba5e96e0c7a55c3a72477cf3,challenger-rt-57-gas,tax-ab3af5144be175d90c3058f7,SUBCATEGORY,"Crankshaft, Piston, Drive Plate, Flywheel, and Damper",CRANKSHAFTPISTONDRIVEPLATEFLYWHEELANDDAMPER,6-2l-gas-engine--crankshaft-piston-drive-plate-flywheel-and-damper,https://www.moparamerica.com/v-2017-dodge-challenger--r-t--5-7l-v8-gas/6-2l-gas-engine--crankshaft-piston-drive-plate-flywheel-and-damper,24,DISCOVERED,2026-08-01T00:45:41+00:00
tax-db9eb3b71990a388a3e48c13,challenger-rt-57-gas,tax-ab3af5144be175d90c3058f7,SUBCATEGORY,Engine Mounting,ENGINEMOUNTING,6-2l-gas-engine--engine-mounting,https://www.moparamerica.com/v-2017-dodge-challenger--r-t--5-7l-v8-gas/6-2l-gas-engine--engine-mounting,25,DISCOVERED,2026-08-01T00:45:41+00:00
tax-c1c0cc16b1300a4a152377c6,challenger-rt-57-gas,tax-ab3af5144be175d90c3058f7,SUBCATEGORY,Engine Oil Cooler,ENGINEOILCOOLER,6-2l-gas-engine--engine-oil-cooler,https://www.moparamerica.com/v-2017-dodge-challenger--r-t--5-7l-v8-gas/6-2l-gas-engine--engine-oil-cooler,26,DISCOVERED,2026-08-01T00:45:41+00:00
tax-59ec503a1ea04af3c363901c,challenger-rt-57-gas,tax-ab3af5144be175d90c3058f7,SUBCATEGORY,"Engine Oiling, Oil Pan and Indicator (Dipstick)",ENGINEOILINGOILPANANDINDICATORDIPSTICK,6-2l-gas-engine--engine-oiling-oil-pan-and-indicator-dipstick,https://www.moparamerica.com/v-2017-dodge-challenger--r-t--5-7l-v8-gas/6-2l-gas-engine--engine-oiling-oil-pan-and-indicator-dipstick,27,DISCOVERED,2026-08-01T00:45:41+00:00
tax-07129ff0265fe3a0fbd442e5,challenger-rt-57-gas,tax-ab3af5144be175d90c3058f7,SUBCATEGORY,Manifolds and Vacuum Fittings,MANIFOLDSANDVACUUMFITTINGS,6-2l-gas-engine--manifolds-and-vacuum-fittings,https://www.moparamerica.com/v-2017-dodge-challenger--r-t--5-7l-v8-gas/6-2l-gas-engine--manifolds-and-vacuum-fittings,28,DISCOVERED,2026-08-01T00:45:41+00:00
tax-71f977bed711d338e1e12686,challenger-rt-57-gas,tax-b8a82997e9cddd54857da72c,SUBCATEGORY,Camshaft and Valve,CAMSHAFTANDVALVE,6-4l-gas-engine--camshaft-and-valve,https://www.moparamerica.com/v-2017-dodge-challenger--r-t--5-7l-v8-gas/6-4l-gas-engine--camshaft-and-valve,29,DISCOVERED,2026-08-01T00:45:41+00:00
tax-1c87bb018f482b03f408728c,challenger-rt-57-gas,tax-b8a82997e9cddd54857da72c,SUBCATEGORY,"Crankshaft, Piston, Drive Plate, Flywheel, and Damper",CRANKSHAFTPISTONDRIVEPLATEFLYWHEELANDDAMPER,6-4l-gas-engine--crankshaft-piston-drive-plate-flywheel-and-damper,https://www.moparamerica.com/v-2017-dodge-challenger--r-t--5-7l-v8-gas/6-4l-gas-engine--crankshaft-piston-drive-plate-flywheel-and-damper,30,DISCOVERED,2026-08-01T00:45:41+00:00
tax-0f97d0f09a58519646eeeeb7,challenger-rt-57-gas,tax-b8a82997e9cddd54857da72c,SUBCATEGORY,Engine Mounting,ENGINEMOUNTING,6-4l-gas-engine--engine-mounting,https://www.moparamerica.com/v-2017-dodge-challenger--r-t--5-7l-v8-gas/6-4l-gas-engine--engine-mounting,31,DISCOVERED,2026-08-01T00:45:41+00:00
tax-60bf32c582162b020c5bfb75,challenger-rt-57-gas,tax-b8a82997e9cddd54857da72c,SUBCATEGORY,Engine Oil Cooler,ENGINEOILCOOLER,6-4l-gas-engine--engine-oil-cooler,https://www.moparamerica.com/v-2017-dodge-challenger--r-t--5-7l-v8-gas/6-4l-gas-engine--engine-oil-cooler,32,DISCOVERED,2026-08-01T00:45:41+00:00
tax-986de32d03c8dd7e2f0771d2,challenger-rt-57-gas,tax-b8a82997e9cddd54857da72c,SUBCATEGORY,"Engine Oiling, Oil Pan and Indicator (Dipstick)",ENGINEOILINGOILPANANDINDICATORDIPSTICK,6-4l-gas-engine--engine-oiling-oil-pan-and-indicator-dipstick,https://www.moparamerica.com/v-2017-dodge-challenger--r-t--5-7l-v8-gas/6-4l-gas-engine--engine-oiling-oil-pan-and-indicator-dipstick,33,DISCOVERED,2026-08-01T00:45:41+00:00
tax-42658921c99b54f0d1c36c78,challenger-rt-57-gas,tax-b8a82997e9cddd54857da72c,SUBCATEGORY,Manifolds and Vacuum Fittings,MANIFOLDSANDVACUUMFITTINGS,6-4l-gas-engine--manifolds-and-vacuum-fittings,https://www.moparamerica.com/v-2017-dodge-challenger--r-t--5-7l-v8-gas/6-4l-gas-engine--manifolds-and-vacuum-fittings,34,DISCOVERED,2026-08-01T00:45:41+00:00
tax-d5ca8b4d2dc6d3b6daf8b7a0,challenger-rt-57-gas,tax-e6200b9235cc7ffa188c7d13,SUBCATEGORY,Automatic Transmission / Transaxle and Torque Converter,AUTOMATICTRANSMISSIONTRANSAXLEANDTORQUECONVERTER,845re-8-speed-automatic-transmission--automatic-transmission-transaxle-and-torque-converter,https://www.moparamerica.com/v-2017-dodge-challenger--r-t--5-7l-v8-gas/845re-8-speed-automatic-transmission--automatic-transmission-transaxle-and-torque-converter,35,DISCOVERED,2026-08-01T00:45:41+00:00
tax-95d01949d3e6df66508f0277,challenger-rt-57-gas,tax-e6200b9235cc7ffa188c7d13,SUBCATEGORY,Gearshift Controls and Related Parts,GEARSHIFTCONTROLSANDRELATEDPARTS,845re-8-speed-automatic-transmission--gearshift-controls-and-related-parts,https://www.moparamerica.com/v-2017-dodge-challenger--r-t--5-7l-v8-gas/845re-8-speed-automatic-transmission--gearshift-controls-and-related-parts,36,DISCOVERED,2026-08-01T00:45:41+00:00
tax-ff80427977b1a68086043461,challenger-rt-57-gas,tax-e6200b9235cc7ffa188c7d13,SUBCATEGORY,Mounting and Skid Plate,MOUNTINGANDSKIDPLATE,845re-8-speed-automatic-transmission--mounting-and-skid-plate,https://www.moparamerica.com/v-2017-dodge-challenger--r-t--5-7l-v8-gas/845re-8-speed-automatic-transmission--mounting-and-skid-plate,37,DISCOVERED,2026-08-01T00:45:41+00:00
tax-bf14606ceaf9789e5114bbe7,challenger-rt-57-gas,tax-e6200b9235cc7ffa188c7d13,SUBCATEGORY,Oil Pump,OILPUMP,845re-8-speed-automatic-transmission--oil-pump,https://www.moparamerica.com/v-2017-dodge-challenger--r-t--5-7l-v8-gas/845re-8-speed-automatic-transmission--oil-pump,38,DISCOVERED,2026-08-01T00:45:41+00:00
tax-e8971f0a2bc394511081b7d0,challenger-rt-57-gas,tax-e6200b9235cc7ffa188c7d13,SUBCATEGORY,"Valve Body, Accumulator, Solenoid and Parking Sprag",VALVEBODYACCUMULATORSOLENOIDANDPARKINGSPRAG,845re-8-speed-automatic-transmission--valve-body-accumulator-solenoid-and-parking-sprag,https://www.moparamerica.com/v-2017-dodge-challenger--r-t--5-7l-v8-gas/845re-8-speed-automatic-transmission--valve-body-accumulator-solenoid-and-parking-sprag,39,DISCOVERED,2026-08-01T00:45:41+00:00
tax-e99895c5f3c3161cda410c3b,challenger-rt-57-gas,tax-a5f2dd43b036dadba37f1480,SUBCATEGORY,Automatic Transmission / Transaxle and Torque Converter,AUTOMATICTRANSMISSIONTRANSAXLEANDTORQUECONVERTER,8hp70-8-speed-automatic-transmission--automatic-transmission-transaxle-and-torque-converter,https://www.moparamerica.com/v-2017-dodge-challenger--r-t--5-7l-v8-gas/8hp70-8-speed-automatic-transmission--automatic-transmission-transaxle-and-torque-converter,40,DISCOVERED,2026-08-01T00:45:41+00:00
tax-c8c3bbb83d6b2796e1424001,challenger-rt-57-gas,tax-a5f2dd43b036dadba37f1480,SUBCATEGORY,"Case, Extension, Oil Pan, and Indicator (Dipstick)",CASEEXTENSIONOILPANANDINDICATORDIPSTICK,8hp70-8-speed-automatic-transmission--case-extension-oil-pan-and-indicator-dipstick,https://www.moparamerica.com/v-2017-dodge-challenger--r-t--5-7l-v8-gas/8hp70-8-speed-automatic-transmission--case-extension-oil-pan-and-indicator-dipstick,41,DISCOVERED,2026-08-01T00:45:41+00:00
tax-a35198d76f5965614d0910d7,challenger-rt-57-gas,tax-a5f2dd43b036dadba37f1480,SUBCATEGORY,Gearshift Controls and Related Parts,GEARSHIFTCONTROLSANDRELATEDPARTS,8hp70-8-speed-automatic-transmission--gearshift-controls-and-related-parts,https://www.moparamerica.com/v-2017-dodge-challenger--r-t--5-7l-v8-gas/8hp70-8-speed-automatic-transmission--gearshift-controls-and-related-parts,42,DISCOVERED,2026-08-01T00:45:41+00:00
tax-d7d73a281fc5536c40da728b,challenger-rt-57-gas,tax-a5f2dd43b036dadba37f1480,SUBCATEGORY,Mounting and Skid Plate,MOUNTINGANDSKIDPLATE,8hp70-8-speed-automatic-transmission--mounting-and-skid-plate,https://www.moparamerica.com/v-2017-dodge-challenger--r-t--5-7l-v8-gas/8hp70-8-speed-automatic-transmission--mounting-and-skid-plate,43,DISCOVERED,2026-08-01T00:45:41+00:00
tax-5f1c45881729a9b49f1d85a5,challenger-rt-57-gas,tax-a5f2dd43b036dadba37f1480,SUBCATEGORY,Oil Pump,OILPUMP,8hp70-8-speed-automatic-transmission--oil-pump,https://www.moparamerica.com/v-2017-dodge-challenger--r-t--5-7l-v8-gas/8hp70-8-speed-automatic-transmission--oil-pump,44,DISCOVERED,2026-08-01T00:45:41+00:00
tax-93b809f63a54cedda039f0ea,challenger-rt-57-gas,tax-a5f2dd43b036dadba37f1480,SUBCATEGORY,"Valve Body, Accumulator, Solenoid and Parking Sprag",VALVEBODYACCUMULATORSOLENOIDANDPARKINGSPRAG,8hp70-8-speed-automatic-transmission--valve-body-accumulator-solenoid-and-parking-sprag,https://www.moparamerica.com/v-2017-dodge-challenger--r-t--5-7l-v8-gas/8hp70-8-speed-automatic-transmission--valve-body-accumulator-solenoid-and-parking-sprag,45,DISCOVERED,2026-08-01T00:45:41+00:00
tax-86c9f3e5db3483994f9e1234,challenger-rt-57-gas,tax-c754975022e9e2e5c92b7728,SUBCATEGORY,Automatic Transmission / Transaxle and Torque Converter,AUTOMATICTRANSMISSIONTRANSAXLEANDTORQUECONVERTER,8hp90-8-speed-automatic-transmission--automatic-transmission-transaxle-and-torque-converter,https://www.moparamerica.com/v-2017-dodge-challenger--r-t--5-7l-v8-gas/8hp90-8-speed-automatic-transmission--automatic-transmission-transaxle-and-torque-converter,46,DISCOVERED,2026-08-01T00:45:41+00:00
tax-a482babf5b61151063006139,challenger-rt-57-gas,tax-c754975022e9e2e5c92b7728,SUBCATEGORY,Gearshift Controls and Related Parts,GEARSHIFTCONTROLSANDRELATEDPARTS,8hp90-8-speed-automatic-transmission--gearshift-controls-and-related-parts,https://www.moparamerica.com/v-2017-dodge-challenger--r-t--5-7l-v8-gas/8hp90-8-speed-automatic-transmission--gearshift-controls-and-related-parts,47,DISCOVERED,2026-08-01T00:45:41+00:00
tax-99b7207025064b3b76ece554,challenger-rt-57-gas,tax-c754975022e9e2e5c92b7728,SUBCATEGORY,Mounting and Skid Plate,MOUNTINGANDSKIDPLATE,8hp90-8-speed-automatic-transmission--mounting-and-skid-plate,https://www.moparamerica.com/v-2017-dodge-challenger--r-t--5-7l-v8-gas/8hp90-8-speed-automatic-transmission--mounting-and-skid-plate,48,DISCOVERED,2026-08-01T00:45:41+00:00
tax-656d230406a50903cd5a5557,challenger-rt-57-gas,tax-2750898cd4b22c7fda089ccd,SUBCATEGORY,Remote Start,REMOTESTART,accessories-audio-video-and-electronics-accessories--remote-start,https://www.moparamerica.com/v-2017-dodge-challenger--r-t--5-7l-v8-gas/accessories-audio-video-and-electronics-accessories--remote-start,49,DISCOVERED,2026-08-01T00:45:41+00:00
tax-f8c4c522b0542ec56934ac4a,challenger-rt-57-gas,tax-2750898cd4b22c7fda089ccd,SUBCATEGORY,Security,SECURITY,accessories-audio-video-and-electronics-accessories--security,https://www.moparamerica.com/v-2017-dodge-challenger--r-t--5-7l-v8-gas/accessories-audio-video-and-electronics-accessories--security,50,DISCOVERED,2026-08-01T00:45:41+00:00
tax-17df3307e4e8402650eb633d,challenger-rt-57-gas,tax-06fe3f1df6e294d9bcd9f8b4,SUBCATEGORY,Engines,ENGINES,accessories-crate-engines--engines,https://www.moparamerica.com/v-2017-dodge-challenger--r-t--5-7l-v8-gas/accessories-crate-engines--engines,51,DISCOVERED,2026-08-01T00:45:41+00:00
tax-a588d02dbeedee513c3515d3,challenger-rt-57-gas,tax-59254db7e91276cbc2e4bf66,SUBCATEGORY,Race Kits,RACEKITS,accessories-drag-pak--race-kits,https://www.moparamerica.com/v-2017-dodge-challenger--r-t--5-7l-v8-gas/accessories-drag-pak--race-kits,52,DISCOVERED,2026-08-01T00:45:41+00:00
tax-4aad4867da2d2fc3a63b8f1b,challenger-rt-57-gas,tax-fc5446a329a8f91e53de34bf,SUBCATEGORY,Covers,COVERS,accessories-exterior-accessories--covers,https://www.moparamerica.com/v-2017-dodge-challenger--r-t--5-7l-v8-gas/accessories-exterior-accessories--covers,53,DISCOVERED,2026-08-01T00:45:41+00:00
tax-79beae32781c6ac2b74cbe67,challenger-rt-57-gas,tax-fc5446a329a8f91e53de34bf,SUBCATEGORY,Exterior Appearance,EXTERIORAPPEARANCE,accessories-exterior-accessories--exterior-appearance,https://www.moparamerica.com/v-2017-dodge-challenger--r-t--5-7l-v8-gas/accessories-exterior-accessories--exterior-appearance,54,DISCOVERED,2026-08-01T00:45:41+00:00
tax-ee13600083d721cdfc26375d,challenger-rt-57-gas,tax-fc5446a329a8f91e53de34bf,SUBCATEGORY,License Plate,LICENSEPLATE,accessories-exterior-accessories--license-plate,https://www.moparamerica.com/v-2017-dodge-challenger--r-t--5-7l-v8-gas/accessories-exterior-accessories--license-plate,55,DISCOVERED,2026-08-01T00:45:41+00:00
tax-1555dd95ad81ecf6bcfcc8fb,challenger-rt-57-gas,tax-fc5446a329a8f91e53de34bf,SUBCATEGORY,Locks,LOCKS,accessories-exterior-accessories--locks,https://www.moparamerica.com/v-2017-dodge-challenger--r-t--5-7l-v8-gas/accessories-exterior-accessories--locks,56,DISCOVERED,2026-08-01T00:45:41+00:00
tax-41ba4e72afa14b82600c0435,challenger-rt-57-gas,tax-fc5446a329a8f91e53de34bf,SUBCATEGORY,Protective Guards,PROTECTIVEGUARDS,accessories-exterior-accessories--protective-guards,https://www.moparamerica.com/v-2017-dodge-challenger--r-t--5-7l-v8-gas/accessories-exterior-accessories--protective-guards,57,DISCOVERED,2026-08-01T00:45:41+00:00
tax-5d6b20864d4fff142944a7ba,challenger-rt-57-gas,tax-fc5446a329a8f91e53de34bf,SUBCATEGORY,Splash Guards,SPLASHGUARDS,accessories-exterior-accessories--splash-guards,https://www.moparamerica.com/v-2017-dodge-challenger--r-t--5-7l-v8-gas/accessories-exterior-accessories--splash-guards,58,DISCOVERED,2026-08-01T00:45:41+00:00
tax-2dce2e30e3819076ef943eb1,challenger-rt-57-gas,tax-fc5446a329a8f91e53de34bf,SUBCATEGORY,Wheels,WHEELS,accessories-exterior-accessories--wheels,https://www.moparamerica.com/v-2017-dodge-challenger--r-t--5-7l-v8-gas/accessories-exterior-accessories--wheels,59,DISCOVERED,2026-08-01T00:45:41+00:00
tax-f9398e72f1e0e73f8bdbe06a,challenger-rt-57-gas,tax-2b8fc65cbb96a485a0a78154,SUBCATEGORY,Air Purification,AIRPURIFICATION,accessories-interior-accessories--air-purification,https://www.moparamerica.com/v-2017-dodge-challenger--r-t--5-7l-v8-gas/accessories-interior-accessories--air-purification,60,DISCOVERED,2026-08-01T00:45:41+00:00
tax-e449ead35e699709c9a78722,challenger-rt-57-gas,tax-2b8fc65cbb96a485a0a78154,SUBCATEGORY,Cargo Trays & Mats,CARGOTRAYSMATS,accessories-interior-accessories--cargo-trays-and-mats,https://www.moparamerica.com/v-2017-dodge-challenger--r-t--5-7l-v8-gas/accessories-interior-accessories--cargo-trays-and-mats,61,DISCOVERED,2026-08-01T00:45:41+00:00
tax-699b592d5ec3cebbe1b4b480,challenger-rt-57-gas,tax-2b8fc65cbb96a485a0a78154,SUBCATEGORY,Floor Mats,FLOORMATS,accessories-interior-accessories--floor-mats,https://www.moparamerica.com/v-2017-dodge-challenger--r-t--5-7l-v8-gas/accessories-interior-accessories--floor-mats,62,DISCOVERED,2026-08-01T00:45:41+00:00
tax-69eada58706d505919439796,challenger-rt-57-gas,tax-2b8fc65cbb96a485a0a78154,SUBCATEGORY,Interior Appearance,INTERIORAPPEARANCE,accessories-interior-accessories--interior-appearance,https://www.moparamerica.com/v-2017-dodge-challenger--r-t--5-7l-v8-gas/accessories-interior-accessories--interior-appearance,63,DISCOVERED,2026-08-01T00:45:41+00:00
tax-6e5fcf532d087c4dbe187cdf,challenger-rt-57-gas,tax-a2eeead64ca2482ac8a7d91d,SUBCATEGORY,Safety Kits,SAFETYKITS,accessories-lifestyle-and-off-road-accessories--safety-kits,https://www.moparamerica.com/v-2017-dodge-challenger--r-t--5-7l-v8-gas/accessories-lifestyle-and-off-road-accessories--safety-kits,64,DISCOVERED,2026-08-01T00:45:41+00:00
tax-291e36bd3d06cd1a800bd433,challenger-rt-57-gas,tax-53e257e07f1c856ba1a915d7,SUBCATEGORY,Charging Unit,CHARGINGUNIT,accessories-lighting-and-electrical-accessories--charging-unit,https://www.moparamerica.com/v-2017-dodge-challenger--r-t--5-7l-v8-gas/accessories-lighting-and-electrical-accessories--charging-unit,65,DISCOVERED,2026-08-01T00:45:41+00:00
tax-8336b8a4320129d5d038a54d,challenger-rt-57-gas,tax-53e257e07f1c856ba1a915d7,SUBCATEGORY,Lights,LIGHTS,accessories-lighting-and-electrical-accessories--lights,https://www.moparamerica.com/v-2017-dodge-challenger--r-t--5-7l-v8-gas/accessories-lighting-and-electrical-accessories--lights,66,DISCOVERED,2026-08-01T00:45:41+00:00
tax-94d68127850cb7703a138daa,challenger-rt-57-gas,tax-437cd9d1fb4f8a24a6dc0ebd,SUBCATEGORY,Engine Parts,ENGINEPARTS,accessories-modern-performance--engine-parts,https://www.moparamerica.com/v-2017-dodge-challenger--r-t--5-7l-v8-gas/accessories-modern-performance--engine-parts,67,DISCOVERED,2026-08-01T00:45:41+00:00
tax-0d5e82366433b49164cd0f4a,challenger-rt-57-gas,tax-437cd9d1fb4f8a24a6dc0ebd,SUBCATEGORY,Intake & Air,INTAKEAIR,accessories-modern-performance--intake-and-air,https://www.moparamerica.com/v-2017-dodge-challenger--r-t--5-7l-v8-gas/accessories-modern-performance--intake-and-air,68,DISCOVERED,2026-08-01T00:45:41+00:00
tax-2d6d2ae4ed86c65ac21c2111,challenger-rt-57-gas,tax-437cd9d1fb4f8a24a6dc0ebd,SUBCATEGORY,Suspension,SUSPENSION,accessories-modern-performance--suspension,https://www.moparamerica.com/v-2017-dodge-challenger--r-t--5-7l-v8-gas/accessories-modern-performance--suspension,69,DISCOVERED,2026-08-01T00:45:41+00:00
tax-7d8500901afc2eb95e9300c7,challenger-rt-57-gas,tax-e2f5ec7fbcc75e42ff88ce8c,SUBCATEGORY,Mopar,MOPAR,accessories-vehicle-care-products--mopar,https://www.moparamerica.com/v-2017-dodge-challenger--r-t--5-7l-v8-gas/accessories-vehicle-care-products--mopar,70,DISCOVERED,2026-08-01T00:45:41+00:00
tax-b390e0c113d044dab0764b67,challenger-rt-57-gas,tax-e2f5ec7fbcc75e42ff88ce8c,SUBCATEGORY,Touch Up Paint,TOUCHUPPAINT,accessories-vehicle-care-products--touch-up-paint,https://www.moparamerica.com/v-2017-dodge-challenger--r-t--5-7l-v8-gas/accessories-vehicle-care-products--touch-up-paint,71,DISCOVERED,2026-08-01T00:45:41+00:00
tax-53c034f591858241b11d3f13,challenger-rt-57-gas,tax-958255554219ffa3b685fb81,SUBCATEGORY,Air Conditioner and Heater Controls,AIRCONDITIONERANDHEATERCONTROLS,air-conditioners-and-heaters--air-conditioner-and-heater-controls,https://www.moparamerica.com/v-2017-dodge-challenger--r-t--5-7l-v8-gas/air-conditioners-and-heaters--air-conditioner-and-heater-controls,72,DISCOVERED,2026-08-01T00:45:41+00:00
tax-5b61dd43f1285fdfe1c3f852,challenger-rt-57-gas,tax-958255554219ffa3b685fb81,SUBCATEGORY,Air Conditioner and Heater Plumbing,AIRCONDITIONERANDHEATERPLUMBING,air-conditioners-and-heaters--air-conditioner-and-heater-plumbing,https://www.moparamerica.com/v-2017-dodge-challenger--r-t--5-7l-v8-gas/air-conditioners-and-heaters--air-conditioner-and-heater-plumbing,73,DISCOVERED,2026-08-01T00:45:41+00:00
tax-7bc547a3249fcf51f55d85d5,challenger-rt-57-gas,tax-958255554219ffa3b685fb81,SUBCATEGORY,Air Conditioner and Heater Units,AIRCONDITIONERANDHEATERUNITS,air-conditioners-and-heaters--air-conditioner-and-heater-units,https://www.moparamerica.com/v-2017-dodge-challenger--r-t--5-7l-v8-gas/air-conditioners-and-heaters--air-conditioner-and-heater-units,74,DISCOVERED,2026-08-01T00:45:41+00:00
tax-785da5aa11707598cdc57203,challenger-rt-57-gas,tax-958255554219ffa3b685fb81,SUBCATEGORY,Air Conditioner Compressor and Mounting,AIRCONDITIONERCOMPRESSORANDMOUNTING,air-conditioners-and-heaters--air-conditioner-compressor-and-mounting,https://www.moparamerica.com/v-2017-dodge-challenger--r-t--5-7l-v8-gas/air-conditioners-and-heaters--air-conditioner-compressor-and-mounting,75,DISCOVERED,2026-08-01T00:45:41+00:00
tax-7ecbde67c0d627e20b79576e,challenger-rt-57-gas,tax-958255554219ffa3b685fb81,SUBCATEGORY,Air Ducts,AIRDUCTS,air-conditioners-and-heaters--air-ducts,https://www.moparamerica.com/v-2017-dodge-challenger--r-t--5-7l-v8-gas/air-conditioners-and-heaters--air-ducts,76,DISCOVERED,2026-08-01T00:45:41+00:00
tax-8245a84fda15928339f20bab,challenger-rt-57-gas,tax-f7a5893a26f2cbbc6b1d76e7,SUBCATEGORY,Drive Shaft,DRIVESHAFT,all-wheel-drive-differential-and-drive-line--drive-shaft,https://www.moparamerica.com/v-2017-dodge-challenger--r-t--5-7l-v8-gas/all-wheel-drive-differential-and-drive-line--drive-shaft,77,DISCOVERED,2026-08-01T00:45:41+00:00
tax-bce23387174d86331158eb4d,challenger-rt-57-gas,tax-f7a5893a26f2cbbc6b1d76e7,SUBCATEGORY,Front Axle Assembly,FRONTAXLEASSEMBLY,all-wheel-drive-differential-and-drive-line--front-axle-assembly,https://www.moparamerica.com/v-2017-dodge-challenger--r-t--5-7l-v8-gas/all-wheel-drive-differential-and-drive-line--front-axle-assembly,78,DISCOVERED,2026-08-01T00:45:41+00:00
tax-0d6e8025e6dcb10a023ea673,challenger-rt-57-gas,tax-f7a5893a26f2cbbc6b1d76e7,SUBCATEGORY,Front Axle Drive Shafts,FRONTAXLEDRIVESHAFTS,all-wheel-drive-differential-and-drive-line--front-axle-drive-shafts,https://www.moparamerica.com/v-2017-dodge-challenger--r-t--5-7l-v8-gas/all-wheel-drive-differential-and-drive-line--front-axle-drive-shafts,79,DISCOVERED,2026-08-01T00:45:41+00:00
tax-2768dde7cd54102edca4a5c9,challenger-rt-57-gas,tax-f7a5893a26f2cbbc6b1d76e7,SUBCATEGORY,Rear Axle Assembly,REARAXLEASSEMBLY,all-wheel-drive-differential-and-drive-line--rear-axle-assembly,https://www.moparamerica.com/v-2017-dodge-challenger--r-t--5-7l-v8-gas/all-wheel-drive-differential-and-drive-line--rear-axle-assembly,80,DISCOVERED,2026-08-01T00:45:41+00:00
tax-97d54c49907b85d577cf2e96,challenger-rt-57-gas,tax-f7a5893a26f2cbbc6b1d76e7,SUBCATEGORY,"Rear Axle; Housing, Differential and Vent",REARAXLEHOUSINGDIFFERENTIALANDVENT,all-wheel-drive-differential-and-drive-line--rear-axle-housing-differential-and-vent,https://www.moparamerica.com/v-2017-dodge-challenger--r-t--5-7l-v8-gas/all-wheel-drive-differential-and-drive-line--rear-axle-housing-differential-and-vent,81,DISCOVERED,2026-08-01T00:45:41+00:00
tax-5fcb4b9e2cba843961cedfc9,challenger-rt-57-gas,tax-f7a5893a26f2cbbc6b1d76e7,SUBCATEGORY,Rear Axle Shafts,REARAXLESHAFTS,all-wheel-drive-differential-and-drive-line--rear-axle-shafts,https://www.moparamerica.com/v-2017-dodge-challenger--r-t--5-7l-v8-gas/all-wheel-drive-differential-and-drive-line--rear-axle-shafts,82,DISCOVERED,2026-08-01T00:45:41+00:00
tax-0593a5c0e0e58c3487c62930,challenger-rt-57-gas,tax-d725db1a8760ccada6355505,SUBCATEGORY,Aperture Panel and Pillar Supports,APERTUREPANELANDPILLARSUPPORTS,body-sheet-metal-except-doors--aperture-panel-and-pillar-supports,https://www.moparamerica.com/v-2017-dodge-challenger--r-t--5-7l-v8-gas/body-sheet-metal-except-doors--aperture-panel-and-pillar-supports,83,DISCOVERED,2026-08-01T00:45:41+00:00
tax-f37da81c5c5e92f0514e5a01,challenger-rt-57-gas,tax-d725db1a8760ccada6355505,SUBCATEGORY,"Body Structure Welds, Weatherstrips, Seals, Sealers and Adhesives",BODYSTRUCTUREWELDSWEATHERSTRIPSSEALSSEALERSANDADHESIVES,body-sheet-metal-except-doors--body-structure-welds-weatherstrips-seals-sealers-and-adhesives,https://www.moparamerica.com/v-2017-dodge-challenger--r-t--5-7l-v8-gas/body-sheet-metal-except-doors--body-structure-welds-weatherstrips-seals-sealers-and-adhesives,84,DISCOVERED,2026-08-01T00:45:41+00:00
tax-c74abf36ca57c3fd36e8d216,challenger-rt-57-gas,tax-d725db1a8760ccada6355505,SUBCATEGORY,Cowl and Dash Panel,COWLANDDASHPANEL,body-sheet-metal-except-doors--cowl-and-dash-panel,https://www.moparamerica.com/v-2017-dodge-challenger--r-t--5-7l-v8-gas/body-sheet-metal-except-doors--cowl-and-dash-panel,85,DISCOVERED,2026-08-01T00:45:41+00:00
tax-d1c2041931f7d10a2f222857,challenger-rt-57-gas,tax-d725db1a8760ccada6355505,SUBCATEGORY,Deck Lid,DECKLID,body-sheet-metal-except-doors--deck-lid,https://www.moparamerica.com/v-2017-dodge-challenger--r-t--5-7l-v8-gas/body-sheet-metal-except-doors--deck-lid,86,DISCOVERED,2026-08-01T00:45:41+00:00
tax-94967b74353b3afc13c4a387,challenger-rt-57-gas,tax-d725db1a8760ccada6355505,SUBCATEGORY,Fenders,FENDERS,body-sheet-metal-except-doors--fenders,https://www.moparamerica.com/v-2017-dodge-challenger--r-t--5-7l-v8-gas/body-sheet-metal-except-doors--fenders,87,DISCOVERED,2026-08-01T00:45:41+00:00
tax-a6f1926bafe56a84e2f1ce89,challenger-rt-57-gas,tax-d725db1a8760ccada6355505,SUBCATEGORY,Floor Pans,FLOORPANS,body-sheet-metal-except-doors--floor-pans,https://www.moparamerica.com/v-2017-dodge-challenger--r-t--5-7l-v8-gas/body-sheet-metal-except-doors--floor-pans,88,DISCOVERED,2026-08-01T00:45:41+00:00
tax-6980bdbb72dd675cb07c24f7,challenger-rt-57-gas,tax-d725db1a8760ccada6355505,SUBCATEGORY,Hood and Hood Release,HOODANDHOODRELEASE,body-sheet-metal-except-doors--hood-and-hood-release,https://www.moparamerica.com/v-2017-dodge-challenger--r-t--5-7l-v8-gas/body-sheet-metal-except-doors--hood-and-hood-release,89,DISCOVERED,2026-08-01T00:45:41+00:00
tax-8d1b68c6e73ee8de42717dcb,challenger-rt-57-gas,tax-d725db1a8760ccada6355505,SUBCATEGORY,Plugs,PLUGS,body-sheet-metal-except-doors--plugs,https://www.moparamerica.com/v-2017-dodge-challenger--r-t--5-7l-v8-gas/body-sheet-metal-except-doors--plugs,90,DISCOVERED,2026-08-01T00:45:41+00:00
tax-de0f288d7f8f093cc1a4b42a,challenger-rt-57-gas,tax-d725db1a8760ccada6355505,SUBCATEGORY,Roof,ROOF,body-sheet-metal-except-doors--roof,https://www.moparamerica.com/v-2017-dodge-challenger--r-t--5-7l-v8-gas/body-sheet-metal-except-doors--roof,91,DISCOVERED,2026-08-01T00:45:41+00:00
tax-5c27928a416aadc08c20ec5d,challenger-rt-57-gas,tax-d725db1a8760ccada6355505,SUBCATEGORY,Shelf Panel,SHELFPANEL,body-sheet-metal-except-doors--shelf-panel,https://www.moparamerica.com/v-2017-dodge-challenger--r-t--5-7l-v8-gas/body-sheet-metal-except-doors--shelf-panel,92,DISCOVERED,2026-08-01T00:45:41+00:00
tax-d3f3846013d2748ebbbecb1e,challenger-rt-57-gas,tax-d725db1a8760ccada6355505,SUBCATEGORY,Sunroof,SUNROOF,body-sheet-metal-except-doors--sunroof,https://www.moparamerica.com/v-2017-dodge-challenger--r-t--5-7l-v8-gas/body-sheet-metal-except-doors--sunroof,93,DISCOVERED,2026-08-01T00:45:41+00:00
tax-fd240a16c316d00f3754c360,challenger-rt-57-gas,tax-d028be49c06c112113bc2e12,SUBCATEGORY,Brake Master Cylinder,BRAKEMASTERCYLINDER,brakes--brake-master-cylinder,https://www.moparamerica.com/v-2017-dodge-challenger--r-t--5-7l-v8-gas/brakes--brake-master-cylinder,94,DISCOVERED,2026-08-01T00:45:41+00:00
tax-3227093fd68a6e2d548eacc9,challenger-rt-57-gas,tax-d028be49c06c112113bc2e12,SUBCATEGORY,Brake Pedals,BRAKEPEDALS,brakes--brake-pedals,https://www.moparamerica.com/v-2017-dodge-challenger--r-t--5-7l-v8-gas/brakes--brake-pedals,95,DISCOVERED,2026-08-01T00:45:41+00:00
tax-96910f588450f714b3de957c,challenger-rt-57-gas,tax-d028be49c06c112113bc2e12,SUBCATEGORY,Front Brakes,FRONTBRAKES,brakes--front-brakes,https://www.moparamerica.com/v-2017-dodge-challenger--r-t--5-7l-v8-gas/brakes--front-brakes,96,DISCOVERED,2026-08-01T00:45:41+00:00
tax-aaab17a22d602d6c18c1c351,challenger-rt-57-gas,tax-d028be49c06c112113bc2e12,SUBCATEGORY,"Hydraulic Control Unit, Brake Tubes and Hoses",HYDRAULICCONTROLUNITBRAKETUBESANDHOSES,brakes--hydraulic-control-unit-brake-tubes-and-hoses,https://www.moparamerica.com/v-2017-dodge-challenger--r-t--5-7l-v8-gas/brakes--hydraulic-control-unit-brake-tubes-and-hoses,97,DISCOVERED,2026-08-01T00:45:41+00:00
tax-40548f4a656866a06b4a6ba2,challenger-rt-57-gas,tax-d028be49c06c112113bc2e12,SUBCATEGORY,"Parking Brake Lever, Cables, and Rear Disc Park Brake Assembly",PARKINGBRAKELEVERCABLESANDREARDISCPARKBRAKEASSEMBLY,brakes--parking-brake-lever-cables-and-rear-disc-park-brake-assembly,https://www.moparamerica.com/v-2017-dodge-challenger--r-t--5-7l-v8-gas/brakes--parking-brake-lever-cables-and-rear-disc-park-brake-assembly,98,DISCOVERED,2026-08-01T00:45:41+00:00
tax-2985d2609db9311733047bf2,challenger-rt-57-gas,tax-d028be49c06c112113bc2e12,SUBCATEGORY,Power Brake Booster,POWERBRAKEBOOSTER,brakes--power-brake-booster,https://www.moparamerica.com/v-2017-dodge-challenger--r-t--5-7l-v8-gas/brakes--power-brake-booster,99,DISCOVERED,2026-08-01T00:45:41+00:00
tax-3577af0728ab8a4b043c4b78,challenger-rt-57-gas,tax-d028be49c06c112113bc2e12,SUBCATEGORY,Rear Brakes,REARBRAKES,brakes--rear-brakes,https://www.moparamerica.com/v-2017-dodge-challenger--r-t--5-7l-v8-gas/brakes--rear-brakes,100,DISCOVERED,2026-08-01T00:45:41+00:00
tax-8b0a0b2163673dad26621ebc,challenger-rt-57-gas,tax-b3f1e444f5780615e16594d4,SUBCATEGORY,Clutch,CLUTCH,clutch--clutch,https://www.moparamerica.com/v-2017-dodge-challenger--r-t--5-7l-v8-gas/clutch--clutch,101,DISCOVERED,2026-08-01T00:45:41+00:00
tax-db2ddc92da4912cec4123fae,challenger-rt-57-gas,tax-b3f1e444f5780615e16594d4,SUBCATEGORY,Clutch Controls,CLUTCHCONTROLS,clutch--clutch-controls,https://www.moparamerica.com/v-2017-dodge-challenger--r-t--5-7l-v8-gas/clutch--clutch-controls,102,DISCOVERED,2026-08-01T00:45:41+00:00
tax-059fe8201229043f0471e3f7,challenger-rt-57-gas,tax-b3f1e444f5780615e16594d4,SUBCATEGORY,Clutch Housing,CLUTCHHOUSING,clutch--clutch-housing,https://www.moparamerica.com/v-2017-dodge-challenger--r-t--5-7l-v8-gas/clutch--clutch-housing,103,DISCOVERED,2026-08-01T00:45:41+00:00
tax-d0701999e700529c5dd155db,challenger-rt-57-gas,tax-b3f1e444f5780615e16594d4,SUBCATEGORY,Clutch Pedals,CLUTCHPEDALS,clutch--clutch-pedals,https://www.moparamerica.com/v-2017-dodge-challenger--r-t--5-7l-v8-gas/clutch--clutch-pedals,104,DISCOVERED,2026-08-01T00:45:41+00:00
tax-b2bf2af95ccdd42829dc0e3b,challenger-rt-57-gas,tax-50e77216eed8ef5fa79b61f8,SUBCATEGORY,Exterior,EXTERIOR,conversion-and-upfit-packages--exterior,https://www.moparamerica.com/v-2017-dodge-challenger--r-t--5-7l-v8-gas/conversion-and-upfit-packages--exterior,105,DISCOVERED,2026-08-01T00:45:41+00:00
tax-87a6a3394b9637eb6657626a,challenger-rt-57-gas,tax-b3552af0b3922e9f5b9694fc,SUBCATEGORY,Drive Belts,DRIVEBELTS,cooling--drive-belts,https://www.moparamerica.com/v-2017-dodge-challenger--r-t--5-7l-v8-gas/cooling--drive-belts,106,DISCOVERED,2026-08-01T00:45:41+00:00
tax-f6756c340fc859969e17d844,challenger-rt-57-gas,tax-b3552af0b3922e9f5b9694fc,SUBCATEGORY,Engine Coolant Reservoir (Bottle),ENGINECOOLANTRESERVOIRBOTTLE,cooling--engine-coolant-reservoir-bottle,https://www.moparamerica.com/v-2017-dodge-challenger--r-t--5-7l-v8-gas/cooling--engine-coolant-reservoir-bottle,107,DISCOVERED,2026-08-01T00:45:41+00:00
tax-edfed045e97f6af7b0757653,challenger-rt-57-gas,tax-b3552af0b3922e9f5b9694fc,SUBCATEGORY,Pulleys and Related Parts,PULLEYSANDRELATEDPARTS,cooling--pulleys-and-related-parts,https://www.moparamerica.com/v-2017-dodge-challenger--r-t--5-7l-v8-gas/cooling--pulleys-and-related-parts,108,DISCOVERED,2026-08-01T00:45:41+00:00
tax-1ce76b5cea41bfb9c53e4f0a,challenger-rt-57-gas,tax-b3552af0b3922e9f5b9694fc,SUBCATEGORY,Radiator and Related Parts; Charge Air Cooler,RADIATORANDRELATEDPARTSCHARGEAIRCOOLER,cooling--radiator-and-related-parts-charge-air-cooler,https://www.moparamerica.com/v-2017-dodge-challenger--r-t--5-7l-v8-gas/cooling--radiator-and-related-parts-charge-air-cooler,109,DISCOVERED,2026-08-01T00:45:41+00:00
tax-9e9a4cab1709b394dac1776e,challenger-rt-57-gas,tax-b3552af0b3922e9f5b9694fc,SUBCATEGORY,"Transmission Oil Cooler, and Lines",TRANSMISSIONOILCOOLERANDLINES,cooling--transmission-oil-cooler-and-lines,https://www.moparamerica.com/v-2017-dodge-challenger--r-t--5-7l-v8-gas/cooling--transmission-oil-cooler-and-lines,110,DISCOVERED,2026-08-01T00:45:41+00:00
tax-348587b95671b9776217e8bc,challenger-rt-57-gas,tax-b3552af0b3922e9f5b9694fc,SUBCATEGORY,Water Pump and Related Parts,WATERPUMPANDRELATEDPARTS,cooling--water-pump-and-related-parts,https://www.moparamerica.com/v-2017-dodge-challenger--r-t--5-7l-v8-gas/cooling--water-pump-and-related-parts,111,DISCOVERED,2026-08-01T00:45:41+00:00
tax-038d5a5db7ba4802202ee23d,challenger-rt-57-gas,tax-983ec96f7a9a446568f9aa3a,SUBCATEGORY,Exterior Mirror,EXTERIORMIRROR,doors-door-mirrors-and-related-parts--exterior-mirror,https://www.moparamerica.com/v-2017-dodge-challenger--r-t--5-7l-v8-gas/doors-door-mirrors-and-related-parts--exterior-mirror,112,DISCOVERED,2026-08-01T00:45:41+00:00
tax-6665702baa4ad80469e98c0e,challenger-rt-57-gas,tax-983ec96f7a9a446568f9aa3a,SUBCATEGORY,Front Door,FRONTDOOR,doors-door-mirrors-and-related-parts--front-door,https://www.moparamerica.com/v-2017-dodge-challenger--r-t--5-7l-v8-gas/doors-door-mirrors-and-related-parts--front-door,113,DISCOVERED,2026-08-01T00:45:41+00:00
tax-db59fbc1730cb0f3468e1ef9,challenger-rt-57-gas,tax-983ec96f7a9a446568f9aa3a,SUBCATEGORY,Weatherstrips and Seals,WEATHERSTRIPSANDSEALS,doors-door-mirrors-and-related-parts--weatherstrips-and-seals,https://www.moparamerica.com/v-2017-dodge-challenger--r-t--5-7l-v8-gas/doors-door-mirrors-and-related-parts--weatherstrips-and-seals,114,DISCOVERED,2026-08-01T00:45:41+00:00
tax-1a00020c3e4d34e8a057d06e,challenger-rt-57-gas,tax-ab46c502055c21d2cb744e76,SUBCATEGORY,"Battery, Battery Tray and Cables",BATTERYBATTERYTRAYANDCABLES,electrical--battery-battery-tray-and-cables,https://www.moparamerica.com/v-2017-dodge-challenger--r-t--5-7l-v8-gas/electrical--battery-battery-tray-and-cables,115,DISCOVERED,2026-08-01T00:45:41+00:00
tax-310d0a25aee6c1673b477eb4,challenger-rt-57-gas,tax-ab46c502055c21d2cb744e76,SUBCATEGORY,Generators / Alternators,GENERATORSALTERNATORS,electrical--generators-alternators,https://www.moparamerica.com/v-2017-dodge-challenger--r-t--5-7l-v8-gas/electrical--generators-alternators,116,DISCOVERED,2026-08-01T00:45:41+00:00
tax-c28aad949f0368ff3afcd7be,challenger-rt-57-gas,tax-ab46c502055c21d2cb744e76,SUBCATEGORY,Horns,HORNS,electrical--horns,https://www.moparamerica.com/v-2017-dodge-challenger--r-t--5-7l-v8-gas/electrical--horns,117,DISCOVERED,2026-08-01T00:45:41+00:00
tax-576cf29e52a7b3eaffa094b4,challenger-rt-57-gas,tax-ab46c502055c21d2cb744e76,SUBCATEGORY,"Ignition - Spark Plugs, Cables, Coils, and Glow Plugs",IGNITIONSPARKPLUGSCABLESCOILSANDGLOWPLUGS,electrical--ignition-spark-plugs-cables-coils-and-glow-plugs,https://www.moparamerica.com/v-2017-dodge-challenger--r-t--5-7l-v8-gas/electrical--ignition-spark-plugs-cables-coils-and-glow-plugs,118,DISCOVERED,2026-08-01T00:45:41+00:00
tax-8be295ebc68e1ac5505c25c6,challenger-rt-57-gas,tax-ab46c502055c21d2cb744e76,SUBCATEGORY,Instrument Panel Cluster,INSTRUMENTPANELCLUSTER,electrical--instrument-panel-cluster,https://www.moparamerica.com/v-2017-dodge-challenger--r-t--5-7l-v8-gas/electrical--instrument-panel-cluster,119,DISCOVERED,2026-08-01T00:45:41+00:00
tax-2fa686f69eb69507a1d5108c,challenger-rt-57-gas,tax-ab46c502055c21d2cb744e76,SUBCATEGORY,"Keys, Modules and Engine Controllers",KEYSMODULESANDENGINECONTROLLERS,electrical--keys-modules-and-engine-controllers,https://www.moparamerica.com/v-2017-dodge-challenger--r-t--5-7l-v8-gas/electrical--keys-modules-and-engine-controllers,120,DISCOVERED,2026-08-01T00:45:41+00:00
tax-16e94ba27f16fbf46017d483,challenger-rt-57-gas,tax-ab46c502055c21d2cb744e76,SUBCATEGORY,Lamps-Interior and Exterior,LAMPSINTERIORANDEXTERIOR,electrical--lamps-interior-and-exterior,https://www.moparamerica.com/v-2017-dodge-challenger--r-t--5-7l-v8-gas/electrical--lamps-interior-and-exterior,121,DISCOVERED,2026-08-01T00:45:41+00:00
tax-e791ebd50f50abba90309e5a,challenger-rt-57-gas,tax-ab46c502055c21d2cb744e76,SUBCATEGORY,Park Assist,PARKASSIST,electrical--park-assist,https://www.moparamerica.com/v-2017-dodge-challenger--r-t--5-7l-v8-gas/electrical--park-assist,122,DISCOVERED,2026-08-01T00:45:41+00:00
tax-8c58b589ff3afacc450897dd,challenger-rt-57-gas,tax-ab46c502055c21d2cb744e76,SUBCATEGORY,"Power Distribution Center, Fuse Block, Junction Block, Relays and Fuses",POWERDISTRIBUTIONCENTERFUSEBLOCKJUNCTIONBLOCKRELAYSANDFUSES,electrical--power-distribution-center-fuse-block-junction-block-relays-and-fuses,https://www.moparamerica.com/v-2017-dodge-challenger--r-t--5-7l-v8-gas/electrical--power-distribution-center-fuse-block-junction-block-relays-and-fuses,123,DISCOVERED,2026-08-01T00:45:41+00:00
tax-6bea5248ea42ac4d1b780014,challenger-rt-57-gas,tax-ab46c502055c21d2cb744e76,SUBCATEGORY,"Radio, Antenna, Speakers, DVD, and Video systems",RADIOANTENNASPEAKERSDVDANDVIDEOSYSTEMS,electrical--radio-antenna-speakers-dvd-and-video-systems,https://www.moparamerica.com/v-2017-dodge-challenger--r-t--5-7l-v8-gas/electrical--radio-antenna-speakers-dvd-and-video-systems,124,DISCOVERED,2026-08-01T00:45:41+00:00
tax-d809622cf4a435d191b289b9,challenger-rt-57-gas,tax-ab46c502055c21d2cb744e76,SUBCATEGORY,Sensors,SENSORS,electrical--sensors,https://www.moparamerica.com/v-2017-dodge-challenger--r-t--5-7l-v8-gas/electrical--sensors,125,DISCOVERED,2026-08-01T00:45:41+00:00
tax-1f7be2a84221ac3c61c6cdbf,challenger-rt-57-gas,tax-ab46c502055c21d2cb744e76,SUBCATEGORY,Speed Control,SPEEDCONTROL,electrical--speed-control,https://www.moparamerica.com/v-2017-dodge-challenger--r-t--5-7l-v8-gas/electrical--speed-control,126,DISCOVERED,2026-08-01T00:45:41+00:00
tax-fc31db8031b60218033a5dca,challenger-rt-57-gas,tax-ab46c502055c21d2cb744e76,SUBCATEGORY,Starters,STARTERS,electrical--starters,https://www.moparamerica.com/v-2017-dodge-challenger--r-t--5-7l-v8-gas/electrical--starters,127,DISCOVERED,2026-08-01T00:45:41+00:00
tax-e367e2538ad4a610d61e9962,challenger-rt-57-gas,tax-ab46c502055c21d2cb744e76,SUBCATEGORY,Switches,SWITCHES,electrical--switches,https://www.moparamerica.com/v-2017-dodge-challenger--r-t--5-7l-v8-gas/electrical--switches,128,DISCOVERED,2026-08-01T00:45:41+00:00
tax-bde0de4c66faeebd8a7d9910,challenger-rt-57-gas,tax-ab46c502055c21d2cb744e76,SUBCATEGORY,Wiper and Washer System,WIPERANDWASHERSYSTEM,electrical--wiper-and-washer-system,https://www.moparamerica.com/v-2017-dodge-challenger--r-t--5-7l-v8-gas/electrical--wiper-and-washer-system,129,DISCOVERED,2026-08-01T00:45:41+00:00
tax-d6da461a9a87505ea961ed8a,challenger-rt-57-gas,tax-ab46c502055c21d2cb744e76,SUBCATEGORY,Wiring-Body and Accessories,WIRINGBODYANDACCESSORIES,electrical--wiring-body-and-accessories,https://www.moparamerica.com/v-2017-dodge-challenger--r-t--5-7l-v8-gas/electrical--wiring-body-and-accessories,130,DISCOVERED,2026-08-01T00:45:41+00:00
tax-2423824ea0e222aa78b6bbc2,challenger-rt-57-gas,tax-ab46c502055c21d2cb744e76,SUBCATEGORY,Wiring-Headlamp to Dash,WIRINGHEADLAMPTODASH,electrical--wiring-headlamp-to-dash,https://www.moparamerica.com/v-2017-dodge-challenger--r-t--5-7l-v8-gas/electrical--wiring-headlamp-to-dash,131,DISCOVERED,2026-08-01T00:45:41+00:00
tax-6bda663043044baacd15f109,challenger-rt-57-gas,tax-ab46c502055c21d2cb744e76,SUBCATEGORY,Wiring-Instrument Panel,WIRINGINSTRUMENTPANEL,electrical--wiring-instrument-panel,https://www.moparamerica.com/v-2017-dodge-challenger--r-t--5-7l-v8-gas/electrical--wiring-instrument-panel,132,DISCOVERED,2026-08-01T00:45:41+00:00
tax-46b13587d3d5720d35358bd9,challenger-rt-57-gas,tax-ab46c502055c21d2cb744e76,SUBCATEGORY,Wiring-Powertrain,WIRINGPOWERTRAIN,electrical--wiring-powertrain,https://www.moparamerica.com/v-2017-dodge-challenger--r-t--5-7l-v8-gas/electrical--wiring-powertrain,133,DISCOVERED,2026-08-01T00:45:41+00:00
tax-2dfb63b65f8600021f0d7df8,challenger-rt-57-gas,tax-497d8baa8945c696200af905,SUBCATEGORY,Emission Harness,EMISSIONHARNESS,emission-controls--emission-harness,https://www.moparamerica.com/v-2017-dodge-challenger--r-t--5-7l-v8-gas/emission-controls--emission-harness,134,DISCOVERED,2026-08-01T00:45:41+00:00
tax-72428acfa22c820d345a7ab2,challenger-rt-57-gas,tax-497d8baa8945c696200af905,SUBCATEGORY,Vacuum Canister/Leak Detection Pump,VACUUMCANISTERLEAKDETECTIONPUMP,emission-controls--vacuum-canister-leak-detection-pump,https://www.moparamerica.com/v-2017-dodge-challenger--r-t--5-7l-v8-gas/emission-controls--vacuum-canister-leak-detection-pump,135,DISCOVERED,2026-08-01T00:45:41+00:00
tax-cf6da450eb44f37fa94b5c63,challenger-rt-57-gas,tax-40e75c97a26545038c0e9792,SUBCATEGORY,Exhaust System,EXHAUSTSYSTEM,exhaust--exhaust-system,https://www.moparamerica.com/v-2017-dodge-challenger--r-t--5-7l-v8-gas/exhaust--exhaust-system,136,DISCOVERED,2026-08-01T00:45:41+00:00
tax-0f1f7e737b64909ab5bb00cf,challenger-rt-57-gas,tax-80af3e129b06720193931ce7,SUBCATEGORY,Decals and Tape stripes,DECALSANDTAPESTRIPES,exterior-ornamentation--decals-and-tape-stripes,https://www.moparamerica.com/v-2017-dodge-challenger--r-t--5-7l-v8-gas/exterior-ornamentation--decals-and-tape-stripes,137,DISCOVERED,2026-08-01T00:45:41+00:00
tax-3ef2fa0ba403054cdf3923ee,challenger-rt-57-gas,tax-80af3e129b06720193931ce7,SUBCATEGORY,Grilles,GRILLES,exterior-ornamentation--grilles,https://www.moparamerica.com/v-2017-dodge-challenger--r-t--5-7l-v8-gas/exterior-ornamentation--grilles,138,DISCOVERED,2026-08-01T00:45:41+00:00
tax-efd2f9c4c4d6f74bc28e4661,challenger-rt-57-gas,tax-80af3e129b06720193931ce7,SUBCATEGORY,Moldings and Ornamentation,MOLDINGSANDORNAMENTATION,exterior-ornamentation--moldings-and-ornamentation,https://www.moparamerica.com/v-2017-dodge-challenger--r-t--5-7l-v8-gas/exterior-ornamentation--moldings-and-ornamentation,139,DISCOVERED,2026-08-01T00:45:41+00:00
tax-7ac57af8988a20ff9a007642,challenger-rt-57-gas,tax-80af3e129b06720193931ce7,SUBCATEGORY,Nameplates,NAMEPLATES,exterior-ornamentation--nameplates,https://www.moparamerica.com/v-2017-dodge-challenger--r-t--5-7l-v8-gas/exterior-ornamentation--nameplates,140,DISCOVERED,2026-08-01T00:45:41+00:00
tax-c421770c5476dc5adca94fe9,challenger-rt-57-gas,tax-833b24f76ad47342925ab719,SUBCATEGORY,Frames,FRAMES,frame-bumper-and-fascia--frames,https://www.moparamerica.com/v-2017-dodge-challenger--r-t--5-7l-v8-gas/frame-bumper-and-fascia--frames,141,DISCOVERED,2026-08-01T00:45:41+00:00
tax-96249323cfcb4549be995045,challenger-rt-57-gas,tax-833b24f76ad47342925ab719,SUBCATEGORY,Front Bumper and Fascia,FRONTBUMPERANDFASCIA,frame-bumper-and-fascia--front-bumper-and-fascia,https://www.moparamerica.com/v-2017-dodge-challenger--r-t--5-7l-v8-gas/frame-bumper-and-fascia--front-bumper-and-fascia,142,DISCOVERED,2026-08-01T00:45:41+00:00
tax-838931e562f721c2a2c4b5f1,challenger-rt-57-gas,tax-833b24f76ad47342925ab719,SUBCATEGORY,Rear Bumper and Fascia,REARBUMPERANDFASCIA,frame-bumper-and-fascia--rear-bumper-and-fascia,https://www.moparamerica.com/v-2017-dodge-challenger--r-t--5-7l-v8-gas/frame-bumper-and-fascia--rear-bumper-and-fascia,143,DISCOVERED,2026-08-01T00:45:41+00:00
tax-39b978985aae626f472a2115,challenger-rt-57-gas,tax-f1a1e104928f49d60bba5e10,SUBCATEGORY,Front Stabilizer Bar,FRONTSTABILIZERBAR,front-suspension--front-stabilizer-bar,https://www.moparamerica.com/v-2017-dodge-challenger--r-t--5-7l-v8-gas/front-suspension--front-stabilizer-bar,144,DISCOVERED,2026-08-01T00:45:41+00:00
tax-26695cf6c99c955637889c8d,challenger-rt-57-gas,tax-f1a1e104928f49d60bba5e10,SUBCATEGORY,"Front Suspension, Strut and Cradle",FRONTSUSPENSIONSTRUTANDCRADLE,front-suspension--front-suspension-strut-and-cradle,https://www.moparamerica.com/v-2017-dodge-challenger--r-t--5-7l-v8-gas/front-suspension--front-suspension-strut-and-cradle,145,DISCOVERED,2026-08-01T00:45:41+00:00
tax-34d2be2cc67eeb7e7e9bc0a9,challenger-rt-57-gas,tax-7bf28d8f7fe1af265b7ac2f9,SUBCATEGORY,Accelerator Pedal,ACCELERATORPEDAL,fuel--accelerator-pedal,https://www.moparamerica.com/v-2017-dodge-challenger--r-t--5-7l-v8-gas/fuel--accelerator-pedal,146,DISCOVERED,2026-08-01T00:45:41+00:00
tax-7193e00f79590d9e776c791c,challenger-rt-57-gas,tax-7bf28d8f7fe1af265b7ac2f9,SUBCATEGORY,Air Cleaner,AIRCLEANER,fuel--air-cleaner,https://www.moparamerica.com/v-2017-dodge-challenger--r-t--5-7l-v8-gas/fuel--air-cleaner,147,DISCOVERED,2026-08-01T00:45:41+00:00
tax-ad6d44ffc9f27cf483df7e82,challenger-rt-57-gas,tax-7bf28d8f7fe1af265b7ac2f9,SUBCATEGORY,Fuel Lines,FUELLINES,fuel--fuel-lines,https://www.moparamerica.com/v-2017-dodge-challenger--r-t--5-7l-v8-gas/fuel--fuel-lines,148,DISCOVERED,2026-08-01T00:45:41+00:00
tax-6712f403cfc5ea9e38e6377c,challenger-rt-57-gas,tax-7bf28d8f7fe1af265b7ac2f9,SUBCATEGORY,Fuel Pump and Sending Unit,FUELPUMPANDSENDINGUNIT,fuel--fuel-pump-and-sending-unit,https://www.moparamerica.com/v-2017-dodge-challenger--r-t--5-7l-v8-gas/fuel--fuel-pump-and-sending-unit,149,DISCOVERED,2026-08-01T00:45:41+00:00
tax-a025745d310dcf20eaa3248b,challenger-rt-57-gas,tax-7bf28d8f7fe1af265b7ac2f9,SUBCATEGORY,Fuel Rail and Injectors,FUELRAILANDINJECTORS,fuel--fuel-rail-and-injectors,https://www.moparamerica.com/v-2017-dodge-challenger--r-t--5-7l-v8-gas/fuel--fuel-rail-and-injectors,150,DISCOVERED,2026-08-01T00:45:41+00:00
tax-b2edc8e1d282c18f6d46c162,challenger-rt-57-gas,tax-7bf28d8f7fe1af265b7ac2f9,SUBCATEGORY,Fuel Tank,FUELTANK,fuel--fuel-tank,https://www.moparamerica.com/v-2017-dodge-challenger--r-t--5-7l-v8-gas/fuel--fuel-tank,151,DISCOVERED,2026-08-01T00:45:41+00:00
tax-dd54261a14fb631e3cb92073,challenger-rt-57-gas,tax-7bf28d8f7fe1af265b7ac2f9,SUBCATEGORY,Fuel Tank Filler Tube,FUELTANKFILLERTUBE,fuel--fuel-tank-filler-tube,https://www.moparamerica.com/v-2017-dodge-challenger--r-t--5-7l-v8-gas/fuel--fuel-tank-filler-tube,152,DISCOVERED,2026-08-01T00:45:41+00:00
tax-ff3b3498ac2ce1be8e8b3104,challenger-rt-57-gas,tax-7bf28d8f7fe1af265b7ac2f9,SUBCATEGORY,Throttle Body,THROTTLEBODY,fuel--throttle-body,https://www.moparamerica.com/v-2017-dodge-challenger--r-t--5-7l-v8-gas/fuel--throttle-body,153,DISCOVERED,2026-08-01T00:45:41+00:00
tax-ab794243ad8d2856afa11362,challenger-rt-57-gas,tax-4972b1bbabfbba4cb8dd7caf,SUBCATEGORY,Glass and Interior Rear View Mirror,GLASSANDINTERIORREARVIEWMIRROR,glass--glass-and-interior-rear-view-mirror,https://www.moparamerica.com/v-2017-dodge-challenger--r-t--5-7l-v8-gas/glass--glass-and-interior-rear-view-mirror,154,DISCOVERED,2026-08-01T00:45:41+00:00
tax-447b1f6193b662a2cb6b4958,challenger-rt-57-gas,tax-376f5d81cc0e2cc866a7d540,SUBCATEGORY,"Carpets, Floor Mats, Load Floor, and Silencers",CARPETSFLOORMATSLOADFLOORANDSILENCERS,interior-trim--carpets-floor-mats-load-floor-and-silencers,https://www.moparamerica.com/v-2017-dodge-challenger--r-t--5-7l-v8-gas/interior-trim--carpets-floor-mats-load-floor-and-silencers,155,DISCOVERED,2026-08-01T00:45:41+00:00
tax-b6ed056989d2bc9c4c318795,challenger-rt-57-gas,tax-376f5d81cc0e2cc866a7d540,SUBCATEGORY,Consoles,CONSOLES,interior-trim--consoles,https://www.moparamerica.com/v-2017-dodge-challenger--r-t--5-7l-v8-gas/interior-trim--consoles,156,DISCOVERED,2026-08-01T00:45:41+00:00
tax-14cd3ccb84f1d2f34102756e,challenger-rt-57-gas,tax-376f5d81cc0e2cc866a7d540,SUBCATEGORY,Door Trim Panels-Front and Rear,DOORTRIMPANELSFRONTANDREAR,interior-trim--door-trim-panels-front-and-rear,https://www.moparamerica.com/v-2017-dodge-challenger--r-t--5-7l-v8-gas/interior-trim--door-trim-panels-front-and-rear,157,DISCOVERED,2026-08-01T00:45:41+00:00
tax-7e36f33c866e962145557727,challenger-rt-57-gas,tax-376f5d81cc0e2cc866a7d540,SUBCATEGORY,"Front Seats - Adjusters, Recliners, Shields and Risers",FRONTSEATSADJUSTERSRECLINERSSHIELDSANDRISERS,interior-trim--front-seats-adjusters-recliners-shields-and-risers,https://www.moparamerica.com/v-2017-dodge-challenger--r-t--5-7l-v8-gas/interior-trim--front-seats-adjusters-recliners-shields-and-risers,158,DISCOVERED,2026-08-01T00:45:41+00:00
tax-45498269e75119ed386c5d21,challenger-rt-57-gas,tax-376f5d81cc0e2cc866a7d540,SUBCATEGORY,Front Seats - First Row,FRONTSEATSFIRSTROW,interior-trim--front-seats-first-row,https://www.moparamerica.com/v-2017-dodge-challenger--r-t--5-7l-v8-gas/interior-trim--front-seats-first-row,159,DISCOVERED,2026-08-01T00:45:41+00:00
tax-ef64a12804e0d6eb28c0ad95,challenger-rt-57-gas,tax-376f5d81cc0e2cc866a7d540,SUBCATEGORY,Headliners-Visors-Assist Straps,HEADLINERSVISORSASSISTSTRAPS,interior-trim--headliners-visors-assist-straps,https://www.moparamerica.com/v-2017-dodge-challenger--r-t--5-7l-v8-gas/interior-trim--headliners-visors-assist-straps,160,DISCOVERED,2026-08-01T00:45:41+00:00
tax-25af0700257e314a04ca297c,challenger-rt-57-gas,tax-376f5d81cc0e2cc866a7d540,SUBCATEGORY,Instrument Panel,INSTRUMENTPANEL,interior-trim--instrument-panel,https://www.moparamerica.com/v-2017-dodge-challenger--r-t--5-7l-v8-gas/interior-trim--instrument-panel,161,DISCOVERED,2026-08-01T00:45:41+00:00
tax-28c1a1be09a06dbec64e9f4e,challenger-rt-57-gas,tax-376f5d81cc0e2cc866a7d540,SUBCATEGORY,"Panels-Moldings-Scuff Plates, Pillar, Cowl, 1/4 Panel Trim and Cargo Covers",PANELSMOLDINGSSCUFFPLATESPILLARCOWL14PANELTRIMANDCARGOCOVERS,interior-trim--panels-moldings-scuff-plates-pillar-cowl-1-4-panel-trim-and-cargo-covers,https://www.moparamerica.com/v-2017-dodge-challenger--r-t--5-7l-v8-gas/interior-trim--panels-moldings-scuff-plates-pillar-cowl-1-4-panel-trim-and-cargo-covers,162,DISCOVERED,2026-08-01T00:45:41+00:00
tax-bef74aff7f038d88fffe4c79,challenger-rt-57-gas,tax-376f5d81cc0e2cc866a7d540,SUBCATEGORY,Rear Seats - Second Row,REARSEATSSECONDROW,interior-trim--rear-seats-second-row,https://www.moparamerica.com/v-2017-dodge-challenger--r-t--5-7l-v8-gas/interior-trim--rear-seats-second-row,163,DISCOVERED,2026-08-01T00:45:41+00:00
tax-57c2481950d0d7dc496be481,challenger-rt-57-gas,tax-376f5d81cc0e2cc866a7d540,SUBCATEGORY,"Rear Seats - Second Row - Adjusters, Recliners, Shields and Risers",REARSEATSSECONDROWADJUSTERSRECLINERSSHIELDSANDRISERS,interior-trim--rear-seats-second-row-adjusters-recliners-shields-and-risers,https://www.moparamerica.com/v-2017-dodge-challenger--r-t--5-7l-v8-gas/interior-trim--rear-seats-second-row-adjusters-recliners-shields-and-risers,164,DISCOVERED,2026-08-01T00:45:41+00:00
tax-69331f24df1cf0ef52019bdf,challenger-rt-57-gas,tax-4b287ef6c92c3f1b1e42f5d1,SUBCATEGORY,Under Hood,UNDERHOOD,labels--under-hood,https://www.moparamerica.com/v-2017-dodge-challenger--r-t--5-7l-v8-gas/labels--under-hood,165,DISCOVERED,2026-08-01T00:45:41+00:00
tax-f6b2e884464882a8b68dedc7,challenger-rt-57-gas,tax-127c181604664fbd68ffb387,SUBCATEGORY,Driving Convenience,DRIVINGCONVENIENCE,mopar-accessories-component-parts--driving-convenience,https://www.moparamerica.com/v-2017-dodge-challenger--r-t--5-7l-v8-gas/mopar-accessories-component-parts--driving-convenience,166,DISCOVERED,2026-08-01T00:45:41+00:00
tax-d050952f2d254b7caa1f5e94,challenger-rt-57-gas,tax-127c181604664fbd68ffb387,SUBCATEGORY,Exterior Appearance,EXTERIORAPPEARANCE,mopar-accessories-component-parts--exterior-appearance,https://www.moparamerica.com/v-2017-dodge-challenger--r-t--5-7l-v8-gas/mopar-accessories-component-parts--exterior-appearance,167,DISCOVERED,2026-08-01T00:45:41+00:00
tax-f79d13c565de56c2d0cba109,challenger-rt-57-gas,tax-127c181604664fbd68ffb387,SUBCATEGORY,Fog Lights & Electrical,FOGLIGHTSELECTRICAL,mopar-accessories-component-parts--fog-lights-and-electrical,https://www.moparamerica.com/v-2017-dodge-challenger--r-t--5-7l-v8-gas/mopar-accessories-component-parts--fog-lights-and-electrical,168,DISCOVERED,2026-08-01T00:45:41+00:00
tax-8ac7eca86c539ff6cef2a20b,challenger-rt-57-gas,tax-127c181604664fbd68ffb387,SUBCATEGORY,Interior Protection,INTERIORPROTECTION,mopar-accessories-component-parts--interior-protection,https://www.moparamerica.com/v-2017-dodge-challenger--r-t--5-7l-v8-gas/mopar-accessories-component-parts--interior-protection,169,DISCOVERED,2026-08-01T00:45:41+00:00
tax-20153309772ec8ae564392bb,challenger-rt-57-gas,tax-127c181604664fbd68ffb387,SUBCATEGORY,Lighting and Electrical Accessories,LIGHTINGANDELECTRICALACCESSORIES,mopar-accessories-component-parts--lighting-and-electrical-accessories,https://www.moparamerica.com/v-2017-dodge-challenger--r-t--5-7l-v8-gas/mopar-accessories-component-parts--lighting-and-electrical-accessories,170,DISCOVERED,2026-08-01T00:45:41+00:00
tax-09d8bd87a26ffe2d1f40e1dd,challenger-rt-57-gas,tax-127c181604664fbd68ffb387,SUBCATEGORY,Powertrain,POWERTRAIN,mopar-accessories-component-parts--powertrain,https://www.moparamerica.com/v-2017-dodge-challenger--r-t--5-7l-v8-gas/mopar-accessories-component-parts--powertrain,171,DISCOVERED,2026-08-01T00:45:41+00:00
tax-7d030a94df82e511086a24f5,challenger-rt-57-gas,tax-accc5d5e65da208f022b7a05,SUBCATEGORY,Rear Stabilizer,REARSTABILIZER,rear-suspension--rear-stabilizer,https://www.moparamerica.com/v-2017-dodge-challenger--r-t--5-7l-v8-gas/rear-suspension--rear-stabilizer,172,DISCOVERED,2026-08-01T00:45:41+00:00
tax-6b6c5938e1287470c25a3806,challenger-rt-57-gas,tax-accc5d5e65da208f022b7a05,SUBCATEGORY,Rear Suspension and Cradle,REARSUSPENSIONANDCRADLE,rear-suspension--rear-suspension-and-cradle,https://www.moparamerica.com/v-2017-dodge-challenger--r-t--5-7l-v8-gas/rear-suspension--rear-suspension-and-cradle,173,DISCOVERED,2026-08-01T00:45:41+00:00
tax-41aba7a68fc6076522e6d90b,challenger-rt-57-gas,tax-2074b624a846c9b2f096c908,SUBCATEGORY,Drive Shaft,DRIVESHAFT,rear-wheel-drive-differential-and-drive-line--drive-shaft,https://www.moparamerica.com/v-2017-dodge-challenger--r-t--5-7l-v8-gas/rear-wheel-drive-differential-and-drive-line--drive-shaft,174,DISCOVERED,2026-08-01T00:45:41+00:00
tax-d025f5d2db405edf7ddf3bc2,challenger-rt-57-gas,tax-2074b624a846c9b2f096c908,SUBCATEGORY,Rear Axle Assembly,REARAXLEASSEMBLY,rear-wheel-drive-differential-and-drive-line--rear-axle-assembly,https://www.moparamerica.com/v-2017-dodge-challenger--r-t--5-7l-v8-gas/rear-wheel-drive-differential-and-drive-line--rear-axle-assembly,175,DISCOVERED,2026-08-01T00:45:41+00:00
tax-a91cafb4f09a1ba69c0da95f,challenger-rt-57-gas,tax-2074b624a846c9b2f096c908,SUBCATEGORY,"Rear Axle; Housing, Differential and Vent",REARAXLEHOUSINGDIFFERENTIALANDVENT,rear-wheel-drive-differential-and-drive-line--rear-axle-housing-differential-and-vent,https://www.moparamerica.com/v-2017-dodge-challenger--r-t--5-7l-v8-gas/rear-wheel-drive-differential-and-drive-line--rear-axle-housing-differential-and-vent,176,DISCOVERED,2026-08-01T00:45:41+00:00
tax-dc3a96d28dd9bf97c4f671a3,challenger-rt-57-gas,tax-2074b624a846c9b2f096c908,SUBCATEGORY,Rear Axle Shafts,REARAXLESHAFTS,rear-wheel-drive-differential-and-drive-line--rear-axle-shafts,https://www.moparamerica.com/v-2017-dodge-challenger--r-t--5-7l-v8-gas/rear-wheel-drive-differential-and-drive-line--rear-axle-shafts,177,DISCOVERED,2026-08-01T00:45:41+00:00
tax-6f43eaaaba66144b175b6bf4,challenger-rt-57-gas,tax-da9bf8710b6d6e76854df7cb,SUBCATEGORY,Air Bags,AIRBAGS,restraints--air-bags,https://www.moparamerica.com/v-2017-dodge-challenger--r-t--5-7l-v8-gas/restraints--air-bags,178,DISCOVERED,2026-08-01T00:45:41+00:00
tax-8c8ba64db0daf9cbaccc6b3e,challenger-rt-57-gas,tax-da9bf8710b6d6e76854df7cb,SUBCATEGORY,Seat Belts,SEATBELTS,restraints--seat-belts,https://www.moparamerica.com/v-2017-dodge-challenger--r-t--5-7l-v8-gas/restraints--seat-belts,179,DISCOVERED,2026-08-01T00:45:41+00:00
tax-ffff75a373aa423af2e85c7e,challenger-rt-57-gas,tax-8c1763c50aa8f1e8bf6b32d0,SUBCATEGORY,Power Steering Hoses,POWERSTEERINGHOSES,steering--power-steering-hoses,https://www.moparamerica.com/v-2017-dodge-challenger--r-t--5-7l-v8-gas/steering--power-steering-hoses,180,DISCOVERED,2026-08-01T00:45:41+00:00
tax-877394deacb4c64d4575bb02,challenger-rt-57-gas,tax-8c1763c50aa8f1e8bf6b32d0,SUBCATEGORY,Steering Column and Intermediate Shaft,STEERINGCOLUMNANDINTERMEDIATESHAFT,steering--steering-column-and-intermediate-shaft,https://www.moparamerica.com/v-2017-dodge-challenger--r-t--5-7l-v8-gas/steering--steering-column-and-intermediate-shaft,181,DISCOVERED,2026-08-01T00:45:41+00:00
tax-2c9e8640c996eb64a4379728,challenger-rt-57-gas,tax-8c1763c50aa8f1e8bf6b32d0,SUBCATEGORY,Steering Gear,STEERINGGEAR,steering--steering-gear,https://www.moparamerica.com/v-2017-dodge-challenger--r-t--5-7l-v8-gas/steering--steering-gear,182,DISCOVERED,2026-08-01T00:45:41+00:00
tax-a632794ea0e71448a890abd4,challenger-rt-57-gas,tax-8c1763c50aa8f1e8bf6b32d0,SUBCATEGORY,Steering Wheel,STEERINGWHEEL,steering--steering-wheel,https://www.moparamerica.com/v-2017-dodge-challenger--r-t--5-7l-v8-gas/steering--steering-wheel,183,DISCOVERED,2026-08-01T00:45:41+00:00
tax-a7e73a3286fd5ac05b382db8,challenger-rt-57-gas,tax-9f81336763da974a47bbc2d7,SUBCATEGORY,"Case, and Extension",CASEANDEXTENSION,tr6060-6-speed-manual-transmission--case-and-extension,https://www.moparamerica.com/v-2017-dodge-challenger--r-t--5-7l-v8-gas/tr6060-6-speed-manual-transmission--case-and-extension,184,DISCOVERED,2026-08-01T00:45:41+00:00
tax-d30bfa721dc3583af7b327ff,challenger-rt-57-gas,tax-9f81336763da974a47bbc2d7,SUBCATEGORY,Fork and Rails,FORKANDRAILS,tr6060-6-speed-manual-transmission--fork-and-rails,https://www.moparamerica.com/v-2017-dodge-challenger--r-t--5-7l-v8-gas/tr6060-6-speed-manual-transmission--fork-and-rails,185,DISCOVERED,2026-08-01T00:45:41+00:00
tax-9315431dde2fe0aa3f7a7351,challenger-rt-57-gas,tax-9f81336763da974a47bbc2d7,SUBCATEGORY,Gear Train,GEARTRAIN,tr6060-6-speed-manual-transmission--gear-train,https://www.moparamerica.com/v-2017-dodge-challenger--r-t--5-7l-v8-gas/tr6060-6-speed-manual-transmission--gear-train,186,DISCOVERED,2026-08-01T00:45:41+00:00
tax-c04b408d0f5f85dfef77fd05,challenger-rt-57-gas,tax-9f81336763da974a47bbc2d7,SUBCATEGORY,Gearshift Controls and Related Parts,GEARSHIFTCONTROLSANDRELATEDPARTS,tr6060-6-speed-manual-transmission--gearshift-controls-and-related-parts,https://www.moparamerica.com/v-2017-dodge-challenger--r-t--5-7l-v8-gas/tr6060-6-speed-manual-transmission--gearshift-controls-and-related-parts,187,DISCOVERED,2026-08-01T00:45:41+00:00
tax-29e49865c7a1468cd7ebc382,challenger-rt-57-gas,tax-9f81336763da974a47bbc2d7,SUBCATEGORY,Manual Transmission / Transaxle,MANUALTRANSMISSIONTRANSAXLE,tr6060-6-speed-manual-transmission--manual-transmission-transaxle,https://www.moparamerica.com/v-2017-dodge-challenger--r-t--5-7l-v8-gas/tr6060-6-speed-manual-transmission--manual-transmission-transaxle,188,DISCOVERED,2026-08-01T00:45:41+00:00
tax-c740454f5bba9935cb81d3a0,challenger-rt-57-gas,tax-9f81336763da974a47bbc2d7,SUBCATEGORY,Mounting and Skid Plate,MOUNTINGANDSKIDPLATE,tr6060-6-speed-manual-transmission--mounting-and-skid-plate,https://www.moparamerica.com/v-2017-dodge-challenger--r-t--5-7l-v8-gas/tr6060-6-speed-manual-transmission--mounting-and-skid-plate,189,DISCOVERED,2026-08-01T00:45:41+00:00
tax-ddfa8e92a98e5ebdb127f3c0,challenger-rt-57-gas,tax-11f9df7c4a326395d7fdc883,SUBCATEGORY,Emergency Kit,EMERGENCYKIT,wheels--emergency-kit,https://www.moparamerica.com/v-2017-dodge-challenger--r-t--5-7l-v8-gas/wheels--emergency-kit,190,DISCOVERED,2026-08-01T00:45:41+00:00
tax-68bbeed48e98e8a7df0186f1,challenger-rt-57-gas,tax-11f9df7c4a326395d7fdc883,SUBCATEGORY,Jack Stowage,JACKSTOWAGE,wheels--jack-stowage,https://www.moparamerica.com/v-2017-dodge-challenger--r-t--5-7l-v8-gas/wheels--jack-stowage,191,DISCOVERED,2026-08-01T00:45:41+00:00
tax-a6e499fd0474296486464b93,challenger-rt-57-gas,tax-11f9df7c4a326395d7fdc883,SUBCATEGORY,Tire Monitoring System,TIREMONITORINGSYSTEM,wheels--tire-monitoring-system,https://www.moparamerica.com/v-2017-dodge-challenger--r-t--5-7l-v8-gas/wheels--tire-monitoring-system,192,DISCOVERED,2026-08-01T00:45:41+00:00
tax-85defd80400f8e4530a7532f,challenger-rt-57-gas,tax-11f9df7c4a326395d7fdc883,SUBCATEGORY,Wheel Covers and Center Caps,WHEELCOVERSANDCENTERCAPS,wheels--wheel-covers-and-center-caps,https://www.moparamerica.com/v-2017-dodge-challenger--r-t--5-7l-v8-gas/wheels--wheel-covers-and-center-caps,193,DISCOVERED,2026-08-01T00:45:41+00:00
tax-6a91ea2bfcb4bdbd6033dcd9,challenger-rt-57-gas,tax-11f9df7c4a326395d7fdc883,SUBCATEGORY,Wheel Spare,WHEELSPARE,wheels--wheel-spare,https://www.moparamerica.com/v-2017-dodge-challenger--r-t--5-7l-v8-gas/wheels--wheel-spare,194,DISCOVERED,2026-08-01T00:45:41+00:00
tax-21877bd74d76de03960baa63,challenger-rt-57-gas,tax-11f9df7c4a326395d7fdc883,SUBCATEGORY,"Wheels, Tires and Hardware",WHEELSTIRESANDHARDWARE,wheels--wheels-tires-and-hardware,https://www.moparamerica.com/v-2017-dodge-challenger--r-t--5-7l-v8-gas/wheels--wheels-tires-and-hardware,195,DISCOVERED,2026-08-01T00:45:41+00:00
tax-6dd298ac75fc17d34114c003,challenger-rt-scat-pack-64-gas,,CATEGORY,3 6L Gas Engine,3-6L-GAS-ENGINE,3-6l-gas-engine,https://www.moparamerica.com/v-2017-dodge-challenger--r-t-scat-pack--6-4l-v8-gas/#cat-3-6l-gas-engine,2,DISCOVERED,2026-08-01T00:45:41+00:00
tax-6f05ed29d9285bc09487f9b0,challenger-rt-scat-pack-64-gas,,CATEGORY,5 7L Gas Engine,5-7L-GAS-ENGINE,5-7l-gas-engine,https://www.moparamerica.com/v-2017-dodge-challenger--r-t-scat-pack--6-4l-v8-gas/#cat-5-7l-gas-engine,8,DISCOVERED,2026-08-01T00:45:41+00:00
tax-40db31d52ad4d979a661287b,challenger-rt-scat-pack-64-gas,,CATEGORY,5 7Lgas Engine,5-7LGAS-ENGINE,5-7lgas-engine,https://www.moparamerica.com/v-2017-dodge-challenger--r-t-scat-pack--6-4l-v8-gas/#cat-5-7lgas-engine,13,DISCOVERED,2026-08-01T00:45:41+00:00
tax-f6e720cc3e22623af9b3fa83,challenger-rt-scat-pack-64-gas,,CATEGORY,6 2L Gas Engine,6-2L-GAS-ENGINE,6-2l-gas-engine,https://www.moparamerica.com/v-2017-dodge-challenger--r-t-scat-pack--6-4l-v8-gas/#cat-6-2l-gas-engine,21,DISCOVERED,2026-08-01T00:45:41+00:00
tax-44c4e0abbf22810648f0d623,challenger-rt-scat-pack-64-gas,,CATEGORY,6 4L Gas Engine,6-4L-GAS-ENGINE,6-4l-gas-engine,https://www.moparamerica.com/v-2017-dodge-challenger--r-t-scat-pack--6-4l-v8-gas/#cat-6-4l-gas-engine,32,DISCOVERED,2026-08-01T00:45:41+00:00
tax-651ee4ff4ee3905c6941a2c1,challenger-rt-scat-pack-64-gas,,CATEGORY,845Re 8 Speed Automatic Transmission,845RE-8-SPEED-AUTOMATIC-TRANSMISSION,845re-8-speed-automatic-transmission,https://www.moparamerica.com/v-2017-dodge-challenger--r-t-scat-pack--6-4l-v8-gas/#cat-845re-8-speed-automatic-transmission,37,DISCOVERED,2026-08-01T00:45:41+00:00
tax-269d2d14e3a81eaef412fdc7,challenger-rt-scat-pack-64-gas,,CATEGORY,8Hp70 8 Speed Automatic Transmission,8HP70-8-SPEED-AUTOMATIC-TRANSMISSION,8hp70-8-speed-automatic-transmission,https://www.moparamerica.com/v-2017-dodge-challenger--r-t-scat-pack--6-4l-v8-gas/#cat-8hp70-8-speed-automatic-transmission,43,DISCOVERED,2026-08-01T00:45:41+00:00
tax-ada7f4acadfdb159f192035e,challenger-rt-scat-pack-64-gas,,CATEGORY,8Hp90 8 Speed Automatic Transmission,8HP90-8-SPEED-AUTOMATIC-TRANSMISSION,8hp90-8-speed-automatic-transmission,https://www.moparamerica.com/v-2017-dodge-challenger--r-t-scat-pack--6-4l-v8-gas/#cat-8hp90-8-speed-automatic-transmission,46,DISCOVERED,2026-08-01T00:45:41+00:00
tax-8fef9364c045bdc1d94c8f06,challenger-rt-scat-pack-64-gas,,CATEGORY,Accessories Crate Engines,ACCESSORIES-CRATE-ENGINES,accessories-crate-engines,https://www.moparamerica.com/v-2017-dodge-challenger--r-t-scat-pack--6-4l-v8-gas/#cat-accessories-crate-engines,47,DISCOVERED,2026-08-01T00:45:41+00:00
tax-9359eebce48ed5a9af8f8b08,challenger-rt-scat-pack-64-gas,,CATEGORY,Accessories Drag Pak,ACCESSORIES-DRAG-PAK,accessories-drag-pak,https://www.moparamerica.com/v-2017-dodge-challenger--r-t-scat-pack--6-4l-v8-gas/#cat-accessories-drag-pak,48,DISCOVERED,2026-08-01T00:45:41+00:00
tax-fb0cb7321fe115bed59e0cf4,challenger-rt-scat-pack-64-gas,,CATEGORY,Accessories Exterior Accessories,ACCESSORIES-EXTERIOR-ACCESSORIES,accessories-exterior-accessories,https://www.moparamerica.com/v-2017-dodge-challenger--r-t-scat-pack--6-4l-v8-gas/#cat-accessories-exterior-accessories,55,DISCOVERED,2026-08-01T00:45:41+00:00
tax-f7d725b338a62f9fa2eb79ff,challenger-rt-scat-pack-64-gas,,CATEGORY,Accessories Interior Accessories,ACCESSORIES-INTERIOR-ACCESSORIES,accessories-interior-accessories,https://www.moparamerica.com/v-2017-dodge-challenger--r-t-scat-pack--6-4l-v8-gas/#cat-accessories-interior-accessories,59,DISCOVERED,2026-08-01T00:45:41+00:00
tax-2c3cb86b7d1f636f4a28c5cc,challenger-rt-scat-pack-64-gas,,CATEGORY,Accessories Lifestyle And Off Road Accessories,ACCESSORIES-LIFESTYLE-AND-OFF-ROAD-ACCESSORIES,accessories-lifestyle-and-off-road-accessories,https://www.moparamerica.com/v-2017-dodge-challenger--r-t-scat-pack--6-4l-v8-gas/#cat-accessories-lifestyle-and-off-road-accessories,60,DISCOVERED,2026-08-01T00:45:41+00:00
tax-c64b5404522639f9e40ec66b,challenger-rt-scat-pack-64-gas,,CATEGORY,Accessories Modern Performance,ACCESSORIES-MODERN-PERFORMANCE,accessories-modern-performance,https://www.moparamerica.com/v-2017-dodge-challenger--r-t-scat-pack--6-4l-v8-gas/#cat-accessories-modern-performance,63,DISCOVERED,2026-08-01T00:45:41+00:00
tax-001c96b029fb1c0efb191bb6,challenger-rt-scat-pack-64-gas,,CATEGORY,Accessories Vehicle Care Products,ACCESSORIES-VEHICLE-CARE-PRODUCTS,accessories-vehicle-care-products,https://www.moparamerica.com/v-2017-dodge-challenger--r-t-scat-pack--6-4l-v8-gas/#cat-accessories-vehicle-care-products,65,DISCOVERED,2026-08-01T00:45:41+00:00
tax-81c72394a7b942b291c52818,challenger-rt-scat-pack-64-gas,,CATEGORY,Air Conditioners And Heaters,AIR-CONDITIONERS-AND-HEATERS,air-conditioners-and-heaters,https://www.moparamerica.com/v-2017-dodge-challenger--r-t-scat-pack--6-4l-v8-gas/#cat-air-conditioners-and-heaters,70,DISCOVERED,2026-08-01T00:45:41+00:00
tax-c32cea31dc77b27db5859a04,challenger-rt-scat-pack-64-gas,,CATEGORY,All Wheel Drive Differential And Drive Line,ALL-WHEEL-DRIVE-DIFFERENTIAL-AND-DRIVE-LINE,all-wheel-drive-differential-and-drive-line,https://www.moparamerica.com/v-2017-dodge-challenger--r-t-scat-pack--6-4l-v8-gas/#cat-all-wheel-drive-differential-and-drive-line,76,DISCOVERED,2026-08-01T00:45:41+00:00
tax-78269d79a8b79a01dc5013ed,challenger-rt-scat-pack-64-gas,,CATEGORY,Body Sheet Metal Except Doors,BODY-SHEET-METAL-EXCEPT-DOORS,body-sheet-metal-except-doors,https://www.moparamerica.com/v-2017-dodge-challenger--r-t-scat-pack--6-4l-v8-gas/#cat-body-sheet-metal-except-doors,87,DISCOVERED,2026-08-01T00:45:41+00:00
tax-7d3557595cbabf2ffb78d797,challenger-rt-scat-pack-64-gas,,CATEGORY,Brakes,BRAKES,brakes,https://www.moparamerica.com/v-2017-dodge-challenger--r-t-scat-pack--6-4l-v8-gas/#cat-brakes,94,DISCOVERED,2026-08-01T00:45:41+00:00
tax-f816334fa39aa18006995513,challenger-rt-scat-pack-64-gas,,CATEGORY,Clutch,CLUTCH,clutch,https://www.moparamerica.com/v-2017-dodge-challenger--r-t-scat-pack--6-4l-v8-gas/#cat-clutch,98,DISCOVERED,2026-08-01T00:45:41+00:00
tax-4a34805a5fc8e973bc3cd599,challenger-rt-scat-pack-64-gas,,CATEGORY,Conversion And Upfit Packages,CONVERSION-AND-UPFIT-PACKAGES,conversion-and-upfit-packages,https://www.moparamerica.com/v-2017-dodge-challenger--r-t-scat-pack--6-4l-v8-gas/#cat-conversion-and-upfit-packages,99,DISCOVERED,2026-08-01T00:45:41+00:00
tax-16ff4632976aab9bf0c27aba,challenger-rt-scat-pack-64-gas,,CATEGORY,Cooling,COOLING,cooling,https://www.moparamerica.com/v-2017-dodge-challenger--r-t-scat-pack--6-4l-v8-gas/#cat-cooling,105,DISCOVERED,2026-08-01T00:45:41+00:00
tax-b024e6d71d2f92a482400593,challenger-rt-scat-pack-64-gas,,CATEGORY,Doors Door Mirrors And Related Parts,DOORS-DOOR-MIRRORS-AND-RELATED-PARTS,doors-door-mirrors-and-related-parts,https://www.moparamerica.com/v-2017-dodge-challenger--r-t-scat-pack--6-4l-v8-gas/#cat-doors-door-mirrors-and-related-parts,108,DISCOVERED,2026-08-01T00:45:41+00:00
tax-f8b575562ca408389f223c27,challenger-rt-scat-pack-64-gas,,CATEGORY,Electrical,ELECTRICAL,electrical,https://www.moparamerica.com/v-2017-dodge-challenger--r-t-scat-pack--6-4l-v8-gas/#cat-electrical,127,DISCOVERED,2026-08-01T00:45:41+00:00
tax-a7f8536f78ec731718066131,challenger-rt-scat-pack-64-gas,,CATEGORY,Emission Controls,EMISSION-CONTROLS,emission-controls,https://www.moparamerica.com/v-2017-dodge-challenger--r-t-scat-pack--6-4l-v8-gas/#cat-emission-controls,129,DISCOVERED,2026-08-01T00:45:41+00:00
tax-5095f9890e21372359449846,challenger-rt-scat-pack-64-gas,,CATEGORY,Exhaust,EXHAUST,exhaust,https://www.moparamerica.com/v-2017-dodge-challenger--r-t-scat-pack--6-4l-v8-gas/#cat-exhaust,130,DISCOVERED,2026-08-01T00:45:41+00:00
tax-6901967773a8afa8feb65747,challenger-rt-scat-pack-64-gas,,CATEGORY,Exterior Ornamentation,EXTERIOR-ORNAMENTATION,exterior-ornamentation,https://www.moparamerica.com/v-2017-dodge-challenger--r-t-scat-pack--6-4l-v8-gas/#cat-exterior-ornamentation,134,DISCOVERED,2026-08-01T00:45:41+00:00
tax-a7a2673aa14e9d8a8fc3ae07,challenger-rt-scat-pack-64-gas,,CATEGORY,Frame Bumper And Fascia,FRAME-BUMPER-AND-FASCIA,frame-bumper-and-fascia,https://www.moparamerica.com/v-2017-dodge-challenger--r-t-scat-pack--6-4l-v8-gas/#cat-frame-bumper-and-fascia,137,DISCOVERED,2026-08-01T00:45:41+00:00
tax-c5646fd6b04c401f0682a2a4,challenger-rt-scat-pack-64-gas,,CATEGORY,Front Suspension,FRONT-SUSPENSION,front-suspension,https://www.moparamerica.com/v-2017-dodge-challenger--r-t-scat-pack--6-4l-v8-gas/#cat-front-suspension,139,DISCOVERED,2026-08-01T00:45:41+00:00
tax-86bb93441f49edb1c5bdf822,challenger-rt-scat-pack-64-gas,,CATEGORY,Fuel,FUEL,fuel,https://www.moparamerica.com/v-2017-dodge-challenger--r-t-scat-pack--6-4l-v8-gas/#cat-fuel,147,DISCOVERED,2026-08-01T00:45:41+00:00
tax-777ee7e7380a4399a4aea0d5,challenger-rt-scat-pack-64-gas,,CATEGORY,Glass,GLASS,glass,https://www.moparamerica.com/v-2017-dodge-challenger--r-t-scat-pack--6-4l-v8-gas/#cat-glass,148,DISCOVERED,2026-08-01T00:45:41+00:00
tax-a73d9713df5386d856bbd248,challenger-rt-scat-pack-64-gas,,CATEGORY,Interior Trim,INTERIOR-TRIM,interior-trim,https://www.moparamerica.com/v-2017-dodge-challenger--r-t-scat-pack--6-4l-v8-gas/#cat-interior-trim,158,DISCOVERED,2026-08-01T00:45:41+00:00
tax-7924221ab6add48a34b0b1a1,challenger-rt-scat-pack-64-gas,,CATEGORY,Labels,LABELS,labels,https://www.moparamerica.com/v-2017-dodge-challenger--r-t-scat-pack--6-4l-v8-gas/#cat-labels,159,DISCOVERED,2026-08-01T00:45:41+00:00
tax-8888343e07396553bf5f4f3f,challenger-rt-scat-pack-64-gas,,CATEGORY,Mopar Accessories Component Parts,MOPAR-ACCESSORIES-COMPONENT-PARTS,mopar-accessories-component-parts,https://www.moparamerica.com/v-2017-dodge-challenger--r-t-scat-pack--6-4l-v8-gas/#cat-mopar-accessories-component-parts,165,DISCOVERED,2026-08-01T00:45:41+00:00
tax-50ad3797d819e1cb7d8d78cb,challenger-rt-scat-pack-64-gas,,CATEGORY,Rear Suspension,REAR-SUSPENSION,rear-suspension,https://www.moparamerica.com/v-2017-dodge-challenger--r-t-scat-pack--6-4l-v8-gas/#cat-rear-suspension,167,DISCOVERED,2026-08-01T00:45:41+00:00
tax-e80789be4dc4697bd5e99f0d,challenger-rt-scat-pack-64-gas,,CATEGORY,Rear Wheel Drive Differential And Drive Line,REAR-WHEEL-DRIVE-DIFFERENTIAL-AND-DRIVE-LINE,rear-wheel-drive-differential-and-drive-line,https://www.moparamerica.com/v-2017-dodge-challenger--r-t-scat-pack--6-4l-v8-gas/#cat-rear-wheel-drive-differential-and-drive-line,171,DISCOVERED,2026-08-01T00:45:41+00:00
tax-473e93d3d7b2b07f6e2aab0d,challenger-rt-scat-pack-64-gas,,CATEGORY,Restraints,RESTRAINTS,restraints,https://www.moparamerica.com/v-2017-dodge-challenger--r-t-scat-pack--6-4l-v8-gas/#cat-restraints,173,DISCOVERED,2026-08-01T00:45:41+00:00
tax-ca24fc3b0512f283f3c8f6d8,challenger-rt-scat-pack-64-gas,,CATEGORY,Steering,STEERING,steering,https://www.moparamerica.com/v-2017-dodge-challenger--r-t-scat-pack--6-4l-v8-gas/#cat-steering,177,DISCOVERED,2026-08-01T00:45:41+00:00
tax-8ad10c2b5a1958b01645b8b5,challenger-rt-scat-pack-64-gas,,CATEGORY,Tr6060 6 Speed Manual Transmission,TR6060-6-SPEED-MANUAL-TRANSMISSION,tr6060-6-speed-manual-transmission,https://www.moparamerica.com/v-2017-dodge-challenger--r-t-scat-pack--6-4l-v8-gas/#cat-tr6060-6-speed-manual-transmission,183,DISCOVERED,2026-08-01T00:45:41+00:00
tax-af485da015e2248e38a88027,challenger-rt-scat-pack-64-gas,,CATEGORY,Wheels,WHEELS,wheels,https://www.moparamerica.com/v-2017-dodge-challenger--r-t-scat-pack--6-4l-v8-gas/#cat-wheels,189,DISCOVERED,2026-08-01T00:45:41+00:00
tax-a33bca4681583c1adbb387a5,challenger-rt-scat-pack-64-gas,tax-6dd298ac75fc17d34114c003,SUBCATEGORY,Engine Mounting,ENGINEMOUNTING,3-6l-gas-engine--engine-mounting,https://www.moparamerica.com/v-2017-dodge-challenger--r-t-scat-pack--6-4l-v8-gas/3-6l-gas-engine--engine-mounting,1,DISCOVERED,2026-08-01T00:45:41+00:00
tax-c2796dcf495f2b042e28a346,challenger-rt-scat-pack-64-gas,tax-6dd298ac75fc17d34114c003,SUBCATEGORY,"Engine Oiling, Oil Pan and Indicator (Dipstick)",ENGINEOILINGOILPANANDINDICATORDIPSTICK,3-6l-gas-engine--engine-oiling-oil-pan-and-indicator-dipstick,https://www.moparamerica.com/v-2017-dodge-challenger--r-t-scat-pack--6-4l-v8-gas/3-6l-gas-engine--engine-oiling-oil-pan-and-indicator-dipstick,2,DISCOVERED,2026-08-01T00:45:41+00:00
tax-6b5a6c5c05665ccdbc521fb3,challenger-rt-scat-pack-64-gas,tax-6f05ed29d9285bc09487f9b0,SUBCATEGORY,Camshaft and Valve,CAMSHAFTANDVALVE,5-7l-gas-engine--camshaft-and-valve,https://www.moparamerica.com/v-2017-dodge-challenger--r-t-scat-pack--6-4l-v8-gas/5-7l-gas-engine--camshaft-and-valve,3,DISCOVERED,2026-08-01T00:45:41+00:00
tax-3b6fcde13c122d758e4e9830,challenger-rt-scat-pack-64-gas,tax-6f05ed29d9285bc09487f9b0,SUBCATEGORY,"Crankshaft, Piston, Drive Plate, Flywheel, and Damper",CRANKSHAFTPISTONDRIVEPLATEFLYWHEELANDDAMPER,5-7l-gas-engine--crankshaft-piston-drive-plate-flywheel-and-damper,https://www.moparamerica.com/v-2017-dodge-challenger--r-t-scat-pack--6-4l-v8-gas/5-7l-gas-engine--crankshaft-piston-drive-plate-flywheel-and-damper,4,DISCOVERED,2026-08-01T00:45:41+00:00
tax-4d55660a5fb4fe8eacda4659,challenger-rt-scat-pack-64-gas,tax-6f05ed29d9285bc09487f9b0,SUBCATEGORY,Cylinder Block,CYLINDERBLOCK,5-7l-gas-engine--cylinder-block,https://www.moparamerica.com/v-2017-dodge-challenger--r-t-scat-pack--6-4l-v8-gas/5-7l-gas-engine--cylinder-block,5,DISCOVERED,2026-08-01T00:45:41+00:00
tax-8260c8332adf33372b6f99cb,challenger-rt-scat-pack-64-gas,tax-6f05ed29d9285bc09487f9b0,SUBCATEGORY,Engine Mounting,ENGINEMOUNTING,5-7l-gas-engine--engine-mounting,https://www.moparamerica.com/v-2017-dodge-challenger--r-t-scat-pack--6-4l-v8-gas/5-7l-gas-engine--engine-mounting,6,DISCOVERED,2026-08-01T00:45:41+00:00
tax-09fa818f8dfda764b821beae,challenger-rt-scat-pack-64-gas,tax-6f05ed29d9285bc09487f9b0,SUBCATEGORY,"Engine Oiling, Oil Pan and Indicator (Dipstick)",ENGINEOILINGOILPANANDINDICATORDIPSTICK,5-7l-gas-engine--engine-oiling-oil-pan-and-indicator-dipstick,https://www.moparamerica.com/v-2017-dodge-challenger--r-t-scat-pack--6-4l-v8-gas/5-7l-gas-engine--engine-oiling-oil-pan-and-indicator-dipstick,7,DISCOVERED,2026-08-01T00:45:41+00:00
tax-ccf9946be73db861745ad0b9,challenger-rt-scat-pack-64-gas,tax-6f05ed29d9285bc09487f9b0,SUBCATEGORY,Manifolds and Vacuum Fittings,MANIFOLDSANDVACUUMFITTINGS,5-7l-gas-engine--manifolds-and-vacuum-fittings,https://www.moparamerica.com/v-2017-dodge-challenger--r-t-scat-pack--6-4l-v8-gas/5-7l-gas-engine--manifolds-and-vacuum-fittings,8,DISCOVERED,2026-08-01T00:45:41+00:00
tax-fd45ff925681d2bfe7fe803a,challenger-rt-scat-pack-64-gas,tax-40db31d52ad4d979a661287b,SUBCATEGORY,Camshaft and Valve,CAMSHAFTANDVALVE,5-7lgas-engine--camshaft-and-valve,https://www.moparamerica.com/v-2017-dodge-challenger--r-t-scat-pack--6-4l-v8-gas/5-7lgas-engine--camshaft-and-valve,9,DISCOVERED,2026-08-01T00:45:41+00:00
tax-53cf337419d44c2dd2648645,challenger-rt-scat-pack-64-gas,tax-40db31d52ad4d979a661287b,SUBCATEGORY,"Crankshaft, Piston, Drive Plate, Flywheel, and Damper",CRANKSHAFTPISTONDRIVEPLATEFLYWHEELANDDAMPER,5-7lgas-engine--crankshaft-piston-drive-plate-flywheel-and-damper,https://www.moparamerica.com/v-2017-dodge-challenger--r-t-scat-pack--6-4l-v8-gas/5-7lgas-engine--crankshaft-piston-drive-plate-flywheel-and-damper,10,DISCOVERED,2026-08-01T00:45:41+00:00
tax-6d92b6e4416edab08b3d4ae7,challenger-rt-scat-pack-64-gas,tax-40db31d52ad4d979a661287b,SUBCATEGORY,Engine Mounting,ENGINEMOUNTING,5-7lgas-engine--engine-mounting,https://www.moparamerica.com/v-2017-dodge-challenger--r-t-scat-pack--6-4l-v8-gas/5-7lgas-engine--engine-mounting,11,DISCOVERED,2026-08-01T00:45:41+00:00
tax-7169a58054add9d913c48edb,challenger-rt-scat-pack-64-gas,tax-40db31d52ad4d979a661287b,SUBCATEGORY,"Engine Oiling, Oil Pan and Indicator (Dipstick)",ENGINEOILINGOILPANANDINDICATORDIPSTICK,5-7lgas-engine--engine-oiling-oil-pan-and-indicator-dipstick,https://www.moparamerica.com/v-2017-dodge-challenger--r-t-scat-pack--6-4l-v8-gas/5-7lgas-engine--engine-oiling-oil-pan-and-indicator-dipstick,12,DISCOVERED,2026-08-01T00:45:41+00:00
tax-1f3a7d35d50731c0590b108e,challenger-rt-scat-pack-64-gas,tax-40db31d52ad4d979a661287b,SUBCATEGORY,Manifolds and Vacuum Fittings,MANIFOLDSANDVACUUMFITTINGS,5-7lgas-engine--manifolds-and-vacuum-fittings,https://www.moparamerica.com/v-2017-dodge-challenger--r-t-scat-pack--6-4l-v8-gas/5-7lgas-engine--manifolds-and-vacuum-fittings,13,DISCOVERED,2026-08-01T00:45:41+00:00
tax-067dd52fd2ee867d84547923,challenger-rt-scat-pack-64-gas,tax-f6e720cc3e22623af9b3fa83,SUBCATEGORY,Camshaft and Valve,CAMSHAFTANDVALVE,6-2l-gas-engine--camshaft-and-valve,https://www.moparamerica.com/v-2017-dodge-challenger--r-t-scat-pack--6-4l-v8-gas/6-2l-gas-engine--camshaft-and-valve,14,DISCOVERED,2026-08-01T00:45:41+00:00
tax-71282faa3d683ea506a5c847,challenger-rt-scat-pack-64-gas,tax-f6e720cc3e22623af9b3fa83,SUBCATEGORY,"Crankshaft, Piston, Drive Plate, Flywheel, and Damper",CRANKSHAFTPISTONDRIVEPLATEFLYWHEELANDDAMPER,6-2l-gas-engine--crankshaft-piston-drive-plate-flywheel-and-damper,https://www.moparamerica.com/v-2017-dodge-challenger--r-t-scat-pack--6-4l-v8-gas/6-2l-gas-engine--crankshaft-piston-drive-plate-flywheel-and-damper,15,DISCOVERED,2026-08-01T00:45:41+00:00
tax-6326dec943de67f7ad8f7c2c,challenger-rt-scat-pack-64-gas,tax-f6e720cc3e22623af9b3fa83,SUBCATEGORY,Engine Mounting,ENGINEMOUNTING,6-2l-gas-engine--engine-mounting,https://www.moparamerica.com/v-2017-dodge-challenger--r-t-scat-pack--6-4l-v8-gas/6-2l-gas-engine--engine-mounting,16,DISCOVERED,2026-08-01T00:45:41+00:00
tax-8ee41e418ef6a3c7d7101d0d,challenger-rt-scat-pack-64-gas,tax-f6e720cc3e22623af9b3fa83,SUBCATEGORY,Engine Oil Cooler,ENGINEOILCOOLER,6-2l-gas-engine--engine-oil-cooler,https://www.moparamerica.com/v-2017-dodge-challenger--r-t-scat-pack--6-4l-v8-gas/6-2l-gas-engine--engine-oil-cooler,17,DISCOVERED,2026-08-01T00:45:41+00:00
tax-12e95827f00408b653e14263,challenger-rt-scat-pack-64-gas,tax-f6e720cc3e22623af9b3fa83,SUBCATEGORY,"Engine Oiling, Oil Pan and Indicator (Dipstick)",ENGINEOILINGOILPANANDINDICATORDIPSTICK,6-2l-gas-engine--engine-oiling-oil-pan-and-indicator-dipstick,https://www.moparamerica.com/v-2017-dodge-challenger--r-t-scat-pack--6-4l-v8-gas/6-2l-gas-engine--engine-oiling-oil-pan-and-indicator-dipstick,18,DISCOVERED,2026-08-01T00:45:41+00:00
tax-cc231ec9e037cf9b47928a6d,challenger-rt-scat-pack-64-gas,tax-f6e720cc3e22623af9b3fa83,SUBCATEGORY,Manifolds and Vacuum Fittings,MANIFOLDSANDVACUUMFITTINGS,6-2l-gas-engine--manifolds-and-vacuum-fittings,https://www.moparamerica.com/v-2017-dodge-challenger--r-t-scat-pack--6-4l-v8-gas/6-2l-gas-engine--manifolds-and-vacuum-fittings,19,DISCOVERED,2026-08-01T00:45:41+00:00
tax-c6138cc526b4f73c6c650c04,challenger-rt-scat-pack-64-gas,tax-f6e720cc3e22623af9b3fa83,SUBCATEGORY,Timing Belt/Chain and Cover and Balance Shaft,TIMINGBELTCHAINANDCOVERANDBALANCESHAFT,6-2l-gas-engine--timing-belt-chain-and-cover-and-balance-shaft,https://www.moparamerica.com/v-2017-dodge-challenger--r-t-scat-pack--6-4l-v8-gas/6-2l-gas-engine--timing-belt-chain-and-cover-and-balance-shaft,20,DISCOVERED,2026-08-01T00:45:41+00:00
tax-1896c8be2babc42ef545e62b,challenger-rt-scat-pack-64-gas,tax-f6e720cc3e22623af9b3fa83,SUBCATEGORY,Turbo and Super Chargers,TURBOANDSUPERCHARGERS,6-2l-gas-engine--turbo-and-super-chargers,https://www.moparamerica.com/v-2017-dodge-challenger--r-t-scat-pack--6-4l-v8-gas/6-2l-gas-engine--turbo-and-super-chargers,21,DISCOVERED,2026-08-01T00:45:41+00:00
tax-68f92d1fd762eb150207b4f2,challenger-rt-scat-pack-64-gas,tax-44c4e0abbf22810648f0d623,SUBCATEGORY,Camshaft and Valve,CAMSHAFTANDVALVE,6-4l-gas-engine--camshaft-and-valve,https://www.moparamerica.com/v-2017-dodge-challenger--r-t-scat-pack--6-4l-v8-gas/6-4l-gas-engine--camshaft-and-valve,22,DISCOVERED,2026-08-01T00:45:41+00:00
tax-a13eee6dfe31906716acd571,challenger-rt-scat-pack-64-gas,tax-44c4e0abbf22810648f0d623,SUBCATEGORY,Crankcase Ventilation,CRANKCASEVENTILATION,6-4l-gas-engine--crankcase-ventilation,https://www.moparamerica.com/v-2017-dodge-challenger--r-t-scat-pack--6-4l-v8-gas/6-4l-gas-engine--crankcase-ventilation,23,DISCOVERED,2026-08-01T00:45:41+00:00
tax-cba7c8270c19d523e0d3edae,challenger-rt-scat-pack-64-gas,tax-44c4e0abbf22810648f0d623,SUBCATEGORY,"Crankshaft, Piston, Drive Plate, Flywheel, and Damper",CRANKSHAFTPISTONDRIVEPLATEFLYWHEELANDDAMPER,6-4l-gas-engine--crankshaft-piston-drive-plate-flywheel-and-damper,https://www.moparamerica.com/v-2017-dodge-challenger--r-t-scat-pack--6-4l-v8-gas/6-4l-gas-engine--crankshaft-piston-drive-plate-flywheel-and-damper,24,DISCOVERED,2026-08-01T00:45:41+00:00
tax-6d2005d5f5b241254883d49d,challenger-rt-scat-pack-64-gas,tax-44c4e0abbf22810648f0d623,SUBCATEGORY,Cylinder Block,CYLINDERBLOCK,6-4l-gas-engine--cylinder-block,https://www.moparamerica.com/v-2017-dodge-challenger--r-t-scat-pack--6-4l-v8-gas/6-4l-gas-engine--cylinder-block,25,DISCOVERED,2026-08-01T00:45:41+00:00
tax-412acfdd685b23ed9c5465b6,challenger-rt-scat-pack-64-gas,tax-44c4e0abbf22810648f0d623,SUBCATEGORY,Cylinder Head,CYLINDERHEAD,6-4l-gas-engine--cylinder-head,https://www.moparamerica.com/v-2017-dodge-challenger--r-t-scat-pack--6-4l-v8-gas/6-4l-gas-engine--cylinder-head,26,DISCOVERED,2026-08-01T00:45:41+00:00
tax-fb84fadb7a80d1ba8c7f7303,challenger-rt-scat-pack-64-gas,tax-44c4e0abbf22810648f0d623,SUBCATEGORY,"Engine Identification, Service Engines & Engine Service Kits",ENGINEIDENTIFICATIONSERVICEENGINESENGINESERVICEKITS,6-4l-gas-engine--engine-identification-service-engines-and-engine-service-kits,https://www.moparamerica.com/v-2017-dodge-challenger--r-t-scat-pack--6-4l-v8-gas/6-4l-gas-engine--engine-identification-service-engines-and-engine-service-kits,27,DISCOVERED,2026-08-01T00:45:41+00:00
tax-0927fde7333f1f2f5f7ed416,challenger-rt-scat-pack-64-gas,tax-44c4e0abbf22810648f0d623,SUBCATEGORY,Engine Mounting,ENGINEMOUNTING,6-4l-gas-engine--engine-mounting,https://www.moparamerica.com/v-2017-dodge-challenger--r-t-scat-pack--6-4l-v8-gas/6-4l-gas-engine--engine-mounting,28,DISCOVERED,2026-08-01T00:45:41+00:00
tax-81f024f86e590a00e0a0ade0,challenger-rt-scat-pack-64-gas,tax-44c4e0abbf22810648f0d623,SUBCATEGORY,Engine Oil Cooler,ENGINEOILCOOLER,6-4l-gas-engine--engine-oil-cooler,https://www.moparamerica.com/v-2017-dodge-challenger--r-t-scat-pack--6-4l-v8-gas/6-4l-gas-engine--engine-oil-cooler,29,DISCOVERED,2026-08-01T00:45:41+00:00
tax-14975a5c127d99656a7a9cf1,challenger-rt-scat-pack-64-gas,tax-44c4e0abbf22810648f0d623,SUBCATEGORY,"Engine Oiling, Oil Pan and Indicator (Dipstick)",ENGINEOILINGOILPANANDINDICATORDIPSTICK,6-4l-gas-engine--engine-oiling-oil-pan-and-indicator-dipstick,https://www.moparamerica.com/v-2017-dodge-challenger--r-t-scat-pack--6-4l-v8-gas/6-4l-gas-engine--engine-oiling-oil-pan-and-indicator-dipstick,30,DISCOVERED,2026-08-01T00:45:41+00:00
tax-cbaa4959c21bb2bec8a1633a,challenger-rt-scat-pack-64-gas,tax-44c4e0abbf22810648f0d623,SUBCATEGORY,Manifolds and Vacuum Fittings,MANIFOLDSANDVACUUMFITTINGS,6-4l-gas-engine--manifolds-and-vacuum-fittings,https://www.moparamerica.com/v-2017-dodge-challenger--r-t-scat-pack--6-4l-v8-gas/6-4l-gas-engine--manifolds-and-vacuum-fittings,31,DISCOVERED,2026-08-01T00:45:41+00:00
tax-171e3ae2bbb0c4e61d6fac69,challenger-rt-scat-pack-64-gas,tax-44c4e0abbf22810648f0d623,SUBCATEGORY,Timing Belt/Chain and Cover and Balance Shaft,TIMINGBELTCHAINANDCOVERANDBALANCESHAFT,6-4l-gas-engine--timing-belt-chain-and-cover-and-balance-shaft,https://www.moparamerica.com/v-2017-dodge-challenger--r-t-scat-pack--6-4l-v8-gas/6-4l-gas-engine--timing-belt-chain-and-cover-and-balance-shaft,32,DISCOVERED,2026-08-01T00:45:41+00:00
tax-7271e377794ef133f09cfed5,challenger-rt-scat-pack-64-gas,tax-651ee4ff4ee3905c6941a2c1,SUBCATEGORY,Automatic Transmission / Transaxle and Torque Converter,AUTOMATICTRANSMISSIONTRANSAXLEANDTORQUECONVERTER,845re-8-speed-automatic-transmission--automatic-transmission-transaxle-and-torque-converter,https://www.moparamerica.com/v-2017-dodge-challenger--r-t-scat-pack--6-4l-v8-gas/845re-8-speed-automatic-transmission--automatic-transmission-transaxle-and-torque-converter,33,DISCOVERED,2026-08-01T00:45:41+00:00
tax-3b63592e3e70e35f32d915f3,challenger-rt-scat-pack-64-gas,tax-651ee4ff4ee3905c6941a2c1,SUBCATEGORY,Gearshift Controls and Related Parts,GEARSHIFTCONTROLSANDRELATEDPARTS,845re-8-speed-automatic-transmission--gearshift-controls-and-related-parts,https://www.moparamerica.com/v-2017-dodge-challenger--r-t-scat-pack--6-4l-v8-gas/845re-8-speed-automatic-transmission--gearshift-controls-and-related-parts,34,DISCOVERED,2026-08-01T00:45:41+00:00
tax-1917fda0f341455cc13268c9,challenger-rt-scat-pack-64-gas,tax-651ee4ff4ee3905c6941a2c1,SUBCATEGORY,Mounting and Skid Plate,MOUNTINGANDSKIDPLATE,845re-8-speed-automatic-transmission--mounting-and-skid-plate,https://www.moparamerica.com/v-2017-dodge-challenger--r-t-scat-pack--6-4l-v8-gas/845re-8-speed-automatic-transmission--mounting-and-skid-plate,35,DISCOVERED,2026-08-01T00:45:41+00:00
tax-32ba9d6feea0d7642c6dfa6b,challenger-rt-scat-pack-64-gas,tax-651ee4ff4ee3905c6941a2c1,SUBCATEGORY,Oil Pump,OILPUMP,845re-8-speed-automatic-transmission--oil-pump,https://www.moparamerica.com/v-2017-dodge-challenger--r-t-scat-pack--6-4l-v8-gas/845re-8-speed-automatic-transmission--oil-pump,36,DISCOVERED,2026-08-01T00:45:41+00:00
tax-6eb002a6f9091ac5a61bb083,challenger-rt-scat-pack-64-gas,tax-651ee4ff4ee3905c6941a2c1,SUBCATEGORY,"Valve Body, Accumulator, Solenoid and Parking Sprag",VALVEBODYACCUMULATORSOLENOIDANDPARKINGSPRAG,845re-8-speed-automatic-transmission--valve-body-accumulator-solenoid-and-parking-sprag,https://www.moparamerica.com/v-2017-dodge-challenger--r-t-scat-pack--6-4l-v8-gas/845re-8-speed-automatic-transmission--valve-body-accumulator-solenoid-and-parking-sprag,37,DISCOVERED,2026-08-01T00:45:41+00:00
tax-be3998fa105c516ddd3e8e05,challenger-rt-scat-pack-64-gas,tax-269d2d14e3a81eaef412fdc7,SUBCATEGORY,Automatic Transmission / Transaxle and Torque Converter,AUTOMATICTRANSMISSIONTRANSAXLEANDTORQUECONVERTER,8hp70-8-speed-automatic-transmission--automatic-transmission-transaxle-and-torque-converter,https://www.moparamerica.com/v-2017-dodge-challenger--r-t-scat-pack--6-4l-v8-gas/8hp70-8-speed-automatic-transmission--automatic-transmission-transaxle-and-torque-converter,38,DISCOVERED,2026-08-01T00:45:41+00:00
tax-651b571b4873926e1ac8a51b,challenger-rt-scat-pack-64-gas,tax-269d2d14e3a81eaef412fdc7,SUBCATEGORY,"Case, Extension, Oil Pan, and Indicator (Dipstick)",CASEEXTENSIONOILPANANDINDICATORDIPSTICK,8hp70-8-speed-automatic-transmission--case-extension-oil-pan-and-indicator-dipstick,https://www.moparamerica.com/v-2017-dodge-challenger--r-t-scat-pack--6-4l-v8-gas/8hp70-8-speed-automatic-transmission--case-extension-oil-pan-and-indicator-dipstick,39,DISCOVERED,2026-08-01T00:45:41+00:00
tax-39183804d2106a3efa1a72da,challenger-rt-scat-pack-64-gas,tax-269d2d14e3a81eaef412fdc7,SUBCATEGORY,Gearshift Controls and Related Parts,GEARSHIFTCONTROLSANDRELATEDPARTS,8hp70-8-speed-automatic-transmission--gearshift-controls-and-related-parts,https://www.moparamerica.com/v-2017-dodge-challenger--r-t-scat-pack--6-4l-v8-gas/8hp70-8-speed-automatic-transmission--gearshift-controls-and-related-parts,40,DISCOVERED,2026-08-01T00:45:41+00:00
tax-f183ad418afedeabac6e64f6,challenger-rt-scat-pack-64-gas,tax-269d2d14e3a81eaef412fdc7,SUBCATEGORY,Mounting and Skid Plate,MOUNTINGANDSKIDPLATE,8hp70-8-speed-automatic-transmission--mounting-and-skid-plate,https://www.moparamerica.com/v-2017-dodge-challenger--r-t-scat-pack--6-4l-v8-gas/8hp70-8-speed-automatic-transmission--mounting-and-skid-plate,41,DISCOVERED,2026-08-01T00:45:41+00:00
tax-eecfe8beb6ef66a65e85773b,challenger-rt-scat-pack-64-gas,tax-269d2d14e3a81eaef412fdc7,SUBCATEGORY,Oil Pump,OILPUMP,8hp70-8-speed-automatic-transmission--oil-pump,https://www.moparamerica.com/v-2017-dodge-challenger--r-t-scat-pack--6-4l-v8-gas/8hp70-8-speed-automatic-transmission--oil-pump,42,DISCOVERED,2026-08-01T00:45:41+00:00
tax-d9139545748cd912281ffb9a,challenger-rt-scat-pack-64-gas,tax-269d2d14e3a81eaef412fdc7,SUBCATEGORY,"Valve Body, Accumulator, Solenoid and Parking Sprag",VALVEBODYACCUMULATORSOLENOIDANDPARKINGSPRAG,8hp70-8-speed-automatic-transmission--valve-body-accumulator-solenoid-and-parking-sprag,https://www.moparamerica.com/v-2017-dodge-challenger--r-t-scat-pack--6-4l-v8-gas/8hp70-8-speed-automatic-transmission--valve-body-accumulator-solenoid-and-parking-sprag,43,DISCOVERED,2026-08-01T00:45:41+00:00
tax-87c16ba02c4a5478a4f86de6,challenger-rt-scat-pack-64-gas,tax-ada7f4acadfdb159f192035e,SUBCATEGORY,Automatic Transmission / Transaxle and Torque Converter,AUTOMATICTRANSMISSIONTRANSAXLEANDTORQUECONVERTER,8hp90-8-speed-automatic-transmission--automatic-transmission-transaxle-and-torque-converter,https://www.moparamerica.com/v-2017-dodge-challenger--r-t-scat-pack--6-4l-v8-gas/8hp90-8-speed-automatic-transmission--automatic-transmission-transaxle-and-torque-converter,44,DISCOVERED,2026-08-01T00:45:41+00:00
tax-282a5f05453071b8e6924054,challenger-rt-scat-pack-64-gas,tax-ada7f4acadfdb159f192035e,SUBCATEGORY,Gearshift Controls and Related Parts,GEARSHIFTCONTROLSANDRELATEDPARTS,8hp90-8-speed-automatic-transmission--gearshift-controls-and-related-parts,https://www.moparamerica.com/v-2017-dodge-challenger--r-t-scat-pack--6-4l-v8-gas/8hp90-8-speed-automatic-transmission--gearshift-controls-and-related-parts,45,DISCOVERED,2026-08-01T00:45:41+00:00
tax-33913cbde1a1f4340f7311a1,challenger-rt-scat-pack-64-gas,tax-ada7f4acadfdb159f192035e,SUBCATEGORY,Mounting and Skid Plate,MOUNTINGANDSKIDPLATE,8hp90-8-speed-automatic-transmission--mounting-and-skid-plate,https://www.moparamerica.com/v-2017-dodge-challenger--r-t-scat-pack--6-4l-v8-gas/8hp90-8-speed-automatic-transmission--mounting-and-skid-plate,46,DISCOVERED,2026-08-01T00:45:41+00:00
tax-3a7868ddcc2266bb468b6eaf,challenger-rt-scat-pack-64-gas,tax-8fef9364c045bdc1d94c8f06,SUBCATEGORY,Engines,ENGINES,accessories-crate-engines--engines,https://www.moparamerica.com/v-2017-dodge-challenger--r-t-scat-pack--6-4l-v8-gas/accessories-crate-engines--engines,47,DISCOVERED,2026-08-01T00:45:41+00:00
tax-935244fb2ac1dd80b8464a00,challenger-rt-scat-pack-64-gas,tax-9359eebce48ed5a9af8f8b08,SUBCATEGORY,Race Kits,RACEKITS,accessories-drag-pak--race-kits,https://www.moparamerica.com/v-2017-dodge-challenger--r-t-scat-pack--6-4l-v8-gas/accessories-drag-pak--race-kits,48,DISCOVERED,2026-08-01T00:45:41+00:00
tax-ce26d596bd128490c6063173,challenger-rt-scat-pack-64-gas,tax-fb0cb7321fe115bed59e0cf4,SUBCATEGORY,Covers,COVERS,accessories-exterior-accessories--covers,https://www.moparamerica.com/v-2017-dodge-challenger--r-t-scat-pack--6-4l-v8-gas/accessories-exterior-accessories--covers,49,DISCOVERED,2026-08-01T00:45:41+00:00
tax-4a2fa29670412ea18de50af2,challenger-rt-scat-pack-64-gas,tax-fb0cb7321fe115bed59e0cf4,SUBCATEGORY,Exterior Appearance,EXTERIORAPPEARANCE,accessories-exterior-accessories--exterior-appearance,https://www.moparamerica.com/v-2017-dodge-challenger--r-t-scat-pack--6-4l-v8-gas/accessories-exterior-accessories--exterior-appearance,50,DISCOVERED,2026-08-01T00:45:41+00:00
tax-c4a15275d4ff5ed6ea0cbd49,challenger-rt-scat-pack-64-gas,tax-fb0cb7321fe115bed59e0cf4,SUBCATEGORY,License Plate,LICENSEPLATE,accessories-exterior-accessories--license-plate,https://www.moparamerica.com/v-2017-dodge-challenger--r-t-scat-pack--6-4l-v8-gas/accessories-exterior-accessories--license-plate,51,DISCOVERED,2026-08-01T00:45:41+00:00
tax-4500e30fc201bcd0ddff3a9e,challenger-rt-scat-pack-64-gas,tax-fb0cb7321fe115bed59e0cf4,SUBCATEGORY,Locks,LOCKS,accessories-exterior-accessories--locks,https://www.moparamerica.com/v-2017-dodge-challenger--r-t-scat-pack--6-4l-v8-gas/accessories-exterior-accessories--locks,52,DISCOVERED,2026-08-01T00:45:41+00:00
tax-e570d34bfc59e188c8af6934,challenger-rt-scat-pack-64-gas,tax-fb0cb7321fe115bed59e0cf4,SUBCATEGORY,Protective Guards,PROTECTIVEGUARDS,accessories-exterior-accessories--protective-guards,https://www.moparamerica.com/v-2017-dodge-challenger--r-t-scat-pack--6-4l-v8-gas/accessories-exterior-accessories--protective-guards,53,DISCOVERED,2026-08-01T00:45:41+00:00
tax-61fd198392eb681ca6ae8c17,challenger-rt-scat-pack-64-gas,tax-fb0cb7321fe115bed59e0cf4,SUBCATEGORY,Splash Guards,SPLASHGUARDS,accessories-exterior-accessories--splash-guards,https://www.moparamerica.com/v-2017-dodge-challenger--r-t-scat-pack--6-4l-v8-gas/accessories-exterior-accessories--splash-guards,54,DISCOVERED,2026-08-01T00:45:41+00:00
tax-cdf3e4a6ed4136b8d3618676,challenger-rt-scat-pack-64-gas,tax-fb0cb7321fe115bed59e0cf4,SUBCATEGORY,Wheels,WHEELS,accessories-exterior-accessories--wheels,https://www.moparamerica.com/v-2017-dodge-challenger--r-t-scat-pack--6-4l-v8-gas/accessories-exterior-accessories--wheels,55,DISCOVERED,2026-08-01T00:45:41+00:00
tax-fa66597db7e7a29a4bee8c19,challenger-rt-scat-pack-64-gas,tax-f7d725b338a62f9fa2eb79ff,SUBCATEGORY,Air Purification,AIRPURIFICATION,accessories-interior-accessories--air-purification,https://www.moparamerica.com/v-2017-dodge-challenger--r-t-scat-pack--6-4l-v8-gas/accessories-interior-accessories--air-purification,56,DISCOVERED,2026-08-01T00:45:41+00:00
tax-1e1fbf03ef84f84b63226980,challenger-rt-scat-pack-64-gas,tax-f7d725b338a62f9fa2eb79ff,SUBCATEGORY,Cargo Trays & Mats,CARGOTRAYSMATS,accessories-interior-accessories--cargo-trays-and-mats,https://www.moparamerica.com/v-2017-dodge-challenger--r-t-scat-pack--6-4l-v8-gas/accessories-interior-accessories--cargo-trays-and-mats,57,DISCOVERED,2026-08-01T00:45:41+00:00
tax-f250f9384049306236c769af,challenger-rt-scat-pack-64-gas,tax-f7d725b338a62f9fa2eb79ff,SUBCATEGORY,Floor Mats,FLOORMATS,accessories-interior-accessories--floor-mats,https://www.moparamerica.com/v-2017-dodge-challenger--r-t-scat-pack--6-4l-v8-gas/accessories-interior-accessories--floor-mats,58,DISCOVERED,2026-08-01T00:45:41+00:00
tax-7a6888a9a57480c6ba24004a,challenger-rt-scat-pack-64-gas,tax-f7d725b338a62f9fa2eb79ff,SUBCATEGORY,Interior Appearance,INTERIORAPPEARANCE,accessories-interior-accessories--interior-appearance,https://www.moparamerica.com/v-2017-dodge-challenger--r-t-scat-pack--6-4l-v8-gas/accessories-interior-accessories--interior-appearance,59,DISCOVERED,2026-08-01T00:45:41+00:00
tax-0f9e58a22072c9da0c88ca9d,challenger-rt-scat-pack-64-gas,tax-2c3cb86b7d1f636f4a28c5cc,SUBCATEGORY,Safety Kits,SAFETYKITS,accessories-lifestyle-and-off-road-accessories--safety-kits,https://www.moparamerica.com/v-2017-dodge-challenger--r-t-scat-pack--6-4l-v8-gas/accessories-lifestyle-and-off-road-accessories--safety-kits,60,DISCOVERED,2026-08-01T00:45:41+00:00
tax-62e5e1c711d8e0aa3a62f75b,challenger-rt-scat-pack-64-gas,tax-c64b5404522639f9e40ec66b,SUBCATEGORY,Engine Parts,ENGINEPARTS,accessories-modern-performance--engine-parts,https://www.moparamerica.com/v-2017-dodge-challenger--r-t-scat-pack--6-4l-v8-gas/accessories-modern-performance--engine-parts,61,DISCOVERED,2026-08-01T00:45:41+00:00
tax-3bbe5ecb969718dc5cb79939,challenger-rt-scat-pack-64-gas,tax-c64b5404522639f9e40ec66b,SUBCATEGORY,Intake & Air,INTAKEAIR,accessories-modern-performance--intake-and-air,https://www.moparamerica.com/v-2017-dodge-challenger--r-t-scat-pack--6-4l-v8-gas/accessories-modern-performance--intake-and-air,62,DISCOVERED,2026-08-01T00:45:41+00:00
tax-36946baba1512b9a19d107c7,challenger-rt-scat-pack-64-gas,tax-c64b5404522639f9e40ec66b,SUBCATEGORY,Suspension,SUSPENSION,accessories-modern-performance--suspension,https://www.moparamerica.com/v-2017-dodge-challenger--r-t-scat-pack--6-4l-v8-gas/accessories-modern-performance--suspension,63,DISCOVERED,2026-08-01T00:45:41+00:00
tax-81c51137bce293e5ffe21e39,challenger-rt-scat-pack-64-gas,tax-001c96b029fb1c0efb191bb6,SUBCATEGORY,Mopar,MOPAR,accessories-vehicle-care-products--mopar,https://www.moparamerica.com/v-2017-dodge-challenger--r-t-scat-pack--6-4l-v8-gas/accessories-vehicle-care-products--mopar,64,DISCOVERED,2026-08-01T00:45:41+00:00
tax-987f2c9b2d4802f5942b5e61,challenger-rt-scat-pack-64-gas,tax-001c96b029fb1c0efb191bb6,SUBCATEGORY,Touch Up Paint,TOUCHUPPAINT,accessories-vehicle-care-products--touch-up-paint,https://www.moparamerica.com/v-2017-dodge-challenger--r-t-scat-pack--6-4l-v8-gas/accessories-vehicle-care-products--touch-up-paint,65,DISCOVERED,2026-08-01T00:45:41+00:00
tax-da128f6271fb75567364c40d,challenger-rt-scat-pack-64-gas,tax-81c72394a7b942b291c52818,SUBCATEGORY,Air Conditioner and Heater Controls,AIRCONDITIONERANDHEATERCONTROLS,air-conditioners-and-heaters--air-conditioner-and-heater-controls,https://www.moparamerica.com/v-2017-dodge-challenger--r-t-scat-pack--6-4l-v8-gas/air-conditioners-and-heaters--air-conditioner-and-heater-controls,66,DISCOVERED,2026-08-01T00:45:41+00:00
tax-3e074277a5ddc7b94fe6eb4e,challenger-rt-scat-pack-64-gas,tax-81c72394a7b942b291c52818,SUBCATEGORY,Air Conditioner and Heater Plumbing,AIRCONDITIONERANDHEATERPLUMBING,air-conditioners-and-heaters--air-conditioner-and-heater-plumbing,https://www.moparamerica.com/v-2017-dodge-challenger--r-t-scat-pack--6-4l-v8-gas/air-conditioners-and-heaters--air-conditioner-and-heater-plumbing,67,DISCOVERED,2026-08-01T00:45:41+00:00
tax-b92e5cf71eb92fd5b462f5aa,challenger-rt-scat-pack-64-gas,tax-81c72394a7b942b291c52818,SUBCATEGORY,Air Conditioner and Heater Units,AIRCONDITIONERANDHEATERUNITS,air-conditioners-and-heaters--air-conditioner-and-heater-units,https://www.moparamerica.com/v-2017-dodge-challenger--r-t-scat-pack--6-4l-v8-gas/air-conditioners-and-heaters--air-conditioner-and-heater-units,68,DISCOVERED,2026-08-01T00:45:41+00:00
tax-109b1ba572b8c4fd35b9feac,challenger-rt-scat-pack-64-gas,tax-81c72394a7b942b291c52818,SUBCATEGORY,Air Conditioner Compressor and Mounting,AIRCONDITIONERCOMPRESSORANDMOUNTING,air-conditioners-and-heaters--air-conditioner-compressor-and-mounting,https://www.moparamerica.com/v-2017-dodge-challenger--r-t-scat-pack--6-4l-v8-gas/air-conditioners-and-heaters--air-conditioner-compressor-and-mounting,69,DISCOVERED,2026-08-01T00:45:41+00:00
tax-5df9eaec71a221901deb4e30,challenger-rt-scat-pack-64-gas,tax-81c72394a7b942b291c52818,SUBCATEGORY,Air Ducts,AIRDUCTS,air-conditioners-and-heaters--air-ducts,https://www.moparamerica.com/v-2017-dodge-challenger--r-t-scat-pack--6-4l-v8-gas/air-conditioners-and-heaters--air-ducts,70,DISCOVERED,2026-08-01T00:45:41+00:00
tax-9f33db09211771f75bd1af3d,challenger-rt-scat-pack-64-gas,tax-c32cea31dc77b27db5859a04,SUBCATEGORY,Drive Shaft,DRIVESHAFT,all-wheel-drive-differential-and-drive-line--drive-shaft,https://www.moparamerica.com/v-2017-dodge-challenger--r-t-scat-pack--6-4l-v8-gas/all-wheel-drive-differential-and-drive-line--drive-shaft,71,DISCOVERED,2026-08-01T00:45:41+00:00
tax-85fcba0fd0c2110933b87584,challenger-rt-scat-pack-64-gas,tax-c32cea31dc77b27db5859a04,SUBCATEGORY,Front Axle Assembly,FRONTAXLEASSEMBLY,all-wheel-drive-differential-and-drive-line--front-axle-assembly,https://www.moparamerica.com/v-2017-dodge-challenger--r-t-scat-pack--6-4l-v8-gas/all-wheel-drive-differential-and-drive-line--front-axle-assembly,72,DISCOVERED,2026-08-01T00:45:41+00:00
tax-b424e653183fd3c5c12a0fc4,challenger-rt-scat-pack-64-gas,tax-c32cea31dc77b27db5859a04,SUBCATEGORY,Front Axle Drive Shafts,FRONTAXLEDRIVESHAFTS,all-wheel-drive-differential-and-drive-line--front-axle-drive-shafts,https://www.moparamerica.com/v-2017-dodge-challenger--r-t-scat-pack--6-4l-v8-gas/all-wheel-drive-differential-and-drive-line--front-axle-drive-shafts,73,DISCOVERED,2026-08-01T00:45:41+00:00
tax-7021338a3db6c487f2279a0d,challenger-rt-scat-pack-64-gas,tax-c32cea31dc77b27db5859a04,SUBCATEGORY,Rear Axle Assembly,REARAXLEASSEMBLY,all-wheel-drive-differential-and-drive-line--rear-axle-assembly,https://www.moparamerica.com/v-2017-dodge-challenger--r-t-scat-pack--6-4l-v8-gas/all-wheel-drive-differential-and-drive-line--rear-axle-assembly,74,DISCOVERED,2026-08-01T00:45:41+00:00
tax-f9b61a74e784a07e1aed70cf,challenger-rt-scat-pack-64-gas,tax-c32cea31dc77b27db5859a04,SUBCATEGORY,"Rear Axle; Housing, Differential and Vent",REARAXLEHOUSINGDIFFERENTIALANDVENT,all-wheel-drive-differential-and-drive-line--rear-axle-housing-differential-and-vent,https://www.moparamerica.com/v-2017-dodge-challenger--r-t-scat-pack--6-4l-v8-gas/all-wheel-drive-differential-and-drive-line--rear-axle-housing-differential-and-vent,75,DISCOVERED,2026-08-01T00:45:41+00:00
tax-bf0e8e9bfd6ee301261cf2a2,challenger-rt-scat-pack-64-gas,tax-c32cea31dc77b27db5859a04,SUBCATEGORY,Rear Axle Shafts,REARAXLESHAFTS,all-wheel-drive-differential-and-drive-line--rear-axle-shafts,https://www.moparamerica.com/v-2017-dodge-challenger--r-t-scat-pack--6-4l-v8-gas/all-wheel-drive-differential-and-drive-line--rear-axle-shafts,76,DISCOVERED,2026-08-01T00:45:41+00:00
tax-baf125c8f1971c57d78f499b,challenger-rt-scat-pack-64-gas,tax-78269d79a8b79a01dc5013ed,SUBCATEGORY,Aperture Panel and Pillar Supports,APERTUREPANELANDPILLARSUPPORTS,body-sheet-metal-except-doors--aperture-panel-and-pillar-supports,https://www.moparamerica.com/v-2017-dodge-challenger--r-t-scat-pack--6-4l-v8-gas/body-sheet-metal-except-doors--aperture-panel-and-pillar-supports,77,DISCOVERED,2026-08-01T00:45:41+00:00
tax-fd4743fbd525e9d1ed25aacf,challenger-rt-scat-pack-64-gas,tax-78269d79a8b79a01dc5013ed,SUBCATEGORY,"Body Structure Welds, Weatherstrips, Seals, Sealers and Adhesives",BODYSTRUCTUREWELDSWEATHERSTRIPSSEALSSEALERSANDADHESIVES,body-sheet-metal-except-doors--body-structure-welds-weatherstrips-seals-sealers-and-adhesives,https://www.moparamerica.com/v-2017-dodge-challenger--r-t-scat-pack--6-4l-v8-gas/body-sheet-metal-except-doors--body-structure-welds-weatherstrips-seals-sealers-and-adhesives,78,DISCOVERED,2026-08-01T00:45:41+00:00
tax-f5b227c2ee632a0885aa534a,challenger-rt-scat-pack-64-gas,tax-78269d79a8b79a01dc5013ed,SUBCATEGORY,Cowl and Dash Panel,COWLANDDASHPANEL,body-sheet-metal-except-doors--cowl-and-dash-panel,https://www.moparamerica.com/v-2017-dodge-challenger--r-t-scat-pack--6-4l-v8-gas/body-sheet-metal-except-doors--cowl-and-dash-panel,79,DISCOVERED,2026-08-01T00:45:41+00:00
tax-f0ff3689b80caceb74a66118,challenger-rt-scat-pack-64-gas,tax-78269d79a8b79a01dc5013ed,SUBCATEGORY,Deck Lid,DECKLID,body-sheet-metal-except-doors--deck-lid,https://www.moparamerica.com/v-2017-dodge-challenger--r-t-scat-pack--6-4l-v8-gas/body-sheet-metal-except-doors--deck-lid,80,DISCOVERED,2026-08-01T00:45:41+00:00
tax-14ee92b58f48d6ef2cb6d85f,challenger-rt-scat-pack-64-gas,tax-78269d79a8b79a01dc5013ed,SUBCATEGORY,Fenders,FENDERS,body-sheet-metal-except-doors--fenders,https://www.moparamerica.com/v-2017-dodge-challenger--r-t-scat-pack--6-4l-v8-gas/body-sheet-metal-except-doors--fenders,81,DISCOVERED,2026-08-01T00:45:41+00:00
tax-50a4686a103b70e0d273181b,challenger-rt-scat-pack-64-gas,tax-78269d79a8b79a01dc5013ed,SUBCATEGORY,Floor Pans,FLOORPANS,body-sheet-metal-except-doors--floor-pans,https://www.moparamerica.com/v-2017-dodge-challenger--r-t-scat-pack--6-4l-v8-gas/body-sheet-metal-except-doors--floor-pans,82,DISCOVERED,2026-08-01T00:45:41+00:00
tax-3941399843698ecb6ee006df,challenger-rt-scat-pack-64-gas,tax-78269d79a8b79a01dc5013ed,SUBCATEGORY,Hood and Hood Release,HOODANDHOODRELEASE,body-sheet-metal-except-doors--hood-and-hood-release,https://www.moparamerica.com/v-2017-dodge-challenger--r-t-scat-pack--6-4l-v8-gas/body-sheet-metal-except-doors--hood-and-hood-release,83,DISCOVERED,2026-08-01T00:45:41+00:00
tax-f8a1e22a29af3d13ed4ecc08,challenger-rt-scat-pack-64-gas,tax-78269d79a8b79a01dc5013ed,SUBCATEGORY,Plugs,PLUGS,body-sheet-metal-except-doors--plugs,https://www.moparamerica.com/v-2017-dodge-challenger--r-t-scat-pack--6-4l-v8-gas/body-sheet-metal-except-doors--plugs,84,DISCOVERED,2026-08-01T00:45:41+00:00
tax-a014827f03fb81513b5f8434,challenger-rt-scat-pack-64-gas,tax-78269d79a8b79a01dc5013ed,SUBCATEGORY,Roof,ROOF,body-sheet-metal-except-doors--roof,https://www.moparamerica.com/v-2017-dodge-challenger--r-t-scat-pack--6-4l-v8-gas/body-sheet-metal-except-doors--roof,85,DISCOVERED,2026-08-01T00:45:41+00:00
tax-e2f2a76fd49e4514430c5476,challenger-rt-scat-pack-64-gas,tax-78269d79a8b79a01dc5013ed,SUBCATEGORY,Shelf Panel,SHELFPANEL,body-sheet-metal-except-doors--shelf-panel,https://www.moparamerica.com/v-2017-dodge-challenger--r-t-scat-pack--6-4l-v8-gas/body-sheet-metal-except-doors--shelf-panel,86,DISCOVERED,2026-08-01T00:45:41+00:00
tax-bc50608b296832b2fa3051bf,challenger-rt-scat-pack-64-gas,tax-78269d79a8b79a01dc5013ed,SUBCATEGORY,Sunroof,SUNROOF,body-sheet-metal-except-doors--sunroof,https://www.moparamerica.com/v-2017-dodge-challenger--r-t-scat-pack--6-4l-v8-gas/body-sheet-metal-except-doors--sunroof,87,DISCOVERED,2026-08-01T00:45:41+00:00
tax-9258b22b266d2ebc82b698e4,challenger-rt-scat-pack-64-gas,tax-7d3557595cbabf2ffb78d797,SUBCATEGORY,Brake Master Cylinder,BRAKEMASTERCYLINDER,brakes--brake-master-cylinder,https://www.moparamerica.com/v-2017-dodge-challenger--r-t-scat-pack--6-4l-v8-gas/brakes--brake-master-cylinder,88,DISCOVERED,2026-08-01T00:45:41+00:00
tax-ce0973a8f5c6895952f8ea5e,challenger-rt-scat-pack-64-gas,tax-7d3557595cbabf2ffb78d797,SUBCATEGORY,Brake Pedals,BRAKEPEDALS,brakes--brake-pedals,https://www.moparamerica.com/v-2017-dodge-challenger--r-t-scat-pack--6-4l-v8-gas/brakes--brake-pedals,89,DISCOVERED,2026-08-01T00:45:41+00:00
tax-545bb1c0fc0e24cd0068a176,challenger-rt-scat-pack-64-gas,tax-7d3557595cbabf2ffb78d797,SUBCATEGORY,Front Brakes,FRONTBRAKES,brakes--front-brakes,https://www.moparamerica.com/v-2017-dodge-challenger--r-t-scat-pack--6-4l-v8-gas/brakes--front-brakes,90,DISCOVERED,2026-08-01T00:45:41+00:00
tax-b08461b9a4497f6377aa3931,challenger-rt-scat-pack-64-gas,tax-7d3557595cbabf2ffb78d797,SUBCATEGORY,"Hydraulic Control Unit, Brake Tubes and Hoses",HYDRAULICCONTROLUNITBRAKETUBESANDHOSES,brakes--hydraulic-control-unit-brake-tubes-and-hoses,https://www.moparamerica.com/v-2017-dodge-challenger--r-t-scat-pack--6-4l-v8-gas/brakes--hydraulic-control-unit-brake-tubes-and-hoses,91,DISCOVERED,2026-08-01T00:45:41+00:00
tax-cf95d321bee1b2c6994d9498,challenger-rt-scat-pack-64-gas,tax-7d3557595cbabf2ffb78d797,SUBCATEGORY,"Parking Brake Lever, Cables, and Rear Disc Park Brake Assembly",PARKINGBRAKELEVERCABLESANDREARDISCPARKBRAKEASSEMBLY,brakes--parking-brake-lever-cables-and-rear-disc-park-brake-assembly,https://www.moparamerica.com/v-2017-dodge-challenger--r-t-scat-pack--6-4l-v8-gas/brakes--parking-brake-lever-cables-and-rear-disc-park-brake-assembly,92,DISCOVERED,2026-08-01T00:45:41+00:00
tax-6aec2b97c16fed3f7a2e6159,challenger-rt-scat-pack-64-gas,tax-7d3557595cbabf2ffb78d797,SUBCATEGORY,Power Brake Booster,POWERBRAKEBOOSTER,brakes--power-brake-booster,https://www.moparamerica.com/v-2017-dodge-challenger--r-t-scat-pack--6-4l-v8-gas/brakes--power-brake-booster,93,DISCOVERED,2026-08-01T00:45:41+00:00
tax-b9b37fae8e4e3afcf97dfb80,challenger-rt-scat-pack-64-gas,tax-7d3557595cbabf2ffb78d797,SUBCATEGORY,Rear Brakes,REARBRAKES,brakes--rear-brakes,https://www.moparamerica.com/v-2017-dodge-challenger--r-t-scat-pack--6-4l-v8-gas/brakes--rear-brakes,94,DISCOVERED,2026-08-01T00:45:41+00:00
tax-27f7855a4244bdfb1a515875,challenger-rt-scat-pack-64-gas,tax-f816334fa39aa18006995513,SUBCATEGORY,Clutch,CLUTCH,clutch--clutch,https://www.moparamerica.com/v-2017-dodge-challenger--r-t-scat-pack--6-4l-v8-gas/clutch--clutch,95,DISCOVERED,2026-08-01T00:45:41+00:00
tax-98edc992e5176187459ef3c6,challenger-rt-scat-pack-64-gas,tax-f816334fa39aa18006995513,SUBCATEGORY,Clutch Controls,CLUTCHCONTROLS,clutch--clutch-controls,https://www.moparamerica.com/v-2017-dodge-challenger--r-t-scat-pack--6-4l-v8-gas/clutch--clutch-controls,96,DISCOVERED,2026-08-01T00:45:41+00:00
tax-dcd35de0ca0c45b27925fa1f,challenger-rt-scat-pack-64-gas,tax-f816334fa39aa18006995513,SUBCATEGORY,Clutch Housing,CLUTCHHOUSING,clutch--clutch-housing,https://www.moparamerica.com/v-2017-dodge-challenger--r-t-scat-pack--6-4l-v8-gas/clutch--clutch-housing,97,DISCOVERED,2026-08-01T00:45:41+00:00
tax-1d21b2575ad7b55cddf99ad8,challenger-rt-scat-pack-64-gas,tax-f816334fa39aa18006995513,SUBCATEGORY,Clutch Pedals,CLUTCHPEDALS,clutch--clutch-pedals,https://www.moparamerica.com/v-2017-dodge-challenger--r-t-scat-pack--6-4l-v8-gas/clutch--clutch-pedals,98,DISCOVERED,2026-08-01T00:45:41+00:00
tax-b8dc99470c72dfbeb93ac154,challenger-rt-scat-pack-64-gas,tax-4a34805a5fc8e973bc3cd599,SUBCATEGORY,Exterior,EXTERIOR,conversion-and-upfit-packages--exterior,https://www.moparamerica.com/v-2017-dodge-challenger--r-t-scat-pack--6-4l-v8-gas/conversion-and-upfit-packages--exterior,99,DISCOVERED,2026-08-01T00:45:41+00:00
tax-d0300632381e8fcf968d1f13,challenger-rt-scat-pack-64-gas,tax-16ff4632976aab9bf0c27aba,SUBCATEGORY,Drive Belts,DRIVEBELTS,cooling--drive-belts,https://www.moparamerica.com/v-2017-dodge-challenger--r-t-scat-pack--6-4l-v8-gas/cooling--drive-belts,100,DISCOVERED,2026-08-01T00:45:41+00:00
tax-913483d183ec553156143977,challenger-rt-scat-pack-64-gas,tax-16ff4632976aab9bf0c27aba,SUBCATEGORY,Engine Coolant Reservoir (Bottle),ENGINECOOLANTRESERVOIRBOTTLE,cooling--engine-coolant-reservoir-bottle,https://www.moparamerica.com/v-2017-dodge-challenger--r-t-scat-pack--6-4l-v8-gas/cooling--engine-coolant-reservoir-bottle,101,DISCOVERED,2026-08-01T00:45:41+00:00
tax-a6ffc1266d3f7121e3af97c3,challenger-rt-scat-pack-64-gas,tax-16ff4632976aab9bf0c27aba,SUBCATEGORY,Pulleys and Related Parts,PULLEYSANDRELATEDPARTS,cooling--pulleys-and-related-parts,https://www.moparamerica.com/v-2017-dodge-challenger--r-t-scat-pack--6-4l-v8-gas/cooling--pulleys-and-related-parts,102,DISCOVERED,2026-08-01T00:45:41+00:00
tax-0d46fac7d2d90e20518163c3,challenger-rt-scat-pack-64-gas,tax-16ff4632976aab9bf0c27aba,SUBCATEGORY,Radiator and Related Parts; Charge Air Cooler,RADIATORANDRELATEDPARTSCHARGEAIRCOOLER,cooling--radiator-and-related-parts-charge-air-cooler,https://www.moparamerica.com/v-2017-dodge-challenger--r-t-scat-pack--6-4l-v8-gas/cooling--radiator-and-related-parts-charge-air-cooler,103,DISCOVERED,2026-08-01T00:45:41+00:00
tax-62bb9611449d772dca79dbe2,challenger-rt-scat-pack-64-gas,tax-16ff4632976aab9bf0c27aba,SUBCATEGORY,"Transmission Oil Cooler, and Lines",TRANSMISSIONOILCOOLERANDLINES,cooling--transmission-oil-cooler-and-lines,https://www.moparamerica.com/v-2017-dodge-challenger--r-t-scat-pack--6-4l-v8-gas/cooling--transmission-oil-cooler-and-lines,104,DISCOVERED,2026-08-01T00:45:41+00:00
tax-d68d0d38a6e08cd1a484bf74,challenger-rt-scat-pack-64-gas,tax-16ff4632976aab9bf0c27aba,SUBCATEGORY,Water Pump and Related Parts,WATERPUMPANDRELATEDPARTS,cooling--water-pump-and-related-parts,https://www.moparamerica.com/v-2017-dodge-challenger--r-t-scat-pack--6-4l-v8-gas/cooling--water-pump-and-related-parts,105,DISCOVERED,2026-08-01T00:45:41+00:00
tax-d98527b6816d555e40bf15be,challenger-rt-scat-pack-64-gas,tax-b024e6d71d2f92a482400593,SUBCATEGORY,Exterior Mirror,EXTERIORMIRROR,doors-door-mirrors-and-related-parts--exterior-mirror,https://www.moparamerica.com/v-2017-dodge-challenger--r-t-scat-pack--6-4l-v8-gas/doors-door-mirrors-and-related-parts--exterior-mirror,106,DISCOVERED,2026-08-01T00:45:41+00:00
tax-34a247557c93fe881c17665e,challenger-rt-scat-pack-64-gas,tax-b024e6d71d2f92a482400593,SUBCATEGORY,Front Door,FRONTDOOR,doors-door-mirrors-and-related-parts--front-door,https://www.moparamerica.com/v-2017-dodge-challenger--r-t-scat-pack--6-4l-v8-gas/doors-door-mirrors-and-related-parts--front-door,107,DISCOVERED,2026-08-01T00:45:41+00:00
tax-d54d7081e02ae4f8ebe03a4a,challenger-rt-scat-pack-64-gas,tax-b024e6d71d2f92a482400593,SUBCATEGORY,Weatherstrips and Seals,WEATHERSTRIPSANDSEALS,doors-door-mirrors-and-related-parts--weatherstrips-and-seals,https://www.moparamerica.com/v-2017-dodge-challenger--r-t-scat-pack--6-4l-v8-gas/doors-door-mirrors-and-related-parts--weatherstrips-and-seals,108,DISCOVERED,2026-08-01T00:45:41+00:00
tax-867600ed38f7915ce5fe3ab3,challenger-rt-scat-pack-64-gas,tax-f8b575562ca408389f223c27,SUBCATEGORY,"Battery, Battery Tray and Cables",BATTERYBATTERYTRAYANDCABLES,electrical--battery-battery-tray-and-cables,https://www.moparamerica.com/v-2017-dodge-challenger--r-t-scat-pack--6-4l-v8-gas/electrical--battery-battery-tray-and-cables,109,DISCOVERED,2026-08-01T00:45:41+00:00
tax-8f1ad63b14f4d4291bb15f83,challenger-rt-scat-pack-64-gas,tax-f8b575562ca408389f223c27,SUBCATEGORY,Generators / Alternators,GENERATORSALTERNATORS,electrical--generators-alternators,https://www.moparamerica.com/v-2017-dodge-challenger--r-t-scat-pack--6-4l-v8-gas/electrical--generators-alternators,110,DISCOVERED,2026-08-01T00:45:41+00:00
tax-554000bc19d2a6f481578dca,challenger-rt-scat-pack-64-gas,tax-f8b575562ca408389f223c27,SUBCATEGORY,Horns,HORNS,electrical--horns,https://www.moparamerica.com/v-2017-dodge-challenger--r-t-scat-pack--6-4l-v8-gas/electrical--horns,111,DISCOVERED,2026-08-01T00:45:41+00:00
tax-a20de4d3caeb5545ddf4a7ef,challenger-rt-scat-pack-64-gas,tax-f8b575562ca408389f223c27,SUBCATEGORY,"Ignition - Spark Plugs, Cables, Coils, and Glow Plugs",IGNITIONSPARKPLUGSCABLESCOILSANDGLOWPLUGS,electrical--ignition-spark-plugs-cables-coils-and-glow-plugs,https://www.moparamerica.com/v-2017-dodge-challenger--r-t-scat-pack--6-4l-v8-gas/electrical--ignition-spark-plugs-cables-coils-and-glow-plugs,112,DISCOVERED,2026-08-01T00:45:41+00:00
tax-60b7f966abbcc62b0d8735be,challenger-rt-scat-pack-64-gas,tax-f8b575562ca408389f223c27,SUBCATEGORY,Instrument Panel Cluster,INSTRUMENTPANELCLUSTER,electrical--instrument-panel-cluster,https://www.moparamerica.com/v-2017-dodge-challenger--r-t-scat-pack--6-4l-v8-gas/electrical--instrument-panel-cluster,113,DISCOVERED,2026-08-01T00:45:41+00:00
tax-2d80a2d21d5fb22572686f25,challenger-rt-scat-pack-64-gas,tax-f8b575562ca408389f223c27,SUBCATEGORY,"Keys, Modules and Engine Controllers",KEYSMODULESANDENGINECONTROLLERS,electrical--keys-modules-and-engine-controllers,https://www.moparamerica.com/v-2017-dodge-challenger--r-t-scat-pack--6-4l-v8-gas/electrical--keys-modules-and-engine-controllers,114,DISCOVERED,2026-08-01T00:45:41+00:00
tax-9328d5b137e82d654dfdb50c,challenger-rt-scat-pack-64-gas,tax-f8b575562ca408389f223c27,SUBCATEGORY,Lamps-Interior and Exterior,LAMPSINTERIORANDEXTERIOR,electrical--lamps-interior-and-exterior,https://www.moparamerica.com/v-2017-dodge-challenger--r-t-scat-pack--6-4l-v8-gas/electrical--lamps-interior-and-exterior,115,DISCOVERED,2026-08-01T00:45:41+00:00
tax-64c902c978ddc7703fc5a4f0,challenger-rt-scat-pack-64-gas,tax-f8b575562ca408389f223c27,SUBCATEGORY,Park Assist,PARKASSIST,electrical--park-assist,https://www.moparamerica.com/v-2017-dodge-challenger--r-t-scat-pack--6-4l-v8-gas/electrical--park-assist,116,DISCOVERED,2026-08-01T00:45:41+00:00
tax-b482c669569cfe7e2562b702,challenger-rt-scat-pack-64-gas,tax-f8b575562ca408389f223c27,SUBCATEGORY,"Power Distribution Center, Fuse Block, Junction Block, Relays and Fuses",POWERDISTRIBUTIONCENTERFUSEBLOCKJUNCTIONBLOCKRELAYSANDFUSES,electrical--power-distribution-center-fuse-block-junction-block-relays-and-fuses,https://www.moparamerica.com/v-2017-dodge-challenger--r-t-scat-pack--6-4l-v8-gas/electrical--power-distribution-center-fuse-block-junction-block-relays-and-fuses,117,DISCOVERED,2026-08-01T00:45:41+00:00
tax-d27ff8ecd0598295df9d6c99,challenger-rt-scat-pack-64-gas,tax-f8b575562ca408389f223c27,SUBCATEGORY,"Radio, Antenna, Speakers, DVD, and Video systems",RADIOANTENNASPEAKERSDVDANDVIDEOSYSTEMS,electrical--radio-antenna-speakers-dvd-and-video-systems,https://www.moparamerica.com/v-2017-dodge-challenger--r-t-scat-pack--6-4l-v8-gas/electrical--radio-antenna-speakers-dvd-and-video-systems,118,DISCOVERED,2026-08-01T00:45:41+00:00
tax-026c5a3531e7251b94ff7d05,challenger-rt-scat-pack-64-gas,tax-f8b575562ca408389f223c27,SUBCATEGORY,Sensors,SENSORS,electrical--sensors,https://www.moparamerica.com/v-2017-dodge-challenger--r-t-scat-pack--6-4l-v8-gas/electrical--sensors,119,DISCOVERED,2026-08-01T00:45:41+00:00
tax-8cd14686ad8a6d7ecae549bc,challenger-rt-scat-pack-64-gas,tax-f8b575562ca408389f223c27,SUBCATEGORY,Speed Control,SPEEDCONTROL,electrical--speed-control,https://www.moparamerica.com/v-2017-dodge-challenger--r-t-scat-pack--6-4l-v8-gas/electrical--speed-control,120,DISCOVERED,2026-08-01T00:45:41+00:00
tax-212086de8bf0cd5c630fe0f1,challenger-rt-scat-pack-64-gas,tax-f8b575562ca408389f223c27,SUBCATEGORY,Starters,STARTERS,electrical--starters,https://www.moparamerica.com/v-2017-dodge-challenger--r-t-scat-pack--6-4l-v8-gas/electrical--starters,121,DISCOVERED,2026-08-01T00:45:41+00:00
tax-57a6f894218476bef17649a2,challenger-rt-scat-pack-64-gas,tax-f8b575562ca408389f223c27,SUBCATEGORY,Switches,SWITCHES,electrical--switches,https://www.moparamerica.com/v-2017-dodge-challenger--r-t-scat-pack--6-4l-v8-gas/electrical--switches,122,DISCOVERED,2026-08-01T00:45:41+00:00
tax-02c9b74e8f0842087c0aa2d5,challenger-rt-scat-pack-64-gas,tax-f8b575562ca408389f223c27,SUBCATEGORY,Wiper and Washer System,WIPERANDWASHERSYSTEM,electrical--wiper-and-washer-system,https://www.moparamerica.com/v-2017-dodge-challenger--r-t-scat-pack--6-4l-v8-gas/electrical--wiper-and-washer-system,123,DISCOVERED,2026-08-01T00:45:41+00:00
tax-dd395cda52cb6565db558931,challenger-rt-scat-pack-64-gas,tax-f8b575562ca408389f223c27,SUBCATEGORY,Wiring-Body and Accessories,WIRINGBODYANDACCESSORIES,electrical--wiring-body-and-accessories,https://www.moparamerica.com/v-2017-dodge-challenger--r-t-scat-pack--6-4l-v8-gas/electrical--wiring-body-and-accessories,124,DISCOVERED,2026-08-01T00:45:41+00:00
tax-df855abf3e17ca932dc03a70,challenger-rt-scat-pack-64-gas,tax-f8b575562ca408389f223c27,SUBCATEGORY,Wiring-Headlamp to Dash,WIRINGHEADLAMPTODASH,electrical--wiring-headlamp-to-dash,https://www.moparamerica.com/v-2017-dodge-challenger--r-t-scat-pack--6-4l-v8-gas/electrical--wiring-headlamp-to-dash,125,DISCOVERED,2026-08-01T00:45:41+00:00
tax-53eb6e863a8ad9176d0db794,challenger-rt-scat-pack-64-gas,tax-f8b575562ca408389f223c27,SUBCATEGORY,Wiring-Instrument Panel,WIRINGINSTRUMENTPANEL,electrical--wiring-instrument-panel,https://www.moparamerica.com/v-2017-dodge-challenger--r-t-scat-pack--6-4l-v8-gas/electrical--wiring-instrument-panel,126,DISCOVERED,2026-08-01T00:45:41+00:00
tax-30f5d2b407b9c8cfb95df041,challenger-rt-scat-pack-64-gas,tax-f8b575562ca408389f223c27,SUBCATEGORY,Wiring-Powertrain,WIRINGPOWERTRAIN,electrical--wiring-powertrain,https://www.moparamerica.com/v-2017-dodge-challenger--r-t-scat-pack--6-4l-v8-gas/electrical--wiring-powertrain,127,DISCOVERED,2026-08-01T00:45:41+00:00
tax-b4cbdd6fa2c0d55e0d767cf8,challenger-rt-scat-pack-64-gas,tax-a7f8536f78ec731718066131,SUBCATEGORY,Emission Harness,EMISSIONHARNESS,emission-controls--emission-harness,https://www.moparamerica.com/v-2017-dodge-challenger--r-t-scat-pack--6-4l-v8-gas/emission-controls--emission-harness,128,DISCOVERED,2026-08-01T00:45:41+00:00
tax-dece20ad0772219f76d9d285,challenger-rt-scat-pack-64-gas,tax-a7f8536f78ec731718066131,SUBCATEGORY,Vacuum Canister/Leak Detection Pump,VACUUMCANISTERLEAKDETECTIONPUMP,emission-controls--vacuum-canister-leak-detection-pump,https://www.moparamerica.com/v-2017-dodge-challenger--r-t-scat-pack--6-4l-v8-gas/emission-controls--vacuum-canister-leak-detection-pump,129,DISCOVERED,2026-08-01T00:45:41+00:00
tax-a4b7271190a998b9348f1ddc,challenger-rt-scat-pack-64-gas,tax-5095f9890e21372359449846,SUBCATEGORY,Exhaust System,EXHAUSTSYSTEM,exhaust--exhaust-system,https://www.moparamerica.com/v-2017-dodge-challenger--r-t-scat-pack--6-4l-v8-gas/exhaust--exhaust-system,130,DISCOVERED,2026-08-01T00:45:41+00:00
tax-022615c923a61b2c4722fecf,challenger-rt-scat-pack-64-gas,tax-6901967773a8afa8feb65747,SUBCATEGORY,Decals and Tape stripes,DECALSANDTAPESTRIPES,exterior-ornamentation--decals-and-tape-stripes,https://www.moparamerica.com/v-2017-dodge-challenger--r-t-scat-pack--6-4l-v8-gas/exterior-ornamentation--decals-and-tape-stripes,131,DISCOVERED,2026-08-01T00:45:41+00:00
tax-aff74764b9d60ff86dcdae5d,challenger-rt-scat-pack-64-gas,tax-6901967773a8afa8feb65747,SUBCATEGORY,Grilles,GRILLES,exterior-ornamentation--grilles,https://www.moparamerica.com/v-2017-dodge-challenger--r-t-scat-pack--6-4l-v8-gas/exterior-ornamentation--grilles,132,DISCOVERED,2026-08-01T00:45:41+00:00
tax-dbd4b3376618615482cf0c2c,challenger-rt-scat-pack-64-gas,tax-6901967773a8afa8feb65747,SUBCATEGORY,Moldings and Ornamentation,MOLDINGSANDORNAMENTATION,exterior-ornamentation--moldings-and-ornamentation,https://www.moparamerica.com/v-2017-dodge-challenger--r-t-scat-pack--6-4l-v8-gas/exterior-ornamentation--moldings-and-ornamentation,133,DISCOVERED,2026-08-01T00:45:41+00:00
tax-dedd0a16e8d050f63b644ce3,challenger-rt-scat-pack-64-gas,tax-6901967773a8afa8feb65747,SUBCATEGORY,Nameplates,NAMEPLATES,exterior-ornamentation--nameplates,https://www.moparamerica.com/v-2017-dodge-challenger--r-t-scat-pack--6-4l-v8-gas/exterior-ornamentation--nameplates,134,DISCOVERED,2026-08-01T00:45:41+00:00
tax-dc47a53a36eede00d6874161,challenger-rt-scat-pack-64-gas,tax-a7a2673aa14e9d8a8fc3ae07,SUBCATEGORY,Frames,FRAMES,frame-bumper-and-fascia--frames,https://www.moparamerica.com/v-2017-dodge-challenger--r-t-scat-pack--6-4l-v8-gas/frame-bumper-and-fascia--frames,135,DISCOVERED,2026-08-01T00:45:41+00:00
tax-55544ebaf6254fc637567ad8,challenger-rt-scat-pack-64-gas,tax-a7a2673aa14e9d8a8fc3ae07,SUBCATEGORY,Front Bumper and Fascia,FRONTBUMPERANDFASCIA,frame-bumper-and-fascia--front-bumper-and-fascia,https://www.moparamerica.com/v-2017-dodge-challenger--r-t-scat-pack--6-4l-v8-gas/frame-bumper-and-fascia--front-bumper-and-fascia,136,DISCOVERED,2026-08-01T00:45:41+00:00
tax-e7f44953ea57a5565bb358de,challenger-rt-scat-pack-64-gas,tax-a7a2673aa14e9d8a8fc3ae07,SUBCATEGORY,Rear Bumper and Fascia,REARBUMPERANDFASCIA,frame-bumper-and-fascia--rear-bumper-and-fascia,https://www.moparamerica.com/v-2017-dodge-challenger--r-t-scat-pack--6-4l-v8-gas/frame-bumper-and-fascia--rear-bumper-and-fascia,137,DISCOVERED,2026-08-01T00:45:41+00:00
tax-6dc4492490b86fbb0fe99bd2,challenger-rt-scat-pack-64-gas,tax-c5646fd6b04c401f0682a2a4,SUBCATEGORY,Front Stabilizer Bar,FRONTSTABILIZERBAR,front-suspension--front-stabilizer-bar,https://www.moparamerica.com/v-2017-dodge-challenger--r-t-scat-pack--6-4l-v8-gas/front-suspension--front-stabilizer-bar,138,DISCOVERED,2026-08-01T00:45:41+00:00
tax-bc6c7fe17f2ab9b80e7271f0,challenger-rt-scat-pack-64-gas,tax-c5646fd6b04c401f0682a2a4,SUBCATEGORY,"Front Suspension, Strut and Cradle",FRONTSUSPENSIONSTRUTANDCRADLE,front-suspension--front-suspension-strut-and-cradle,https://www.moparamerica.com/v-2017-dodge-challenger--r-t-scat-pack--6-4l-v8-gas/front-suspension--front-suspension-strut-and-cradle,139,DISCOVERED,2026-08-01T00:45:41+00:00
tax-745fd7793662788a41611882,challenger-rt-scat-pack-64-gas,tax-86bb93441f49edb1c5bdf822,SUBCATEGORY,Accelerator Pedal,ACCELERATORPEDAL,fuel--accelerator-pedal,https://www.moparamerica.com/v-2017-dodge-challenger--r-t-scat-pack--6-4l-v8-gas/fuel--accelerator-pedal,140,DISCOVERED,2026-08-01T00:45:41+00:00
tax-20b6e4b23c252ed0ed194831,challenger-rt-scat-pack-64-gas,tax-86bb93441f49edb1c5bdf822,SUBCATEGORY,Air Cleaner,AIRCLEANER,fuel--air-cleaner,https://www.moparamerica.com/v-2017-dodge-challenger--r-t-scat-pack--6-4l-v8-gas/fuel--air-cleaner,141,DISCOVERED,2026-08-01T00:45:41+00:00
tax-199af132b1f4f544bd22ecd3,challenger-rt-scat-pack-64-gas,tax-86bb93441f49edb1c5bdf822,SUBCATEGORY,Fuel Lines,FUELLINES,fuel--fuel-lines,https://www.moparamerica.com/v-2017-dodge-challenger--r-t-scat-pack--6-4l-v8-gas/fuel--fuel-lines,142,DISCOVERED,2026-08-01T00:45:41+00:00
tax-e00c045b7a29300f469a8e5a,challenger-rt-scat-pack-64-gas,tax-86bb93441f49edb1c5bdf822,SUBCATEGORY,Fuel Pump and Sending Unit,FUELPUMPANDSENDINGUNIT,fuel--fuel-pump-and-sending-unit,https://www.moparamerica.com/v-2017-dodge-challenger--r-t-scat-pack--6-4l-v8-gas/fuel--fuel-pump-and-sending-unit,143,DISCOVERED,2026-08-01T00:45:41+00:00
tax-1fa60ef31d20608138c23f9c,challenger-rt-scat-pack-64-gas,tax-86bb93441f49edb1c5bdf822,SUBCATEGORY,Fuel Rail and Injectors,FUELRAILANDINJECTORS,fuel--fuel-rail-and-injectors,https://www.moparamerica.com/v-2017-dodge-challenger--r-t-scat-pack--6-4l-v8-gas/fuel--fuel-rail-and-injectors,144,DISCOVERED,2026-08-01T00:45:41+00:00
tax-6a910cfc35a96a3694dbf6cc,challenger-rt-scat-pack-64-gas,tax-86bb93441f49edb1c5bdf822,SUBCATEGORY,Fuel Tank,FUELTANK,fuel--fuel-tank,https://www.moparamerica.com/v-2017-dodge-challenger--r-t-scat-pack--6-4l-v8-gas/fuel--fuel-tank,145,DISCOVERED,2026-08-01T00:45:41+00:00
tax-de31c3800f44a5ffc2e74f5f,challenger-rt-scat-pack-64-gas,tax-86bb93441f49edb1c5bdf822,SUBCATEGORY,Fuel Tank Filler Tube,FUELTANKFILLERTUBE,fuel--fuel-tank-filler-tube,https://www.moparamerica.com/v-2017-dodge-challenger--r-t-scat-pack--6-4l-v8-gas/fuel--fuel-tank-filler-tube,146,DISCOVERED,2026-08-01T00:45:41+00:00
tax-05c2e828d7d614010f9a3a6a,challenger-rt-scat-pack-64-gas,tax-86bb93441f49edb1c5bdf822,SUBCATEGORY,Throttle Body,THROTTLEBODY,fuel--throttle-body,https://www.moparamerica.com/v-2017-dodge-challenger--r-t-scat-pack--6-4l-v8-gas/fuel--throttle-body,147,DISCOVERED,2026-08-01T00:45:41+00:00
tax-6b7fd8697065534cf22819bf,challenger-rt-scat-pack-64-gas,tax-777ee7e7380a4399a4aea0d5,SUBCATEGORY,Glass and Interior Rear View Mirror,GLASSANDINTERIORREARVIEWMIRROR,glass--glass-and-interior-rear-view-mirror,https://www.moparamerica.com/v-2017-dodge-challenger--r-t-scat-pack--6-4l-v8-gas/glass--glass-and-interior-rear-view-mirror,148,DISCOVERED,2026-08-01T00:45:41+00:00
tax-778d48babbde7021043d9451,challenger-rt-scat-pack-64-gas,tax-a73d9713df5386d856bbd248,SUBCATEGORY,"Carpets, Floor Mats, Load Floor, and Silencers",CARPETSFLOORMATSLOADFLOORANDSILENCERS,interior-trim--carpets-floor-mats-load-floor-and-silencers,https://www.moparamerica.com/v-2017-dodge-challenger--r-t-scat-pack--6-4l-v8-gas/interior-trim--carpets-floor-mats-load-floor-and-silencers,149,DISCOVERED,2026-08-01T00:45:41+00:00
tax-a8a749a435fcb080ad4fed2a,challenger-rt-scat-pack-64-gas,tax-a73d9713df5386d856bbd248,SUBCATEGORY,Consoles,CONSOLES,interior-trim--consoles,https://www.moparamerica.com/v-2017-dodge-challenger--r-t-scat-pack--6-4l-v8-gas/interior-trim--consoles,150,DISCOVERED,2026-08-01T00:45:41+00:00
tax-07e359962a2af23b19220248,challenger-rt-scat-pack-64-gas,tax-a73d9713df5386d856bbd248,SUBCATEGORY,Door Trim Panels-Front and Rear,DOORTRIMPANELSFRONTANDREAR,interior-trim--door-trim-panels-front-and-rear,https://www.moparamerica.com/v-2017-dodge-challenger--r-t-scat-pack--6-4l-v8-gas/interior-trim--door-trim-panels-front-and-rear,151,DISCOVERED,2026-08-01T00:45:41+00:00
tax-6616d087cdf364e5533113b5,challenger-rt-scat-pack-64-gas,tax-a73d9713df5386d856bbd248,SUBCATEGORY,"Front Seats - Adjusters, Recliners, Shields and Risers",FRONTSEATSADJUSTERSRECLINERSSHIELDSANDRISERS,interior-trim--front-seats-adjusters-recliners-shields-and-risers,https://www.moparamerica.com/v-2017-dodge-challenger--r-t-scat-pack--6-4l-v8-gas/interior-trim--front-seats-adjusters-recliners-shields-and-risers,152,DISCOVERED,2026-08-01T00:45:41+00:00
tax-4db21f81a2b3a644f7d4d3e2,challenger-rt-scat-pack-64-gas,tax-a73d9713df5386d856bbd248,SUBCATEGORY,Front Seats - First Row,FRONTSEATSFIRSTROW,interior-trim--front-seats-first-row,https://www.moparamerica.com/v-2017-dodge-challenger--r-t-scat-pack--6-4l-v8-gas/interior-trim--front-seats-first-row,153,DISCOVERED,2026-08-01T00:45:41+00:00
tax-22be9550d49c88ebeb376e43,challenger-rt-scat-pack-64-gas,tax-a73d9713df5386d856bbd248,SUBCATEGORY,Headliners-Visors-Assist Straps,HEADLINERSVISORSASSISTSTRAPS,interior-trim--headliners-visors-assist-straps,https://www.moparamerica.com/v-2017-dodge-challenger--r-t-scat-pack--6-4l-v8-gas/interior-trim--headliners-visors-assist-straps,154,DISCOVERED,2026-08-01T00:45:41+00:00
tax-d4d4bbd5e0aca0b15e302f29,challenger-rt-scat-pack-64-gas,tax-a73d9713df5386d856bbd248,SUBCATEGORY,Instrument Panel,INSTRUMENTPANEL,interior-trim--instrument-panel,https://www.moparamerica.com/v-2017-dodge-challenger--r-t-scat-pack--6-4l-v8-gas/interior-trim--instrument-panel,155,DISCOVERED,2026-08-01T00:45:41+00:00
tax-029456b92dd49411c36209d5,challenger-rt-scat-pack-64-gas,tax-a73d9713df5386d856bbd248,SUBCATEGORY,"Panels-Moldings-Scuff Plates, Pillar, Cowl, 1/4 Panel Trim and Cargo Covers",PANELSMOLDINGSSCUFFPLATESPILLARCOWL14PANELTRIMANDCARGOCOVERS,interior-trim--panels-moldings-scuff-plates-pillar-cowl-1-4-panel-trim-and-cargo-covers,https://www.moparamerica.com/v-2017-dodge-challenger--r-t-scat-pack--6-4l-v8-gas/interior-trim--panels-moldings-scuff-plates-pillar-cowl-1-4-panel-trim-and-cargo-covers,156,DISCOVERED,2026-08-01T00:45:41+00:00
tax-3719829f5adab45393da1a3e,challenger-rt-scat-pack-64-gas,tax-a73d9713df5386d856bbd248,SUBCATEGORY,Rear Seats - Second Row,REARSEATSSECONDROW,interior-trim--rear-seats-second-row,https://www.moparamerica.com/v-2017-dodge-challenger--r-t-scat-pack--6-4l-v8-gas/interior-trim--rear-seats-second-row,157,DISCOVERED,2026-08-01T00:45:41+00:00
tax-77755883fa25cb614612d102,challenger-rt-scat-pack-64-gas,tax-a73d9713df5386d856bbd248,SUBCATEGORY,"Rear Seats - Second Row - Adjusters, Recliners, Shields and Risers",REARSEATSSECONDROWADJUSTERSRECLINERSSHIELDSANDRISERS,interior-trim--rear-seats-second-row-adjusters-recliners-shields-and-risers,https://www.moparamerica.com/v-2017-dodge-challenger--r-t-scat-pack--6-4l-v8-gas/interior-trim--rear-seats-second-row-adjusters-recliners-shields-and-risers,158,DISCOVERED,2026-08-01T00:45:41+00:00
tax-61f1804eaec8b31ee3060b44,challenger-rt-scat-pack-64-gas,tax-7924221ab6add48a34b0b1a1,SUBCATEGORY,Under Hood,UNDERHOOD,labels--under-hood,https://www.moparamerica.com/v-2017-dodge-challenger--r-t-scat-pack--6-4l-v8-gas/labels--under-hood,159,DISCOVERED,2026-08-01T00:45:41+00:00
tax-6efa84af187a9add190817d2,challenger-rt-scat-pack-64-gas,tax-8888343e07396553bf5f4f3f,SUBCATEGORY,Driving Convenience,DRIVINGCONVENIENCE,mopar-accessories-component-parts--driving-convenience,https://www.moparamerica.com/v-2017-dodge-challenger--r-t-scat-pack--6-4l-v8-gas/mopar-accessories-component-parts--driving-convenience,160,DISCOVERED,2026-08-01T00:45:41+00:00
tax-93b2a0782b7c1970a59593e4,challenger-rt-scat-pack-64-gas,tax-8888343e07396553bf5f4f3f,SUBCATEGORY,Exterior Appearance,EXTERIORAPPEARANCE,mopar-accessories-component-parts--exterior-appearance,https://www.moparamerica.com/v-2017-dodge-challenger--r-t-scat-pack--6-4l-v8-gas/mopar-accessories-component-parts--exterior-appearance,161,DISCOVERED,2026-08-01T00:45:41+00:00
tax-1a768cba22254ad72111503d,challenger-rt-scat-pack-64-gas,tax-8888343e07396553bf5f4f3f,SUBCATEGORY,Fog Lights & Electrical,FOGLIGHTSELECTRICAL,mopar-accessories-component-parts--fog-lights-and-electrical,https://www.moparamerica.com/v-2017-dodge-challenger--r-t-scat-pack--6-4l-v8-gas/mopar-accessories-component-parts--fog-lights-and-electrical,162,DISCOVERED,2026-08-01T00:45:41+00:00
tax-fa67fc912227c55039f082bc,challenger-rt-scat-pack-64-gas,tax-8888343e07396553bf5f4f3f,SUBCATEGORY,Interior Protection,INTERIORPROTECTION,mopar-accessories-component-parts--interior-protection,https://www.moparamerica.com/v-2017-dodge-challenger--r-t-scat-pack--6-4l-v8-gas/mopar-accessories-component-parts--interior-protection,163,DISCOVERED,2026-08-01T00:45:41+00:00
tax-5bd5c868e8584c27bd750be7,challenger-rt-scat-pack-64-gas,tax-8888343e07396553bf5f4f3f,SUBCATEGORY,Lighting and Electrical Accessories,LIGHTINGANDELECTRICALACCESSORIES,mopar-accessories-component-parts--lighting-and-electrical-accessories,https://www.moparamerica.com/v-2017-dodge-challenger--r-t-scat-pack--6-4l-v8-gas/mopar-accessories-component-parts--lighting-and-electrical-accessories,164,DISCOVERED,2026-08-01T00:45:41+00:00
tax-82e43a37a7823afba99dc37d,challenger-rt-scat-pack-64-gas,tax-8888343e07396553bf5f4f3f,SUBCATEGORY,Powertrain,POWERTRAIN,mopar-accessories-component-parts--powertrain,https://www.moparamerica.com/v-2017-dodge-challenger--r-t-scat-pack--6-4l-v8-gas/mopar-accessories-component-parts--powertrain,165,DISCOVERED,2026-08-01T00:45:41+00:00
tax-a5d0231ea69d5c5850134700,challenger-rt-scat-pack-64-gas,tax-50ad3797d819e1cb7d8d78cb,SUBCATEGORY,Rear Stabilizer,REARSTABILIZER,rear-suspension--rear-stabilizer,https://www.moparamerica.com/v-2017-dodge-challenger--r-t-scat-pack--6-4l-v8-gas/rear-suspension--rear-stabilizer,166,DISCOVERED,2026-08-01T00:45:41+00:00
tax-b3e5de30bc5b3e686639a08f,challenger-rt-scat-pack-64-gas,tax-50ad3797d819e1cb7d8d78cb,SUBCATEGORY,Rear Suspension and Cradle,REARSUSPENSIONANDCRADLE,rear-suspension--rear-suspension-and-cradle,https://www.moparamerica.com/v-2017-dodge-challenger--r-t-scat-pack--6-4l-v8-gas/rear-suspension--rear-suspension-and-cradle,167,DISCOVERED,2026-08-01T00:45:41+00:00
tax-c0f91414336731c2f66215df,challenger-rt-scat-pack-64-gas,tax-e80789be4dc4697bd5e99f0d,SUBCATEGORY,Drive Shaft,DRIVESHAFT,rear-wheel-drive-differential-and-drive-line--drive-shaft,https://www.moparamerica.com/v-2017-dodge-challenger--r-t-scat-pack--6-4l-v8-gas/rear-wheel-drive-differential-and-drive-line--drive-shaft,168,DISCOVERED,2026-08-01T00:45:41+00:00
tax-7a217e0d9a80194ca2de12c2,challenger-rt-scat-pack-64-gas,tax-e80789be4dc4697bd5e99f0d,SUBCATEGORY,Rear Axle Assembly,REARAXLEASSEMBLY,rear-wheel-drive-differential-and-drive-line--rear-axle-assembly,https://www.moparamerica.com/v-2017-dodge-challenger--r-t-scat-pack--6-4l-v8-gas/rear-wheel-drive-differential-and-drive-line--rear-axle-assembly,169,DISCOVERED,2026-08-01T00:45:41+00:00
tax-80ac7bcb7cd0c399ce0b2cae,challenger-rt-scat-pack-64-gas,tax-e80789be4dc4697bd5e99f0d,SUBCATEGORY,"Rear Axle; Housing, Differential and Vent",REARAXLEHOUSINGDIFFERENTIALANDVENT,rear-wheel-drive-differential-and-drive-line--rear-axle-housing-differential-and-vent,https://www.moparamerica.com/v-2017-dodge-challenger--r-t-scat-pack--6-4l-v8-gas/rear-wheel-drive-differential-and-drive-line--rear-axle-housing-differential-and-vent,170,DISCOVERED,2026-08-01T00:45:41+00:00
tax-d8d5ec4a4eab200ed07d9bd1,challenger-rt-scat-pack-64-gas,tax-e80789be4dc4697bd5e99f0d,SUBCATEGORY,Rear Axle Shafts,REARAXLESHAFTS,rear-wheel-drive-differential-and-drive-line--rear-axle-shafts,https://www.moparamerica.com/v-2017-dodge-challenger--r-t-scat-pack--6-4l-v8-gas/rear-wheel-drive-differential-and-drive-line--rear-axle-shafts,171,DISCOVERED,2026-08-01T00:45:41+00:00
tax-50a4c650a8031496b4a482c7,challenger-rt-scat-pack-64-gas,tax-473e93d3d7b2b07f6e2aab0d,SUBCATEGORY,Air Bags,AIRBAGS,restraints--air-bags,https://www.moparamerica.com/v-2017-dodge-challenger--r-t-scat-pack--6-4l-v8-gas/restraints--air-bags,172,DISCOVERED,2026-08-01T00:45:41+00:00
tax-e27f94ce9ce06a8616647aec,challenger-rt-scat-pack-64-gas,tax-473e93d3d7b2b07f6e2aab0d,SUBCATEGORY,Seat Belts,SEATBELTS,restraints--seat-belts,https://www.moparamerica.com/v-2017-dodge-challenger--r-t-scat-pack--6-4l-v8-gas/restraints--seat-belts,173,DISCOVERED,2026-08-01T00:45:41+00:00
tax-5cd348eba3ef787b9be45653,challenger-rt-scat-pack-64-gas,tax-ca24fc3b0512f283f3c8f6d8,SUBCATEGORY,Power Steering Hoses,POWERSTEERINGHOSES,steering--power-steering-hoses,https://www.moparamerica.com/v-2017-dodge-challenger--r-t-scat-pack--6-4l-v8-gas/steering--power-steering-hoses,174,DISCOVERED,2026-08-01T00:45:41+00:00
tax-47b330966ce245cf42d479e1,challenger-rt-scat-pack-64-gas,tax-ca24fc3b0512f283f3c8f6d8,SUBCATEGORY,Steering Column and Intermediate Shaft,STEERINGCOLUMNANDINTERMEDIATESHAFT,steering--steering-column-and-intermediate-shaft,https://www.moparamerica.com/v-2017-dodge-challenger--r-t-scat-pack--6-4l-v8-gas/steering--steering-column-and-intermediate-shaft,175,DISCOVERED,2026-08-01T00:45:41+00:00
tax-b6a0b47b488b00fe03688d38,challenger-rt-scat-pack-64-gas,tax-ca24fc3b0512f283f3c8f6d8,SUBCATEGORY,Steering Gear,STEERINGGEAR,steering--steering-gear,https://www.moparamerica.com/v-2017-dodge-challenger--r-t-scat-pack--6-4l-v8-gas/steering--steering-gear,176,DISCOVERED,2026-08-01T00:45:41+00:00
tax-75f591ce393835c53431d878,challenger-rt-scat-pack-64-gas,tax-ca24fc3b0512f283f3c8f6d8,SUBCATEGORY,Steering Wheel,STEERINGWHEEL,steering--steering-wheel,https://www.moparamerica.com/v-2017-dodge-challenger--r-t-scat-pack--6-4l-v8-gas/steering--steering-wheel,177,DISCOVERED,2026-08-01T00:45:41+00:00
tax-7999b9f0adf75450239b2b06,challenger-rt-scat-pack-64-gas,tax-8ad10c2b5a1958b01645b8b5,SUBCATEGORY,"Case, and Extension",CASEANDEXTENSION,tr6060-6-speed-manual-transmission--case-and-extension,https://www.moparamerica.com/v-2017-dodge-challenger--r-t-scat-pack--6-4l-v8-gas/tr6060-6-speed-manual-transmission--case-and-extension,178,DISCOVERED,2026-08-01T00:45:41+00:00
tax-7abc43b0b52abb388e67d5b4,challenger-rt-scat-pack-64-gas,tax-8ad10c2b5a1958b01645b8b5,SUBCATEGORY,Fork and Rails,FORKANDRAILS,tr6060-6-speed-manual-transmission--fork-and-rails,https://www.moparamerica.com/v-2017-dodge-challenger--r-t-scat-pack--6-4l-v8-gas/tr6060-6-speed-manual-transmission--fork-and-rails,179,DISCOVERED,2026-08-01T00:45:41+00:00
tax-7eb28bf0f972689d107b4567,challenger-rt-scat-pack-64-gas,tax-8ad10c2b5a1958b01645b8b5,SUBCATEGORY,Gear Train,GEARTRAIN,tr6060-6-speed-manual-transmission--gear-train,https://www.moparamerica.com/v-2017-dodge-challenger--r-t-scat-pack--6-4l-v8-gas/tr6060-6-speed-manual-transmission--gear-train,180,DISCOVERED,2026-08-01T00:45:41+00:00
tax-a5b0f2f344e1c1ff45c62a24,challenger-rt-scat-pack-64-gas,tax-8ad10c2b5a1958b01645b8b5,SUBCATEGORY,Gearshift Controls and Related Parts,GEARSHIFTCONTROLSANDRELATEDPARTS,tr6060-6-speed-manual-transmission--gearshift-controls-and-related-parts,https://www.moparamerica.com/v-2017-dodge-challenger--r-t-scat-pack--6-4l-v8-gas/tr6060-6-speed-manual-transmission--gearshift-controls-and-related-parts,181,DISCOVERED,2026-08-01T00:45:41+00:00
tax-ca442fbf94ed3fcc1b480b08,challenger-rt-scat-pack-64-gas,tax-8ad10c2b5a1958b01645b8b5,SUBCATEGORY,Manual Transmission / Transaxle,MANUALTRANSMISSIONTRANSAXLE,tr6060-6-speed-manual-transmission--manual-transmission-transaxle,https://www.moparamerica.com/v-2017-dodge-challenger--r-t-scat-pack--6-4l-v8-gas/tr6060-6-speed-manual-transmission--manual-transmission-transaxle,182,DISCOVERED,2026-08-01T00:45:41+00:00
tax-969da6c5516c4ed323ef69b1,challenger-rt-scat-pack-64-gas,tax-8ad10c2b5a1958b01645b8b5,SUBCATEGORY,Mounting and Skid Plate,MOUNTINGANDSKIDPLATE,tr6060-6-speed-manual-transmission--mounting-and-skid-plate,https://www.moparamerica.com/v-2017-dodge-challenger--r-t-scat-pack--6-4l-v8-gas/tr6060-6-speed-manual-transmission--mounting-and-skid-plate,183,DISCOVERED,2026-08-01T00:45:41+00:00
tax-7a4184b1e444ae299f5bb4be,challenger-rt-scat-pack-64-gas,tax-af485da015e2248e38a88027,SUBCATEGORY,Emergency Kit,EMERGENCYKIT,wheels--emergency-kit,https://www.moparamerica.com/v-2017-dodge-challenger--r-t-scat-pack--6-4l-v8-gas/wheels--emergency-kit,184,DISCOVERED,2026-08-01T00:45:41+00:00
tax-3c8895a1a74a32018bb664ad,challenger-rt-scat-pack-64-gas,tax-af485da015e2248e38a88027,SUBCATEGORY,Jack Stowage,JACKSTOWAGE,wheels--jack-stowage,https://www.moparamerica.com/v-2017-dodge-challenger--r-t-scat-pack--6-4l-v8-gas/wheels--jack-stowage,185,DISCOVERED,2026-08-01T00:45:41+00:00
tax-13ea1c0fa795db02090182bd,challenger-rt-scat-pack-64-gas,tax-af485da015e2248e38a88027,SUBCATEGORY,Tire Monitoring System,TIREMONITORINGSYSTEM,wheels--tire-monitoring-system,https://www.moparamerica.com/v-2017-dodge-challenger--r-t-scat-pack--6-4l-v8-gas/wheels--tire-monitoring-system,186,DISCOVERED,2026-08-01T00:45:41+00:00
tax-b8bbd9b284974b7052df7247,challenger-rt-scat-pack-64-gas,tax-af485da015e2248e38a88027,SUBCATEGORY,Wheel Covers and Center Caps,WHEELCOVERSANDCENTERCAPS,wheels--wheel-covers-and-center-caps,https://www.moparamerica.com/v-2017-dodge-challenger--r-t-scat-pack--6-4l-v8-gas/wheels--wheel-covers-and-center-caps,187,DISCOVERED,2026-08-01T00:45:41+00:00
tax-d10e689934ebb80a899e9543,challenger-rt-scat-pack-64-gas,tax-af485da015e2248e38a88027,SUBCATEGORY,Wheel Spare,WHEELSPARE,wheels--wheel-spare,https://www.moparamerica.com/v-2017-dodge-challenger--r-t-scat-pack--6-4l-v8-gas/wheels--wheel-spare,188,DISCOVERED,2026-08-01T00:45:41+00:00
tax-6bbf014c16e626b503066413,challenger-rt-scat-pack-64-gas,tax-af485da015e2248e38a88027,SUBCATEGORY,"Wheels, Tires and Hardware",WHEELSTIRESANDHARDWARE,wheels--wheels-tires-and-hardware,https://www.moparamerica.com/v-2017-dodge-challenger--r-t-scat-pack--6-4l-v8-gas/wheels--wheels-tires-and-hardware,189,DISCOVERED,2026-08-01T00:45:41+00:00
tax-52e08237a940551ceb4b3e89,challenger-sxt-36-gas,,CATEGORY,3 6L Gas Engine,3-6L-GAS-ENGINE,3-6l-gas-engine,https://www.moparamerica.com/v-2017-dodge-challenger--sxt--3-6l-v6-gas/#cat-3-6l-gas-engine,10,DISCOVERED,2026-08-01T00:45:41+00:00
tax-e07d8df27286e30d61a0807b,challenger-sxt-36-gas,,CATEGORY,5 7L Gas Engine,5-7L-GAS-ENGINE,5-7l-gas-engine,https://www.moparamerica.com/v-2017-dodge-challenger--sxt--3-6l-v6-gas/#cat-5-7l-gas-engine,14,DISCOVERED,2026-08-01T00:45:41+00:00
tax-f61b097c15ea297e969d800d,challenger-sxt-36-gas,,CATEGORY,5 7Lgas Engine,5-7LGAS-ENGINE,5-7lgas-engine,https://www.moparamerica.com/v-2017-dodge-challenger--sxt--3-6l-v6-gas/#cat-5-7lgas-engine,17,DISCOVERED,2026-08-01T00:45:41+00:00
tax-db649fcf3c96c12ad3e77cfc,challenger-sxt-36-gas,,CATEGORY,6 2L Gas Engine,6-2L-GAS-ENGINE,6-2l-gas-engine,https://www.moparamerica.com/v-2017-dodge-challenger--sxt--3-6l-v6-gas/#cat-6-2l-gas-engine,21,DISCOVERED,2026-08-01T00:45:41+00:00
tax-c8c6bcf68def7bc95e37006d,challenger-sxt-36-gas,,CATEGORY,6 4L Gas Engine,6-4L-GAS-ENGINE,6-4l-gas-engine,https://www.moparamerica.com/v-2017-dodge-challenger--sxt--3-6l-v6-gas/#cat-6-4l-gas-engine,24,DISCOVERED,2026-08-01T00:45:41+00:00
tax-fceca776121fdc35d02a85f6,challenger-sxt-36-gas,,CATEGORY,845Re 8 Speed Automatic Transmission,845RE-8-SPEED-AUTOMATIC-TRANSMISSION,845re-8-speed-automatic-transmission,https://www.moparamerica.com/v-2017-dodge-challenger--sxt--3-6l-v6-gas/#cat-845re-8-speed-automatic-transmission,30,DISCOVERED,2026-08-01T00:45:41+00:00
tax-3bd6b9e66d521bb0e62bbce0,challenger-sxt-36-gas,,CATEGORY,8Hp70 8 Speed Automatic Transmission,8HP70-8-SPEED-AUTOMATIC-TRANSMISSION,8hp70-8-speed-automatic-transmission,https://www.moparamerica.com/v-2017-dodge-challenger--sxt--3-6l-v6-gas/#cat-8hp70-8-speed-automatic-transmission,33,DISCOVERED,2026-08-01T00:45:41+00:00
tax-b7f52d82a2c207f1b7c6bda9,challenger-sxt-36-gas,,CATEGORY,8Hp90 8 Speed Automatic Transmission,8HP90-8-SPEED-AUTOMATIC-TRANSMISSION,8hp90-8-speed-automatic-transmission,https://www.moparamerica.com/v-2017-dodge-challenger--sxt--3-6l-v6-gas/#cat-8hp90-8-speed-automatic-transmission,36,DISCOVERED,2026-08-01T00:45:41+00:00
tax-2fbcb083fd29ddad4d929b5e,challenger-sxt-36-gas,,CATEGORY,Accessories Audio Video And Electronics Accessories,ACCESSORIES-AUDIO-VIDEO-AND-ELECTRONICS-ACCESSORIES,accessories-audio-video-and-electronics-accessories,https://www.moparamerica.com/v-2017-dodge-challenger--sxt--3-6l-v6-gas/#cat-accessories-audio-video-and-electronics-accessories,38,DISCOVERED,2026-08-01T00:45:41+00:00
tax-b50b7301c3b6a8282f7c77b8,challenger-sxt-36-gas,,CATEGORY,Accessories Crate Engines,ACCESSORIES-CRATE-ENGINES,accessories-crate-engines,https://www.moparamerica.com/v-2017-dodge-challenger--sxt--3-6l-v6-gas/#cat-accessories-crate-engines,39,DISCOVERED,2026-08-01T00:45:41+00:00
tax-26959303e2b69018962a5648,challenger-sxt-36-gas,,CATEGORY,Accessories Drag Pak,ACCESSORIES-DRAG-PAK,accessories-drag-pak,https://www.moparamerica.com/v-2017-dodge-challenger--sxt--3-6l-v6-gas/#cat-accessories-drag-pak,40,DISCOVERED,2026-08-01T00:45:41+00:00
tax-155d10f2b742bdbdef15768d,challenger-sxt-36-gas,,CATEGORY,Accessories Exterior Accessories,ACCESSORIES-EXTERIOR-ACCESSORIES,accessories-exterior-accessories,https://www.moparamerica.com/v-2017-dodge-challenger--sxt--3-6l-v6-gas/#cat-accessories-exterior-accessories,46,DISCOVERED,2026-08-01T00:45:41+00:00
tax-7b04a2dda6827939814a2c4e,challenger-sxt-36-gas,,CATEGORY,Accessories Interior Accessories,ACCESSORIES-INTERIOR-ACCESSORIES,accessories-interior-accessories,https://www.moparamerica.com/v-2017-dodge-challenger--sxt--3-6l-v6-gas/#cat-accessories-interior-accessories,50,DISCOVERED,2026-08-01T00:45:41+00:00
tax-068b920c33975e4fee247350,challenger-sxt-36-gas,,CATEGORY,Accessories Lifestyle And Off Road Accessories,ACCESSORIES-LIFESTYLE-AND-OFF-ROAD-ACCESSORIES,accessories-lifestyle-and-off-road-accessories,https://www.moparamerica.com/v-2017-dodge-challenger--sxt--3-6l-v6-gas/#cat-accessories-lifestyle-and-off-road-accessories,51,DISCOVERED,2026-08-01T00:45:41+00:00
tax-1656947cb19931f32049bc84,challenger-sxt-36-gas,,CATEGORY,Accessories Lighting And Electrical Accessories,ACCESSORIES-LIGHTING-AND-ELECTRICAL-ACCESSORIES,accessories-lighting-and-electrical-accessories,https://www.moparamerica.com/v-2017-dodge-challenger--sxt--3-6l-v6-gas/#cat-accessories-lighting-and-electrical-accessories,53,DISCOVERED,2026-08-01T00:45:41+00:00
tax-285dd29eb289a06588f1d11b,challenger-sxt-36-gas,,CATEGORY,Accessories Modern Performance,ACCESSORIES-MODERN-PERFORMANCE,accessories-modern-performance,https://www.moparamerica.com/v-2017-dodge-challenger--sxt--3-6l-v6-gas/#cat-accessories-modern-performance,56,DISCOVERED,2026-08-01T00:45:41+00:00
tax-c15c338eac3a50476a21a662,challenger-sxt-36-gas,,CATEGORY,Accessories Performance,ACCESSORIES-PERFORMANCE,accessories-performance,https://www.moparamerica.com/v-2017-dodge-challenger--sxt--3-6l-v6-gas/#cat-accessories-performance,57,DISCOVERED,2026-08-01T00:45:41+00:00
tax-c45abf915974b606c34a7cc7,challenger-sxt-36-gas,,CATEGORY,Accessories Vehicle Care Products,ACCESSORIES-VEHICLE-CARE-PRODUCTS,accessories-vehicle-care-products,https://www.moparamerica.com/v-2017-dodge-challenger--sxt--3-6l-v6-gas/#cat-accessories-vehicle-care-products,59,DISCOVERED,2026-08-01T00:45:41+00:00
tax-1fd9d7f92bfa385032f659a8,challenger-sxt-36-gas,,CATEGORY,Air Conditioners And Heaters,AIR-CONDITIONERS-AND-HEATERS,air-conditioners-and-heaters,https://www.moparamerica.com/v-2017-dodge-challenger--sxt--3-6l-v6-gas/#cat-air-conditioners-and-heaters,64,DISCOVERED,2026-08-01T00:45:41+00:00
tax-db272a81ac99d4904851c8b0,challenger-sxt-36-gas,,CATEGORY,All Wheel Drive Differential And Drive Line,ALL-WHEEL-DRIVE-DIFFERENTIAL-AND-DRIVE-LINE,all-wheel-drive-differential-and-drive-line,https://www.moparamerica.com/v-2017-dodge-challenger--sxt--3-6l-v6-gas/#cat-all-wheel-drive-differential-and-drive-line,69,DISCOVERED,2026-08-01T00:45:41+00:00
tax-bede942246054275d60d16ae,challenger-sxt-36-gas,,CATEGORY,Body Sheet Metal Except Doors,BODY-SHEET-METAL-EXCEPT-DOORS,body-sheet-metal-except-doors,https://www.moparamerica.com/v-2017-dodge-challenger--sxt--3-6l-v6-gas/#cat-body-sheet-metal-except-doors,80,DISCOVERED,2026-08-01T00:45:41+00:00
tax-7f067c48bee2464abc156842,challenger-sxt-36-gas,,CATEGORY,Brakes,BRAKES,brakes,https://www.moparamerica.com/v-2017-dodge-challenger--sxt--3-6l-v6-gas/#cat-brakes,87,DISCOVERED,2026-08-01T00:45:41+00:00
tax-88a59882987606e0025a04b7,challenger-sxt-36-gas,,CATEGORY,Clutch,CLUTCH,clutch,https://www.moparamerica.com/v-2017-dodge-challenger--sxt--3-6l-v6-gas/#cat-clutch,89,DISCOVERED,2026-08-01T00:45:41+00:00
tax-1ddde1cdfcd286c728743872,challenger-sxt-36-gas,,CATEGORY,Conversion And Upfit Packages,CONVERSION-AND-UPFIT-PACKAGES,conversion-and-upfit-packages,https://www.moparamerica.com/v-2017-dodge-challenger--sxt--3-6l-v6-gas/#cat-conversion-and-upfit-packages,90,DISCOVERED,2026-08-01T00:45:41+00:00
tax-b0ddb73260c06a8b0a35df58,challenger-sxt-36-gas,,CATEGORY,Cooling,COOLING,cooling,https://www.moparamerica.com/v-2017-dodge-challenger--sxt--3-6l-v6-gas/#cat-cooling,96,DISCOVERED,2026-08-01T00:45:41+00:00
tax-f7bc0b8824cf891bf36d7434,challenger-sxt-36-gas,,CATEGORY,Doors Door Mirrors And Related Parts,DOORS-DOOR-MIRRORS-AND-RELATED-PARTS,doors-door-mirrors-and-related-parts,https://www.moparamerica.com/v-2017-dodge-challenger--sxt--3-6l-v6-gas/#cat-doors-door-mirrors-and-related-parts,99,DISCOVERED,2026-08-01T00:45:41+00:00
tax-9f6427af680a6a96e56d4a0f,challenger-sxt-36-gas,,CATEGORY,Electrical,ELECTRICAL,electrical,https://www.moparamerica.com/v-2017-dodge-challenger--sxt--3-6l-v6-gas/#cat-electrical,118,DISCOVERED,2026-08-01T00:45:41+00:00
tax-ba536f2bd741b4144fab1c9a,challenger-sxt-36-gas,,CATEGORY,Emission Controls,EMISSION-CONTROLS,emission-controls,https://www.moparamerica.com/v-2017-dodge-challenger--sxt--3-6l-v6-gas/#cat-emission-controls,120,DISCOVERED,2026-08-01T00:45:41+00:00
tax-86eb535a3361495b04bd56d1,challenger-sxt-36-gas,,CATEGORY,Exhaust,EXHAUST,exhaust,https://www.moparamerica.com/v-2017-dodge-challenger--sxt--3-6l-v6-gas/#cat-exhaust,121,DISCOVERED,2026-08-01T00:45:41+00:00
tax-35e53ee29c8d99c43dc4a7eb,challenger-sxt-36-gas,,CATEGORY,Exterior Ornamentation,EXTERIOR-ORNAMENTATION,exterior-ornamentation,https://www.moparamerica.com/v-2017-dodge-challenger--sxt--3-6l-v6-gas/#cat-exterior-ornamentation,125,DISCOVERED,2026-08-01T00:45:41+00:00
tax-d0e4c9f4b9cb4a1141f84d07,challenger-sxt-36-gas,,CATEGORY,Frame Bumper And Fascia,FRAME-BUMPER-AND-FASCIA,frame-bumper-and-fascia,https://www.moparamerica.com/v-2017-dodge-challenger--sxt--3-6l-v6-gas/#cat-frame-bumper-and-fascia,128,DISCOVERED,2026-08-01T00:45:41+00:00
tax-a98a8576eac0d394359ebad8,challenger-sxt-36-gas,,CATEGORY,Front Suspension,FRONT-SUSPENSION,front-suspension,https://www.moparamerica.com/v-2017-dodge-challenger--sxt--3-6l-v6-gas/#cat-front-suspension,130,DISCOVERED,2026-08-01T00:45:41+00:00
tax-34599c9d5db15476a7f3178d,challenger-sxt-36-gas,,CATEGORY,Fuel,FUEL,fuel,https://www.moparamerica.com/v-2017-dodge-challenger--sxt--3-6l-v6-gas/#cat-fuel,138,DISCOVERED,2026-08-01T00:45:41+00:00
tax-e1660e016db5dfbdf4900b1e,challenger-sxt-36-gas,,CATEGORY,Glass,GLASS,glass,https://www.moparamerica.com/v-2017-dodge-challenger--sxt--3-6l-v6-gas/#cat-glass,139,DISCOVERED,2026-08-01T00:45:41+00:00
tax-f6a625f4c5e98360a1d4e560,challenger-sxt-36-gas,,CATEGORY,Interior Trim,INTERIOR-TRIM,interior-trim,https://www.moparamerica.com/v-2017-dodge-challenger--sxt--3-6l-v6-gas/#cat-interior-trim,149,DISCOVERED,2026-08-01T00:45:41+00:00
tax-d76cb4f379d62c549e7796f7,challenger-sxt-36-gas,,CATEGORY,Labels,LABELS,labels,https://www.moparamerica.com/v-2017-dodge-challenger--sxt--3-6l-v6-gas/#cat-labels,150,DISCOVERED,2026-08-01T00:45:41+00:00
tax-b454db47327c3f376f486234,challenger-sxt-36-gas,,CATEGORY,Mopar Accessories Component Parts,MOPAR-ACCESSORIES-COMPONENT-PARTS,mopar-accessories-component-parts,https://www.moparamerica.com/v-2017-dodge-challenger--sxt--3-6l-v6-gas/#cat-mopar-accessories-component-parts,156,DISCOVERED,2026-08-01T00:45:41+00:00
tax-effbdcb80125854cabcd5366,challenger-sxt-36-gas,,CATEGORY,Rear Suspension,REAR-SUSPENSION,rear-suspension,https://www.moparamerica.com/v-2017-dodge-challenger--sxt--3-6l-v6-gas/#cat-rear-suspension,158,DISCOVERED,2026-08-01T00:45:41+00:00
tax-eec09cd6417ebc9595cbaf25,challenger-sxt-36-gas,,CATEGORY,Rear Wheel Drive Differential And Drive Line,REAR-WHEEL-DRIVE-DIFFERENTIAL-AND-DRIVE-LINE,rear-wheel-drive-differential-and-drive-line,https://www.moparamerica.com/v-2017-dodge-challenger--sxt--3-6l-v6-gas/#cat-rear-wheel-drive-differential-and-drive-line,162,DISCOVERED,2026-08-01T00:45:41+00:00
tax-9229107c051956a6690936d4,challenger-sxt-36-gas,,CATEGORY,Restraints,RESTRAINTS,restraints,https://www.moparamerica.com/v-2017-dodge-challenger--sxt--3-6l-v6-gas/#cat-restraints,164,DISCOVERED,2026-08-01T00:45:41+00:00
tax-c295e06f17a66bbb1a09ef64,challenger-sxt-36-gas,,CATEGORY,Steering,STEERING,steering,https://www.moparamerica.com/v-2017-dodge-challenger--sxt--3-6l-v6-gas/#cat-steering,168,DISCOVERED,2026-08-01T00:45:41+00:00
tax-3202d785cf9f9e44ed5dca6c,challenger-sxt-36-gas,,CATEGORY,Tr6060 6 Speed Manual Transmission,TR6060-6-SPEED-MANUAL-TRANSMISSION,tr6060-6-speed-manual-transmission,https://www.moparamerica.com/v-2017-dodge-challenger--sxt--3-6l-v6-gas/#cat-tr6060-6-speed-manual-transmission,171,DISCOVERED,2026-08-01T00:45:41+00:00
tax-f662f1a0f0e4f7bf3e057e2d,challenger-sxt-36-gas,,CATEGORY,Wheels,WHEELS,wheels,https://www.moparamerica.com/v-2017-dodge-challenger--sxt--3-6l-v6-gas/#cat-wheels,177,DISCOVERED,2026-08-01T00:45:41+00:00
tax-cb9d7afc5328a488e7861bb1,challenger-sxt-36-gas,tax-52e08237a940551ceb4b3e89,SUBCATEGORY,Camshaft and Valve,CAMSHAFTANDVALVE,3-6l-gas-engine--camshaft-and-valve,https://www.moparamerica.com/v-2017-dodge-challenger--sxt--3-6l-v6-gas/3-6l-gas-engine--camshaft-and-valve,1,DISCOVERED,2026-08-01T00:45:41+00:00
tax-3945399a967629361ca13fc1,challenger-sxt-36-gas,tax-52e08237a940551ceb4b3e89,SUBCATEGORY,Crankcase Ventilation,CRANKCASEVENTILATION,3-6l-gas-engine--crankcase-ventilation,https://www.moparamerica.com/v-2017-dodge-challenger--sxt--3-6l-v6-gas/3-6l-gas-engine--crankcase-ventilation,2,DISCOVERED,2026-08-01T00:45:41+00:00
tax-fa34d4fea490ca71453a6008,challenger-sxt-36-gas,tax-52e08237a940551ceb4b3e89,SUBCATEGORY,"Crankshaft, Piston, Drive Plate, Flywheel, and Damper",CRANKSHAFTPISTONDRIVEPLATEFLYWHEELANDDAMPER,3-6l-gas-engine--crankshaft-piston-drive-plate-flywheel-and-damper,https://www.moparamerica.com/v-2017-dodge-challenger--sxt--3-6l-v6-gas/3-6l-gas-engine--crankshaft-piston-drive-plate-flywheel-and-damper,3,DISCOVERED,2026-08-01T00:45:41+00:00
tax-a3548d0e7d7043b3d6c85644,challenger-sxt-36-gas,tax-52e08237a940551ceb4b3e89,SUBCATEGORY,Cylinder Block,CYLINDERBLOCK,3-6l-gas-engine--cylinder-block,https://www.moparamerica.com/v-2017-dodge-challenger--sxt--3-6l-v6-gas/3-6l-gas-engine--cylinder-block,4,DISCOVERED,2026-08-01T00:45:41+00:00
tax-5d26da5a48ac5081aaf4a1e4,challenger-sxt-36-gas,tax-52e08237a940551ceb4b3e89,SUBCATEGORY,Cylinder Head,CYLINDERHEAD,3-6l-gas-engine--cylinder-head,https://www.moparamerica.com/v-2017-dodge-challenger--sxt--3-6l-v6-gas/3-6l-gas-engine--cylinder-head,5,DISCOVERED,2026-08-01T00:45:41+00:00
tax-943ee4aedd23b665cdd49f37,challenger-sxt-36-gas,tax-52e08237a940551ceb4b3e89,SUBCATEGORY,"Engine Identification, Service Engines & Engine Service Kits",ENGINEIDENTIFICATIONSERVICEENGINESENGINESERVICEKITS,3-6l-gas-engine--engine-identification-service-engines-and-engine-service-kits,https://www.moparamerica.com/v-2017-dodge-challenger--sxt--3-6l-v6-gas/3-6l-gas-engine--engine-identification-service-engines-and-engine-service-kits,6,DISCOVERED,2026-08-01T00:45:41+00:00
tax-4564e88f383ce609ca6034d4,challenger-sxt-36-gas,tax-52e08237a940551ceb4b3e89,SUBCATEGORY,Engine Mounting,ENGINEMOUNTING,3-6l-gas-engine--engine-mounting,https://www.moparamerica.com/v-2017-dodge-challenger--sxt--3-6l-v6-gas/3-6l-gas-engine--engine-mounting,7,DISCOVERED,2026-08-01T00:45:41+00:00
tax-ee5de802fa3df12ea348ee85,challenger-sxt-36-gas,tax-52e08237a940551ceb4b3e89,SUBCATEGORY,"Engine Oiling, Oil Pan and Indicator (Dipstick)",ENGINEOILINGOILPANANDINDICATORDIPSTICK,3-6l-gas-engine--engine-oiling-oil-pan-and-indicator-dipstick,https://www.moparamerica.com/v-2017-dodge-challenger--sxt--3-6l-v6-gas/3-6l-gas-engine--engine-oiling-oil-pan-and-indicator-dipstick,8,DISCOVERED,2026-08-01T00:45:41+00:00
tax-5beb2b7bb736a1f5ef0b753e,challenger-sxt-36-gas,tax-52e08237a940551ceb4b3e89,SUBCATEGORY,Manifolds and Vacuum Fittings,MANIFOLDSANDVACUUMFITTINGS,3-6l-gas-engine--manifolds-and-vacuum-fittings,https://www.moparamerica.com/v-2017-dodge-challenger--sxt--3-6l-v6-gas/3-6l-gas-engine--manifolds-and-vacuum-fittings,9,DISCOVERED,2026-08-01T00:45:41+00:00
tax-e4928537e609768ef14792ba,challenger-sxt-36-gas,tax-52e08237a940551ceb4b3e89,SUBCATEGORY,Timing Belt/Chain and Cover and Balance Shaft,TIMINGBELTCHAINANDCOVERANDBALANCESHAFT,3-6l-gas-engine--timing-belt-chain-and-cover-and-balance-shaft,https://www.moparamerica.com/v-2017-dodge-challenger--sxt--3-6l-v6-gas/3-6l-gas-engine--timing-belt-chain-and-cover-and-balance-shaft,10,DISCOVERED,2026-08-01T00:45:41+00:00
tax-e08c34733568e40bd3bab390,challenger-sxt-36-gas,tax-e07d8df27286e30d61a0807b,SUBCATEGORY,Camshaft and Valve,CAMSHAFTANDVALVE,5-7l-gas-engine--camshaft-and-valve,https://www.moparamerica.com/v-2017-dodge-challenger--sxt--3-6l-v6-gas/5-7l-gas-engine--camshaft-and-valve,11,DISCOVERED,2026-08-01T00:45:41+00:00
tax-00f1846bcc4ac2e7ada1adc9,challenger-sxt-36-gas,tax-e07d8df27286e30d61a0807b,SUBCATEGORY,Cylinder Block,CYLINDERBLOCK,5-7l-gas-engine--cylinder-block,https://www.moparamerica.com/v-2017-dodge-challenger--sxt--3-6l-v6-gas/5-7l-gas-engine--cylinder-block,12,DISCOVERED,2026-08-01T00:45:41+00:00
tax-c8f8b704d4381f99e1a7a3ec,challenger-sxt-36-gas,tax-e07d8df27286e30d61a0807b,SUBCATEGORY,Engine Mounting,ENGINEMOUNTING,5-7l-gas-engine--engine-mounting,https://www.moparamerica.com/v-2017-dodge-challenger--sxt--3-6l-v6-gas/5-7l-gas-engine--engine-mounting,13,DISCOVERED,2026-08-01T00:45:41+00:00
tax-c5801a22dfd1504315caa7fc,challenger-sxt-36-gas,tax-e07d8df27286e30d61a0807b,SUBCATEGORY,"Engine Oiling, Oil Pan and Indicator (Dipstick)",ENGINEOILINGOILPANANDINDICATORDIPSTICK,5-7l-gas-engine--engine-oiling-oil-pan-and-indicator-dipstick,https://www.moparamerica.com/v-2017-dodge-challenger--sxt--3-6l-v6-gas/5-7l-gas-engine--engine-oiling-oil-pan-and-indicator-dipstick,14,DISCOVERED,2026-08-01T00:45:41+00:00
tax-622c9772e85f74a22cd9a5db,challenger-sxt-36-gas,tax-f61b097c15ea297e969d800d,SUBCATEGORY,Camshaft and Valve,CAMSHAFTANDVALVE,5-7lgas-engine--camshaft-and-valve,https://www.moparamerica.com/v-2017-dodge-challenger--sxt--3-6l-v6-gas/5-7lgas-engine--camshaft-and-valve,15,DISCOVERED,2026-08-01T00:45:41+00:00
tax-86099ba6af56fb86d53a0b7a,challenger-sxt-36-gas,tax-f61b097c15ea297e969d800d,SUBCATEGORY,Engine Mounting,ENGINEMOUNTING,5-7lgas-engine--engine-mounting,https://www.moparamerica.com/v-2017-dodge-challenger--sxt--3-6l-v6-gas/5-7lgas-engine--engine-mounting,16,DISCOVERED,2026-08-01T00:45:41+00:00
tax-1331b63a5bfdbdfc21d3103f,challenger-sxt-36-gas,tax-f61b097c15ea297e969d800d,SUBCATEGORY,"Engine Oiling, Oil Pan and Indicator (Dipstick)",ENGINEOILINGOILPANANDINDICATORDIPSTICK,5-7lgas-engine--engine-oiling-oil-pan-and-indicator-dipstick,https://www.moparamerica.com/v-2017-dodge-challenger--sxt--3-6l-v6-gas/5-7lgas-engine--engine-oiling-oil-pan-and-indicator-dipstick,17,DISCOVERED,2026-08-01T00:45:41+00:00
tax-e69a620f3657d2eb6fc917e6,challenger-sxt-36-gas,tax-db649fcf3c96c12ad3e77cfc,SUBCATEGORY,Camshaft and Valve,CAMSHAFTANDVALVE,6-2l-gas-engine--camshaft-and-valve,https://www.moparamerica.com/v-2017-dodge-challenger--sxt--3-6l-v6-gas/6-2l-gas-engine--camshaft-and-valve,18,DISCOVERED,2026-08-01T00:45:41+00:00
tax-d628cb9265185b46ee0cc7fc,challenger-sxt-36-gas,tax-db649fcf3c96c12ad3e77cfc,SUBCATEGORY,Engine Mounting,ENGINEMOUNTING,6-2l-gas-engine--engine-mounting,https://www.moparamerica.com/v-2017-dodge-challenger--sxt--3-6l-v6-gas/6-2l-gas-engine--engine-mounting,19,DISCOVERED,2026-08-01T00:45:41+00:00
tax-aaa6411cb1e774405694ccde,challenger-sxt-36-gas,tax-db649fcf3c96c12ad3e77cfc,SUBCATEGORY,Engine Oil Cooler,ENGINEOILCOOLER,6-2l-gas-engine--engine-oil-cooler,https://www.moparamerica.com/v-2017-dodge-challenger--sxt--3-6l-v6-gas/6-2l-gas-engine--engine-oil-cooler,20,DISCOVERED,2026-08-01T00:45:41+00:00
tax-37ca9fb335648c285c4a27d6,challenger-sxt-36-gas,tax-db649fcf3c96c12ad3e77cfc,SUBCATEGORY,"Engine Oiling, Oil Pan and Indicator (Dipstick)",ENGINEOILINGOILPANANDINDICATORDIPSTICK,6-2l-gas-engine--engine-oiling-oil-pan-and-indicator-dipstick,https://www.moparamerica.com/v-2017-dodge-challenger--sxt--3-6l-v6-gas/6-2l-gas-engine--engine-oiling-oil-pan-and-indicator-dipstick,21,DISCOVERED,2026-08-01T00:45:41+00:00
tax-6a2fe91d23db23c07f196436,challenger-sxt-36-gas,tax-c8c6bcf68def7bc95e37006d,SUBCATEGORY,Camshaft and Valve,CAMSHAFTANDVALVE,6-4l-gas-engine--camshaft-and-valve,https://www.moparamerica.com/v-2017-dodge-challenger--sxt--3-6l-v6-gas/6-4l-gas-engine--camshaft-and-valve,22,DISCOVERED,2026-08-01T00:45:41+00:00
tax-ae0217c3091f6dbfa2133fea,challenger-sxt-36-gas,tax-c8c6bcf68def7bc95e37006d,SUBCATEGORY,Engine Mounting,ENGINEMOUNTING,6-4l-gas-engine--engine-mounting,https://www.moparamerica.com/v-2017-dodge-challenger--sxt--3-6l-v6-gas/6-4l-gas-engine--engine-mounting,23,DISCOVERED,2026-08-01T00:45:41+00:00
tax-eb78548f0c79dc1f49111a4c,challenger-sxt-36-gas,tax-c8c6bcf68def7bc95e37006d,SUBCATEGORY,"Engine Oiling, Oil Pan and Indicator (Dipstick)",ENGINEOILINGOILPANANDINDICATORDIPSTICK,6-4l-gas-engine--engine-oiling-oil-pan-and-indicator-dipstick,https://www.moparamerica.com/v-2017-dodge-challenger--sxt--3-6l-v6-gas/6-4l-gas-engine--engine-oiling-oil-pan-and-indicator-dipstick,24,DISCOVERED,2026-08-01T00:45:41+00:00
tax-2740cdd5d72ce2d424fb9319,challenger-sxt-36-gas,tax-fceca776121fdc35d02a85f6,SUBCATEGORY,Automatic Transmission / Transaxle and Torque Converter,AUTOMATICTRANSMISSIONTRANSAXLEANDTORQUECONVERTER,845re-8-speed-automatic-transmission--automatic-transmission-transaxle-and-torque-converter,https://www.moparamerica.com/v-2017-dodge-challenger--sxt--3-6l-v6-gas/845re-8-speed-automatic-transmission--automatic-transmission-transaxle-and-torque-converter,25,DISCOVERED,2026-08-01T00:45:41+00:00
tax-f56d78bb4fac214f3eb47a62,challenger-sxt-36-gas,tax-fceca776121fdc35d02a85f6,SUBCATEGORY,"Case, Extension, Oil Pan, and Indicator (Dipstick)",CASEEXTENSIONOILPANANDINDICATORDIPSTICK,845re-8-speed-automatic-transmission--case-extension-oil-pan-and-indicator-dipstick,https://www.moparamerica.com/v-2017-dodge-challenger--sxt--3-6l-v6-gas/845re-8-speed-automatic-transmission--case-extension-oil-pan-and-indicator-dipstick,26,DISCOVERED,2026-08-01T00:45:41+00:00
tax-c66ca78342e8ba1662ac8880,challenger-sxt-36-gas,tax-fceca776121fdc35d02a85f6,SUBCATEGORY,Gearshift Controls and Related Parts,GEARSHIFTCONTROLSANDRELATEDPARTS,845re-8-speed-automatic-transmission--gearshift-controls-and-related-parts,https://www.moparamerica.com/v-2017-dodge-challenger--sxt--3-6l-v6-gas/845re-8-speed-automatic-transmission--gearshift-controls-and-related-parts,27,DISCOVERED,2026-08-01T00:45:41+00:00
tax-e765da60f020c489d013ac58,challenger-sxt-36-gas,tax-fceca776121fdc35d02a85f6,SUBCATEGORY,Mounting and Skid Plate,MOUNTINGANDSKIDPLATE,845re-8-speed-automatic-transmission--mounting-and-skid-plate,https://www.moparamerica.com/v-2017-dodge-challenger--sxt--3-6l-v6-gas/845re-8-speed-automatic-transmission--mounting-and-skid-plate,28,DISCOVERED,2026-08-01T00:45:41+00:00
tax-52d156448c5e7e55ea18075d,challenger-sxt-36-gas,tax-fceca776121fdc35d02a85f6,SUBCATEGORY,Oil Pump,OILPUMP,845re-8-speed-automatic-transmission--oil-pump,https://www.moparamerica.com/v-2017-dodge-challenger--sxt--3-6l-v6-gas/845re-8-speed-automatic-transmission--oil-pump,29,DISCOVERED,2026-08-01T00:45:41+00:00
tax-abbdb7c7ee8ebc6f357bc766,challenger-sxt-36-gas,tax-fceca776121fdc35d02a85f6,SUBCATEGORY,"Valve Body, Accumulator, Solenoid and Parking Sprag",VALVEBODYACCUMULATORSOLENOIDANDPARKINGSPRAG,845re-8-speed-automatic-transmission--valve-body-accumulator-solenoid-and-parking-sprag,https://www.moparamerica.com/v-2017-dodge-challenger--sxt--3-6l-v6-gas/845re-8-speed-automatic-transmission--valve-body-accumulator-solenoid-and-parking-sprag,30,DISCOVERED,2026-08-01T00:45:41+00:00
tax-1bf3e3038417a100de7a8399,challenger-sxt-36-gas,tax-3bd6b9e66d521bb0e62bbce0,SUBCATEGORY,Automatic Transmission / Transaxle and Torque Converter,AUTOMATICTRANSMISSIONTRANSAXLEANDTORQUECONVERTER,8hp70-8-speed-automatic-transmission--automatic-transmission-transaxle-and-torque-converter,https://www.moparamerica.com/v-2017-dodge-challenger--sxt--3-6l-v6-gas/8hp70-8-speed-automatic-transmission--automatic-transmission-transaxle-and-torque-converter,31,DISCOVERED,2026-08-01T00:45:41+00:00
tax-ecdbf538483ea274673acc0d,challenger-sxt-36-gas,tax-3bd6b9e66d521bb0e62bbce0,SUBCATEGORY,Gearshift Controls and Related Parts,GEARSHIFTCONTROLSANDRELATEDPARTS,8hp70-8-speed-automatic-transmission--gearshift-controls-and-related-parts,https://www.moparamerica.com/v-2017-dodge-challenger--sxt--3-6l-v6-gas/8hp70-8-speed-automatic-transmission--gearshift-controls-and-related-parts,32,DISCOVERED,2026-08-01T00:45:41+00:00
tax-d59cbef132a54522d688aa58,challenger-sxt-36-gas,tax-3bd6b9e66d521bb0e62bbce0,SUBCATEGORY,Mounting and Skid Plate,MOUNTINGANDSKIDPLATE,8hp70-8-speed-automatic-transmission--mounting-and-skid-plate,https://www.moparamerica.com/v-2017-dodge-challenger--sxt--3-6l-v6-gas/8hp70-8-speed-automatic-transmission--mounting-and-skid-plate,33,DISCOVERED,2026-08-01T00:45:41+00:00
tax-b01d60b1626253159686a02d,challenger-sxt-36-gas,tax-b7f52d82a2c207f1b7c6bda9,SUBCATEGORY,Automatic Transmission / Transaxle and Torque Converter,AUTOMATICTRANSMISSIONTRANSAXLEANDTORQUECONVERTER,8hp90-8-speed-automatic-transmission--automatic-transmission-transaxle-and-torque-converter,https://www.moparamerica.com/v-2017-dodge-challenger--sxt--3-6l-v6-gas/8hp90-8-speed-automatic-transmission--automatic-transmission-transaxle-and-torque-converter,34,DISCOVERED,2026-08-01T00:45:41+00:00
tax-b98b9a7fade07ad6b204737e,challenger-sxt-36-gas,tax-b7f52d82a2c207f1b7c6bda9,SUBCATEGORY,Gearshift Controls and Related Parts,GEARSHIFTCONTROLSANDRELATEDPARTS,8hp90-8-speed-automatic-transmission--gearshift-controls-and-related-parts,https://www.moparamerica.com/v-2017-dodge-challenger--sxt--3-6l-v6-gas/8hp90-8-speed-automatic-transmission--gearshift-controls-and-related-parts,35,DISCOVERED,2026-08-01T00:45:41+00:00
tax-d8a6506f753c7cec6523d861,challenger-sxt-36-gas,tax-b7f52d82a2c207f1b7c6bda9,SUBCATEGORY,Mounting and Skid Plate,MOUNTINGANDSKIDPLATE,8hp90-8-speed-automatic-transmission--mounting-and-skid-plate,https://www.moparamerica.com/v-2017-dodge-challenger--sxt--3-6l-v6-gas/8hp90-8-speed-automatic-transmission--mounting-and-skid-plate,36,DISCOVERED,2026-08-01T00:45:41+00:00
tax-78b2509b0e2748fa30eea288,challenger-sxt-36-gas,tax-2fbcb083fd29ddad4d929b5e,SUBCATEGORY,Remote Start,REMOTESTART,accessories-audio-video-and-electronics-accessories--remote-start,https://www.moparamerica.com/v-2017-dodge-challenger--sxt--3-6l-v6-gas/accessories-audio-video-and-electronics-accessories--remote-start,37,DISCOVERED,2026-08-01T00:45:41+00:00
tax-36506b9e06ed62eb54441cf3,challenger-sxt-36-gas,tax-2fbcb083fd29ddad4d929b5e,SUBCATEGORY,Security,SECURITY,accessories-audio-video-and-electronics-accessories--security,https://www.moparamerica.com/v-2017-dodge-challenger--sxt--3-6l-v6-gas/accessories-audio-video-and-electronics-accessories--security,38,DISCOVERED,2026-08-01T00:45:41+00:00
tax-8f4090f3fc9138ff6823b74e,challenger-sxt-36-gas,tax-b50b7301c3b6a8282f7c77b8,SUBCATEGORY,Engines,ENGINES,accessories-crate-engines--engines,https://www.moparamerica.com/v-2017-dodge-challenger--sxt--3-6l-v6-gas/accessories-crate-engines--engines,39,DISCOVERED,2026-08-01T00:45:41+00:00
tax-b05937c01df5b29aced96f02,challenger-sxt-36-gas,tax-26959303e2b69018962a5648,SUBCATEGORY,Race Kits,RACEKITS,accessories-drag-pak--race-kits,https://www.moparamerica.com/v-2017-dodge-challenger--sxt--3-6l-v6-gas/accessories-drag-pak--race-kits,40,DISCOVERED,2026-08-01T00:45:41+00:00
tax-0bbf95892caf03c45ce8f7db,challenger-sxt-36-gas,tax-155d10f2b742bdbdef15768d,SUBCATEGORY,Exterior Appearance,EXTERIORAPPEARANCE,accessories-exterior-accessories--exterior-appearance,https://www.moparamerica.com/v-2017-dodge-challenger--sxt--3-6l-v6-gas/accessories-exterior-accessories--exterior-appearance,41,DISCOVERED,2026-08-01T00:45:41+00:00
tax-4b62f3d99964135f148acb3a,challenger-sxt-36-gas,tax-155d10f2b742bdbdef15768d,SUBCATEGORY,License Plate,LICENSEPLATE,accessories-exterior-accessories--license-plate,https://www.moparamerica.com/v-2017-dodge-challenger--sxt--3-6l-v6-gas/accessories-exterior-accessories--license-plate,42,DISCOVERED,2026-08-01T00:45:41+00:00
tax-e03192b65bd6fbea943f17c5,challenger-sxt-36-gas,tax-155d10f2b742bdbdef15768d,SUBCATEGORY,Locks,LOCKS,accessories-exterior-accessories--locks,https://www.moparamerica.com/v-2017-dodge-challenger--sxt--3-6l-v6-gas/accessories-exterior-accessories--locks,43,DISCOVERED,2026-08-01T00:45:41+00:00
tax-84f2056ea88ec9c81c25afca,challenger-sxt-36-gas,tax-155d10f2b742bdbdef15768d,SUBCATEGORY,Protective Guards,PROTECTIVEGUARDS,accessories-exterior-accessories--protective-guards,https://www.moparamerica.com/v-2017-dodge-challenger--sxt--3-6l-v6-gas/accessories-exterior-accessories--protective-guards,44,DISCOVERED,2026-08-01T00:45:41+00:00
tax-5e698f7f0f4c44a38a5a40dc,challenger-sxt-36-gas,tax-155d10f2b742bdbdef15768d,SUBCATEGORY,Splash Guards,SPLASHGUARDS,accessories-exterior-accessories--splash-guards,https://www.moparamerica.com/v-2017-dodge-challenger--sxt--3-6l-v6-gas/accessories-exterior-accessories--splash-guards,45,DISCOVERED,2026-08-01T00:45:41+00:00
tax-d26793e4ece4505e076a0e08,challenger-sxt-36-gas,tax-155d10f2b742bdbdef15768d,SUBCATEGORY,Wheels,WHEELS,accessories-exterior-accessories--wheels,https://www.moparamerica.com/v-2017-dodge-challenger--sxt--3-6l-v6-gas/accessories-exterior-accessories--wheels,46,DISCOVERED,2026-08-01T00:45:41+00:00
tax-c342321ead54d883e795a1cb,challenger-sxt-36-gas,tax-7b04a2dda6827939814a2c4e,SUBCATEGORY,Air Purification,AIRPURIFICATION,accessories-interior-accessories--air-purification,https://www.moparamerica.com/v-2017-dodge-challenger--sxt--3-6l-v6-gas/accessories-interior-accessories--air-purification,47,DISCOVERED,2026-08-01T00:45:41+00:00
tax-5be3c9d9e901c2e24fbc014d,challenger-sxt-36-gas,tax-7b04a2dda6827939814a2c4e,SUBCATEGORY,Cargo Trays & Mats,CARGOTRAYSMATS,accessories-interior-accessories--cargo-trays-and-mats,https://www.moparamerica.com/v-2017-dodge-challenger--sxt--3-6l-v6-gas/accessories-interior-accessories--cargo-trays-and-mats,48,DISCOVERED,2026-08-01T00:45:41+00:00
tax-458609f40194d798f07cd0c8,challenger-sxt-36-gas,tax-7b04a2dda6827939814a2c4e,SUBCATEGORY,Floor Mats,FLOORMATS,accessories-interior-accessories--floor-mats,https://www.moparamerica.com/v-2017-dodge-challenger--sxt--3-6l-v6-gas/accessories-interior-accessories--floor-mats,49,DISCOVERED,2026-08-01T00:45:41+00:00
tax-b5bd670f1bd26ce7954f978a,challenger-sxt-36-gas,tax-7b04a2dda6827939814a2c4e,SUBCATEGORY,Interior Appearance,INTERIORAPPEARANCE,accessories-interior-accessories--interior-appearance,https://www.moparamerica.com/v-2017-dodge-challenger--sxt--3-6l-v6-gas/accessories-interior-accessories--interior-appearance,50,DISCOVERED,2026-08-01T00:45:41+00:00
tax-aa94352a7e5c35972f408f61,challenger-sxt-36-gas,tax-068b920c33975e4fee247350,SUBCATEGORY,Safety Kits,SAFETYKITS,accessories-lifestyle-and-off-road-accessories--safety-kits,https://www.moparamerica.com/v-2017-dodge-challenger--sxt--3-6l-v6-gas/accessories-lifestyle-and-off-road-accessories--safety-kits,51,DISCOVERED,2026-08-01T00:45:41+00:00
tax-7d9a083ed7fe14cbbef0d3e9,challenger-sxt-36-gas,tax-1656947cb19931f32049bc84,SUBCATEGORY,Charging Unit,CHARGINGUNIT,accessories-lighting-and-electrical-accessories--charging-unit,https://www.moparamerica.com/v-2017-dodge-challenger--sxt--3-6l-v6-gas/accessories-lighting-and-electrical-accessories--charging-unit,52,DISCOVERED,2026-08-01T00:45:41+00:00
tax-3d14893d848dbff63b603131,challenger-sxt-36-gas,tax-1656947cb19931f32049bc84,SUBCATEGORY,Lights,LIGHTS,accessories-lighting-and-electrical-accessories--lights,https://www.moparamerica.com/v-2017-dodge-challenger--sxt--3-6l-v6-gas/accessories-lighting-and-electrical-accessories--lights,53,DISCOVERED,2026-08-01T00:45:41+00:00
tax-23b9102f23f6f2f4875feffb,challenger-sxt-36-gas,tax-285dd29eb289a06588f1d11b,SUBCATEGORY,Engine Parts,ENGINEPARTS,accessories-modern-performance--engine-parts,https://www.moparamerica.com/v-2017-dodge-challenger--sxt--3-6l-v6-gas/accessories-modern-performance--engine-parts,54,DISCOVERED,2026-08-01T00:45:41+00:00
tax-e543d87ec5204321f6ec4095,challenger-sxt-36-gas,tax-285dd29eb289a06588f1d11b,SUBCATEGORY,Intake & Air,INTAKEAIR,accessories-modern-performance--intake-and-air,https://www.moparamerica.com/v-2017-dodge-challenger--sxt--3-6l-v6-gas/accessories-modern-performance--intake-and-air,55,DISCOVERED,2026-08-01T00:45:41+00:00
tax-09f6792f198ded97dea98e97,challenger-sxt-36-gas,tax-285dd29eb289a06588f1d11b,SUBCATEGORY,Suspension,SUSPENSION,accessories-modern-performance--suspension,https://www.moparamerica.com/v-2017-dodge-challenger--sxt--3-6l-v6-gas/accessories-modern-performance--suspension,56,DISCOVERED,2026-08-01T00:45:41+00:00
tax-805636fcdcb4859fec47b1a9,challenger-sxt-36-gas,tax-c15c338eac3a50476a21a662,SUBCATEGORY,Brakes,BRAKES,accessories-performance--brakes,https://www.moparamerica.com/v-2017-dodge-challenger--sxt--3-6l-v6-gas/accessories-performance--brakes,57,DISCOVERED,2026-08-01T00:45:41+00:00
tax-7767a137b64850b5cc301427,challenger-sxt-36-gas,tax-c45abf915974b606c34a7cc7,SUBCATEGORY,Mopar,MOPAR,accessories-vehicle-care-products--mopar,https://www.moparamerica.com/v-2017-dodge-challenger--sxt--3-6l-v6-gas/accessories-vehicle-care-products--mopar,58,DISCOVERED,2026-08-01T00:45:41+00:00
tax-a072ca9ee470026d99f84ace,challenger-sxt-36-gas,tax-c45abf915974b606c34a7cc7,SUBCATEGORY,Touch Up Paint,TOUCHUPPAINT,accessories-vehicle-care-products--touch-up-paint,https://www.moparamerica.com/v-2017-dodge-challenger--sxt--3-6l-v6-gas/accessories-vehicle-care-products--touch-up-paint,59,DISCOVERED,2026-08-01T00:45:41+00:00
tax-8bf45ddbd85857af889d59ce,challenger-sxt-36-gas,tax-1fd9d7f92bfa385032f659a8,SUBCATEGORY,Air Conditioner and Heater Controls,AIRCONDITIONERANDHEATERCONTROLS,air-conditioners-and-heaters--air-conditioner-and-heater-controls,https://www.moparamerica.com/v-2017-dodge-challenger--sxt--3-6l-v6-gas/air-conditioners-and-heaters--air-conditioner-and-heater-controls,60,DISCOVERED,2026-08-01T00:45:41+00:00
tax-4f4193a113ec40099d818a80,challenger-sxt-36-gas,tax-1fd9d7f92bfa385032f659a8,SUBCATEGORY,Air Conditioner and Heater Plumbing,AIRCONDITIONERANDHEATERPLUMBING,air-conditioners-and-heaters--air-conditioner-and-heater-plumbing,https://www.moparamerica.com/v-2017-dodge-challenger--sxt--3-6l-v6-gas/air-conditioners-and-heaters--air-conditioner-and-heater-plumbing,61,DISCOVERED,2026-08-01T00:45:41+00:00
tax-43eb969737e32f5ecbd31a0c,challenger-sxt-36-gas,tax-1fd9d7f92bfa385032f659a8,SUBCATEGORY,Air Conditioner and Heater Units,AIRCONDITIONERANDHEATERUNITS,air-conditioners-and-heaters--air-conditioner-and-heater-units,https://www.moparamerica.com/v-2017-dodge-challenger--sxt--3-6l-v6-gas/air-conditioners-and-heaters--air-conditioner-and-heater-units,62,DISCOVERED,2026-08-01T00:45:41+00:00
tax-58ea08caa9b648e8d9f13cd5,challenger-sxt-36-gas,tax-1fd9d7f92bfa385032f659a8,SUBCATEGORY,Air Conditioner Compressor and Mounting,AIRCONDITIONERCOMPRESSORANDMOUNTING,air-conditioners-and-heaters--air-conditioner-compressor-and-mounting,https://www.moparamerica.com/v-2017-dodge-challenger--sxt--3-6l-v6-gas/air-conditioners-and-heaters--air-conditioner-compressor-and-mounting,63,DISCOVERED,2026-08-01T00:45:41+00:00
tax-3ec0f226ba1b3b6637ddbdf7,challenger-sxt-36-gas,tax-1fd9d7f92bfa385032f659a8,SUBCATEGORY,Air Ducts,AIRDUCTS,air-conditioners-and-heaters--air-ducts,https://www.moparamerica.com/v-2017-dodge-challenger--sxt--3-6l-v6-gas/air-conditioners-and-heaters--air-ducts,64,DISCOVERED,2026-08-01T00:45:41+00:00
tax-e40894f5309a17a287b02425,challenger-sxt-36-gas,tax-db272a81ac99d4904851c8b0,SUBCATEGORY,Drive Shaft,DRIVESHAFT,all-wheel-drive-differential-and-drive-line--drive-shaft,https://www.moparamerica.com/v-2017-dodge-challenger--sxt--3-6l-v6-gas/all-wheel-drive-differential-and-drive-line--drive-shaft,65,DISCOVERED,2026-08-01T00:45:41+00:00
tax-49155d6fa70c00fd3bd037fb,challenger-sxt-36-gas,tax-db272a81ac99d4904851c8b0,SUBCATEGORY,Front Axle Assembly,FRONTAXLEASSEMBLY,all-wheel-drive-differential-and-drive-line--front-axle-assembly,https://www.moparamerica.com/v-2017-dodge-challenger--sxt--3-6l-v6-gas/all-wheel-drive-differential-and-drive-line--front-axle-assembly,66,DISCOVERED,2026-08-01T00:45:41+00:00
tax-9b80a4dc6f1ef78471bdad1c,challenger-sxt-36-gas,tax-db272a81ac99d4904851c8b0,SUBCATEGORY,Rear Axle Assembly,REARAXLEASSEMBLY,all-wheel-drive-differential-and-drive-line--rear-axle-assembly,https://www.moparamerica.com/v-2017-dodge-challenger--sxt--3-6l-v6-gas/all-wheel-drive-differential-and-drive-line--rear-axle-assembly,67,DISCOVERED,2026-08-01T00:45:41+00:00
tax-df294b933547f4a247c69daa,challenger-sxt-36-gas,tax-db272a81ac99d4904851c8b0,SUBCATEGORY,"Rear Axle; Housing, Differential and Vent",REARAXLEHOUSINGDIFFERENTIALANDVENT,all-wheel-drive-differential-and-drive-line--rear-axle-housing-differential-and-vent,https://www.moparamerica.com/v-2017-dodge-challenger--sxt--3-6l-v6-gas/all-wheel-drive-differential-and-drive-line--rear-axle-housing-differential-and-vent,68,DISCOVERED,2026-08-01T00:45:41+00:00
tax-45cdba38549498cce95f0ed2,challenger-sxt-36-gas,tax-db272a81ac99d4904851c8b0,SUBCATEGORY,Rear Axle Shafts,REARAXLESHAFTS,all-wheel-drive-differential-and-drive-line--rear-axle-shafts,https://www.moparamerica.com/v-2017-dodge-challenger--sxt--3-6l-v6-gas/all-wheel-drive-differential-and-drive-line--rear-axle-shafts,69,DISCOVERED,2026-08-01T00:45:41+00:00
tax-8eb0ce5f2e1523234b06b9ed,challenger-sxt-36-gas,tax-bede942246054275d60d16ae,SUBCATEGORY,Aperture Panel and Pillar Supports,APERTUREPANELANDPILLARSUPPORTS,body-sheet-metal-except-doors--aperture-panel-and-pillar-supports,https://www.moparamerica.com/v-2017-dodge-challenger--sxt--3-6l-v6-gas/body-sheet-metal-except-doors--aperture-panel-and-pillar-supports,70,DISCOVERED,2026-08-01T00:45:41+00:00
tax-c8bb10bc2b10fee79f6e45ea,challenger-sxt-36-gas,tax-bede942246054275d60d16ae,SUBCATEGORY,"Body Structure Welds, Weatherstrips, Seals, Sealers and Adhesives",BODYSTRUCTUREWELDSWEATHERSTRIPSSEALSSEALERSANDADHESIVES,body-sheet-metal-except-doors--body-structure-welds-weatherstrips-seals-sealers-and-adhesives,https://www.moparamerica.com/v-2017-dodge-challenger--sxt--3-6l-v6-gas/body-sheet-metal-except-doors--body-structure-welds-weatherstrips-seals-sealers-and-adhesives,71,DISCOVERED,2026-08-01T00:45:41+00:00
tax-a9dc8bee3df9c9463dffd37f,challenger-sxt-36-gas,tax-bede942246054275d60d16ae,SUBCATEGORY,Cowl and Dash Panel,COWLANDDASHPANEL,body-sheet-metal-except-doors--cowl-and-dash-panel,https://www.moparamerica.com/v-2017-dodge-challenger--sxt--3-6l-v6-gas/body-sheet-metal-except-doors--cowl-and-dash-panel,72,DISCOVERED,2026-08-01T00:45:41+00:00
tax-2c3eadd22eff85d6ffc58c91,challenger-sxt-36-gas,tax-bede942246054275d60d16ae,SUBCATEGORY,Deck Lid,DECKLID,body-sheet-metal-except-doors--deck-lid,https://www.moparamerica.com/v-2017-dodge-challenger--sxt--3-6l-v6-gas/body-sheet-metal-except-doors--deck-lid,73,DISCOVERED,2026-08-01T00:45:41+00:00
tax-e5cac88c60cc091fdb9b2102,challenger-sxt-36-gas,tax-bede942246054275d60d16ae,SUBCATEGORY,Fenders,FENDERS,body-sheet-metal-except-doors--fenders,https://www.moparamerica.com/v-2017-dodge-challenger--sxt--3-6l-v6-gas/body-sheet-metal-except-doors--fenders,74,DISCOVERED,2026-08-01T00:45:41+00:00
tax-63cff47b415c42656eeb53e8,challenger-sxt-36-gas,tax-bede942246054275d60d16ae,SUBCATEGORY,Floor Pans,FLOORPANS,body-sheet-metal-except-doors--floor-pans,https://www.moparamerica.com/v-2017-dodge-challenger--sxt--3-6l-v6-gas/body-sheet-metal-except-doors--floor-pans,75,DISCOVERED,2026-08-01T00:45:41+00:00
tax-b6ac2c07bed97db101b0c42b,challenger-sxt-36-gas,tax-bede942246054275d60d16ae,SUBCATEGORY,Hood and Hood Release,HOODANDHOODRELEASE,body-sheet-metal-except-doors--hood-and-hood-release,https://www.moparamerica.com/v-2017-dodge-challenger--sxt--3-6l-v6-gas/body-sheet-metal-except-doors--hood-and-hood-release,76,DISCOVERED,2026-08-01T00:45:41+00:00
tax-27af736ffa982cececb6efd9,challenger-sxt-36-gas,tax-bede942246054275d60d16ae,SUBCATEGORY,Plugs,PLUGS,body-sheet-metal-except-doors--plugs,https://www.moparamerica.com/v-2017-dodge-challenger--sxt--3-6l-v6-gas/body-sheet-metal-except-doors--plugs,77,DISCOVERED,2026-08-01T00:45:41+00:00
tax-cfe1f313d20d692a9b845918,challenger-sxt-36-gas,tax-bede942246054275d60d16ae,SUBCATEGORY,Roof,ROOF,body-sheet-metal-except-doors--roof,https://www.moparamerica.com/v-2017-dodge-challenger--sxt--3-6l-v6-gas/body-sheet-metal-except-doors--roof,78,DISCOVERED,2026-08-01T00:45:41+00:00
tax-a472ec4c5b513a3ab1b2263e,challenger-sxt-36-gas,tax-bede942246054275d60d16ae,SUBCATEGORY,Shelf Panel,SHELFPANEL,body-sheet-metal-except-doors--shelf-panel,https://www.moparamerica.com/v-2017-dodge-challenger--sxt--3-6l-v6-gas/body-sheet-metal-except-doors--shelf-panel,79,DISCOVERED,2026-08-01T00:45:41+00:00
tax-6b53764dd545346d68961a86,challenger-sxt-36-gas,tax-bede942246054275d60d16ae,SUBCATEGORY,Sunroof,SUNROOF,body-sheet-metal-except-doors--sunroof,https://www.moparamerica.com/v-2017-dodge-challenger--sxt--3-6l-v6-gas/body-sheet-metal-except-doors--sunroof,80,DISCOVERED,2026-08-01T00:45:41+00:00
tax-46afb2c774d4a8655b3bdda4,challenger-sxt-36-gas,tax-7f067c48bee2464abc156842,SUBCATEGORY,Brake Master Cylinder,BRAKEMASTERCYLINDER,brakes--brake-master-cylinder,https://www.moparamerica.com/v-2017-dodge-challenger--sxt--3-6l-v6-gas/brakes--brake-master-cylinder,81,DISCOVERED,2026-08-01T00:45:41+00:00
tax-10257902a945e147e4105ef5,challenger-sxt-36-gas,tax-7f067c48bee2464abc156842,SUBCATEGORY,Brake Pedals,BRAKEPEDALS,brakes--brake-pedals,https://www.moparamerica.com/v-2017-dodge-challenger--sxt--3-6l-v6-gas/brakes--brake-pedals,82,DISCOVERED,2026-08-01T00:45:41+00:00
tax-46b703fa413bd1c8d1f3b9af,challenger-sxt-36-gas,tax-7f067c48bee2464abc156842,SUBCATEGORY,Front Brakes,FRONTBRAKES,brakes--front-brakes,https://www.moparamerica.com/v-2017-dodge-challenger--sxt--3-6l-v6-gas/brakes--front-brakes,83,DISCOVERED,2026-08-01T00:45:41+00:00
tax-0eea5b0f74484bb6676168d3,challenger-sxt-36-gas,tax-7f067c48bee2464abc156842,SUBCATEGORY,"Hydraulic Control Unit, Brake Tubes and Hoses",HYDRAULICCONTROLUNITBRAKETUBESANDHOSES,brakes--hydraulic-control-unit-brake-tubes-and-hoses,https://www.moparamerica.com/v-2017-dodge-challenger--sxt--3-6l-v6-gas/brakes--hydraulic-control-unit-brake-tubes-and-hoses,84,DISCOVERED,2026-08-01T00:45:41+00:00
tax-d62fc317f8fa0403eb5fbb3e,challenger-sxt-36-gas,tax-7f067c48bee2464abc156842,SUBCATEGORY,"Parking Brake Lever, Cables, and Rear Disc Park Brake Assembly",PARKINGBRAKELEVERCABLESANDREARDISCPARKBRAKEASSEMBLY,brakes--parking-brake-lever-cables-and-rear-disc-park-brake-assembly,https://www.moparamerica.com/v-2017-dodge-challenger--sxt--3-6l-v6-gas/brakes--parking-brake-lever-cables-and-rear-disc-park-brake-assembly,85,DISCOVERED,2026-08-01T00:45:41+00:00
tax-3b00b848161fabdd4b995c37,challenger-sxt-36-gas,tax-7f067c48bee2464abc156842,SUBCATEGORY,Power Brake Booster,POWERBRAKEBOOSTER,brakes--power-brake-booster,https://www.moparamerica.com/v-2017-dodge-challenger--sxt--3-6l-v6-gas/brakes--power-brake-booster,86,DISCOVERED,2026-08-01T00:45:41+00:00
tax-b0504a508b243029e7e6df77,challenger-sxt-36-gas,tax-7f067c48bee2464abc156842,SUBCATEGORY,Rear Brakes,REARBRAKES,brakes--rear-brakes,https://www.moparamerica.com/v-2017-dodge-challenger--sxt--3-6l-v6-gas/brakes--rear-brakes,87,DISCOVERED,2026-08-01T00:45:41+00:00
tax-b2b865e5e4826c38843eeba7,challenger-sxt-36-gas,tax-88a59882987606e0025a04b7,SUBCATEGORY,Clutch Controls,CLUTCHCONTROLS,clutch--clutch-controls,https://www.moparamerica.com/v-2017-dodge-challenger--sxt--3-6l-v6-gas/clutch--clutch-controls,88,DISCOVERED,2026-08-01T00:45:41+00:00
tax-24db4aa74494cf85d977e039,challenger-sxt-36-gas,tax-88a59882987606e0025a04b7,SUBCATEGORY,Clutch Pedals,CLUTCHPEDALS,clutch--clutch-pedals,https://www.moparamerica.com/v-2017-dodge-challenger--sxt--3-6l-v6-gas/clutch--clutch-pedals,89,DISCOVERED,2026-08-01T00:45:41+00:00
tax-5e5ae35ee58b3ad30f110a32,challenger-sxt-36-gas,tax-1ddde1cdfcd286c728743872,SUBCATEGORY,Exterior,EXTERIOR,conversion-and-upfit-packages--exterior,https://www.moparamerica.com/v-2017-dodge-challenger--sxt--3-6l-v6-gas/conversion-and-upfit-packages--exterior,90,DISCOVERED,2026-08-01T00:45:41+00:00
tax-e706ba0352b397d59a056440,challenger-sxt-36-gas,tax-b0ddb73260c06a8b0a35df58,SUBCATEGORY,Drive Belts,DRIVEBELTS,cooling--drive-belts,https://www.moparamerica.com/v-2017-dodge-challenger--sxt--3-6l-v6-gas/cooling--drive-belts,91,DISCOVERED,2026-08-01T00:45:41+00:00
tax-5112fb947817ab5398faf2e2,challenger-sxt-36-gas,tax-b0ddb73260c06a8b0a35df58,SUBCATEGORY,Engine Coolant Reservoir (Bottle),ENGINECOOLANTRESERVOIRBOTTLE,cooling--engine-coolant-reservoir-bottle,https://www.moparamerica.com/v-2017-dodge-challenger--sxt--3-6l-v6-gas/cooling--engine-coolant-reservoir-bottle,92,DISCOVERED,2026-08-01T00:45:41+00:00
tax-12f02da15cba338c6d29ab72,challenger-sxt-36-gas,tax-b0ddb73260c06a8b0a35df58,SUBCATEGORY,Pulleys and Related Parts,PULLEYSANDRELATEDPARTS,cooling--pulleys-and-related-parts,https://www.moparamerica.com/v-2017-dodge-challenger--sxt--3-6l-v6-gas/cooling--pulleys-and-related-parts,93,DISCOVERED,2026-08-01T00:45:41+00:00
tax-17a3d1f20bd30aefd9583739,challenger-sxt-36-gas,tax-b0ddb73260c06a8b0a35df58,SUBCATEGORY,Radiator and Related Parts; Charge Air Cooler,RADIATORANDRELATEDPARTSCHARGEAIRCOOLER,cooling--radiator-and-related-parts-charge-air-cooler,https://www.moparamerica.com/v-2017-dodge-challenger--sxt--3-6l-v6-gas/cooling--radiator-and-related-parts-charge-air-cooler,94,DISCOVERED,2026-08-01T00:45:41+00:00
tax-51bbc729828ad4ad4134b5f5,challenger-sxt-36-gas,tax-b0ddb73260c06a8b0a35df58,SUBCATEGORY,"Transmission Oil Cooler, and Lines",TRANSMISSIONOILCOOLERANDLINES,cooling--transmission-oil-cooler-and-lines,https://www.moparamerica.com/v-2017-dodge-challenger--sxt--3-6l-v6-gas/cooling--transmission-oil-cooler-and-lines,95,DISCOVERED,2026-08-01T00:45:41+00:00
tax-e13e8488ee055fc7d374d0ca,challenger-sxt-36-gas,tax-b0ddb73260c06a8b0a35df58,SUBCATEGORY,Water Pump and Related Parts,WATERPUMPANDRELATEDPARTS,cooling--water-pump-and-related-parts,https://www.moparamerica.com/v-2017-dodge-challenger--sxt--3-6l-v6-gas/cooling--water-pump-and-related-parts,96,DISCOVERED,2026-08-01T00:45:41+00:00
tax-b80f73c7e31d752ac771b5bd,challenger-sxt-36-gas,tax-f7bc0b8824cf891bf36d7434,SUBCATEGORY,Exterior Mirror,EXTERIORMIRROR,doors-door-mirrors-and-related-parts--exterior-mirror,https://www.moparamerica.com/v-2017-dodge-challenger--sxt--3-6l-v6-gas/doors-door-mirrors-and-related-parts--exterior-mirror,97,DISCOVERED,2026-08-01T00:45:41+00:00
tax-31e47d2b69356961f14e021f,challenger-sxt-36-gas,tax-f7bc0b8824cf891bf36d7434,SUBCATEGORY,Front Door,FRONTDOOR,doors-door-mirrors-and-related-parts--front-door,https://www.moparamerica.com/v-2017-dodge-challenger--sxt--3-6l-v6-gas/doors-door-mirrors-and-related-parts--front-door,98,DISCOVERED,2026-08-01T00:45:41+00:00
tax-07a9cd0110bc5b7839e47b2a,challenger-sxt-36-gas,tax-f7bc0b8824cf891bf36d7434,SUBCATEGORY,Weatherstrips and Seals,WEATHERSTRIPSANDSEALS,doors-door-mirrors-and-related-parts--weatherstrips-and-seals,https://www.moparamerica.com/v-2017-dodge-challenger--sxt--3-6l-v6-gas/doors-door-mirrors-and-related-parts--weatherstrips-and-seals,99,DISCOVERED,2026-08-01T00:45:41+00:00
tax-a12720c3c2a8db3205dc1e47,challenger-sxt-36-gas,tax-9f6427af680a6a96e56d4a0f,SUBCATEGORY,"Battery, Battery Tray and Cables",BATTERYBATTERYTRAYANDCABLES,electrical--battery-battery-tray-and-cables,https://www.moparamerica.com/v-2017-dodge-challenger--sxt--3-6l-v6-gas/electrical--battery-battery-tray-and-cables,100,DISCOVERED,2026-08-01T00:45:41+00:00
tax-5309cece2fe1481c662d9c3a,challenger-sxt-36-gas,tax-9f6427af680a6a96e56d4a0f,SUBCATEGORY,Generators / Alternators,GENERATORSALTERNATORS,electrical--generators-alternators,https://www.moparamerica.com/v-2017-dodge-challenger--sxt--3-6l-v6-gas/electrical--generators-alternators,101,DISCOVERED,2026-08-01T00:45:41+00:00
tax-fb5aa5e789c8c7e3a067d169,challenger-sxt-36-gas,tax-9f6427af680a6a96e56d4a0f,SUBCATEGORY,Horns,HORNS,electrical--horns,https://www.moparamerica.com/v-2017-dodge-challenger--sxt--3-6l-v6-gas/electrical--horns,102,DISCOVERED,2026-08-01T00:45:41+00:00
tax-e65b4d4f5786c22a9e8d9069,challenger-sxt-36-gas,tax-9f6427af680a6a96e56d4a0f,SUBCATEGORY,"Ignition - Spark Plugs, Cables, Coils, and Glow Plugs",IGNITIONSPARKPLUGSCABLESCOILSANDGLOWPLUGS,electrical--ignition-spark-plugs-cables-coils-and-glow-plugs,https://www.moparamerica.com/v-2017-dodge-challenger--sxt--3-6l-v6-gas/electrical--ignition-spark-plugs-cables-coils-and-glow-plugs,103,DISCOVERED,2026-08-01T00:45:41+00:00
tax-2d67b766f3f3df440d7ae4d6,challenger-sxt-36-gas,tax-9f6427af680a6a96e56d4a0f,SUBCATEGORY,Instrument Panel Cluster,INSTRUMENTPANELCLUSTER,electrical--instrument-panel-cluster,https://www.moparamerica.com/v-2017-dodge-challenger--sxt--3-6l-v6-gas/electrical--instrument-panel-cluster,104,DISCOVERED,2026-08-01T00:45:41+00:00
tax-4c5894f3c660119534f4ca68,challenger-sxt-36-gas,tax-9f6427af680a6a96e56d4a0f,SUBCATEGORY,"Keys, Modules and Engine Controllers",KEYSMODULESANDENGINECONTROLLERS,electrical--keys-modules-and-engine-controllers,https://www.moparamerica.com/v-2017-dodge-challenger--sxt--3-6l-v6-gas/electrical--keys-modules-and-engine-controllers,105,DISCOVERED,2026-08-01T00:45:41+00:00
tax-dfc884873fd5c0b9a0ba681d,challenger-sxt-36-gas,tax-9f6427af680a6a96e56d4a0f,SUBCATEGORY,Lamps-Interior and Exterior,LAMPSINTERIORANDEXTERIOR,electrical--lamps-interior-and-exterior,https://www.moparamerica.com/v-2017-dodge-challenger--sxt--3-6l-v6-gas/electrical--lamps-interior-and-exterior,106,DISCOVERED,2026-08-01T00:45:41+00:00
tax-63c313fd10dee983632d8a04,challenger-sxt-36-gas,tax-9f6427af680a6a96e56d4a0f,SUBCATEGORY,Park Assist,PARKASSIST,electrical--park-assist,https://www.moparamerica.com/v-2017-dodge-challenger--sxt--3-6l-v6-gas/electrical--park-assist,107,DISCOVERED,2026-08-01T00:45:41+00:00
tax-2b2f31868ec1039a1198fe13,challenger-sxt-36-gas,tax-9f6427af680a6a96e56d4a0f,SUBCATEGORY,"Power Distribution Center, Fuse Block, Junction Block, Relays and Fuses",POWERDISTRIBUTIONCENTERFUSEBLOCKJUNCTIONBLOCKRELAYSANDFUSES,electrical--power-distribution-center-fuse-block-junction-block-relays-and-fuses,https://www.moparamerica.com/v-2017-dodge-challenger--sxt--3-6l-v6-gas/electrical--power-distribution-center-fuse-block-junction-block-relays-and-fuses,108,DISCOVERED,2026-08-01T00:45:41+00:00
tax-0bce761114112c2ac9e628bc,challenger-sxt-36-gas,tax-9f6427af680a6a96e56d4a0f,SUBCATEGORY,"Radio, Antenna, Speakers, DVD, and Video systems",RADIOANTENNASPEAKERSDVDANDVIDEOSYSTEMS,electrical--radio-antenna-speakers-dvd-and-video-systems,https://www.moparamerica.com/v-2017-dodge-challenger--sxt--3-6l-v6-gas/electrical--radio-antenna-speakers-dvd-and-video-systems,109,DISCOVERED,2026-08-01T00:45:41+00:00
tax-7a90d067a83beb59875780f7,challenger-sxt-36-gas,tax-9f6427af680a6a96e56d4a0f,SUBCATEGORY,Sensors,SENSORS,electrical--sensors,https://www.moparamerica.com/v-2017-dodge-challenger--sxt--3-6l-v6-gas/electrical--sensors,110,DISCOVERED,2026-08-01T00:45:41+00:00
tax-f816141bc5ecd2e632bb6a2d,challenger-sxt-36-gas,tax-9f6427af680a6a96e56d4a0f,SUBCATEGORY,Speed Control,SPEEDCONTROL,electrical--speed-control,https://www.moparamerica.com/v-2017-dodge-challenger--sxt--3-6l-v6-gas/electrical--speed-control,111,DISCOVERED,2026-08-01T00:45:41+00:00
tax-8f2ee8c4bc60935815927af8,challenger-sxt-36-gas,tax-9f6427af680a6a96e56d4a0f,SUBCATEGORY,Starters,STARTERS,electrical--starters,https://www.moparamerica.com/v-2017-dodge-challenger--sxt--3-6l-v6-gas/electrical--starters,112,DISCOVERED,2026-08-01T00:45:41+00:00
tax-ed1f2021f6131cf5e87a819a,challenger-sxt-36-gas,tax-9f6427af680a6a96e56d4a0f,SUBCATEGORY,Switches,SWITCHES,electrical--switches,https://www.moparamerica.com/v-2017-dodge-challenger--sxt--3-6l-v6-gas/electrical--switches,113,DISCOVERED,2026-08-01T00:45:41+00:00
tax-29ee91f55ad8371d84aef838,challenger-sxt-36-gas,tax-9f6427af680a6a96e56d4a0f,SUBCATEGORY,Wiper and Washer System,WIPERANDWASHERSYSTEM,electrical--wiper-and-washer-system,https://www.moparamerica.com/v-2017-dodge-challenger--sxt--3-6l-v6-gas/electrical--wiper-and-washer-system,114,DISCOVERED,2026-08-01T00:45:41+00:00
tax-7081c48c590fefde1538118f,challenger-sxt-36-gas,tax-9f6427af680a6a96e56d4a0f,SUBCATEGORY,Wiring-Body and Accessories,WIRINGBODYANDACCESSORIES,electrical--wiring-body-and-accessories,https://www.moparamerica.com/v-2017-dodge-challenger--sxt--3-6l-v6-gas/electrical--wiring-body-and-accessories,115,DISCOVERED,2026-08-01T00:45:41+00:00
tax-9c444038f4eb0181af555064,challenger-sxt-36-gas,tax-9f6427af680a6a96e56d4a0f,SUBCATEGORY,Wiring-Headlamp to Dash,WIRINGHEADLAMPTODASH,electrical--wiring-headlamp-to-dash,https://www.moparamerica.com/v-2017-dodge-challenger--sxt--3-6l-v6-gas/electrical--wiring-headlamp-to-dash,116,DISCOVERED,2026-08-01T00:45:41+00:00
tax-4728108a6fdf6824eb5a5948,challenger-sxt-36-gas,tax-9f6427af680a6a96e56d4a0f,SUBCATEGORY,Wiring-Instrument Panel,WIRINGINSTRUMENTPANEL,electrical--wiring-instrument-panel,https://www.moparamerica.com/v-2017-dodge-challenger--sxt--3-6l-v6-gas/electrical--wiring-instrument-panel,117,DISCOVERED,2026-08-01T00:45:41+00:00
tax-dc67eef8ddf2132d9fe25333,challenger-sxt-36-gas,tax-9f6427af680a6a96e56d4a0f,SUBCATEGORY,Wiring-Powertrain,WIRINGPOWERTRAIN,electrical--wiring-powertrain,https://www.moparamerica.com/v-2017-dodge-challenger--sxt--3-6l-v6-gas/electrical--wiring-powertrain,118,DISCOVERED,2026-08-01T00:45:41+00:00
tax-bbce064e9d7c7d63781fdac0,challenger-sxt-36-gas,tax-ba536f2bd741b4144fab1c9a,SUBCATEGORY,Emission Harness,EMISSIONHARNESS,emission-controls--emission-harness,https://www.moparamerica.com/v-2017-dodge-challenger--sxt--3-6l-v6-gas/emission-controls--emission-harness,119,DISCOVERED,2026-08-01T00:45:41+00:00
tax-6bac94bd71de8c8bb080c88f,challenger-sxt-36-gas,tax-ba536f2bd741b4144fab1c9a,SUBCATEGORY,Vacuum Canister/Leak Detection Pump,VACUUMCANISTERLEAKDETECTIONPUMP,emission-controls--vacuum-canister-leak-detection-pump,https://www.moparamerica.com/v-2017-dodge-challenger--sxt--3-6l-v6-gas/emission-controls--vacuum-canister-leak-detection-pump,120,DISCOVERED,2026-08-01T00:45:41+00:00
tax-6fd37092c625da0fdb51fbfd,challenger-sxt-36-gas,tax-86eb535a3361495b04bd56d1,SUBCATEGORY,Exhaust System,EXHAUSTSYSTEM,exhaust--exhaust-system,https://www.moparamerica.com/v-2017-dodge-challenger--sxt--3-6l-v6-gas/exhaust--exhaust-system,121,DISCOVERED,2026-08-01T00:45:41+00:00
tax-c4b84166584fbf4381f02099,challenger-sxt-36-gas,tax-35e53ee29c8d99c43dc4a7eb,SUBCATEGORY,Decals and Tape stripes,DECALSANDTAPESTRIPES,exterior-ornamentation--decals-and-tape-stripes,https://www.moparamerica.com/v-2017-dodge-challenger--sxt--3-6l-v6-gas/exterior-ornamentation--decals-and-tape-stripes,122,DISCOVERED,2026-08-01T00:45:41+00:00
tax-ee8314f67a57d4798b9473c9,challenger-sxt-36-gas,tax-35e53ee29c8d99c43dc4a7eb,SUBCATEGORY,Grilles,GRILLES,exterior-ornamentation--grilles,https://www.moparamerica.com/v-2017-dodge-challenger--sxt--3-6l-v6-gas/exterior-ornamentation--grilles,123,DISCOVERED,2026-08-01T00:45:41+00:00
tax-6a2179b86e9f8fb45340899c,challenger-sxt-36-gas,tax-35e53ee29c8d99c43dc4a7eb,SUBCATEGORY,Moldings and Ornamentation,MOLDINGSANDORNAMENTATION,exterior-ornamentation--moldings-and-ornamentation,https://www.moparamerica.com/v-2017-dodge-challenger--sxt--3-6l-v6-gas/exterior-ornamentation--moldings-and-ornamentation,124,DISCOVERED,2026-08-01T00:45:41+00:00
tax-a641b321e98aceca04929a22,challenger-sxt-36-gas,tax-35e53ee29c8d99c43dc4a7eb,SUBCATEGORY,Nameplates,NAMEPLATES,exterior-ornamentation--nameplates,https://www.moparamerica.com/v-2017-dodge-challenger--sxt--3-6l-v6-gas/exterior-ornamentation--nameplates,125,DISCOVERED,2026-08-01T00:45:41+00:00
tax-f054c64e4794ee677b020ba2,challenger-sxt-36-gas,tax-d0e4c9f4b9cb4a1141f84d07,SUBCATEGORY,Frames,FRAMES,frame-bumper-and-fascia--frames,https://www.moparamerica.com/v-2017-dodge-challenger--sxt--3-6l-v6-gas/frame-bumper-and-fascia--frames,126,DISCOVERED,2026-08-01T00:45:41+00:00
tax-d709fffdb68a28731c7db273,challenger-sxt-36-gas,tax-d0e4c9f4b9cb4a1141f84d07,SUBCATEGORY,Front Bumper and Fascia,FRONTBUMPERANDFASCIA,frame-bumper-and-fascia--front-bumper-and-fascia,https://www.moparamerica.com/v-2017-dodge-challenger--sxt--3-6l-v6-gas/frame-bumper-and-fascia--front-bumper-and-fascia,127,DISCOVERED,2026-08-01T00:45:41+00:00
tax-8976aa21cfeb673230473f02,challenger-sxt-36-gas,tax-d0e4c9f4b9cb4a1141f84d07,SUBCATEGORY,Rear Bumper and Fascia,REARBUMPERANDFASCIA,frame-bumper-and-fascia--rear-bumper-and-fascia,https://www.moparamerica.com/v-2017-dodge-challenger--sxt--3-6l-v6-gas/frame-bumper-and-fascia--rear-bumper-and-fascia,128,DISCOVERED,2026-08-01T00:45:41+00:00
tax-dcdab25b620026c6db8f801a,challenger-sxt-36-gas,tax-a98a8576eac0d394359ebad8,SUBCATEGORY,Front Stabilizer Bar,FRONTSTABILIZERBAR,front-suspension--front-stabilizer-bar,https://www.moparamerica.com/v-2017-dodge-challenger--sxt--3-6l-v6-gas/front-suspension--front-stabilizer-bar,129,DISCOVERED,2026-08-01T00:45:41+00:00
tax-4f12b2e380240f50e39c76ac,challenger-sxt-36-gas,tax-a98a8576eac0d394359ebad8,SUBCATEGORY,"Front Suspension, Strut and Cradle",FRONTSUSPENSIONSTRUTANDCRADLE,front-suspension--front-suspension-strut-and-cradle,https://www.moparamerica.com/v-2017-dodge-challenger--sxt--3-6l-v6-gas/front-suspension--front-suspension-strut-and-cradle,130,DISCOVERED,2026-08-01T00:45:41+00:00
tax-311d86d7db0db912915bd0d6,challenger-sxt-36-gas,tax-34599c9d5db15476a7f3178d,SUBCATEGORY,Accelerator Pedal,ACCELERATORPEDAL,fuel--accelerator-pedal,https://www.moparamerica.com/v-2017-dodge-challenger--sxt--3-6l-v6-gas/fuel--accelerator-pedal,131,DISCOVERED,2026-08-01T00:45:41+00:00
tax-928919f75198cf9bc2193390,challenger-sxt-36-gas,tax-34599c9d5db15476a7f3178d,SUBCATEGORY,Air Cleaner,AIRCLEANER,fuel--air-cleaner,https://www.moparamerica.com/v-2017-dodge-challenger--sxt--3-6l-v6-gas/fuel--air-cleaner,132,DISCOVERED,2026-08-01T00:45:41+00:00
tax-e09490296f2e265722aaec21,challenger-sxt-36-gas,tax-34599c9d5db15476a7f3178d,SUBCATEGORY,Fuel Lines,FUELLINES,fuel--fuel-lines,https://www.moparamerica.com/v-2017-dodge-challenger--sxt--3-6l-v6-gas/fuel--fuel-lines,133,DISCOVERED,2026-08-01T00:45:41+00:00
tax-168e2e05aa5c72c7478fb312,challenger-sxt-36-gas,tax-34599c9d5db15476a7f3178d,SUBCATEGORY,Fuel Pump and Sending Unit,FUELPUMPANDSENDINGUNIT,fuel--fuel-pump-and-sending-unit,https://www.moparamerica.com/v-2017-dodge-challenger--sxt--3-6l-v6-gas/fuel--fuel-pump-and-sending-unit,134,DISCOVERED,2026-08-01T00:45:41+00:00
tax-a2175f2445122f585456e166,challenger-sxt-36-gas,tax-34599c9d5db15476a7f3178d,SUBCATEGORY,Fuel Rail and Injectors,FUELRAILANDINJECTORS,fuel--fuel-rail-and-injectors,https://www.moparamerica.com/v-2017-dodge-challenger--sxt--3-6l-v6-gas/fuel--fuel-rail-and-injectors,135,DISCOVERED,2026-08-01T00:45:41+00:00
tax-83f5f4c24035666cf5614849,challenger-sxt-36-gas,tax-34599c9d5db15476a7f3178d,SUBCATEGORY,Fuel Tank,FUELTANK,fuel--fuel-tank,https://www.moparamerica.com/v-2017-dodge-challenger--sxt--3-6l-v6-gas/fuel--fuel-tank,136,DISCOVERED,2026-08-01T00:45:41+00:00
tax-216a95f78d3d4ccfcbeb3c04,challenger-sxt-36-gas,tax-34599c9d5db15476a7f3178d,SUBCATEGORY,Fuel Tank Filler Tube,FUELTANKFILLERTUBE,fuel--fuel-tank-filler-tube,https://www.moparamerica.com/v-2017-dodge-challenger--sxt--3-6l-v6-gas/fuel--fuel-tank-filler-tube,137,DISCOVERED,2026-08-01T00:45:41+00:00
tax-7ed71c32ad2a9a4ec8fc305b,challenger-sxt-36-gas,tax-34599c9d5db15476a7f3178d,SUBCATEGORY,Throttle Body,THROTTLEBODY,fuel--throttle-body,https://www.moparamerica.com/v-2017-dodge-challenger--sxt--3-6l-v6-gas/fuel--throttle-body,138,DISCOVERED,2026-08-01T00:45:41+00:00
tax-fed1ac2aeba3b9db988e18eb,challenger-sxt-36-gas,tax-e1660e016db5dfbdf4900b1e,SUBCATEGORY,Glass and Interior Rear View Mirror,GLASSANDINTERIORREARVIEWMIRROR,glass--glass-and-interior-rear-view-mirror,https://www.moparamerica.com/v-2017-dodge-challenger--sxt--3-6l-v6-gas/glass--glass-and-interior-rear-view-mirror,139,DISCOVERED,2026-08-01T00:45:41+00:00
tax-afd2d33ef4a1d952254a19e8,challenger-sxt-36-gas,tax-f6a625f4c5e98360a1d4e560,SUBCATEGORY,"Carpets, Floor Mats, Load Floor, and Silencers",CARPETSFLOORMATSLOADFLOORANDSILENCERS,interior-trim--carpets-floor-mats-load-floor-and-silencers,https://www.moparamerica.com/v-2017-dodge-challenger--sxt--3-6l-v6-gas/interior-trim--carpets-floor-mats-load-floor-and-silencers,140,DISCOVERED,2026-08-01T00:45:41+00:00
tax-3898b5923db45ae149c49afc,challenger-sxt-36-gas,tax-f6a625f4c5e98360a1d4e560,SUBCATEGORY,Consoles,CONSOLES,interior-trim--consoles,https://www.moparamerica.com/v-2017-dodge-challenger--sxt--3-6l-v6-gas/interior-trim--consoles,141,DISCOVERED,2026-08-01T00:45:41+00:00
tax-f63679e710589ebea5af0c5b,challenger-sxt-36-gas,tax-f6a625f4c5e98360a1d4e560,SUBCATEGORY,Door Trim Panels-Front and Rear,DOORTRIMPANELSFRONTANDREAR,interior-trim--door-trim-panels-front-and-rear,https://www.moparamerica.com/v-2017-dodge-challenger--sxt--3-6l-v6-gas/interior-trim--door-trim-panels-front-and-rear,142,DISCOVERED,2026-08-01T00:45:41+00:00
tax-fc6754c2cee09697d07b6e69,challenger-sxt-36-gas,tax-f6a625f4c5e98360a1d4e560,SUBCATEGORY,"Front Seats - Adjusters, Recliners, Shields and Risers",FRONTSEATSADJUSTERSRECLINERSSHIELDSANDRISERS,interior-trim--front-seats-adjusters-recliners-shields-and-risers,https://www.moparamerica.com/v-2017-dodge-challenger--sxt--3-6l-v6-gas/interior-trim--front-seats-adjusters-recliners-shields-and-risers,143,DISCOVERED,2026-08-01T00:45:41+00:00
tax-79d02cd86b4de4da56ce5702,challenger-sxt-36-gas,tax-f6a625f4c5e98360a1d4e560,SUBCATEGORY,Front Seats - First Row,FRONTSEATSFIRSTROW,interior-trim--front-seats-first-row,https://www.moparamerica.com/v-2017-dodge-challenger--sxt--3-6l-v6-gas/interior-trim--front-seats-first-row,144,DISCOVERED,2026-08-01T00:45:41+00:00
tax-af68f3499f37b6b805f24257,challenger-sxt-36-gas,tax-f6a625f4c5e98360a1d4e560,SUBCATEGORY,Headliners-Visors-Assist Straps,HEADLINERSVISORSASSISTSTRAPS,interior-trim--headliners-visors-assist-straps,https://www.moparamerica.com/v-2017-dodge-challenger--sxt--3-6l-v6-gas/interior-trim--headliners-visors-assist-straps,145,DISCOVERED,2026-08-01T00:45:41+00:00
tax-83499b514f304668e10c76da,challenger-sxt-36-gas,tax-f6a625f4c5e98360a1d4e560,SUBCATEGORY,Instrument Panel,INSTRUMENTPANEL,interior-trim--instrument-panel,https://www.moparamerica.com/v-2017-dodge-challenger--sxt--3-6l-v6-gas/interior-trim--instrument-panel,146,DISCOVERED,2026-08-01T00:45:41+00:00
tax-b2a68a89c52c124a3a75b9b0,challenger-sxt-36-gas,tax-f6a625f4c5e98360a1d4e560,SUBCATEGORY,"Panels-Moldings-Scuff Plates, Pillar, Cowl, 1/4 Panel Trim and Cargo Covers",PANELSMOLDINGSSCUFFPLATESPILLARCOWL14PANELTRIMANDCARGOCOVERS,interior-trim--panels-moldings-scuff-plates-pillar-cowl-1-4-panel-trim-and-cargo-covers,https://www.moparamerica.com/v-2017-dodge-challenger--sxt--3-6l-v6-gas/interior-trim--panels-moldings-scuff-plates-pillar-cowl-1-4-panel-trim-and-cargo-covers,147,DISCOVERED,2026-08-01T00:45:41+00:00
tax-5552b894c15cd815558a1f5e,challenger-sxt-36-gas,tax-f6a625f4c5e98360a1d4e560,SUBCATEGORY,Rear Seats - Second Row,REARSEATSSECONDROW,interior-trim--rear-seats-second-row,https://www.moparamerica.com/v-2017-dodge-challenger--sxt--3-6l-v6-gas/interior-trim--rear-seats-second-row,148,DISCOVERED,2026-08-01T00:45:41+00:00
tax-2367b4f5a5247b2af5cb9428,challenger-sxt-36-gas,tax-f6a625f4c5e98360a1d4e560,SUBCATEGORY,"Rear Seats - Second Row - Adjusters, Recliners, Shields and Risers",REARSEATSSECONDROWADJUSTERSRECLINERSSHIELDSANDRISERS,interior-trim--rear-seats-second-row-adjusters-recliners-shields-and-risers,https://www.moparamerica.com/v-2017-dodge-challenger--sxt--3-6l-v6-gas/interior-trim--rear-seats-second-row-adjusters-recliners-shields-and-risers,149,DISCOVERED,2026-08-01T00:45:41+00:00
tax-98167c66818c60a37e9622c8,challenger-sxt-36-gas,tax-d76cb4f379d62c549e7796f7,SUBCATEGORY,Under Hood,UNDERHOOD,labels--under-hood,https://www.moparamerica.com/v-2017-dodge-challenger--sxt--3-6l-v6-gas/labels--under-hood,150,DISCOVERED,2026-08-01T00:45:41+00:00
tax-c7342272cc9da62afaaf52aa,challenger-sxt-36-gas,tax-b454db47327c3f376f486234,SUBCATEGORY,Driving Convenience,DRIVINGCONVENIENCE,mopar-accessories-component-parts--driving-convenience,https://www.moparamerica.com/v-2017-dodge-challenger--sxt--3-6l-v6-gas/mopar-accessories-component-parts--driving-convenience,151,DISCOVERED,2026-08-01T00:45:41+00:00
tax-c94328b36a8ed5dd50c3bb60,challenger-sxt-36-gas,tax-b454db47327c3f376f486234,SUBCATEGORY,Exterior Appearance,EXTERIORAPPEARANCE,mopar-accessories-component-parts--exterior-appearance,https://www.moparamerica.com/v-2017-dodge-challenger--sxt--3-6l-v6-gas/mopar-accessories-component-parts--exterior-appearance,152,DISCOVERED,2026-08-01T00:45:41+00:00
tax-96a4a82d3d51b62807a7ff49,challenger-sxt-36-gas,tax-b454db47327c3f376f486234,SUBCATEGORY,Fog Lights & Electrical,FOGLIGHTSELECTRICAL,mopar-accessories-component-parts--fog-lights-and-electrical,https://www.moparamerica.com/v-2017-dodge-challenger--sxt--3-6l-v6-gas/mopar-accessories-component-parts--fog-lights-and-electrical,153,DISCOVERED,2026-08-01T00:45:41+00:00
tax-17114adb5e68a2f6cf0f5d0e,challenger-sxt-36-gas,tax-b454db47327c3f376f486234,SUBCATEGORY,Interior Protection,INTERIORPROTECTION,mopar-accessories-component-parts--interior-protection,https://www.moparamerica.com/v-2017-dodge-challenger--sxt--3-6l-v6-gas/mopar-accessories-component-parts--interior-protection,154,DISCOVERED,2026-08-01T00:45:41+00:00
tax-e46aac011d1f1670f8453831,challenger-sxt-36-gas,tax-b454db47327c3f376f486234,SUBCATEGORY,Lighting and Electrical Accessories,LIGHTINGANDELECTRICALACCESSORIES,mopar-accessories-component-parts--lighting-and-electrical-accessories,https://www.moparamerica.com/v-2017-dodge-challenger--sxt--3-6l-v6-gas/mopar-accessories-component-parts--lighting-and-electrical-accessories,155,DISCOVERED,2026-08-01T00:45:41+00:00
tax-3f14c54062a021321968c8e4,challenger-sxt-36-gas,tax-b454db47327c3f376f486234,SUBCATEGORY,Powertrain,POWERTRAIN,mopar-accessories-component-parts--powertrain,https://www.moparamerica.com/v-2017-dodge-challenger--sxt--3-6l-v6-gas/mopar-accessories-component-parts--powertrain,156,DISCOVERED,2026-08-01T00:45:41+00:00
tax-49ba3fa1d03aef5fb600c5a4,challenger-sxt-36-gas,tax-effbdcb80125854cabcd5366,SUBCATEGORY,Rear Stabilizer,REARSTABILIZER,rear-suspension--rear-stabilizer,https://www.moparamerica.com/v-2017-dodge-challenger--sxt--3-6l-v6-gas/rear-suspension--rear-stabilizer,157,DISCOVERED,2026-08-01T00:45:41+00:00
tax-d72d4fc1c61b7a99c66c295c,challenger-sxt-36-gas,tax-effbdcb80125854cabcd5366,SUBCATEGORY,Rear Suspension and Cradle,REARSUSPENSIONANDCRADLE,rear-suspension--rear-suspension-and-cradle,https://www.moparamerica.com/v-2017-dodge-challenger--sxt--3-6l-v6-gas/rear-suspension--rear-suspension-and-cradle,158,DISCOVERED,2026-08-01T00:45:41+00:00
tax-76e2a85bc9075ec3cbf60a42,challenger-sxt-36-gas,tax-eec09cd6417ebc9595cbaf25,SUBCATEGORY,Drive Shaft,DRIVESHAFT,rear-wheel-drive-differential-and-drive-line--drive-shaft,https://www.moparamerica.com/v-2017-dodge-challenger--sxt--3-6l-v6-gas/rear-wheel-drive-differential-and-drive-line--drive-shaft,159,DISCOVERED,2026-08-01T00:45:41+00:00
tax-1ecb03d32672f82dae41406f,challenger-sxt-36-gas,tax-eec09cd6417ebc9595cbaf25,SUBCATEGORY,Rear Axle Assembly,REARAXLEASSEMBLY,rear-wheel-drive-differential-and-drive-line--rear-axle-assembly,https://www.moparamerica.com/v-2017-dodge-challenger--sxt--3-6l-v6-gas/rear-wheel-drive-differential-and-drive-line--rear-axle-assembly,160,DISCOVERED,2026-08-01T00:45:41+00:00
tax-f8726c06d67096a3f8f894f4,challenger-sxt-36-gas,tax-eec09cd6417ebc9595cbaf25,SUBCATEGORY,"Rear Axle; Housing, Differential and Vent",REARAXLEHOUSINGDIFFERENTIALANDVENT,rear-wheel-drive-differential-and-drive-line--rear-axle-housing-differential-and-vent,https://www.moparamerica.com/v-2017-dodge-challenger--sxt--3-6l-v6-gas/rear-wheel-drive-differential-and-drive-line--rear-axle-housing-differential-and-vent,161,DISCOVERED,2026-08-01T00:45:41+00:00
tax-7e40b09f9ba175e4d05289a1,challenger-sxt-36-gas,tax-eec09cd6417ebc9595cbaf25,SUBCATEGORY,Rear Axle Shafts,REARAXLESHAFTS,rear-wheel-drive-differential-and-drive-line--rear-axle-shafts,https://www.moparamerica.com/v-2017-dodge-challenger--sxt--3-6l-v6-gas/rear-wheel-drive-differential-and-drive-line--rear-axle-shafts,162,DISCOVERED,2026-08-01T00:45:41+00:00
tax-47b2d9fc10b6877e987808fe,challenger-sxt-36-gas,tax-9229107c051956a6690936d4,SUBCATEGORY,Air Bags,AIRBAGS,restraints--air-bags,https://www.moparamerica.com/v-2017-dodge-challenger--sxt--3-6l-v6-gas/restraints--air-bags,163,DISCOVERED,2026-08-01T00:45:41+00:00
tax-22eb0209e2e5949daa77b022,challenger-sxt-36-gas,tax-9229107c051956a6690936d4,SUBCATEGORY,Seat Belts,SEATBELTS,restraints--seat-belts,https://www.moparamerica.com/v-2017-dodge-challenger--sxt--3-6l-v6-gas/restraints--seat-belts,164,DISCOVERED,2026-08-01T00:45:41+00:00
tax-d5cc0d1ec35c3433c65c00c3,challenger-sxt-36-gas,tax-c295e06f17a66bbb1a09ef64,SUBCATEGORY,Power Steering Hoses,POWERSTEERINGHOSES,steering--power-steering-hoses,https://www.moparamerica.com/v-2017-dodge-challenger--sxt--3-6l-v6-gas/steering--power-steering-hoses,165,DISCOVERED,2026-08-01T00:45:41+00:00
tax-447f0e6bf849c5e0d767898c,challenger-sxt-36-gas,tax-c295e06f17a66bbb1a09ef64,SUBCATEGORY,Steering Column and Intermediate Shaft,STEERINGCOLUMNANDINTERMEDIATESHAFT,steering--steering-column-and-intermediate-shaft,https://www.moparamerica.com/v-2017-dodge-challenger--sxt--3-6l-v6-gas/steering--steering-column-and-intermediate-shaft,166,DISCOVERED,2026-08-01T00:45:41+00:00
tax-db51112239b8285d3243ab69,challenger-sxt-36-gas,tax-c295e06f17a66bbb1a09ef64,SUBCATEGORY,Steering Gear,STEERINGGEAR,steering--steering-gear,https://www.moparamerica.com/v-2017-dodge-challenger--sxt--3-6l-v6-gas/steering--steering-gear,167,DISCOVERED,2026-08-01T00:45:41+00:00
tax-42882e8abddaf7c40601b6e4,challenger-sxt-36-gas,tax-c295e06f17a66bbb1a09ef64,SUBCATEGORY,Steering Wheel,STEERINGWHEEL,steering--steering-wheel,https://www.moparamerica.com/v-2017-dodge-challenger--sxt--3-6l-v6-gas/steering--steering-wheel,168,DISCOVERED,2026-08-01T00:45:41+00:00
tax-84d62117b3a503f1b84059bd,challenger-sxt-36-gas,tax-3202d785cf9f9e44ed5dca6c,SUBCATEGORY,Gearshift Controls and Related Parts,GEARSHIFTCONTROLSANDRELATEDPARTS,tr6060-6-speed-manual-transmission--gearshift-controls-and-related-parts,https://www.moparamerica.com/v-2017-dodge-challenger--sxt--3-6l-v6-gas/tr6060-6-speed-manual-transmission--gearshift-controls-and-related-parts,169,DISCOVERED,2026-08-01T00:45:41+00:00
tax-0bbcdb521155fcba0938e68a,challenger-sxt-36-gas,tax-3202d785cf9f9e44ed5dca6c,SUBCATEGORY,Manual Transmission / Transaxle,MANUALTRANSMISSIONTRANSAXLE,tr6060-6-speed-manual-transmission--manual-transmission-transaxle,https://www.moparamerica.com/v-2017-dodge-challenger--sxt--3-6l-v6-gas/tr6060-6-speed-manual-transmission--manual-transmission-transaxle,170,DISCOVERED,2026-08-01T00:45:41+00:00
tax-5de999c9d42f142e03ed104c,challenger-sxt-36-gas,tax-3202d785cf9f9e44ed5dca6c,SUBCATEGORY,Mounting and Skid Plate,MOUNTINGANDSKIDPLATE,tr6060-6-speed-manual-transmission--mounting-and-skid-plate,https://www.moparamerica.com/v-2017-dodge-challenger--sxt--3-6l-v6-gas/tr6060-6-speed-manual-transmission--mounting-and-skid-plate,171,DISCOVERED,2026-08-01T00:45:41+00:00
tax-28d33566d1525a07e083d550,challenger-sxt-36-gas,tax-f662f1a0f0e4f7bf3e057e2d,SUBCATEGORY,Emergency Kit,EMERGENCYKIT,wheels--emergency-kit,https://www.moparamerica.com/v-2017-dodge-challenger--sxt--3-6l-v6-gas/wheels--emergency-kit,172,DISCOVERED,2026-08-01T00:45:41+00:00
tax-20301ab3d1ed4c8f1af226c3,challenger-sxt-36-gas,tax-f662f1a0f0e4f7bf3e057e2d,SUBCATEGORY,Jack Stowage,JACKSTOWAGE,wheels--jack-stowage,https://www.moparamerica.com/v-2017-dodge-challenger--sxt--3-6l-v6-gas/wheels--jack-stowage,173,DISCOVERED,2026-08-01T00:45:41+00:00
tax-7be2410af150e55105290c7a,challenger-sxt-36-gas,tax-f662f1a0f0e4f7bf3e057e2d,SUBCATEGORY,Tire Monitoring System,TIREMONITORINGSYSTEM,wheels--tire-monitoring-system,https://www.moparamerica.com/v-2017-dodge-challenger--sxt--3-6l-v6-gas/wheels--tire-monitoring-system,174,DISCOVERED,2026-08-01T00:45:41+00:00
tax-e5f79f48a13e010c4fdb1c28,challenger-sxt-36-gas,tax-f662f1a0f0e4f7bf3e057e2d,SUBCATEGORY,Wheel Covers and Center Caps,WHEELCOVERSANDCENTERCAPS,wheels--wheel-covers-and-center-caps,https://www.moparamerica.com/v-2017-dodge-challenger--sxt--3-6l-v6-gas/wheels--wheel-covers-and-center-caps,175,DISCOVERED,2026-08-01T00:45:41+00:00
tax-e32699cb94f3786a28712ea6,challenger-sxt-36-gas,tax-f662f1a0f0e4f7bf3e057e2d,SUBCATEGORY,Wheel Spare,WHEELSPARE,wheels--wheel-spare,https://www.moparamerica.com/v-2017-dodge-challenger--sxt--3-6l-v6-gas/wheels--wheel-spare,176,DISCOVERED,2026-08-01T00:45:41+00:00
tax-cfb2d86c44ef3f541efb5500,challenger-sxt-36-gas,tax-f662f1a0f0e4f7bf3e057e2d,SUBCATEGORY,"Wheels, Tires and Hardware",WHEELSTIRESANDHARDWARE,wheels--wheels-tires-and-hardware,https://www.moparamerica.com/v-2017-dodge-challenger--sxt--3-6l-v6-gas/wheels--wheels-tires-and-hardware,177,DISCOVERED,2026-08-01T00:45:41+00:00
tax-cf6c6337996fdcc700458779,chrysler300-c-36-flex,,CATEGORY,3 0L Gas Engine,3-0L-GAS-ENGINE,3-0l-gas-engine,https://www.moparamerica.com/v-2017-chrysler-300--c--3-6l-v6-flex/#cat-3-0l-gas-engine,5,DISCOVERED,2026-08-01T00:45:41+00:00
tax-e3105981697ba0ddd5792758,chrysler300-c-36-flex,,CATEGORY,3 6L Gas Engine,3-6L-GAS-ENGINE,3-6l-gas-engine,https://www.moparamerica.com/v-2017-chrysler-300--c--3-6l-v6-flex/#cat-3-6l-gas-engine,15,DISCOVERED,2026-08-01T00:45:41+00:00
tax-c5cf58e26528842d8e99cb05,chrysler300-c-36-flex,,CATEGORY,5 7L Gas Engine,5-7L-GAS-ENGINE,5-7l-gas-engine,https://www.moparamerica.com/v-2017-chrysler-300--c--3-6l-v6-flex/#cat-5-7l-gas-engine,18,DISCOVERED,2026-08-01T00:45:41+00:00
tax-20659a3b5ac5ec919a2e8c60,chrysler300-c-36-flex,,CATEGORY,6 4L Gas Engine,6-4L-GAS-ENGINE,6-4l-gas-engine,https://www.moparamerica.com/v-2017-chrysler-300--c--3-6l-v6-flex/#cat-6-4l-gas-engine,21,DISCOVERED,2026-08-01T00:45:41+00:00
tax-254f244702ee6c6513518b2f,chrysler300-c-36-flex,,CATEGORY,845Re 8 Speed Automatic Transmission,845RE-8-SPEED-AUTOMATIC-TRANSMISSION,845re-8-speed-automatic-transmission,https://www.moparamerica.com/v-2017-chrysler-300--c--3-6l-v6-flex/#cat-845re-8-speed-automatic-transmission,27,DISCOVERED,2026-08-01T00:45:41+00:00
tax-13e1c25b7f6812f3e2b77097,chrysler300-c-36-flex,,CATEGORY,8Hp70 8 Speed Automatic Transmission,8HP70-8-SPEED-AUTOMATIC-TRANSMISSION,8hp70-8-speed-automatic-transmission,https://www.moparamerica.com/v-2017-chrysler-300--c--3-6l-v6-flex/#cat-8hp70-8-speed-automatic-transmission,30,DISCOVERED,2026-08-01T00:45:41+00:00
tax-aa028bf12b7042c44b500358,chrysler300-c-36-flex,,CATEGORY,Accessories Audio Video And Electronics Accessories,ACCESSORIES-AUDIO-VIDEO-AND-ELECTRONICS-ACCESSORIES,accessories-audio-video-and-electronics-accessories,https://www.moparamerica.com/v-2017-chrysler-300--c--3-6l-v6-flex/#cat-accessories-audio-video-and-electronics-accessories,33,DISCOVERED,2026-08-01T00:45:41+00:00
tax-e07034fa13b7a777cea0e9f5,chrysler300-c-36-flex,,CATEGORY,Accessories Exterior Accessories,ACCESSORIES-EXTERIOR-ACCESSORIES,accessories-exterior-accessories,https://www.moparamerica.com/v-2017-chrysler-300--c--3-6l-v6-flex/#cat-accessories-exterior-accessories,40,DISCOVERED,2026-08-01T00:45:41+00:00
tax-b30c1b7f85c2451cb55a5d74,chrysler300-c-36-flex,,CATEGORY,Accessories Interior Accessories,ACCESSORIES-INTERIOR-ACCESSORIES,accessories-interior-accessories,https://www.moparamerica.com/v-2017-chrysler-300--c--3-6l-v6-flex/#cat-accessories-interior-accessories,44,DISCOVERED,2026-08-01T00:45:41+00:00
tax-1abfb4f43b6f1089567e290d,chrysler300-c-36-flex,,CATEGORY,Accessories Lifestyle And Off Road Accessories,ACCESSORIES-LIFESTYLE-AND-OFF-ROAD-ACCESSORIES,accessories-lifestyle-and-off-road-accessories,https://www.moparamerica.com/v-2017-chrysler-300--c--3-6l-v6-flex/#cat-accessories-lifestyle-and-off-road-accessories,45,DISCOVERED,2026-08-01T00:45:41+00:00
tax-47bd7e26f3112e426eb7e6d6,chrysler300-c-36-flex,,CATEGORY,Accessories Lighting And Electrical Accessories,ACCESSORIES-LIGHTING-AND-ELECTRICAL-ACCESSORIES,accessories-lighting-and-electrical-accessories,https://www.moparamerica.com/v-2017-chrysler-300--c--3-6l-v6-flex/#cat-accessories-lighting-and-electrical-accessories,46,DISCOVERED,2026-08-01T00:45:41+00:00
tax-c2aa8d24656dd9728566c6c5,chrysler300-c-36-flex,,CATEGORY,Accessories Modern Performance,ACCESSORIES-MODERN-PERFORMANCE,accessories-modern-performance,https://www.moparamerica.com/v-2017-chrysler-300--c--3-6l-v6-flex/#cat-accessories-modern-performance,49,DISCOVERED,2026-08-01T00:45:41+00:00
tax-c276cad0db74bb3fb020c84b,chrysler300-c-36-flex,,CATEGORY,Accessories Performance,ACCESSORIES-PERFORMANCE,accessories-performance,https://www.moparamerica.com/v-2017-chrysler-300--c--3-6l-v6-flex/#cat-accessories-performance,51,DISCOVERED,2026-08-01T00:45:41+00:00
tax-359b37ed6751dec2222f585d,chrysler300-c-36-flex,,CATEGORY,Accessories Vehicle Care Products,ACCESSORIES-VEHICLE-CARE-PRODUCTS,accessories-vehicle-care-products,https://www.moparamerica.com/v-2017-chrysler-300--c--3-6l-v6-flex/#cat-accessories-vehicle-care-products,53,DISCOVERED,2026-08-01T00:45:41+00:00
tax-c6bc757d0e628ffdc6e53303,chrysler300-c-36-flex,,CATEGORY,Air Conditioners And Heaters,AIR-CONDITIONERS-AND-HEATERS,air-conditioners-and-heaters,https://www.moparamerica.com/v-2017-chrysler-300--c--3-6l-v6-flex/#cat-air-conditioners-and-heaters,58,DISCOVERED,2026-08-01T00:45:41+00:00
tax-783d4238fd59b0be6c3e02d9,chrysler300-c-36-flex,,CATEGORY,All Wheel Drive Differential And Drive Line,ALL-WHEEL-DRIVE-DIFFERENTIAL-AND-DRIVE-LINE,all-wheel-drive-differential-and-drive-line,https://www.moparamerica.com/v-2017-chrysler-300--c--3-6l-v6-flex/#cat-all-wheel-drive-differential-and-drive-line,64,DISCOVERED,2026-08-01T00:45:41+00:00
tax-b9f5a653f9b2ebf10dadd035,chrysler300-c-36-flex,,CATEGORY,Body Sheet Metal Except Doors,BODY-SHEET-METAL-EXCEPT-DOORS,body-sheet-metal-except-doors,https://www.moparamerica.com/v-2017-chrysler-300--c--3-6l-v6-flex/#cat-body-sheet-metal-except-doors,75,DISCOVERED,2026-08-01T00:45:41+00:00
tax-f867db517f8a93d1c1f6814d,chrysler300-c-36-flex,,CATEGORY,Brakes,BRAKES,brakes,https://www.moparamerica.com/v-2017-chrysler-300--c--3-6l-v6-flex/#cat-brakes,82,DISCOVERED,2026-08-01T00:45:41+00:00
tax-fe58d7dc636bf7d28bc70121,chrysler300-c-36-flex,,CATEGORY,Cooling,COOLING,cooling,https://www.moparamerica.com/v-2017-chrysler-300--c--3-6l-v6-flex/#cat-cooling,88,DISCOVERED,2026-08-01T00:45:41+00:00
tax-6c2a0a8e1dd83c94e4bf2072,chrysler300-c-36-flex,,CATEGORY,Doors Door Mirrors And Related Parts,DOORS-DOOR-MIRRORS-AND-RELATED-PARTS,doors-door-mirrors-and-related-parts,https://www.moparamerica.com/v-2017-chrysler-300--c--3-6l-v6-flex/#cat-doors-door-mirrors-and-related-parts,92,DISCOVERED,2026-08-01T00:45:41+00:00
tax-0df16e0b438b8d47bfd217d1,chrysler300-c-36-flex,,CATEGORY,Electrical,ELECTRICAL,electrical,https://www.moparamerica.com/v-2017-chrysler-300--c--3-6l-v6-flex/#cat-electrical,111,DISCOVERED,2026-08-01T00:45:41+00:00
tax-8051c9c3226ec6ef27e13d34,chrysler300-c-36-flex,,CATEGORY,Emission Controls,EMISSION-CONTROLS,emission-controls,https://www.moparamerica.com/v-2017-chrysler-300--c--3-6l-v6-flex/#cat-emission-controls,113,DISCOVERED,2026-08-01T00:45:41+00:00
tax-7a2487a6413040f1609337eb,chrysler300-c-36-flex,,CATEGORY,Exhaust,EXHAUST,exhaust,https://www.moparamerica.com/v-2017-chrysler-300--c--3-6l-v6-flex/#cat-exhaust,114,DISCOVERED,2026-08-01T00:45:41+00:00
tax-3a00b177f086f3c147c2f665,chrysler300-c-36-flex,,CATEGORY,Exterior Ornamentation,EXTERIOR-ORNAMENTATION,exterior-ornamentation,https://www.moparamerica.com/v-2017-chrysler-300--c--3-6l-v6-flex/#cat-exterior-ornamentation,117,DISCOVERED,2026-08-01T00:45:41+00:00
tax-4f7bb9ba54c9d508d67f6f69,chrysler300-c-36-flex,,CATEGORY,Frame Bumper And Fascia,FRAME-BUMPER-AND-FASCIA,frame-bumper-and-fascia,https://www.moparamerica.com/v-2017-chrysler-300--c--3-6l-v6-flex/#cat-frame-bumper-and-fascia,120,DISCOVERED,2026-08-01T00:45:41+00:00
tax-b222ff5102d9b33a22a7743d,chrysler300-c-36-flex,,CATEGORY,Front Suspension,FRONT-SUSPENSION,front-suspension,https://www.moparamerica.com/v-2017-chrysler-300--c--3-6l-v6-flex/#cat-front-suspension,122,DISCOVERED,2026-08-01T00:45:41+00:00
tax-2399fbabd7a400d91fcc3b0c,chrysler300-c-36-flex,,CATEGORY,Fuel,FUEL,fuel,https://www.moparamerica.com/v-2017-chrysler-300--c--3-6l-v6-flex/#cat-fuel,130,DISCOVERED,2026-08-01T00:45:41+00:00
tax-245f8e9c8fbb92a563cd09ce,chrysler300-c-36-flex,,CATEGORY,Glass,GLASS,glass,https://www.moparamerica.com/v-2017-chrysler-300--c--3-6l-v6-flex/#cat-glass,131,DISCOVERED,2026-08-01T00:45:41+00:00
tax-f638e3c918e0af3c46a33516,chrysler300-c-36-flex,,CATEGORY,Interior Trim,INTERIOR-TRIM,interior-trim,https://www.moparamerica.com/v-2017-chrysler-300--c--3-6l-v6-flex/#cat-interior-trim,141,DISCOVERED,2026-08-01T00:45:41+00:00
tax-c036dda6a6b448719df008e0,chrysler300-c-36-flex,,CATEGORY,Labels,LABELS,labels,https://www.moparamerica.com/v-2017-chrysler-300--c--3-6l-v6-flex/#cat-labels,144,DISCOVERED,2026-08-01T00:45:41+00:00
tax-eb3e7949c12823dd085c2449,chrysler300-c-36-flex,,CATEGORY,Mopar Accessories Component Parts,MOPAR-ACCESSORIES-COMPONENT-PARTS,mopar-accessories-component-parts,https://www.moparamerica.com/v-2017-chrysler-300--c--3-6l-v6-flex/#cat-mopar-accessories-component-parts,150,DISCOVERED,2026-08-01T00:45:41+00:00
tax-2a97c062f74416d7af0176dc,chrysler300-c-36-flex,,CATEGORY,Power Transfer Unit Transfer Case,POWER-TRANSFER-UNIT-TRANSFER-CASE,power-transfer-unit-transfer-case,https://www.moparamerica.com/v-2017-chrysler-300--c--3-6l-v6-flex/#cat-power-transfer-unit-transfer-case,153,DISCOVERED,2026-08-01T00:45:41+00:00
tax-a96ce2bbf13bd04ab8032caf,chrysler300-c-36-flex,,CATEGORY,Rear Suspension,REAR-SUSPENSION,rear-suspension,https://www.moparamerica.com/v-2017-chrysler-300--c--3-6l-v6-flex/#cat-rear-suspension,155,DISCOVERED,2026-08-01T00:45:41+00:00
tax-f5d2c7bbd7344fe43b12092b,chrysler300-c-36-flex,,CATEGORY,Rear Wheel Drive Differential And Drive Line,REAR-WHEEL-DRIVE-DIFFERENTIAL-AND-DRIVE-LINE,rear-wheel-drive-differential-and-drive-line,https://www.moparamerica.com/v-2017-chrysler-300--c--3-6l-v6-flex/#cat-rear-wheel-drive-differential-and-drive-line,159,DISCOVERED,2026-08-01T00:45:41+00:00
tax-4dbf746901c108add4bd16d4,chrysler300-c-36-flex,,CATEGORY,Restraints,RESTRAINTS,restraints,https://www.moparamerica.com/v-2017-chrysler-300--c--3-6l-v6-flex/#cat-restraints,161,DISCOVERED,2026-08-01T00:45:41+00:00
tax-3c901743198d2971fb146cfd,chrysler300-c-36-flex,,CATEGORY,Steering,STEERING,steering,https://www.moparamerica.com/v-2017-chrysler-300--c--3-6l-v6-flex/#cat-steering,164,DISCOVERED,2026-08-01T00:45:41+00:00
tax-c67e615da078533c07904057,chrysler300-c-36-flex,,CATEGORY,Wheels,WHEELS,wheels,https://www.moparamerica.com/v-2017-chrysler-300--c--3-6l-v6-flex/#cat-wheels,170,DISCOVERED,2026-08-01T00:45:41+00:00
tax-e6541457498eb81450929105,chrysler300-c-36-flex,tax-cf6c6337996fdcc700458779,SUBCATEGORY,Cylinder Block,CYLINDERBLOCK,3-0l-gas-engine--cylinder-block,https://www.moparamerica.com/v-2017-chrysler-300--c--3-6l-v6-flex/3-0l-gas-engine--cylinder-block,1,DISCOVERED,2026-08-01T00:45:41+00:00
tax-874197f8a7856f63a59a201a,chrysler300-c-36-flex,tax-cf6c6337996fdcc700458779,SUBCATEGORY,Cylinder Head,CYLINDERHEAD,3-0l-gas-engine--cylinder-head,https://www.moparamerica.com/v-2017-chrysler-300--c--3-6l-v6-flex/3-0l-gas-engine--cylinder-head,2,DISCOVERED,2026-08-01T00:45:41+00:00
tax-5cfa1ad5665ec1ff906cf529,chrysler300-c-36-flex,tax-cf6c6337996fdcc700458779,SUBCATEGORY,Engine Mounting,ENGINEMOUNTING,3-0l-gas-engine--engine-mounting,https://www.moparamerica.com/v-2017-chrysler-300--c--3-6l-v6-flex/3-0l-gas-engine--engine-mounting,3,DISCOVERED,2026-08-01T00:45:41+00:00
tax-e407e3b521aea6b11984561e,chrysler300-c-36-flex,tax-cf6c6337996fdcc700458779,SUBCATEGORY,"Engine Oiling, Oil Pan and Indicator (Dipstick)",ENGINEOILINGOILPANANDINDICATORDIPSTICK,3-0l-gas-engine--engine-oiling-oil-pan-and-indicator-dipstick,https://www.moparamerica.com/v-2017-chrysler-300--c--3-6l-v6-flex/3-0l-gas-engine--engine-oiling-oil-pan-and-indicator-dipstick,4,DISCOVERED,2026-08-01T00:45:41+00:00
tax-cc84fc1f0ef5a1db3f1ad9c8,chrysler300-c-36-flex,tax-cf6c6337996fdcc700458779,SUBCATEGORY,Timing Belt/Chain and Cover and Balance Shaft,TIMINGBELTCHAINANDCOVERANDBALANCESHAFT,3-0l-gas-engine--timing-belt-chain-and-cover-and-balance-shaft,https://www.moparamerica.com/v-2017-chrysler-300--c--3-6l-v6-flex/3-0l-gas-engine--timing-belt-chain-and-cover-and-balance-shaft,5,DISCOVERED,2026-08-01T00:45:41+00:00
tax-3cc954c613e30a1f7549fdcd,chrysler300-c-36-flex,tax-e3105981697ba0ddd5792758,SUBCATEGORY,Camshaft and Valve,CAMSHAFTANDVALVE,3-6l-gas-engine--camshaft-and-valve,https://www.moparamerica.com/v-2017-chrysler-300--c--3-6l-v6-flex/3-6l-gas-engine--camshaft-and-valve,6,DISCOVERED,2026-08-01T00:45:41+00:00
tax-e4f4db516f254caf49ba742a,chrysler300-c-36-flex,tax-e3105981697ba0ddd5792758,SUBCATEGORY,Crankcase Ventilation,CRANKCASEVENTILATION,3-6l-gas-engine--crankcase-ventilation,https://www.moparamerica.com/v-2017-chrysler-300--c--3-6l-v6-flex/3-6l-gas-engine--crankcase-ventilation,7,DISCOVERED,2026-08-01T00:45:41+00:00
tax-d26158735ff38db90507f70d,chrysler300-c-36-flex,tax-e3105981697ba0ddd5792758,SUBCATEGORY,"Crankshaft, Piston, Drive Plate, Flywheel, and Damper",CRANKSHAFTPISTONDRIVEPLATEFLYWHEELANDDAMPER,3-6l-gas-engine--crankshaft-piston-drive-plate-flywheel-and-damper,https://www.moparamerica.com/v-2017-chrysler-300--c--3-6l-v6-flex/3-6l-gas-engine--crankshaft-piston-drive-plate-flywheel-and-damper,8,DISCOVERED,2026-08-01T00:45:41+00:00
tax-4a16109076a26f29c231cee4,chrysler300-c-36-flex,tax-e3105981697ba0ddd5792758,SUBCATEGORY,Cylinder Block,CYLINDERBLOCK,3-6l-gas-engine--cylinder-block,https://www.moparamerica.com/v-2017-chrysler-300--c--3-6l-v6-flex/3-6l-gas-engine--cylinder-block,9,DISCOVERED,2026-08-01T00:45:41+00:00
tax-48375ad6e11b7ffdac32a112,chrysler300-c-36-flex,tax-e3105981697ba0ddd5792758,SUBCATEGORY,Cylinder Head,CYLINDERHEAD,3-6l-gas-engine--cylinder-head,https://www.moparamerica.com/v-2017-chrysler-300--c--3-6l-v6-flex/3-6l-gas-engine--cylinder-head,10,DISCOVERED,2026-08-01T00:45:41+00:00
tax-25571bd1c67ee87a230e6add,chrysler300-c-36-flex,tax-e3105981697ba0ddd5792758,SUBCATEGORY,"Engine Identification, Service Engines & Engine Service Kits",ENGINEIDENTIFICATIONSERVICEENGINESENGINESERVICEKITS,3-6l-gas-engine--engine-identification-service-engines-and-engine-service-kits,https://www.moparamerica.com/v-2017-chrysler-300--c--3-6l-v6-flex/3-6l-gas-engine--engine-identification-service-engines-and-engine-service-kits,11,DISCOVERED,2026-08-01T00:45:41+00:00
tax-e3812e3f6dccd9f2a8cb4dab,chrysler300-c-36-flex,tax-e3105981697ba0ddd5792758,SUBCATEGORY,Engine Mounting,ENGINEMOUNTING,3-6l-gas-engine--engine-mounting,https://www.moparamerica.com/v-2017-chrysler-300--c--3-6l-v6-flex/3-6l-gas-engine--engine-mounting,12,DISCOVERED,2026-08-01T00:45:41+00:00
tax-f4575ae3434f14a860579551,chrysler300-c-36-flex,tax-e3105981697ba0ddd5792758,SUBCATEGORY,"Engine Oiling, Oil Pan and Indicator (Dipstick)",ENGINEOILINGOILPANANDINDICATORDIPSTICK,3-6l-gas-engine--engine-oiling-oil-pan-and-indicator-dipstick,https://www.moparamerica.com/v-2017-chrysler-300--c--3-6l-v6-flex/3-6l-gas-engine--engine-oiling-oil-pan-and-indicator-dipstick,13,DISCOVERED,2026-08-01T00:45:41+00:00
tax-1aba94edb2629250a15ca3a4,chrysler300-c-36-flex,tax-e3105981697ba0ddd5792758,SUBCATEGORY,Manifolds and Vacuum Fittings,MANIFOLDSANDVACUUMFITTINGS,3-6l-gas-engine--manifolds-and-vacuum-fittings,https://www.moparamerica.com/v-2017-chrysler-300--c--3-6l-v6-flex/3-6l-gas-engine--manifolds-and-vacuum-fittings,14,DISCOVERED,2026-08-01T00:45:41+00:00
tax-f662878d52ed70a35b9d5e3a,chrysler300-c-36-flex,tax-e3105981697ba0ddd5792758,SUBCATEGORY,Timing Belt/Chain and Cover and Balance Shaft,TIMINGBELTCHAINANDCOVERANDBALANCESHAFT,3-6l-gas-engine--timing-belt-chain-and-cover-and-balance-shaft,https://www.moparamerica.com/v-2017-chrysler-300--c--3-6l-v6-flex/3-6l-gas-engine--timing-belt-chain-and-cover-and-balance-shaft,15,DISCOVERED,2026-08-01T00:45:41+00:00
tax-66bda9a5794de8274888f312,chrysler300-c-36-flex,tax-c5cf58e26528842d8e99cb05,SUBCATEGORY,Camshaft and Valve,CAMSHAFTANDVALVE,5-7l-gas-engine--camshaft-and-valve,https://www.moparamerica.com/v-2017-chrysler-300--c--3-6l-v6-flex/5-7l-gas-engine--camshaft-and-valve,16,DISCOVERED,2026-08-01T00:45:41+00:00
tax-12b604c599e8e6b6d5a7f74d,chrysler300-c-36-flex,tax-c5cf58e26528842d8e99cb05,SUBCATEGORY,Engine Mounting,ENGINEMOUNTING,5-7l-gas-engine--engine-mounting,https://www.moparamerica.com/v-2017-chrysler-300--c--3-6l-v6-flex/5-7l-gas-engine--engine-mounting,17,DISCOVERED,2026-08-01T00:45:41+00:00
tax-30995199035d8eb4a9f1a65e,chrysler300-c-36-flex,tax-c5cf58e26528842d8e99cb05,SUBCATEGORY,"Engine Oiling, Oil Pan and Indicator (Dipstick)",ENGINEOILINGOILPANANDINDICATORDIPSTICK,5-7l-gas-engine--engine-oiling-oil-pan-and-indicator-dipstick,https://www.moparamerica.com/v-2017-chrysler-300--c--3-6l-v6-flex/5-7l-gas-engine--engine-oiling-oil-pan-and-indicator-dipstick,18,DISCOVERED,2026-08-01T00:45:41+00:00
tax-52862aca0d9d6a7f237fa91d,chrysler300-c-36-flex,tax-20659a3b5ac5ec919a2e8c60,SUBCATEGORY,Camshaft and Valve,CAMSHAFTANDVALVE,6-4l-gas-engine--camshaft-and-valve,https://www.moparamerica.com/v-2017-chrysler-300--c--3-6l-v6-flex/6-4l-gas-engine--camshaft-and-valve,19,DISCOVERED,2026-08-01T00:45:41+00:00
tax-1d564e0d4e6843f464473299,chrysler300-c-36-flex,tax-20659a3b5ac5ec919a2e8c60,SUBCATEGORY,Engine Mounting,ENGINEMOUNTING,6-4l-gas-engine--engine-mounting,https://www.moparamerica.com/v-2017-chrysler-300--c--3-6l-v6-flex/6-4l-gas-engine--engine-mounting,20,DISCOVERED,2026-08-01T00:45:41+00:00
tax-5249e89df297fae2f6fb1e53,chrysler300-c-36-flex,tax-20659a3b5ac5ec919a2e8c60,SUBCATEGORY,"Engine Oiling, Oil Pan and Indicator (Dipstick)",ENGINEOILINGOILPANANDINDICATORDIPSTICK,6-4l-gas-engine--engine-oiling-oil-pan-and-indicator-dipstick,https://www.moparamerica.com/v-2017-chrysler-300--c--3-6l-v6-flex/6-4l-gas-engine--engine-oiling-oil-pan-and-indicator-dipstick,21,DISCOVERED,2026-08-01T00:45:41+00:00
tax-1d634f517921d58ca255a356,chrysler300-c-36-flex,tax-254f244702ee6c6513518b2f,SUBCATEGORY,Automatic Transmission / Transaxle and Torque Converter,AUTOMATICTRANSMISSIONTRANSAXLEANDTORQUECONVERTER,845re-8-speed-automatic-transmission--automatic-transmission-transaxle-and-torque-converter,https://www.moparamerica.com/v-2017-chrysler-300--c--3-6l-v6-flex/845re-8-speed-automatic-transmission--automatic-transmission-transaxle-and-torque-converter,22,DISCOVERED,2026-08-01T00:45:41+00:00
tax-61480e6ebc842335956c39e4,chrysler300-c-36-flex,tax-254f244702ee6c6513518b2f,SUBCATEGORY,"Case, Extension, Oil Pan, and Indicator (Dipstick)",CASEEXTENSIONOILPANANDINDICATORDIPSTICK,845re-8-speed-automatic-transmission--case-extension-oil-pan-and-indicator-dipstick,https://www.moparamerica.com/v-2017-chrysler-300--c--3-6l-v6-flex/845re-8-speed-automatic-transmission--case-extension-oil-pan-and-indicator-dipstick,23,DISCOVERED,2026-08-01T00:45:41+00:00
tax-9c88848926d5ffcd0d317db2,chrysler300-c-36-flex,tax-254f244702ee6c6513518b2f,SUBCATEGORY,Gearshift Controls and Related Parts,GEARSHIFTCONTROLSANDRELATEDPARTS,845re-8-speed-automatic-transmission--gearshift-controls-and-related-parts,https://www.moparamerica.com/v-2017-chrysler-300--c--3-6l-v6-flex/845re-8-speed-automatic-transmission--gearshift-controls-and-related-parts,24,DISCOVERED,2026-08-01T00:45:41+00:00
tax-f6e9150bb0b3884e294edbeb,chrysler300-c-36-flex,tax-254f244702ee6c6513518b2f,SUBCATEGORY,Mounting and Skid Plate,MOUNTINGANDSKIDPLATE,845re-8-speed-automatic-transmission--mounting-and-skid-plate,https://www.moparamerica.com/v-2017-chrysler-300--c--3-6l-v6-flex/845re-8-speed-automatic-transmission--mounting-and-skid-plate,25,DISCOVERED,2026-08-01T00:45:41+00:00
tax-03e5e3d9a8db319f5983b0d7,chrysler300-c-36-flex,tax-254f244702ee6c6513518b2f,SUBCATEGORY,Oil Pump,OILPUMP,845re-8-speed-automatic-transmission--oil-pump,https://www.moparamerica.com/v-2017-chrysler-300--c--3-6l-v6-flex/845re-8-speed-automatic-transmission--oil-pump,26,DISCOVERED,2026-08-01T00:45:41+00:00
tax-e06991e88559d43292b6a4f9,chrysler300-c-36-flex,tax-254f244702ee6c6513518b2f,SUBCATEGORY,"Valve Body, Accumulator, Solenoid and Parking Sprag",VALVEBODYACCUMULATORSOLENOIDANDPARKINGSPRAG,845re-8-speed-automatic-transmission--valve-body-accumulator-solenoid-and-parking-sprag,https://www.moparamerica.com/v-2017-chrysler-300--c--3-6l-v6-flex/845re-8-speed-automatic-transmission--valve-body-accumulator-solenoid-and-parking-sprag,27,DISCOVERED,2026-08-01T00:45:41+00:00
tax-36aaa4e5befd14d4f7ecfe0a,chrysler300-c-36-flex,tax-13e1c25b7f6812f3e2b77097,SUBCATEGORY,Automatic Transmission / Transaxle and Torque Converter,AUTOMATICTRANSMISSIONTRANSAXLEANDTORQUECONVERTER,8hp70-8-speed-automatic-transmission--automatic-transmission-transaxle-and-torque-converter,https://www.moparamerica.com/v-2017-chrysler-300--c--3-6l-v6-flex/8hp70-8-speed-automatic-transmission--automatic-transmission-transaxle-and-torque-converter,28,DISCOVERED,2026-08-01T00:45:41+00:00
tax-3b7705d502a52a20dcfbf434,chrysler300-c-36-flex,tax-13e1c25b7f6812f3e2b77097,SUBCATEGORY,Gearshift Controls and Related Parts,GEARSHIFTCONTROLSANDRELATEDPARTS,8hp70-8-speed-automatic-transmission--gearshift-controls-and-related-parts,https://www.moparamerica.com/v-2017-chrysler-300--c--3-6l-v6-flex/8hp70-8-speed-automatic-transmission--gearshift-controls-and-related-parts,29,DISCOVERED,2026-08-01T00:45:41+00:00
tax-c2b671638c788e83b71e583c,chrysler300-c-36-flex,tax-13e1c25b7f6812f3e2b77097,SUBCATEGORY,Mounting and Skid Plate,MOUNTINGANDSKIDPLATE,8hp70-8-speed-automatic-transmission--mounting-and-skid-plate,https://www.moparamerica.com/v-2017-chrysler-300--c--3-6l-v6-flex/8hp70-8-speed-automatic-transmission--mounting-and-skid-plate,30,DISCOVERED,2026-08-01T00:45:41+00:00
tax-ac642c3a0c0aab79fbfd4c21,chrysler300-c-36-flex,tax-aa028bf12b7042c44b500358,SUBCATEGORY,Charging Unit,CHARGINGUNIT,accessories-audio-video-and-electronics-accessories--charging-unit,https://www.moparamerica.com/v-2017-chrysler-300--c--3-6l-v6-flex/accessories-audio-video-and-electronics-accessories--charging-unit,31,DISCOVERED,2026-08-01T00:45:41+00:00
tax-07c942c0aa4f202a3604eee4,chrysler300-c-36-flex,tax-aa028bf12b7042c44b500358,SUBCATEGORY,Remote Start,REMOTESTART,accessories-audio-video-and-electronics-accessories--remote-start,https://www.moparamerica.com/v-2017-chrysler-300--c--3-6l-v6-flex/accessories-audio-video-and-electronics-accessories--remote-start,32,DISCOVERED,2026-08-01T00:45:41+00:00
tax-7bc2250efe82924b8d2dae69,chrysler300-c-36-flex,tax-aa028bf12b7042c44b500358,SUBCATEGORY,Security,SECURITY,accessories-audio-video-and-electronics-accessories--security,https://www.moparamerica.com/v-2017-chrysler-300--c--3-6l-v6-flex/accessories-audio-video-and-electronics-accessories--security,33,DISCOVERED,2026-08-01T00:45:41+00:00
tax-04054cd6eef7227db2ecab26,chrysler300-c-36-flex,tax-e07034fa13b7a777cea0e9f5,SUBCATEGORY,Air Deflectors,AIRDEFLECTORS,accessories-exterior-accessories--air-deflectors,https://www.moparamerica.com/v-2017-chrysler-300--c--3-6l-v6-flex/accessories-exterior-accessories--air-deflectors,34,DISCOVERED,2026-08-01T00:45:41+00:00
tax-3de6402bc795a33bb5a988c6,chrysler300-c-36-flex,tax-e07034fa13b7a777cea0e9f5,SUBCATEGORY,Exterior Appearance,EXTERIORAPPEARANCE,accessories-exterior-accessories--exterior-appearance,https://www.moparamerica.com/v-2017-chrysler-300--c--3-6l-v6-flex/accessories-exterior-accessories--exterior-appearance,35,DISCOVERED,2026-08-01T00:45:41+00:00
tax-b4ac1002c27b9dd10eed4c9f,chrysler300-c-36-flex,tax-e07034fa13b7a777cea0e9f5,SUBCATEGORY,License Plate,LICENSEPLATE,accessories-exterior-accessories--license-plate,https://www.moparamerica.com/v-2017-chrysler-300--c--3-6l-v6-flex/accessories-exterior-accessories--license-plate,36,DISCOVERED,2026-08-01T00:45:41+00:00
tax-9d72f6491f8500cf856a3bcd,chrysler300-c-36-flex,tax-e07034fa13b7a777cea0e9f5,SUBCATEGORY,Locks,LOCKS,accessories-exterior-accessories--locks,https://www.moparamerica.com/v-2017-chrysler-300--c--3-6l-v6-flex/accessories-exterior-accessories--locks,37,DISCOVERED,2026-08-01T00:45:41+00:00
tax-77e4cce46eb14632611b45f6,chrysler300-c-36-flex,tax-e07034fa13b7a777cea0e9f5,SUBCATEGORY,Protective Guards,PROTECTIVEGUARDS,accessories-exterior-accessories--protective-guards,https://www.moparamerica.com/v-2017-chrysler-300--c--3-6l-v6-flex/accessories-exterior-accessories--protective-guards,38,DISCOVERED,2026-08-01T00:45:41+00:00
tax-60da2074ef73cd2c716764a8,chrysler300-c-36-flex,tax-e07034fa13b7a777cea0e9f5,SUBCATEGORY,Splash Guards,SPLASHGUARDS,accessories-exterior-accessories--splash-guards,https://www.moparamerica.com/v-2017-chrysler-300--c--3-6l-v6-flex/accessories-exterior-accessories--splash-guards,39,DISCOVERED,2026-08-01T00:45:41+00:00
tax-e5b4a6b44fef6fd5a7935b42,chrysler300-c-36-flex,tax-e07034fa13b7a777cea0e9f5,SUBCATEGORY,Wheels,WHEELS,accessories-exterior-accessories--wheels,https://www.moparamerica.com/v-2017-chrysler-300--c--3-6l-v6-flex/accessories-exterior-accessories--wheels,40,DISCOVERED,2026-08-01T00:45:41+00:00
tax-36d80bd7e98df8f2e37ed133,chrysler300-c-36-flex,tax-b30c1b7f85c2451cb55a5d74,SUBCATEGORY,Air Purification,AIRPURIFICATION,accessories-interior-accessories--air-purification,https://www.moparamerica.com/v-2017-chrysler-300--c--3-6l-v6-flex/accessories-interior-accessories--air-purification,41,DISCOVERED,2026-08-01T00:45:41+00:00
tax-8247d9166228df6268cd785d,chrysler300-c-36-flex,tax-b30c1b7f85c2451cb55a5d74,SUBCATEGORY,Cargo Trays & Mats,CARGOTRAYSMATS,accessories-interior-accessories--cargo-trays-and-mats,https://www.moparamerica.com/v-2017-chrysler-300--c--3-6l-v6-flex/accessories-interior-accessories--cargo-trays-and-mats,42,DISCOVERED,2026-08-01T00:45:41+00:00
tax-5e2ac13b68c3b4256e043d71,chrysler300-c-36-flex,tax-b30c1b7f85c2451cb55a5d74,SUBCATEGORY,Floor Mats,FLOORMATS,accessories-interior-accessories--floor-mats,https://www.moparamerica.com/v-2017-chrysler-300--c--3-6l-v6-flex/accessories-interior-accessories--floor-mats,43,DISCOVERED,2026-08-01T00:45:41+00:00
tax-137317a610ca3b919440f3cd,chrysler300-c-36-flex,tax-b30c1b7f85c2451cb55a5d74,SUBCATEGORY,Interior Appearance,INTERIORAPPEARANCE,accessories-interior-accessories--interior-appearance,https://www.moparamerica.com/v-2017-chrysler-300--c--3-6l-v6-flex/accessories-interior-accessories--interior-appearance,44,DISCOVERED,2026-08-01T00:45:41+00:00
tax-bfcd92d8752e9d7cbd1003da,chrysler300-c-36-flex,tax-1abfb4f43b6f1089567e290d,SUBCATEGORY,Safety Kits,SAFETYKITS,accessories-lifestyle-and-off-road-accessories--safety-kits,https://www.moparamerica.com/v-2017-chrysler-300--c--3-6l-v6-flex/accessories-lifestyle-and-off-road-accessories--safety-kits,45,DISCOVERED,2026-08-01T00:45:41+00:00
tax-2d4b4bab7f73fa7a30b56be8,chrysler300-c-36-flex,tax-47bd7e26f3112e426eb7e6d6,SUBCATEGORY,Charging Unit,CHARGINGUNIT,accessories-lighting-and-electrical-accessories--charging-unit,https://www.moparamerica.com/v-2017-chrysler-300--c--3-6l-v6-flex/accessories-lighting-and-electrical-accessories--charging-unit,46,DISCOVERED,2026-08-01T00:45:41+00:00
tax-6d0fe14d414c45df12358daf,chrysler300-c-36-flex,tax-c2aa8d24656dd9728566c6c5,SUBCATEGORY,Engine Parts,ENGINEPARTS,accessories-modern-performance--engine-parts,https://www.moparamerica.com/v-2017-chrysler-300--c--3-6l-v6-flex/accessories-modern-performance--engine-parts,47,DISCOVERED,2026-08-01T00:45:41+00:00
tax-d95e51ff9b71e5bc5a7bdf1e,chrysler300-c-36-flex,tax-c2aa8d24656dd9728566c6c5,SUBCATEGORY,Intake & Air,INTAKEAIR,accessories-modern-performance--intake-and-air,https://www.moparamerica.com/v-2017-chrysler-300--c--3-6l-v6-flex/accessories-modern-performance--intake-and-air,48,DISCOVERED,2026-08-01T00:45:41+00:00
tax-92ade0e66093f1e6032dcf7e,chrysler300-c-36-flex,tax-c2aa8d24656dd9728566c6c5,SUBCATEGORY,Suspension,SUSPENSION,accessories-modern-performance--suspension,https://www.moparamerica.com/v-2017-chrysler-300--c--3-6l-v6-flex/accessories-modern-performance--suspension,49,DISCOVERED,2026-08-01T00:45:41+00:00
tax-f82b541c1a0147572aafa364,chrysler300-c-36-flex,tax-c276cad0db74bb3fb020c84b,SUBCATEGORY,Brakes,BRAKES,accessories-performance--brakes,https://www.moparamerica.com/v-2017-chrysler-300--c--3-6l-v6-flex/accessories-performance--brakes,50,DISCOVERED,2026-08-01T00:45:41+00:00
tax-97279d77ca7a9288c8c63956,chrysler300-c-36-flex,tax-c276cad0db74bb3fb020c84b,SUBCATEGORY,Performance Packages,PERFORMANCEPACKAGES,accessories-performance--performance-packages,https://www.moparamerica.com/v-2017-chrysler-300--c--3-6l-v6-flex/accessories-performance--performance-packages,51,DISCOVERED,2026-08-01T00:45:41+00:00
tax-6fd00cae8e679e631fc5e98e,chrysler300-c-36-flex,tax-359b37ed6751dec2222f585d,SUBCATEGORY,Mopar,MOPAR,accessories-vehicle-care-products--mopar,https://www.moparamerica.com/v-2017-chrysler-300--c--3-6l-v6-flex/accessories-vehicle-care-products--mopar,52,DISCOVERED,2026-08-01T00:45:41+00:00
tax-273e48bec4b6a91e7cf1ae12,chrysler300-c-36-flex,tax-359b37ed6751dec2222f585d,SUBCATEGORY,Touch Up Paint,TOUCHUPPAINT,accessories-vehicle-care-products--touch-up-paint,https://www.moparamerica.com/v-2017-chrysler-300--c--3-6l-v6-flex/accessories-vehicle-care-products--touch-up-paint,53,DISCOVERED,2026-08-01T00:45:41+00:00
tax-e9a8ede6ae191055eb23b516,chrysler300-c-36-flex,tax-c6bc757d0e628ffdc6e53303,SUBCATEGORY,Air Conditioner and Heater Controls,AIRCONDITIONERANDHEATERCONTROLS,air-conditioners-and-heaters--air-conditioner-and-heater-controls,https://www.moparamerica.com/v-2017-chrysler-300--c--3-6l-v6-flex/air-conditioners-and-heaters--air-conditioner-and-heater-controls,54,DISCOVERED,2026-08-01T00:45:41+00:00
tax-c82e51abbb844dd06bba7e19,chrysler300-c-36-flex,tax-c6bc757d0e628ffdc6e53303,SUBCATEGORY,Air Conditioner and Heater Plumbing,AIRCONDITIONERANDHEATERPLUMBING,air-conditioners-and-heaters--air-conditioner-and-heater-plumbing,https://www.moparamerica.com/v-2017-chrysler-300--c--3-6l-v6-flex/air-conditioners-and-heaters--air-conditioner-and-heater-plumbing,55,DISCOVERED,2026-08-01T00:45:41+00:00
tax-8788cc3747a3b8fd09aa1b0f,chrysler300-c-36-flex,tax-c6bc757d0e628ffdc6e53303,SUBCATEGORY,Air Conditioner and Heater Units,AIRCONDITIONERANDHEATERUNITS,air-conditioners-and-heaters--air-conditioner-and-heater-units,https://www.moparamerica.com/v-2017-chrysler-300--c--3-6l-v6-flex/air-conditioners-and-heaters--air-conditioner-and-heater-units,56,DISCOVERED,2026-08-01T00:45:41+00:00
tax-c8f8dea72705c049c2597d75,chrysler300-c-36-flex,tax-c6bc757d0e628ffdc6e53303,SUBCATEGORY,Air Conditioner Compressor and Mounting,AIRCONDITIONERCOMPRESSORANDMOUNTING,air-conditioners-and-heaters--air-conditioner-compressor-and-mounting,https://www.moparamerica.com/v-2017-chrysler-300--c--3-6l-v6-flex/air-conditioners-and-heaters--air-conditioner-compressor-and-mounting,57,DISCOVERED,2026-08-01T00:45:41+00:00
tax-dbbe7783749a82b454b42ca9,chrysler300-c-36-flex,tax-c6bc757d0e628ffdc6e53303,SUBCATEGORY,Air Ducts,AIRDUCTS,air-conditioners-and-heaters--air-ducts,https://www.moparamerica.com/v-2017-chrysler-300--c--3-6l-v6-flex/air-conditioners-and-heaters--air-ducts,58,DISCOVERED,2026-08-01T00:45:41+00:00
tax-2b446e224cb5a209fb2b212b,chrysler300-c-36-flex,tax-783d4238fd59b0be6c3e02d9,SUBCATEGORY,Drive Shaft,DRIVESHAFT,all-wheel-drive-differential-and-drive-line--drive-shaft,https://www.moparamerica.com/v-2017-chrysler-300--c--3-6l-v6-flex/all-wheel-drive-differential-and-drive-line--drive-shaft,59,DISCOVERED,2026-08-01T00:45:41+00:00
tax-fa486352fafd8f5915308d3c,chrysler300-c-36-flex,tax-783d4238fd59b0be6c3e02d9,SUBCATEGORY,Front Axle Assembly,FRONTAXLEASSEMBLY,all-wheel-drive-differential-and-drive-line--front-axle-assembly,https://www.moparamerica.com/v-2017-chrysler-300--c--3-6l-v6-flex/all-wheel-drive-differential-and-drive-line--front-axle-assembly,60,DISCOVERED,2026-08-01T00:45:41+00:00
tax-24ff878415a61fa01709773f,chrysler300-c-36-flex,tax-783d4238fd59b0be6c3e02d9,SUBCATEGORY,Front Axle Drive Shafts,FRONTAXLEDRIVESHAFTS,all-wheel-drive-differential-and-drive-line--front-axle-drive-shafts,https://www.moparamerica.com/v-2017-chrysler-300--c--3-6l-v6-flex/all-wheel-drive-differential-and-drive-line--front-axle-drive-shafts,61,DISCOVERED,2026-08-01T00:45:41+00:00
tax-9f2c3638f690ba48a11c6764,chrysler300-c-36-flex,tax-783d4238fd59b0be6c3e02d9,SUBCATEGORY,Rear Axle Assembly,REARAXLEASSEMBLY,all-wheel-drive-differential-and-drive-line--rear-axle-assembly,https://www.moparamerica.com/v-2017-chrysler-300--c--3-6l-v6-flex/all-wheel-drive-differential-and-drive-line--rear-axle-assembly,62,DISCOVERED,2026-08-01T00:45:41+00:00
tax-651db8243ea7f015bcad841d,chrysler300-c-36-flex,tax-783d4238fd59b0be6c3e02d9,SUBCATEGORY,"Rear Axle; Housing, Differential and Vent",REARAXLEHOUSINGDIFFERENTIALANDVENT,all-wheel-drive-differential-and-drive-line--rear-axle-housing-differential-and-vent,https://www.moparamerica.com/v-2017-chrysler-300--c--3-6l-v6-flex/all-wheel-drive-differential-and-drive-line--rear-axle-housing-differential-and-vent,63,DISCOVERED,2026-08-01T00:45:41+00:00
tax-369930285119f4785909fe97,chrysler300-c-36-flex,tax-783d4238fd59b0be6c3e02d9,SUBCATEGORY,Rear Axle Shafts,REARAXLESHAFTS,all-wheel-drive-differential-and-drive-line--rear-axle-shafts,https://www.moparamerica.com/v-2017-chrysler-300--c--3-6l-v6-flex/all-wheel-drive-differential-and-drive-line--rear-axle-shafts,64,DISCOVERED,2026-08-01T00:45:41+00:00
tax-b1bca25f0804fee74c69b5af,chrysler300-c-36-flex,tax-b9f5a653f9b2ebf10dadd035,SUBCATEGORY,Aperture Panel and Pillar Supports,APERTUREPANELANDPILLARSUPPORTS,body-sheet-metal-except-doors--aperture-panel-and-pillar-supports,https://www.moparamerica.com/v-2017-chrysler-300--c--3-6l-v6-flex/body-sheet-metal-except-doors--aperture-panel-and-pillar-supports,65,DISCOVERED,2026-08-01T00:45:41+00:00
tax-95d6b0fba9c03d8f623757b4,chrysler300-c-36-flex,tax-b9f5a653f9b2ebf10dadd035,SUBCATEGORY,Cowl and Dash Panel,COWLANDDASHPANEL,body-sheet-metal-except-doors--cowl-and-dash-panel,https://www.moparamerica.com/v-2017-chrysler-300--c--3-6l-v6-flex/body-sheet-metal-except-doors--cowl-and-dash-panel,66,DISCOVERED,2026-08-01T00:45:41+00:00
tax-2d8231ca697f46027d61e7ee,chrysler300-c-36-flex,tax-b9f5a653f9b2ebf10dadd035,SUBCATEGORY,Deck Lid,DECKLID,body-sheet-metal-except-doors--deck-lid,https://www.moparamerica.com/v-2017-chrysler-300--c--3-6l-v6-flex/body-sheet-metal-except-doors--deck-lid,67,DISCOVERED,2026-08-01T00:45:41+00:00
tax-928c8ea2391654c111ab1627,chrysler300-c-36-flex,tax-b9f5a653f9b2ebf10dadd035,SUBCATEGORY,Fenders,FENDERS,body-sheet-metal-except-doors--fenders,https://www.moparamerica.com/v-2017-chrysler-300--c--3-6l-v6-flex/body-sheet-metal-except-doors--fenders,68,DISCOVERED,2026-08-01T00:45:41+00:00
tax-bb28ce6eb9c861b3c954b4a6,chrysler300-c-36-flex,tax-b9f5a653f9b2ebf10dadd035,SUBCATEGORY,Floor Pans,FLOORPANS,body-sheet-metal-except-doors--floor-pans,https://www.moparamerica.com/v-2017-chrysler-300--c--3-6l-v6-flex/body-sheet-metal-except-doors--floor-pans,69,DISCOVERED,2026-08-01T00:45:41+00:00
tax-19336a5277e889121c6e5f16,chrysler300-c-36-flex,tax-b9f5a653f9b2ebf10dadd035,SUBCATEGORY,Hood and Hood Release,HOODANDHOODRELEASE,body-sheet-metal-except-doors--hood-and-hood-release,https://www.moparamerica.com/v-2017-chrysler-300--c--3-6l-v6-flex/body-sheet-metal-except-doors--hood-and-hood-release,70,DISCOVERED,2026-08-01T00:45:41+00:00
tax-8a7696229775556410030db3,chrysler300-c-36-flex,tax-b9f5a653f9b2ebf10dadd035,SUBCATEGORY,Pick-up Box and Fuel Filler Door,PICKUPBOXANDFUELFILLERDOOR,body-sheet-metal-except-doors--pick-up-box-and-fuel-filler-door,https://www.moparamerica.com/v-2017-chrysler-300--c--3-6l-v6-flex/body-sheet-metal-except-doors--pick-up-box-and-fuel-filler-door,71,DISCOVERED,2026-08-01T00:45:41+00:00
tax-0b486035f8bc7a0f9116630c,chrysler300-c-36-flex,tax-b9f5a653f9b2ebf10dadd035,SUBCATEGORY,Plugs,PLUGS,body-sheet-metal-except-doors--plugs,https://www.moparamerica.com/v-2017-chrysler-300--c--3-6l-v6-flex/body-sheet-metal-except-doors--plugs,72,DISCOVERED,2026-08-01T00:45:41+00:00
tax-4ff5a51a2c8ec2b90e15bbee,chrysler300-c-36-flex,tax-b9f5a653f9b2ebf10dadd035,SUBCATEGORY,Roof,ROOF,body-sheet-metal-except-doors--roof,https://www.moparamerica.com/v-2017-chrysler-300--c--3-6l-v6-flex/body-sheet-metal-except-doors--roof,73,DISCOVERED,2026-08-01T00:45:41+00:00
tax-6d3c932d61701ab50795a88f,chrysler300-c-36-flex,tax-b9f5a653f9b2ebf10dadd035,SUBCATEGORY,Shelf Panel,SHELFPANEL,body-sheet-metal-except-doors--shelf-panel,https://www.moparamerica.com/v-2017-chrysler-300--c--3-6l-v6-flex/body-sheet-metal-except-doors--shelf-panel,74,DISCOVERED,2026-08-01T00:45:41+00:00
tax-20c4465a3c58f24c91a4e76e,chrysler300-c-36-flex,tax-b9f5a653f9b2ebf10dadd035,SUBCATEGORY,Sunroof,SUNROOF,body-sheet-metal-except-doors--sunroof,https://www.moparamerica.com/v-2017-chrysler-300--c--3-6l-v6-flex/body-sheet-metal-except-doors--sunroof,75,DISCOVERED,2026-08-01T00:45:41+00:00
tax-867a5a525a4be966467f2a7e,chrysler300-c-36-flex,tax-f867db517f8a93d1c1f6814d,SUBCATEGORY,Brake Master Cylinder,BRAKEMASTERCYLINDER,brakes--brake-master-cylinder,https://www.moparamerica.com/v-2017-chrysler-300--c--3-6l-v6-flex/brakes--brake-master-cylinder,76,DISCOVERED,2026-08-01T00:45:41+00:00
tax-aae98470b28993ee0182189d,chrysler300-c-36-flex,tax-f867db517f8a93d1c1f6814d,SUBCATEGORY,Brake Pedals,BRAKEPEDALS,brakes--brake-pedals,https://www.moparamerica.com/v-2017-chrysler-300--c--3-6l-v6-flex/brakes--brake-pedals,77,DISCOVERED,2026-08-01T00:45:41+00:00
tax-17b671e6a0b7f96d18f17a44,chrysler300-c-36-flex,tax-f867db517f8a93d1c1f6814d,SUBCATEGORY,Front Brakes,FRONTBRAKES,brakes--front-brakes,https://www.moparamerica.com/v-2017-chrysler-300--c--3-6l-v6-flex/brakes--front-brakes,78,DISCOVERED,2026-08-01T00:45:41+00:00
tax-d0258444fd01bc42c9f2055a,chrysler300-c-36-flex,tax-f867db517f8a93d1c1f6814d,SUBCATEGORY,"Hydraulic Control Unit, Brake Tubes and Hoses",HYDRAULICCONTROLUNITBRAKETUBESANDHOSES,brakes--hydraulic-control-unit-brake-tubes-and-hoses,https://www.moparamerica.com/v-2017-chrysler-300--c--3-6l-v6-flex/brakes--hydraulic-control-unit-brake-tubes-and-hoses,79,DISCOVERED,2026-08-01T00:45:41+00:00
tax-e3c37565232be03207054292,chrysler300-c-36-flex,tax-f867db517f8a93d1c1f6814d,SUBCATEGORY,"Parking Brake Lever, Cables, and Rear Disc Park Brake Assembly",PARKINGBRAKELEVERCABLESANDREARDISCPARKBRAKEASSEMBLY,brakes--parking-brake-lever-cables-and-rear-disc-park-brake-assembly,https://www.moparamerica.com/v-2017-chrysler-300--c--3-6l-v6-flex/brakes--parking-brake-lever-cables-and-rear-disc-park-brake-assembly,80,DISCOVERED,2026-08-01T00:45:41+00:00
tax-0950494d86a994db8aa8741d,chrysler300-c-36-flex,tax-f867db517f8a93d1c1f6814d,SUBCATEGORY,Power Brake Booster,POWERBRAKEBOOSTER,brakes--power-brake-booster,https://www.moparamerica.com/v-2017-chrysler-300--c--3-6l-v6-flex/brakes--power-brake-booster,81,DISCOVERED,2026-08-01T00:45:41+00:00
tax-88ad2746d9ccd4d3df33a99a,chrysler300-c-36-flex,tax-f867db517f8a93d1c1f6814d,SUBCATEGORY,Rear Brakes,REARBRAKES,brakes--rear-brakes,https://www.moparamerica.com/v-2017-chrysler-300--c--3-6l-v6-flex/brakes--rear-brakes,82,DISCOVERED,2026-08-01T00:45:41+00:00
tax-f6ae553fd725ee0d158db687,chrysler300-c-36-flex,tax-fe58d7dc636bf7d28bc70121,SUBCATEGORY,Drive Belts,DRIVEBELTS,cooling--drive-belts,https://www.moparamerica.com/v-2017-chrysler-300--c--3-6l-v6-flex/cooling--drive-belts,83,DISCOVERED,2026-08-01T00:45:41+00:00
tax-a7ede77ffc6b7433f5f51689,chrysler300-c-36-flex,tax-fe58d7dc636bf7d28bc70121,SUBCATEGORY,Engine Coolant Reservoir (Bottle),ENGINECOOLANTRESERVOIRBOTTLE,cooling--engine-coolant-reservoir-bottle,https://www.moparamerica.com/v-2017-chrysler-300--c--3-6l-v6-flex/cooling--engine-coolant-reservoir-bottle,84,DISCOVERED,2026-08-01T00:45:41+00:00
tax-feebb28d51b7dcd1d8dad0c7,chrysler300-c-36-flex,tax-fe58d7dc636bf7d28bc70121,SUBCATEGORY,Pulleys and Related Parts,PULLEYSANDRELATEDPARTS,cooling--pulleys-and-related-parts,https://www.moparamerica.com/v-2017-chrysler-300--c--3-6l-v6-flex/cooling--pulleys-and-related-parts,85,DISCOVERED,2026-08-01T00:45:41+00:00
tax-0c65252fb4fa6cfa618eaa6d,chrysler300-c-36-flex,tax-fe58d7dc636bf7d28bc70121,SUBCATEGORY,Radiator and Related Parts; Charge Air Cooler,RADIATORANDRELATEDPARTSCHARGEAIRCOOLER,cooling--radiator-and-related-parts-charge-air-cooler,https://www.moparamerica.com/v-2017-chrysler-300--c--3-6l-v6-flex/cooling--radiator-and-related-parts-charge-air-cooler,86,DISCOVERED,2026-08-01T00:45:41+00:00
tax-22d3184bc07091f861850c68,chrysler300-c-36-flex,tax-fe58d7dc636bf7d28bc70121,SUBCATEGORY,"Transmission Oil Cooler, and Lines",TRANSMISSIONOILCOOLERANDLINES,cooling--transmission-oil-cooler-and-lines,https://www.moparamerica.com/v-2017-chrysler-300--c--3-6l-v6-flex/cooling--transmission-oil-cooler-and-lines,87,DISCOVERED,2026-08-01T00:45:41+00:00
tax-17159189baeb3d902028d8bf,chrysler300-c-36-flex,tax-fe58d7dc636bf7d28bc70121,SUBCATEGORY,Water Pump and Related Parts,WATERPUMPANDRELATEDPARTS,cooling--water-pump-and-related-parts,https://www.moparamerica.com/v-2017-chrysler-300--c--3-6l-v6-flex/cooling--water-pump-and-related-parts,88,DISCOVERED,2026-08-01T00:45:41+00:00
tax-3f6f579fdbe16d325ff22686,chrysler300-c-36-flex,tax-6c2a0a8e1dd83c94e4bf2072,SUBCATEGORY,Exterior Mirror,EXTERIORMIRROR,doors-door-mirrors-and-related-parts--exterior-mirror,https://www.moparamerica.com/v-2017-chrysler-300--c--3-6l-v6-flex/doors-door-mirrors-and-related-parts--exterior-mirror,89,DISCOVERED,2026-08-01T00:45:41+00:00
tax-9f5cca2e7654a1e29d176c1b,chrysler300-c-36-flex,tax-6c2a0a8e1dd83c94e4bf2072,SUBCATEGORY,Front Door,FRONTDOOR,doors-door-mirrors-and-related-parts--front-door,https://www.moparamerica.com/v-2017-chrysler-300--c--3-6l-v6-flex/doors-door-mirrors-and-related-parts--front-door,90,DISCOVERED,2026-08-01T00:45:41+00:00
tax-8690472caebf3401d7d6cb02,chrysler300-c-36-flex,tax-6c2a0a8e1dd83c94e4bf2072,SUBCATEGORY,Rear Door,REARDOOR,doors-door-mirrors-and-related-parts--rear-door,https://www.moparamerica.com/v-2017-chrysler-300--c--3-6l-v6-flex/doors-door-mirrors-and-related-parts--rear-door,91,DISCOVERED,2026-08-01T00:45:41+00:00
tax-6a92ab2054cda387e24a7ef7,chrysler300-c-36-flex,tax-6c2a0a8e1dd83c94e4bf2072,SUBCATEGORY,Weatherstrips and Seals,WEATHERSTRIPSANDSEALS,doors-door-mirrors-and-related-parts--weatherstrips-and-seals,https://www.moparamerica.com/v-2017-chrysler-300--c--3-6l-v6-flex/doors-door-mirrors-and-related-parts--weatherstrips-and-seals,92,DISCOVERED,2026-08-01T00:45:41+00:00
tax-bbb1315d258e7d9275c2b3d0,chrysler300-c-36-flex,tax-0df16e0b438b8d47bfd217d1,SUBCATEGORY,"Battery, Battery Tray and Cables",BATTERYBATTERYTRAYANDCABLES,electrical--battery-battery-tray-and-cables,https://www.moparamerica.com/v-2017-chrysler-300--c--3-6l-v6-flex/electrical--battery-battery-tray-and-cables,93,DISCOVERED,2026-08-01T00:45:41+00:00
tax-797b2593a68a58dfd598373f,chrysler300-c-36-flex,tax-0df16e0b438b8d47bfd217d1,SUBCATEGORY,Generators / Alternators,GENERATORSALTERNATORS,electrical--generators-alternators,https://www.moparamerica.com/v-2017-chrysler-300--c--3-6l-v6-flex/electrical--generators-alternators,94,DISCOVERED,2026-08-01T00:45:41+00:00
tax-88c9f4cf56d062a8b251989d,chrysler300-c-36-flex,tax-0df16e0b438b8d47bfd217d1,SUBCATEGORY,Horns,HORNS,electrical--horns,https://www.moparamerica.com/v-2017-chrysler-300--c--3-6l-v6-flex/electrical--horns,95,DISCOVERED,2026-08-01T00:45:41+00:00
tax-819f367db2ca66598c1205f5,chrysler300-c-36-flex,tax-0df16e0b438b8d47bfd217d1,SUBCATEGORY,"Ignition - Spark Plugs, Cables, Coils, and Glow Plugs",IGNITIONSPARKPLUGSCABLESCOILSANDGLOWPLUGS,electrical--ignition-spark-plugs-cables-coils-and-glow-plugs,https://www.moparamerica.com/v-2017-chrysler-300--c--3-6l-v6-flex/electrical--ignition-spark-plugs-cables-coils-and-glow-plugs,96,DISCOVERED,2026-08-01T00:45:41+00:00
tax-358be835820efdde7fbc738c,chrysler300-c-36-flex,tax-0df16e0b438b8d47bfd217d1,SUBCATEGORY,Instrument Panel Cluster,INSTRUMENTPANELCLUSTER,electrical--instrument-panel-cluster,https://www.moparamerica.com/v-2017-chrysler-300--c--3-6l-v6-flex/electrical--instrument-panel-cluster,97,DISCOVERED,2026-08-01T00:45:41+00:00
tax-d006a24fff8c45aa949c1a35,chrysler300-c-36-flex,tax-0df16e0b438b8d47bfd217d1,SUBCATEGORY,"Keys, Modules and Engine Controllers",KEYSMODULESANDENGINECONTROLLERS,electrical--keys-modules-and-engine-controllers,https://www.moparamerica.com/v-2017-chrysler-300--c--3-6l-v6-flex/electrical--keys-modules-and-engine-controllers,98,DISCOVERED,2026-08-01T00:45:41+00:00
tax-7e98b1cbefd2fbc58370bbf1,chrysler300-c-36-flex,tax-0df16e0b438b8d47bfd217d1,SUBCATEGORY,Lamps-Interior and Exterior,LAMPSINTERIORANDEXTERIOR,electrical--lamps-interior-and-exterior,https://www.moparamerica.com/v-2017-chrysler-300--c--3-6l-v6-flex/electrical--lamps-interior-and-exterior,99,DISCOVERED,2026-08-01T00:45:41+00:00
tax-6d04a42fe7d8efca80559bcf,chrysler300-c-36-flex,tax-0df16e0b438b8d47bfd217d1,SUBCATEGORY,Park Assist,PARKASSIST,electrical--park-assist,https://www.moparamerica.com/v-2017-chrysler-300--c--3-6l-v6-flex/electrical--park-assist,100,DISCOVERED,2026-08-01T00:45:41+00:00
tax-2fefb0ba4850a790ce89ea3f,chrysler300-c-36-flex,tax-0df16e0b438b8d47bfd217d1,SUBCATEGORY,"Power Distribution Center, Fuse Block, Junction Block, Relays and Fuses",POWERDISTRIBUTIONCENTERFUSEBLOCKJUNCTIONBLOCKRELAYSANDFUSES,electrical--power-distribution-center-fuse-block-junction-block-relays-and-fuses,https://www.moparamerica.com/v-2017-chrysler-300--c--3-6l-v6-flex/electrical--power-distribution-center-fuse-block-junction-block-relays-and-fuses,101,DISCOVERED,2026-08-01T00:45:41+00:00
tax-cd68301c7777529447d42984,chrysler300-c-36-flex,tax-0df16e0b438b8d47bfd217d1,SUBCATEGORY,"Radio, Antenna, Speakers, DVD, and Video systems",RADIOANTENNASPEAKERSDVDANDVIDEOSYSTEMS,electrical--radio-antenna-speakers-dvd-and-video-systems,https://www.moparamerica.com/v-2017-chrysler-300--c--3-6l-v6-flex/electrical--radio-antenna-speakers-dvd-and-video-systems,102,DISCOVERED,2026-08-01T00:45:41+00:00
tax-f9ef5af2690472c788846da6,chrysler300-c-36-flex,tax-0df16e0b438b8d47bfd217d1,SUBCATEGORY,Sensors,SENSORS,electrical--sensors,https://www.moparamerica.com/v-2017-chrysler-300--c--3-6l-v6-flex/electrical--sensors,103,DISCOVERED,2026-08-01T00:45:41+00:00
tax-c0bba4c3cd432f584b7102fb,chrysler300-c-36-flex,tax-0df16e0b438b8d47bfd217d1,SUBCATEGORY,Speed Control,SPEEDCONTROL,electrical--speed-control,https://www.moparamerica.com/v-2017-chrysler-300--c--3-6l-v6-flex/electrical--speed-control,104,DISCOVERED,2026-08-01T00:45:41+00:00
tax-ac08443c92a2cb57ae6e0214,chrysler300-c-36-flex,tax-0df16e0b438b8d47bfd217d1,SUBCATEGORY,Starters,STARTERS,electrical--starters,https://www.moparamerica.com/v-2017-chrysler-300--c--3-6l-v6-flex/electrical--starters,105,DISCOVERED,2026-08-01T00:45:41+00:00
tax-78ca008d703032e1585475f8,chrysler300-c-36-flex,tax-0df16e0b438b8d47bfd217d1,SUBCATEGORY,Switches,SWITCHES,electrical--switches,https://www.moparamerica.com/v-2017-chrysler-300--c--3-6l-v6-flex/electrical--switches,106,DISCOVERED,2026-08-01T00:45:41+00:00
tax-5c1180bae101294f202cb98c,chrysler300-c-36-flex,tax-0df16e0b438b8d47bfd217d1,SUBCATEGORY,Wiper and Washer System,WIPERANDWASHERSYSTEM,electrical--wiper-and-washer-system,https://www.moparamerica.com/v-2017-chrysler-300--c--3-6l-v6-flex/electrical--wiper-and-washer-system,107,DISCOVERED,2026-08-01T00:45:41+00:00
tax-912eaefda519a6ab1e525062,chrysler300-c-36-flex,tax-0df16e0b438b8d47bfd217d1,SUBCATEGORY,Wiring-Body and Accessories,WIRINGBODYANDACCESSORIES,electrical--wiring-body-and-accessories,https://www.moparamerica.com/v-2017-chrysler-300--c--3-6l-v6-flex/electrical--wiring-body-and-accessories,108,DISCOVERED,2026-08-01T00:45:41+00:00
tax-644713ba14a91a8d688c6c04,chrysler300-c-36-flex,tax-0df16e0b438b8d47bfd217d1,SUBCATEGORY,Wiring-Headlamp to Dash,WIRINGHEADLAMPTODASH,electrical--wiring-headlamp-to-dash,https://www.moparamerica.com/v-2017-chrysler-300--c--3-6l-v6-flex/electrical--wiring-headlamp-to-dash,109,DISCOVERED,2026-08-01T00:45:41+00:00
tax-a20f1d6ac2122bcd6a7bc99b,chrysler300-c-36-flex,tax-0df16e0b438b8d47bfd217d1,SUBCATEGORY,Wiring-Instrument Panel,WIRINGINSTRUMENTPANEL,electrical--wiring-instrument-panel,https://www.moparamerica.com/v-2017-chrysler-300--c--3-6l-v6-flex/electrical--wiring-instrument-panel,110,DISCOVERED,2026-08-01T00:45:41+00:00
tax-1e68131de4a431ca32b03ead,chrysler300-c-36-flex,tax-0df16e0b438b8d47bfd217d1,SUBCATEGORY,Wiring-Powertrain,WIRINGPOWERTRAIN,electrical--wiring-powertrain,https://www.moparamerica.com/v-2017-chrysler-300--c--3-6l-v6-flex/electrical--wiring-powertrain,111,DISCOVERED,2026-08-01T00:45:41+00:00
tax-3666ffc09d011513d6515d48,chrysler300-c-36-flex,tax-8051c9c3226ec6ef27e13d34,SUBCATEGORY,Emission Harness,EMISSIONHARNESS,emission-controls--emission-harness,https://www.moparamerica.com/v-2017-chrysler-300--c--3-6l-v6-flex/emission-controls--emission-harness,112,DISCOVERED,2026-08-01T00:45:41+00:00
tax-ad0f602d0e414f4c0b85cb13,chrysler300-c-36-flex,tax-8051c9c3226ec6ef27e13d34,SUBCATEGORY,Vacuum Canister/Leak Detection Pump,VACUUMCANISTERLEAKDETECTIONPUMP,emission-controls--vacuum-canister-leak-detection-pump,https://www.moparamerica.com/v-2017-chrysler-300--c--3-6l-v6-flex/emission-controls--vacuum-canister-leak-detection-pump,113,DISCOVERED,2026-08-01T00:45:41+00:00
tax-b13ce2f92ef5b8b45693c3c5,chrysler300-c-36-flex,tax-7a2487a6413040f1609337eb,SUBCATEGORY,Exhaust System,EXHAUSTSYSTEM,exhaust--exhaust-system,https://www.moparamerica.com/v-2017-chrysler-300--c--3-6l-v6-flex/exhaust--exhaust-system,114,DISCOVERED,2026-08-01T00:45:41+00:00
tax-d8a1addf71d1dec7520b649e,chrysler300-c-36-flex,tax-3a00b177f086f3c147c2f665,SUBCATEGORY,Grilles,GRILLES,exterior-ornamentation--grilles,https://www.moparamerica.com/v-2017-chrysler-300--c--3-6l-v6-flex/exterior-ornamentation--grilles,115,DISCOVERED,2026-08-01T00:45:41+00:00
tax-5ae5c5cae88c1d52c28ed4b7,chrysler300-c-36-flex,tax-3a00b177f086f3c147c2f665,SUBCATEGORY,Moldings and Ornamentation,MOLDINGSANDORNAMENTATION,exterior-ornamentation--moldings-and-ornamentation,https://www.moparamerica.com/v-2017-chrysler-300--c--3-6l-v6-flex/exterior-ornamentation--moldings-and-ornamentation,116,DISCOVERED,2026-08-01T00:45:41+00:00
tax-31cb22054cacc4e2ce04a3c2,chrysler300-c-36-flex,tax-3a00b177f086f3c147c2f665,SUBCATEGORY,Nameplates,NAMEPLATES,exterior-ornamentation--nameplates,https://www.moparamerica.com/v-2017-chrysler-300--c--3-6l-v6-flex/exterior-ornamentation--nameplates,117,DISCOVERED,2026-08-01T00:45:41+00:00
tax-b2acdd76c548b8077ef2cb4c,chrysler300-c-36-flex,tax-4f7bb9ba54c9d508d67f6f69,SUBCATEGORY,Frames,FRAMES,frame-bumper-and-fascia--frames,https://www.moparamerica.com/v-2017-chrysler-300--c--3-6l-v6-flex/frame-bumper-and-fascia--frames,118,DISCOVERED,2026-08-01T00:45:41+00:00
tax-eea23cb215c56144b8a0e2bf,chrysler300-c-36-flex,tax-4f7bb9ba54c9d508d67f6f69,SUBCATEGORY,Front Bumper and Fascia,FRONTBUMPERANDFASCIA,frame-bumper-and-fascia--front-bumper-and-fascia,https://www.moparamerica.com/v-2017-chrysler-300--c--3-6l-v6-flex/frame-bumper-and-fascia--front-bumper-and-fascia,119,DISCOVERED,2026-08-01T00:45:41+00:00
tax-b4faafecabf07b1d8d33601e,chrysler300-c-36-flex,tax-4f7bb9ba54c9d508d67f6f69,SUBCATEGORY,Rear Bumper and Fascia,REARBUMPERANDFASCIA,frame-bumper-and-fascia--rear-bumper-and-fascia,https://www.moparamerica.com/v-2017-chrysler-300--c--3-6l-v6-flex/frame-bumper-and-fascia--rear-bumper-and-fascia,120,DISCOVERED,2026-08-01T00:45:41+00:00
tax-5ef91f7d32c119b7cd48e0c0,chrysler300-c-36-flex,tax-b222ff5102d9b33a22a7743d,SUBCATEGORY,Front Stabilizer Bar,FRONTSTABILIZERBAR,front-suspension--front-stabilizer-bar,https://www.moparamerica.com/v-2017-chrysler-300--c--3-6l-v6-flex/front-suspension--front-stabilizer-bar,121,DISCOVERED,2026-08-01T00:45:41+00:00
tax-d7227c54ade32d008aa698ec,chrysler300-c-36-flex,tax-b222ff5102d9b33a22a7743d,SUBCATEGORY,"Front Suspension, Strut and Cradle",FRONTSUSPENSIONSTRUTANDCRADLE,front-suspension--front-suspension-strut-and-cradle,https://www.moparamerica.com/v-2017-chrysler-300--c--3-6l-v6-flex/front-suspension--front-suspension-strut-and-cradle,122,DISCOVERED,2026-08-01T00:45:41+00:00
tax-65fc573fbcb0dcf91f3f8c64,chrysler300-c-36-flex,tax-2399fbabd7a400d91fcc3b0c,SUBCATEGORY,Accelerator Pedal,ACCELERATORPEDAL,fuel--accelerator-pedal,https://www.moparamerica.com/v-2017-chrysler-300--c--3-6l-v6-flex/fuel--accelerator-pedal,123,DISCOVERED,2026-08-01T00:45:41+00:00
tax-34ec5d5047d5d40463262e8a,chrysler300-c-36-flex,tax-2399fbabd7a400d91fcc3b0c,SUBCATEGORY,Air Cleaner,AIRCLEANER,fuel--air-cleaner,https://www.moparamerica.com/v-2017-chrysler-300--c--3-6l-v6-flex/fuel--air-cleaner,124,DISCOVERED,2026-08-01T00:45:41+00:00
tax-ee8be7b13e9bddbbb4411fe3,chrysler300-c-36-flex,tax-2399fbabd7a400d91fcc3b0c,SUBCATEGORY,Fuel Lines,FUELLINES,fuel--fuel-lines,https://www.moparamerica.com/v-2017-chrysler-300--c--3-6l-v6-flex/fuel--fuel-lines,125,DISCOVERED,2026-08-01T00:45:41+00:00
tax-6bf198780577981b6aee5a51,chrysler300-c-36-flex,tax-2399fbabd7a400d91fcc3b0c,SUBCATEGORY,Fuel Pump and Sending Unit,FUELPUMPANDSENDINGUNIT,fuel--fuel-pump-and-sending-unit,https://www.moparamerica.com/v-2017-chrysler-300--c--3-6l-v6-flex/fuel--fuel-pump-and-sending-unit,126,DISCOVERED,2026-08-01T00:45:41+00:00
tax-47688c634db4cb66abd48a94,chrysler300-c-36-flex,tax-2399fbabd7a400d91fcc3b0c,SUBCATEGORY,Fuel Rail and Injectors,FUELRAILANDINJECTORS,fuel--fuel-rail-and-injectors,https://www.moparamerica.com/v-2017-chrysler-300--c--3-6l-v6-flex/fuel--fuel-rail-and-injectors,127,DISCOVERED,2026-08-01T00:45:41+00:00
tax-2a1e35ba4d059046db69a24f,chrysler300-c-36-flex,tax-2399fbabd7a400d91fcc3b0c,SUBCATEGORY,Fuel Tank,FUELTANK,fuel--fuel-tank,https://www.moparamerica.com/v-2017-chrysler-300--c--3-6l-v6-flex/fuel--fuel-tank,128,DISCOVERED,2026-08-01T00:45:41+00:00
tax-12d54f08714e48bcc091d698,chrysler300-c-36-flex,tax-2399fbabd7a400d91fcc3b0c,SUBCATEGORY,Fuel Tank Filler Tube,FUELTANKFILLERTUBE,fuel--fuel-tank-filler-tube,https://www.moparamerica.com/v-2017-chrysler-300--c--3-6l-v6-flex/fuel--fuel-tank-filler-tube,129,DISCOVERED,2026-08-01T00:45:41+00:00
tax-3ff63c9e9ccbe8dbeb47aa66,chrysler300-c-36-flex,tax-2399fbabd7a400d91fcc3b0c,SUBCATEGORY,Throttle Body,THROTTLEBODY,fuel--throttle-body,https://www.moparamerica.com/v-2017-chrysler-300--c--3-6l-v6-flex/fuel--throttle-body,130,DISCOVERED,2026-08-01T00:45:41+00:00
tax-481d84f59cccc63dc1010baa,chrysler300-c-36-flex,tax-245f8e9c8fbb92a563cd09ce,SUBCATEGORY,Glass and Interior Rear View Mirror,GLASSANDINTERIORREARVIEWMIRROR,glass--glass-and-interior-rear-view-mirror,https://www.moparamerica.com/v-2017-chrysler-300--c--3-6l-v6-flex/glass--glass-and-interior-rear-view-mirror,131,DISCOVERED,2026-08-01T00:45:41+00:00
tax-cdef7c439149d08deb69d4a6,chrysler300-c-36-flex,tax-f638e3c918e0af3c46a33516,SUBCATEGORY,"Carpets, Floor Mats, Load Floor, and Silencers",CARPETSFLOORMATSLOADFLOORANDSILENCERS,interior-trim--carpets-floor-mats-load-floor-and-silencers,https://www.moparamerica.com/v-2017-chrysler-300--c--3-6l-v6-flex/interior-trim--carpets-floor-mats-load-floor-and-silencers,132,DISCOVERED,2026-08-01T00:45:41+00:00
tax-9c37ad012fabbb03b48a738f,chrysler300-c-36-flex,tax-f638e3c918e0af3c46a33516,SUBCATEGORY,Consoles,CONSOLES,interior-trim--consoles,https://www.moparamerica.com/v-2017-chrysler-300--c--3-6l-v6-flex/interior-trim--consoles,133,DISCOVERED,2026-08-01T00:45:41+00:00
tax-56bbd5f2d0838b92ba665ab9,chrysler300-c-36-flex,tax-f638e3c918e0af3c46a33516,SUBCATEGORY,Door Trim Panels-Front and Rear,DOORTRIMPANELSFRONTANDREAR,interior-trim--door-trim-panels-front-and-rear,https://www.moparamerica.com/v-2017-chrysler-300--c--3-6l-v6-flex/interior-trim--door-trim-panels-front-and-rear,134,DISCOVERED,2026-08-01T00:45:41+00:00
tax-3533755f54ca405de4913330,chrysler300-c-36-flex,tax-f638e3c918e0af3c46a33516,SUBCATEGORY,"Front Seats - Adjusters, Recliners, Shields and Risers",FRONTSEATSADJUSTERSRECLINERSSHIELDSANDRISERS,interior-trim--front-seats-adjusters-recliners-shields-and-risers,https://www.moparamerica.com/v-2017-chrysler-300--c--3-6l-v6-flex/interior-trim--front-seats-adjusters-recliners-shields-and-risers,135,DISCOVERED,2026-08-01T00:45:41+00:00
tax-3938b7291e0406f4c734cf44,chrysler300-c-36-flex,tax-f638e3c918e0af3c46a33516,SUBCATEGORY,Front Seats - First Row,FRONTSEATSFIRSTROW,interior-trim--front-seats-first-row,https://www.moparamerica.com/v-2017-chrysler-300--c--3-6l-v6-flex/interior-trim--front-seats-first-row,136,DISCOVERED,2026-08-01T00:45:41+00:00
tax-26ce3f6b837b2f4b687149d8,chrysler300-c-36-flex,tax-f638e3c918e0af3c46a33516,SUBCATEGORY,Headliners-Visors-Assist Straps,HEADLINERSVISORSASSISTSTRAPS,interior-trim--headliners-visors-assist-straps,https://www.moparamerica.com/v-2017-chrysler-300--c--3-6l-v6-flex/interior-trim--headliners-visors-assist-straps,137,DISCOVERED,2026-08-01T00:45:41+00:00
tax-550f36e8ff842a347be92dda,chrysler300-c-36-flex,tax-f638e3c918e0af3c46a33516,SUBCATEGORY,Instrument Panel,INSTRUMENTPANEL,interior-trim--instrument-panel,https://www.moparamerica.com/v-2017-chrysler-300--c--3-6l-v6-flex/interior-trim--instrument-panel,138,DISCOVERED,2026-08-01T00:45:41+00:00
tax-0aa8e5cdb99d662c1acb1c7e,chrysler300-c-36-flex,tax-f638e3c918e0af3c46a33516,SUBCATEGORY,"Panels-Moldings-Scuff Plates, Pillar, Cowl, 1/4 Panel Trim and Cargo Covers",PANELSMOLDINGSSCUFFPLATESPILLARCOWL14PANELTRIMANDCARGOCOVERS,interior-trim--panels-moldings-scuff-plates-pillar-cowl-1-4-panel-trim-and-cargo-covers,https://www.moparamerica.com/v-2017-chrysler-300--c--3-6l-v6-flex/interior-trim--panels-moldings-scuff-plates-pillar-cowl-1-4-panel-trim-and-cargo-covers,139,DISCOVERED,2026-08-01T00:45:41+00:00
tax-4a7ba74c8eac5ffbc92f7dc9,chrysler300-c-36-flex,tax-f638e3c918e0af3c46a33516,SUBCATEGORY,Rear Seats - Second Row,REARSEATSSECONDROW,interior-trim--rear-seats-second-row,https://www.moparamerica.com/v-2017-chrysler-300--c--3-6l-v6-flex/interior-trim--rear-seats-second-row,140,DISCOVERED,2026-08-01T00:45:41+00:00
tax-4bf0a9d2df58cb15269f7aae,chrysler300-c-36-flex,tax-f638e3c918e0af3c46a33516,SUBCATEGORY,"Rear Seats - Second Row - Adjusters, Recliners, Shields and Risers",REARSEATSSECONDROWADJUSTERSRECLINERSSHIELDSANDRISERS,interior-trim--rear-seats-second-row-adjusters-recliners-shields-and-risers,https://www.moparamerica.com/v-2017-chrysler-300--c--3-6l-v6-flex/interior-trim--rear-seats-second-row-adjusters-recliners-shields-and-risers,141,DISCOVERED,2026-08-01T00:45:41+00:00
tax-5e39d1b2d6bb0a865a3d75a3,chrysler300-c-36-flex,tax-c036dda6a6b448719df008e0,SUBCATEGORY,Exterior,EXTERIOR,labels--exterior,https://www.moparamerica.com/v-2017-chrysler-300--c--3-6l-v6-flex/labels--exterior,142,DISCOVERED,2026-08-01T00:45:41+00:00
tax-fac56329bfdcadd46738d3b5,chrysler300-c-36-flex,tax-c036dda6a6b448719df008e0,SUBCATEGORY,Trunk,TRUNK,labels--trunk,https://www.moparamerica.com/v-2017-chrysler-300--c--3-6l-v6-flex/labels--trunk,143,DISCOVERED,2026-08-01T00:45:41+00:00
tax-016407ec9e4223a4379286bc,chrysler300-c-36-flex,tax-c036dda6a6b448719df008e0,SUBCATEGORY,Under Hood,UNDERHOOD,labels--under-hood,https://www.moparamerica.com/v-2017-chrysler-300--c--3-6l-v6-flex/labels--under-hood,144,DISCOVERED,2026-08-01T00:45:41+00:00
tax-77886e5229b27e669d983a8f,chrysler300-c-36-flex,tax-eb3e7949c12823dd085c2449,SUBCATEGORY,Audio and Electronics,AUDIOANDELECTRONICS,mopar-accessories-component-parts--audio-and-electronics,https://www.moparamerica.com/v-2017-chrysler-300--c--3-6l-v6-flex/mopar-accessories-component-parts--audio-and-electronics,145,DISCOVERED,2026-08-01T00:45:41+00:00
tax-b3c16adcd90d52f5d1ce7e4a,chrysler300-c-36-flex,tax-eb3e7949c12823dd085c2449,SUBCATEGORY,Driver Convenience,DRIVERCONVENIENCE,mopar-accessories-component-parts--driver-convenience,https://www.moparamerica.com/v-2017-chrysler-300--c--3-6l-v6-flex/mopar-accessories-component-parts--driver-convenience,146,DISCOVERED,2026-08-01T00:45:41+00:00
tax-79b910adeaaed52b33faeb07,chrysler300-c-36-flex,tax-eb3e7949c12823dd085c2449,SUBCATEGORY,Exterior Appearance,EXTERIORAPPEARANCE,mopar-accessories-component-parts--exterior-appearance,https://www.moparamerica.com/v-2017-chrysler-300--c--3-6l-v6-flex/mopar-accessories-component-parts--exterior-appearance,147,DISCOVERED,2026-08-01T00:45:41+00:00
tax-1b78903db9ffcdc62d43b6c0,chrysler300-c-36-flex,tax-eb3e7949c12823dd085c2449,SUBCATEGORY,Fog Lights and Electrical,FOGLIGHTSANDELECTRICAL,mopar-accessories-component-parts--fog-lights-and-electrical,https://www.moparamerica.com/v-2017-chrysler-300--c--3-6l-v6-flex/mopar-accessories-component-parts--fog-lights-and-electrical,148,DISCOVERED,2026-08-01T00:45:41+00:00
tax-21c518e31a5a8a870aecb93a,chrysler300-c-36-flex,tax-eb3e7949c12823dd085c2449,SUBCATEGORY,Interior Protection,INTERIORPROTECTION,mopar-accessories-component-parts--interior-protection,https://www.moparamerica.com/v-2017-chrysler-300--c--3-6l-v6-flex/mopar-accessories-component-parts--interior-protection,149,DISCOVERED,2026-08-01T00:45:41+00:00
tax-6b8a403e3989bf68802de220,chrysler300-c-36-flex,tax-eb3e7949c12823dd085c2449,SUBCATEGORY,Powertrain,POWERTRAIN,mopar-accessories-component-parts--powertrain,https://www.moparamerica.com/v-2017-chrysler-300--c--3-6l-v6-flex/mopar-accessories-component-parts--powertrain,150,DISCOVERED,2026-08-01T00:45:41+00:00
tax-bf8a54177cc60a8fbd12342d,chrysler300-c-36-flex,tax-2a97c062f74416d7af0176dc,SUBCATEGORY,"Case, and Extension",CASEANDEXTENSION,power-transfer-unit-transfer-case--case-and-extension,https://www.moparamerica.com/v-2017-chrysler-300--c--3-6l-v6-flex/power-transfer-unit-transfer-case--case-and-extension,151,DISCOVERED,2026-08-01T00:45:41+00:00
tax-bf7feff38cad7b5f5b5c2af6,chrysler300-c-36-flex,tax-2a97c062f74416d7af0176dc,SUBCATEGORY,Gear Train,GEARTRAIN,power-transfer-unit-transfer-case--gear-train,https://www.moparamerica.com/v-2017-chrysler-300--c--3-6l-v6-flex/power-transfer-unit-transfer-case--gear-train,152,DISCOVERED,2026-08-01T00:45:41+00:00
tax-fdd93ff76f6ca05d167c750a,chrysler300-c-36-flex,tax-2a97c062f74416d7af0176dc,SUBCATEGORY,Transfer Case Assembly,TRANSFERCASEASSEMBLY,power-transfer-unit-transfer-case--transfer-case-assembly,https://www.moparamerica.com/v-2017-chrysler-300--c--3-6l-v6-flex/power-transfer-unit-transfer-case--transfer-case-assembly,153,DISCOVERED,2026-08-01T00:45:41+00:00
tax-7f89b7913afa62a2c007c748,chrysler300-c-36-flex,tax-a96ce2bbf13bd04ab8032caf,SUBCATEGORY,Rear Stabilizer,REARSTABILIZER,rear-suspension--rear-stabilizer,https://www.moparamerica.com/v-2017-chrysler-300--c--3-6l-v6-flex/rear-suspension--rear-stabilizer,154,DISCOVERED,2026-08-01T00:45:41+00:00
tax-3c02fed33a9bcd5e8d2e90d4,chrysler300-c-36-flex,tax-a96ce2bbf13bd04ab8032caf,SUBCATEGORY,Rear Suspension and Cradle,REARSUSPENSIONANDCRADLE,rear-suspension--rear-suspension-and-cradle,https://www.moparamerica.com/v-2017-chrysler-300--c--3-6l-v6-flex/rear-suspension--rear-suspension-and-cradle,155,DISCOVERED,2026-08-01T00:45:41+00:00
tax-d9a1738b8c4a84699307192a,chrysler300-c-36-flex,tax-f5d2c7bbd7344fe43b12092b,SUBCATEGORY,Drive Shaft,DRIVESHAFT,rear-wheel-drive-differential-and-drive-line--drive-shaft,https://www.moparamerica.com/v-2017-chrysler-300--c--3-6l-v6-flex/rear-wheel-drive-differential-and-drive-line--drive-shaft,156,DISCOVERED,2026-08-01T00:45:41+00:00
tax-5836beb317961b74d507c1c2,chrysler300-c-36-flex,tax-f5d2c7bbd7344fe43b12092b,SUBCATEGORY,Rear Axle Assembly,REARAXLEASSEMBLY,rear-wheel-drive-differential-and-drive-line--rear-axle-assembly,https://www.moparamerica.com/v-2017-chrysler-300--c--3-6l-v6-flex/rear-wheel-drive-differential-and-drive-line--rear-axle-assembly,157,DISCOVERED,2026-08-01T00:45:41+00:00
tax-abfc289cbb3f478308ca0cb7,chrysler300-c-36-flex,tax-f5d2c7bbd7344fe43b12092b,SUBCATEGORY,"Rear Axle; Housing, Differential and Vent",REARAXLEHOUSINGDIFFERENTIALANDVENT,rear-wheel-drive-differential-and-drive-line--rear-axle-housing-differential-and-vent,https://www.moparamerica.com/v-2017-chrysler-300--c--3-6l-v6-flex/rear-wheel-drive-differential-and-drive-line--rear-axle-housing-differential-and-vent,158,DISCOVERED,2026-08-01T00:45:41+00:00
tax-05bd6a801f3b500f4686817c,chrysler300-c-36-flex,tax-f5d2c7bbd7344fe43b12092b,SUBCATEGORY,Rear Axle Shafts,REARAXLESHAFTS,rear-wheel-drive-differential-and-drive-line--rear-axle-shafts,https://www.moparamerica.com/v-2017-chrysler-300--c--3-6l-v6-flex/rear-wheel-drive-differential-and-drive-line--rear-axle-shafts,159,DISCOVERED,2026-08-01T00:45:41+00:00
tax-8f9c423c92684c8b714c8294,chrysler300-c-36-flex,tax-4dbf746901c108add4bd16d4,SUBCATEGORY,Air Bags,AIRBAGS,restraints--air-bags,https://www.moparamerica.com/v-2017-chrysler-300--c--3-6l-v6-flex/restraints--air-bags,160,DISCOVERED,2026-08-01T00:45:41+00:00
tax-c4233e7ae9568ac08417b5b8,chrysler300-c-36-flex,tax-4dbf746901c108add4bd16d4,SUBCATEGORY,Seat Belts,SEATBELTS,restraints--seat-belts,https://www.moparamerica.com/v-2017-chrysler-300--c--3-6l-v6-flex/restraints--seat-belts,161,DISCOVERED,2026-08-01T00:45:41+00:00
tax-91f41683fd904c47ac5bcff2,chrysler300-c-36-flex,tax-3c901743198d2971fb146cfd,SUBCATEGORY,Steering Column and Intermediate Shaft,STEERINGCOLUMNANDINTERMEDIATESHAFT,steering--steering-column-and-intermediate-shaft,https://www.moparamerica.com/v-2017-chrysler-300--c--3-6l-v6-flex/steering--steering-column-and-intermediate-shaft,162,DISCOVERED,2026-08-01T00:45:41+00:00
tax-ff1699a65c5ac8e407c2892e,chrysler300-c-36-flex,tax-3c901743198d2971fb146cfd,SUBCATEGORY,Steering Gear,STEERINGGEAR,steering--steering-gear,https://www.moparamerica.com/v-2017-chrysler-300--c--3-6l-v6-flex/steering--steering-gear,163,DISCOVERED,2026-08-01T00:45:41+00:00
tax-5d8c9979346ac5d4ef2e20d9,chrysler300-c-36-flex,tax-3c901743198d2971fb146cfd,SUBCATEGORY,Steering Wheel,STEERINGWHEEL,steering--steering-wheel,https://www.moparamerica.com/v-2017-chrysler-300--c--3-6l-v6-flex/steering--steering-wheel,164,DISCOVERED,2026-08-01T00:45:41+00:00
tax-7d3b49d287713e431b9fedf6,chrysler300-c-36-flex,tax-c67e615da078533c07904057,SUBCATEGORY,Emergency Kit,EMERGENCYKIT,wheels--emergency-kit,https://www.moparamerica.com/v-2017-chrysler-300--c--3-6l-v6-flex/wheels--emergency-kit,165,DISCOVERED,2026-08-01T00:45:41+00:00
tax-c9e9dafd396b08ae2c06ee38,chrysler300-c-36-flex,tax-c67e615da078533c07904057,SUBCATEGORY,Jack Stowage,JACKSTOWAGE,wheels--jack-stowage,https://www.moparamerica.com/v-2017-chrysler-300--c--3-6l-v6-flex/wheels--jack-stowage,166,DISCOVERED,2026-08-01T00:45:41+00:00
tax-734b61712316df43a02fa46b,chrysler300-c-36-flex,tax-c67e615da078533c07904057,SUBCATEGORY,Tire Monitoring System,TIREMONITORINGSYSTEM,wheels--tire-monitoring-system,https://www.moparamerica.com/v-2017-chrysler-300--c--3-6l-v6-flex/wheels--tire-monitoring-system,167,DISCOVERED,2026-08-01T00:45:41+00:00
tax-27994f9eb9bf7ff208437898,chrysler300-c-36-flex,tax-c67e615da078533c07904057,SUBCATEGORY,Wheel Covers and Center Caps,WHEELCOVERSANDCENTERCAPS,wheels--wheel-covers-and-center-caps,https://www.moparamerica.com/v-2017-chrysler-300--c--3-6l-v6-flex/wheels--wheel-covers-and-center-caps,168,DISCOVERED,2026-08-01T00:45:41+00:00
tax-cb9dc087acc9863fb7601fdf,chrysler300-c-36-flex,tax-c67e615da078533c07904057,SUBCATEGORY,Wheel Spare,WHEELSPARE,wheels--wheel-spare,https://www.moparamerica.com/v-2017-chrysler-300--c--3-6l-v6-flex/wheels--wheel-spare,169,DISCOVERED,2026-08-01T00:45:41+00:00
tax-bf701dd06b9e0d887f50be5c,chrysler300-c-36-flex,tax-c67e615da078533c07904057,SUBCATEGORY,"Wheels, Tires and Hardware",WHEELSTIRESANDHARDWARE,wheels--wheels-tires-and-hardware,https://www.moparamerica.com/v-2017-chrysler-300--c--3-6l-v6-flex/wheels--wheels-tires-and-hardware,170,DISCOVERED,2026-08-01T00:45:41+00:00
tax-8faacc2168541d7f556fbd96,chrysler300-c-36-gas,,CATEGORY,3 0L Gas Engine,3-0L-GAS-ENGINE,3-0l-gas-engine,https://www.moparamerica.com/v-2017-chrysler-300--c--3-6l-v6-gas/#cat-3-0l-gas-engine,5,DISCOVERED,2026-08-01T00:45:41+00:00
tax-d6e59436964bf858c576589e,chrysler300-c-36-gas,,CATEGORY,3 6L Gas Engine,3-6L-GAS-ENGINE,3-6l-gas-engine,https://www.moparamerica.com/v-2017-chrysler-300--c--3-6l-v6-gas/#cat-3-6l-gas-engine,15,DISCOVERED,2026-08-01T00:45:41+00:00
tax-de96a42c4c94a385ff45a551,chrysler300-c-36-gas,,CATEGORY,5 7L Gas Engine,5-7L-GAS-ENGINE,5-7l-gas-engine,https://www.moparamerica.com/v-2017-chrysler-300--c--3-6l-v6-gas/#cat-5-7l-gas-engine,18,DISCOVERED,2026-08-01T00:45:41+00:00
tax-9dd99a90b4de5167a739e350,chrysler300-c-36-gas,,CATEGORY,6 4L Gas Engine,6-4L-GAS-ENGINE,6-4l-gas-engine,https://www.moparamerica.com/v-2017-chrysler-300--c--3-6l-v6-gas/#cat-6-4l-gas-engine,21,DISCOVERED,2026-08-01T00:45:41+00:00
tax-0c3ddfaebf516c04819ec7ab,chrysler300-c-36-gas,,CATEGORY,845Re 8 Speed Automatic Transmission,845RE-8-SPEED-AUTOMATIC-TRANSMISSION,845re-8-speed-automatic-transmission,https://www.moparamerica.com/v-2017-chrysler-300--c--3-6l-v6-gas/#cat-845re-8-speed-automatic-transmission,27,DISCOVERED,2026-08-01T00:45:41+00:00
tax-ce30d0e7e93779c85c7cb4b9,chrysler300-c-36-gas,,CATEGORY,8Hp70 8 Speed Automatic Transmission,8HP70-8-SPEED-AUTOMATIC-TRANSMISSION,8hp70-8-speed-automatic-transmission,https://www.moparamerica.com/v-2017-chrysler-300--c--3-6l-v6-gas/#cat-8hp70-8-speed-automatic-transmission,30,DISCOVERED,2026-08-01T00:45:41+00:00
tax-58aba5c3e1f8f261b4e8adb7,chrysler300-c-36-gas,,CATEGORY,Accessories Audio Video And Electronics Accessories,ACCESSORIES-AUDIO-VIDEO-AND-ELECTRONICS-ACCESSORIES,accessories-audio-video-and-electronics-accessories,https://www.moparamerica.com/v-2017-chrysler-300--c--3-6l-v6-gas/#cat-accessories-audio-video-and-electronics-accessories,33,DISCOVERED,2026-08-01T00:45:41+00:00
tax-698d6bcdff4bd32944aca220,chrysler300-c-36-gas,,CATEGORY,Accessories Exterior Accessories,ACCESSORIES-EXTERIOR-ACCESSORIES,accessories-exterior-accessories,https://www.moparamerica.com/v-2017-chrysler-300--c--3-6l-v6-gas/#cat-accessories-exterior-accessories,40,DISCOVERED,2026-08-01T00:45:41+00:00
tax-e98533525e73fe901e52f514,chrysler300-c-36-gas,,CATEGORY,Accessories Interior Accessories,ACCESSORIES-INTERIOR-ACCESSORIES,accessories-interior-accessories,https://www.moparamerica.com/v-2017-chrysler-300--c--3-6l-v6-gas/#cat-accessories-interior-accessories,44,DISCOVERED,2026-08-01T00:45:41+00:00
tax-2e2c00f76eece94eb6afd6e3,chrysler300-c-36-gas,,CATEGORY,Accessories Lifestyle And Off Road Accessories,ACCESSORIES-LIFESTYLE-AND-OFF-ROAD-ACCESSORIES,accessories-lifestyle-and-off-road-accessories,https://www.moparamerica.com/v-2017-chrysler-300--c--3-6l-v6-gas/#cat-accessories-lifestyle-and-off-road-accessories,45,DISCOVERED,2026-08-01T00:45:41+00:00
tax-941d1186b4286771202e2129,chrysler300-c-36-gas,,CATEGORY,Accessories Lighting And Electrical Accessories,ACCESSORIES-LIGHTING-AND-ELECTRICAL-ACCESSORIES,accessories-lighting-and-electrical-accessories,https://www.moparamerica.com/v-2017-chrysler-300--c--3-6l-v6-gas/#cat-accessories-lighting-and-electrical-accessories,46,DISCOVERED,2026-08-01T00:45:41+00:00
tax-2ee4d4b0563cddf0a8883a57,chrysler300-c-36-gas,,CATEGORY,Accessories Modern Performance,ACCESSORIES-MODERN-PERFORMANCE,accessories-modern-performance,https://www.moparamerica.com/v-2017-chrysler-300--c--3-6l-v6-gas/#cat-accessories-modern-performance,49,DISCOVERED,2026-08-01T00:45:41+00:00
tax-c3db412402243620b15b2792,chrysler300-c-36-gas,,CATEGORY,Accessories Performance,ACCESSORIES-PERFORMANCE,accessories-performance,https://www.moparamerica.com/v-2017-chrysler-300--c--3-6l-v6-gas/#cat-accessories-performance,51,DISCOVERED,2026-08-01T00:45:41+00:00
tax-8c3aecada8542f136f21b37c,chrysler300-c-36-gas,,CATEGORY,Accessories Vehicle Care Products,ACCESSORIES-VEHICLE-CARE-PRODUCTS,accessories-vehicle-care-products,https://www.moparamerica.com/v-2017-chrysler-300--c--3-6l-v6-gas/#cat-accessories-vehicle-care-products,53,DISCOVERED,2026-08-01T00:45:41+00:00
tax-0112cb538181dff04d51d964,chrysler300-c-36-gas,,CATEGORY,Air Conditioners And Heaters,AIR-CONDITIONERS-AND-HEATERS,air-conditioners-and-heaters,https://www.moparamerica.com/v-2017-chrysler-300--c--3-6l-v6-gas/#cat-air-conditioners-and-heaters,58,DISCOVERED,2026-08-01T00:45:41+00:00
tax-7264d2e4a7b7c3d4d2b86ff1,chrysler300-c-36-gas,,CATEGORY,All Wheel Drive Differential And Drive Line,ALL-WHEEL-DRIVE-DIFFERENTIAL-AND-DRIVE-LINE,all-wheel-drive-differential-and-drive-line,https://www.moparamerica.com/v-2017-chrysler-300--c--3-6l-v6-gas/#cat-all-wheel-drive-differential-and-drive-line,64,DISCOVERED,2026-08-01T00:45:41+00:00
tax-c9261555acc7c3cd9856adfc,chrysler300-c-36-gas,,CATEGORY,Body Sheet Metal Except Doors,BODY-SHEET-METAL-EXCEPT-DOORS,body-sheet-metal-except-doors,https://www.moparamerica.com/v-2017-chrysler-300--c--3-6l-v6-gas/#cat-body-sheet-metal-except-doors,75,DISCOVERED,2026-08-01T00:45:41+00:00
tax-534519630494d86b33cb0a5c,chrysler300-c-36-gas,,CATEGORY,Brakes,BRAKES,brakes,https://www.moparamerica.com/v-2017-chrysler-300--c--3-6l-v6-gas/#cat-brakes,82,DISCOVERED,2026-08-01T00:45:41+00:00
tax-150696e60c057af6a3861c65,chrysler300-c-36-gas,,CATEGORY,Cooling,COOLING,cooling,https://www.moparamerica.com/v-2017-chrysler-300--c--3-6l-v6-gas/#cat-cooling,88,DISCOVERED,2026-08-01T00:45:41+00:00
tax-b131a25af88f2a769fe83853,chrysler300-c-36-gas,,CATEGORY,Doors Door Mirrors And Related Parts,DOORS-DOOR-MIRRORS-AND-RELATED-PARTS,doors-door-mirrors-and-related-parts,https://www.moparamerica.com/v-2017-chrysler-300--c--3-6l-v6-gas/#cat-doors-door-mirrors-and-related-parts,92,DISCOVERED,2026-08-01T00:45:41+00:00
tax-fb424bdc7a3065c8d67889a1,chrysler300-c-36-gas,,CATEGORY,Electrical,ELECTRICAL,electrical,https://www.moparamerica.com/v-2017-chrysler-300--c--3-6l-v6-gas/#cat-electrical,111,DISCOVERED,2026-08-01T00:45:41+00:00
tax-a1117b08bd5efe7439467332,chrysler300-c-36-gas,,CATEGORY,Emission Controls,EMISSION-CONTROLS,emission-controls,https://www.moparamerica.com/v-2017-chrysler-300--c--3-6l-v6-gas/#cat-emission-controls,113,DISCOVERED,2026-08-01T00:45:41+00:00
tax-6fc5268423ba2f7a5e7742e0,chrysler300-c-36-gas,,CATEGORY,Exhaust,EXHAUST,exhaust,https://www.moparamerica.com/v-2017-chrysler-300--c--3-6l-v6-gas/#cat-exhaust,114,DISCOVERED,2026-08-01T00:45:41+00:00
tax-edcc0bcb713ac619261ae23d,chrysler300-c-36-gas,,CATEGORY,Exterior Ornamentation,EXTERIOR-ORNAMENTATION,exterior-ornamentation,https://www.moparamerica.com/v-2017-chrysler-300--c--3-6l-v6-gas/#cat-exterior-ornamentation,117,DISCOVERED,2026-08-01T00:45:41+00:00
tax-59c7a1bd8e761b29644573ee,chrysler300-c-36-gas,,CATEGORY,Frame Bumper And Fascia,FRAME-BUMPER-AND-FASCIA,frame-bumper-and-fascia,https://www.moparamerica.com/v-2017-chrysler-300--c--3-6l-v6-gas/#cat-frame-bumper-and-fascia,120,DISCOVERED,2026-08-01T00:45:41+00:00
tax-90ba65e6ed484d2362a5cc5f,chrysler300-c-36-gas,,CATEGORY,Front Suspension,FRONT-SUSPENSION,front-suspension,https://www.moparamerica.com/v-2017-chrysler-300--c--3-6l-v6-gas/#cat-front-suspension,122,DISCOVERED,2026-08-01T00:45:41+00:00
tax-061ea27e98c9b66d7fe69d93,chrysler300-c-36-gas,,CATEGORY,Fuel,FUEL,fuel,https://www.moparamerica.com/v-2017-chrysler-300--c--3-6l-v6-gas/#cat-fuel,130,DISCOVERED,2026-08-01T00:45:41+00:00
tax-67351b5ba9260018989b472a,chrysler300-c-36-gas,,CATEGORY,Glass,GLASS,glass,https://www.moparamerica.com/v-2017-chrysler-300--c--3-6l-v6-gas/#cat-glass,131,DISCOVERED,2026-08-01T00:45:41+00:00
tax-218caf45d85514c803a10846,chrysler300-c-36-gas,,CATEGORY,Interior Trim,INTERIOR-TRIM,interior-trim,https://www.moparamerica.com/v-2017-chrysler-300--c--3-6l-v6-gas/#cat-interior-trim,141,DISCOVERED,2026-08-01T00:45:41+00:00
tax-c0448406ae12cd7a76cd2ad7,chrysler300-c-36-gas,,CATEGORY,Labels,LABELS,labels,https://www.moparamerica.com/v-2017-chrysler-300--c--3-6l-v6-gas/#cat-labels,144,DISCOVERED,2026-08-01T00:45:41+00:00
tax-7c7b1365467d258426b8c873,chrysler300-c-36-gas,,CATEGORY,Mopar Accessories Component Parts,MOPAR-ACCESSORIES-COMPONENT-PARTS,mopar-accessories-component-parts,https://www.moparamerica.com/v-2017-chrysler-300--c--3-6l-v6-gas/#cat-mopar-accessories-component-parts,150,DISCOVERED,2026-08-01T00:45:41+00:00
tax-8f8006f5e2ab0458a84913f9,chrysler300-c-36-gas,,CATEGORY,Power Transfer Unit Transfer Case,POWER-TRANSFER-UNIT-TRANSFER-CASE,power-transfer-unit-transfer-case,https://www.moparamerica.com/v-2017-chrysler-300--c--3-6l-v6-gas/#cat-power-transfer-unit-transfer-case,153,DISCOVERED,2026-08-01T00:45:41+00:00
tax-8972cbef6834b4b933cea73f,chrysler300-c-36-gas,,CATEGORY,Rear Suspension,REAR-SUSPENSION,rear-suspension,https://www.moparamerica.com/v-2017-chrysler-300--c--3-6l-v6-gas/#cat-rear-suspension,155,DISCOVERED,2026-08-01T00:45:41+00:00
tax-3b2b1ab0e75b101c2f24a1f3,chrysler300-c-36-gas,,CATEGORY,Rear Wheel Drive Differential And Drive Line,REAR-WHEEL-DRIVE-DIFFERENTIAL-AND-DRIVE-LINE,rear-wheel-drive-differential-and-drive-line,https://www.moparamerica.com/v-2017-chrysler-300--c--3-6l-v6-gas/#cat-rear-wheel-drive-differential-and-drive-line,159,DISCOVERED,2026-08-01T00:45:41+00:00
tax-2dcad3c564ce9c76698eaef1,chrysler300-c-36-gas,,CATEGORY,Restraints,RESTRAINTS,restraints,https://www.moparamerica.com/v-2017-chrysler-300--c--3-6l-v6-gas/#cat-restraints,161,DISCOVERED,2026-08-01T00:45:41+00:00
tax-5ee2c9b5cd28202626f7151d,chrysler300-c-36-gas,,CATEGORY,Steering,STEERING,steering,https://www.moparamerica.com/v-2017-chrysler-300--c--3-6l-v6-gas/#cat-steering,164,DISCOVERED,2026-08-01T00:45:41+00:00
tax-e75b8bf066f486a8e0a7dad3,chrysler300-c-36-gas,,CATEGORY,Wheels,WHEELS,wheels,https://www.moparamerica.com/v-2017-chrysler-300--c--3-6l-v6-gas/#cat-wheels,170,DISCOVERED,2026-08-01T00:45:41+00:00
tax-966573bea424f4d57a8f8020,chrysler300-c-36-gas,tax-8faacc2168541d7f556fbd96,SUBCATEGORY,Cylinder Block,CYLINDERBLOCK,3-0l-gas-engine--cylinder-block,https://www.moparamerica.com/v-2017-chrysler-300--c--3-6l-v6-gas/3-0l-gas-engine--cylinder-block,1,DISCOVERED,2026-08-01T00:45:41+00:00
tax-2d3fca749e2bdf3feb647d93,chrysler300-c-36-gas,tax-8faacc2168541d7f556fbd96,SUBCATEGORY,Cylinder Head,CYLINDERHEAD,3-0l-gas-engine--cylinder-head,https://www.moparamerica.com/v-2017-chrysler-300--c--3-6l-v6-gas/3-0l-gas-engine--cylinder-head,2,DISCOVERED,2026-08-01T00:45:41+00:00
tax-02c0bbd1c7fda79fbc4f3f91,chrysler300-c-36-gas,tax-8faacc2168541d7f556fbd96,SUBCATEGORY,Engine Mounting,ENGINEMOUNTING,3-0l-gas-engine--engine-mounting,https://www.moparamerica.com/v-2017-chrysler-300--c--3-6l-v6-gas/3-0l-gas-engine--engine-mounting,3,DISCOVERED,2026-08-01T00:45:41+00:00
tax-24fec00fc96ed77f8e9d0bb0,chrysler300-c-36-gas,tax-8faacc2168541d7f556fbd96,SUBCATEGORY,"Engine Oiling, Oil Pan and Indicator (Dipstick)",ENGINEOILINGOILPANANDINDICATORDIPSTICK,3-0l-gas-engine--engine-oiling-oil-pan-and-indicator-dipstick,https://www.moparamerica.com/v-2017-chrysler-300--c--3-6l-v6-gas/3-0l-gas-engine--engine-oiling-oil-pan-and-indicator-dipstick,4,DISCOVERED,2026-08-01T00:45:41+00:00
tax-96193d966f0b8ed1f2f735a6,chrysler300-c-36-gas,tax-8faacc2168541d7f556fbd96,SUBCATEGORY,Timing Belt/Chain and Cover and Balance Shaft,TIMINGBELTCHAINANDCOVERANDBALANCESHAFT,3-0l-gas-engine--timing-belt-chain-and-cover-and-balance-shaft,https://www.moparamerica.com/v-2017-chrysler-300--c--3-6l-v6-gas/3-0l-gas-engine--timing-belt-chain-and-cover-and-balance-shaft,5,DISCOVERED,2026-08-01T00:45:41+00:00
tax-eea5ec32423500b601fa1e16,chrysler300-c-36-gas,tax-d6e59436964bf858c576589e,SUBCATEGORY,Camshaft and Valve,CAMSHAFTANDVALVE,3-6l-gas-engine--camshaft-and-valve,https://www.moparamerica.com/v-2017-chrysler-300--c--3-6l-v6-gas/3-6l-gas-engine--camshaft-and-valve,6,DISCOVERED,2026-08-01T00:45:41+00:00
tax-7470394d178dd7804aff89d2,chrysler300-c-36-gas,tax-d6e59436964bf858c576589e,SUBCATEGORY,Crankcase Ventilation,CRANKCASEVENTILATION,3-6l-gas-engine--crankcase-ventilation,https://www.moparamerica.com/v-2017-chrysler-300--c--3-6l-v6-gas/3-6l-gas-engine--crankcase-ventilation,7,DISCOVERED,2026-08-01T00:45:41+00:00
tax-986f06cd012e08b60e9471f0,chrysler300-c-36-gas,tax-d6e59436964bf858c576589e,SUBCATEGORY,"Crankshaft, Piston, Drive Plate, Flywheel, and Damper",CRANKSHAFTPISTONDRIVEPLATEFLYWHEELANDDAMPER,3-6l-gas-engine--crankshaft-piston-drive-plate-flywheel-and-damper,https://www.moparamerica.com/v-2017-chrysler-300--c--3-6l-v6-gas/3-6l-gas-engine--crankshaft-piston-drive-plate-flywheel-and-damper,8,DISCOVERED,2026-08-01T00:45:41+00:00
tax-43e963ce76cc43659e18c56b,chrysler300-c-36-gas,tax-d6e59436964bf858c576589e,SUBCATEGORY,Cylinder Block,CYLINDERBLOCK,3-6l-gas-engine--cylinder-block,https://www.moparamerica.com/v-2017-chrysler-300--c--3-6l-v6-gas/3-6l-gas-engine--cylinder-block,9,DISCOVERED,2026-08-01T00:45:41+00:00
tax-e12b7a864481dfd60e8b55a3,chrysler300-c-36-gas,tax-d6e59436964bf858c576589e,SUBCATEGORY,Cylinder Head,CYLINDERHEAD,3-6l-gas-engine--cylinder-head,https://www.moparamerica.com/v-2017-chrysler-300--c--3-6l-v6-gas/3-6l-gas-engine--cylinder-head,10,DISCOVERED,2026-08-01T00:45:41+00:00
tax-d59d37cf201b8264f6505b3d,chrysler300-c-36-gas,tax-d6e59436964bf858c576589e,SUBCATEGORY,"Engine Identification, Service Engines & Engine Service Kits",ENGINEIDENTIFICATIONSERVICEENGINESENGINESERVICEKITS,3-6l-gas-engine--engine-identification-service-engines-and-engine-service-kits,https://www.moparamerica.com/v-2017-chrysler-300--c--3-6l-v6-gas/3-6l-gas-engine--engine-identification-service-engines-and-engine-service-kits,11,DISCOVERED,2026-08-01T00:45:41+00:00
tax-976c3a957ee8657ecf7af44f,chrysler300-c-36-gas,tax-d6e59436964bf858c576589e,SUBCATEGORY,Engine Mounting,ENGINEMOUNTING,3-6l-gas-engine--engine-mounting,https://www.moparamerica.com/v-2017-chrysler-300--c--3-6l-v6-gas/3-6l-gas-engine--engine-mounting,12,DISCOVERED,2026-08-01T00:45:41+00:00
tax-019712e45a8dec1eeb78adca,chrysler300-c-36-gas,tax-d6e59436964bf858c576589e,SUBCATEGORY,"Engine Oiling, Oil Pan and Indicator (Dipstick)",ENGINEOILINGOILPANANDINDICATORDIPSTICK,3-6l-gas-engine--engine-oiling-oil-pan-and-indicator-dipstick,https://www.moparamerica.com/v-2017-chrysler-300--c--3-6l-v6-gas/3-6l-gas-engine--engine-oiling-oil-pan-and-indicator-dipstick,13,DISCOVERED,2026-08-01T00:45:41+00:00
tax-400a886786ca28ca5a6c7661,chrysler300-c-36-gas,tax-d6e59436964bf858c576589e,SUBCATEGORY,Manifolds and Vacuum Fittings,MANIFOLDSANDVACUUMFITTINGS,3-6l-gas-engine--manifolds-and-vacuum-fittings,https://www.moparamerica.com/v-2017-chrysler-300--c--3-6l-v6-gas/3-6l-gas-engine--manifolds-and-vacuum-fittings,14,DISCOVERED,2026-08-01T00:45:41+00:00
tax-51cfd43740421e30dbfa3cdb,chrysler300-c-36-gas,tax-d6e59436964bf858c576589e,SUBCATEGORY,Timing Belt/Chain and Cover and Balance Shaft,TIMINGBELTCHAINANDCOVERANDBALANCESHAFT,3-6l-gas-engine--timing-belt-chain-and-cover-and-balance-shaft,https://www.moparamerica.com/v-2017-chrysler-300--c--3-6l-v6-gas/3-6l-gas-engine--timing-belt-chain-and-cover-and-balance-shaft,15,DISCOVERED,2026-08-01T00:45:41+00:00
tax-bc202e9cee7a0d9fdbb75671,chrysler300-c-36-gas,tax-de96a42c4c94a385ff45a551,SUBCATEGORY,Camshaft and Valve,CAMSHAFTANDVALVE,5-7l-gas-engine--camshaft-and-valve,https://www.moparamerica.com/v-2017-chrysler-300--c--3-6l-v6-gas/5-7l-gas-engine--camshaft-and-valve,16,DISCOVERED,2026-08-01T00:45:41+00:00
tax-621e0004849e39aa2676221b,chrysler300-c-36-gas,tax-de96a42c4c94a385ff45a551,SUBCATEGORY,Engine Mounting,ENGINEMOUNTING,5-7l-gas-engine--engine-mounting,https://www.moparamerica.com/v-2017-chrysler-300--c--3-6l-v6-gas/5-7l-gas-engine--engine-mounting,17,DISCOVERED,2026-08-01T00:45:41+00:00
tax-b3a64ea495f1c612645c068d,chrysler300-c-36-gas,tax-de96a42c4c94a385ff45a551,SUBCATEGORY,"Engine Oiling, Oil Pan and Indicator (Dipstick)",ENGINEOILINGOILPANANDINDICATORDIPSTICK,5-7l-gas-engine--engine-oiling-oil-pan-and-indicator-dipstick,https://www.moparamerica.com/v-2017-chrysler-300--c--3-6l-v6-gas/5-7l-gas-engine--engine-oiling-oil-pan-and-indicator-dipstick,18,DISCOVERED,2026-08-01T00:45:41+00:00
tax-12c6d7ccea46ac3064799e3c,chrysler300-c-36-gas,tax-9dd99a90b4de5167a739e350,SUBCATEGORY,Camshaft and Valve,CAMSHAFTANDVALVE,6-4l-gas-engine--camshaft-and-valve,https://www.moparamerica.com/v-2017-chrysler-300--c--3-6l-v6-gas/6-4l-gas-engine--camshaft-and-valve,19,DISCOVERED,2026-08-01T00:45:41+00:00
tax-f4215d039ec44b182e380e58,chrysler300-c-36-gas,tax-9dd99a90b4de5167a739e350,SUBCATEGORY,Engine Mounting,ENGINEMOUNTING,6-4l-gas-engine--engine-mounting,https://www.moparamerica.com/v-2017-chrysler-300--c--3-6l-v6-gas/6-4l-gas-engine--engine-mounting,20,DISCOVERED,2026-08-01T00:45:41+00:00
tax-cbf7cef8608db3a7b3317b12,chrysler300-c-36-gas,tax-9dd99a90b4de5167a739e350,SUBCATEGORY,"Engine Oiling, Oil Pan and Indicator (Dipstick)",ENGINEOILINGOILPANANDINDICATORDIPSTICK,6-4l-gas-engine--engine-oiling-oil-pan-and-indicator-dipstick,https://www.moparamerica.com/v-2017-chrysler-300--c--3-6l-v6-gas/6-4l-gas-engine--engine-oiling-oil-pan-and-indicator-dipstick,21,DISCOVERED,2026-08-01T00:45:41+00:00
tax-70f095874dd25dd336663d31,chrysler300-c-36-gas,tax-0c3ddfaebf516c04819ec7ab,SUBCATEGORY,Automatic Transmission / Transaxle and Torque Converter,AUTOMATICTRANSMISSIONTRANSAXLEANDTORQUECONVERTER,845re-8-speed-automatic-transmission--automatic-transmission-transaxle-and-torque-converter,https://www.moparamerica.com/v-2017-chrysler-300--c--3-6l-v6-gas/845re-8-speed-automatic-transmission--automatic-transmission-transaxle-and-torque-converter,22,DISCOVERED,2026-08-01T00:45:41+00:00
tax-1f2cc43753905dcc5b3ec89c,chrysler300-c-36-gas,tax-0c3ddfaebf516c04819ec7ab,SUBCATEGORY,"Case, Extension, Oil Pan, and Indicator (Dipstick)",CASEEXTENSIONOILPANANDINDICATORDIPSTICK,845re-8-speed-automatic-transmission--case-extension-oil-pan-and-indicator-dipstick,https://www.moparamerica.com/v-2017-chrysler-300--c--3-6l-v6-gas/845re-8-speed-automatic-transmission--case-extension-oil-pan-and-indicator-dipstick,23,DISCOVERED,2026-08-01T00:45:41+00:00
tax-9d153f1642690aaf1b371a31,chrysler300-c-36-gas,tax-0c3ddfaebf516c04819ec7ab,SUBCATEGORY,Gearshift Controls and Related Parts,GEARSHIFTCONTROLSANDRELATEDPARTS,845re-8-speed-automatic-transmission--gearshift-controls-and-related-parts,https://www.moparamerica.com/v-2017-chrysler-300--c--3-6l-v6-gas/845re-8-speed-automatic-transmission--gearshift-controls-and-related-parts,24,DISCOVERED,2026-08-01T00:45:41+00:00
tax-7867fac0e9e7d6e0b6a2ac40,chrysler300-c-36-gas,tax-0c3ddfaebf516c04819ec7ab,SUBCATEGORY,Mounting and Skid Plate,MOUNTINGANDSKIDPLATE,845re-8-speed-automatic-transmission--mounting-and-skid-plate,https://www.moparamerica.com/v-2017-chrysler-300--c--3-6l-v6-gas/845re-8-speed-automatic-transmission--mounting-and-skid-plate,25,DISCOVERED,2026-08-01T00:45:41+00:00
tax-110d8e015fa2ae50ee249ad2,chrysler300-c-36-gas,tax-0c3ddfaebf516c04819ec7ab,SUBCATEGORY,Oil Pump,OILPUMP,845re-8-speed-automatic-transmission--oil-pump,https://www.moparamerica.com/v-2017-chrysler-300--c--3-6l-v6-gas/845re-8-speed-automatic-transmission--oil-pump,26,DISCOVERED,2026-08-01T00:45:41+00:00
tax-077b7d007322001dd7a74fb8,chrysler300-c-36-gas,tax-0c3ddfaebf516c04819ec7ab,SUBCATEGORY,"Valve Body, Accumulator, Solenoid and Parking Sprag",VALVEBODYACCUMULATORSOLENOIDANDPARKINGSPRAG,845re-8-speed-automatic-transmission--valve-body-accumulator-solenoid-and-parking-sprag,https://www.moparamerica.com/v-2017-chrysler-300--c--3-6l-v6-gas/845re-8-speed-automatic-transmission--valve-body-accumulator-solenoid-and-parking-sprag,27,DISCOVERED,2026-08-01T00:45:41+00:00
tax-c4f2054f2ad514b87484c480,chrysler300-c-36-gas,tax-ce30d0e7e93779c85c7cb4b9,SUBCATEGORY,Automatic Transmission / Transaxle and Torque Converter,AUTOMATICTRANSMISSIONTRANSAXLEANDTORQUECONVERTER,8hp70-8-speed-automatic-transmission--automatic-transmission-transaxle-and-torque-converter,https://www.moparamerica.com/v-2017-chrysler-300--c--3-6l-v6-gas/8hp70-8-speed-automatic-transmission--automatic-transmission-transaxle-and-torque-converter,28,DISCOVERED,2026-08-01T00:45:41+00:00
tax-433080fab8e5d9fe933f9e35,chrysler300-c-36-gas,tax-ce30d0e7e93779c85c7cb4b9,SUBCATEGORY,Gearshift Controls and Related Parts,GEARSHIFTCONTROLSANDRELATEDPARTS,8hp70-8-speed-automatic-transmission--gearshift-controls-and-related-parts,https://www.moparamerica.com/v-2017-chrysler-300--c--3-6l-v6-gas/8hp70-8-speed-automatic-transmission--gearshift-controls-and-related-parts,29,DISCOVERED,2026-08-01T00:45:41+00:00
tax-ccafed33b7e96dded9a15e06,chrysler300-c-36-gas,tax-ce30d0e7e93779c85c7cb4b9,SUBCATEGORY,Mounting and Skid Plate,MOUNTINGANDSKIDPLATE,8hp70-8-speed-automatic-transmission--mounting-and-skid-plate,https://www.moparamerica.com/v-2017-chrysler-300--c--3-6l-v6-gas/8hp70-8-speed-automatic-transmission--mounting-and-skid-plate,30,DISCOVERED,2026-08-01T00:45:41+00:00
tax-3da99c6b72945c50bcca479b,chrysler300-c-36-gas,tax-58aba5c3e1f8f261b4e8adb7,SUBCATEGORY,Charging Unit,CHARGINGUNIT,accessories-audio-video-and-electronics-accessories--charging-unit,https://www.moparamerica.com/v-2017-chrysler-300--c--3-6l-v6-gas/accessories-audio-video-and-electronics-accessories--charging-unit,31,DISCOVERED,2026-08-01T00:45:41+00:00
tax-5c312bf5a3597842db574a9f,chrysler300-c-36-gas,tax-58aba5c3e1f8f261b4e8adb7,SUBCATEGORY,Remote Start,REMOTESTART,accessories-audio-video-and-electronics-accessories--remote-start,https://www.moparamerica.com/v-2017-chrysler-300--c--3-6l-v6-gas/accessories-audio-video-and-electronics-accessories--remote-start,32,DISCOVERED,2026-08-01T00:45:41+00:00
tax-9c26a997e15cbe733febd2fc,chrysler300-c-36-gas,tax-58aba5c3e1f8f261b4e8adb7,SUBCATEGORY,Security,SECURITY,accessories-audio-video-and-electronics-accessories--security,https://www.moparamerica.com/v-2017-chrysler-300--c--3-6l-v6-gas/accessories-audio-video-and-electronics-accessories--security,33,DISCOVERED,2026-08-01T00:45:41+00:00
tax-82bc9bcfc982bb18c5d350ab,chrysler300-c-36-gas,tax-698d6bcdff4bd32944aca220,SUBCATEGORY,Air Deflectors,AIRDEFLECTORS,accessories-exterior-accessories--air-deflectors,https://www.moparamerica.com/v-2017-chrysler-300--c--3-6l-v6-gas/accessories-exterior-accessories--air-deflectors,34,DISCOVERED,2026-08-01T00:45:41+00:00
tax-1092fda7520e787124f91d82,chrysler300-c-36-gas,tax-698d6bcdff4bd32944aca220,SUBCATEGORY,Exterior Appearance,EXTERIORAPPEARANCE,accessories-exterior-accessories--exterior-appearance,https://www.moparamerica.com/v-2017-chrysler-300--c--3-6l-v6-gas/accessories-exterior-accessories--exterior-appearance,35,DISCOVERED,2026-08-01T00:45:41+00:00
tax-0778ef6f164b7f3207aa2cf6,chrysler300-c-36-gas,tax-698d6bcdff4bd32944aca220,SUBCATEGORY,License Plate,LICENSEPLATE,accessories-exterior-accessories--license-plate,https://www.moparamerica.com/v-2017-chrysler-300--c--3-6l-v6-gas/accessories-exterior-accessories--license-plate,36,DISCOVERED,2026-08-01T00:45:41+00:00
tax-24e906ac90d033d5c1a9da8d,chrysler300-c-36-gas,tax-698d6bcdff4bd32944aca220,SUBCATEGORY,Locks,LOCKS,accessories-exterior-accessories--locks,https://www.moparamerica.com/v-2017-chrysler-300--c--3-6l-v6-gas/accessories-exterior-accessories--locks,37,DISCOVERED,2026-08-01T00:45:41+00:00
tax-4b7ea636e167302874a817ff,chrysler300-c-36-gas,tax-698d6bcdff4bd32944aca220,SUBCATEGORY,Protective Guards,PROTECTIVEGUARDS,accessories-exterior-accessories--protective-guards,https://www.moparamerica.com/v-2017-chrysler-300--c--3-6l-v6-gas/accessories-exterior-accessories--protective-guards,38,DISCOVERED,2026-08-01T00:45:41+00:00
tax-4374325c5a6ea26c963f7c58,chrysler300-c-36-gas,tax-698d6bcdff4bd32944aca220,SUBCATEGORY,Splash Guards,SPLASHGUARDS,accessories-exterior-accessories--splash-guards,https://www.moparamerica.com/v-2017-chrysler-300--c--3-6l-v6-gas/accessories-exterior-accessories--splash-guards,39,DISCOVERED,2026-08-01T00:45:41+00:00
tax-822b3d6893b238e83be3126c,chrysler300-c-36-gas,tax-698d6bcdff4bd32944aca220,SUBCATEGORY,Wheels,WHEELS,accessories-exterior-accessories--wheels,https://www.moparamerica.com/v-2017-chrysler-300--c--3-6l-v6-gas/accessories-exterior-accessories--wheels,40,DISCOVERED,2026-08-01T00:45:41+00:00
tax-21289150c7f1b118591be5fe,chrysler300-c-36-gas,tax-e98533525e73fe901e52f514,SUBCATEGORY,Air Purification,AIRPURIFICATION,accessories-interior-accessories--air-purification,https://www.moparamerica.com/v-2017-chrysler-300--c--3-6l-v6-gas/accessories-interior-accessories--air-purification,41,DISCOVERED,2026-08-01T00:45:41+00:00
tax-a8618281fa88402158e2baf2,chrysler300-c-36-gas,tax-e98533525e73fe901e52f514,SUBCATEGORY,Cargo Trays & Mats,CARGOTRAYSMATS,accessories-interior-accessories--cargo-trays-and-mats,https://www.moparamerica.com/v-2017-chrysler-300--c--3-6l-v6-gas/accessories-interior-accessories--cargo-trays-and-mats,42,DISCOVERED,2026-08-01T00:45:41+00:00
tax-d82ff9f96f646aa24951f73d,chrysler300-c-36-gas,tax-e98533525e73fe901e52f514,SUBCATEGORY,Floor Mats,FLOORMATS,accessories-interior-accessories--floor-mats,https://www.moparamerica.com/v-2017-chrysler-300--c--3-6l-v6-gas/accessories-interior-accessories--floor-mats,43,DISCOVERED,2026-08-01T00:45:41+00:00
tax-d0986331ac06100f481bfeef,chrysler300-c-36-gas,tax-e98533525e73fe901e52f514,SUBCATEGORY,Interior Appearance,INTERIORAPPEARANCE,accessories-interior-accessories--interior-appearance,https://www.moparamerica.com/v-2017-chrysler-300--c--3-6l-v6-gas/accessories-interior-accessories--interior-appearance,44,DISCOVERED,2026-08-01T00:45:41+00:00
tax-b550408d0626f9a035772eaf,chrysler300-c-36-gas,tax-2e2c00f76eece94eb6afd6e3,SUBCATEGORY,Safety Kits,SAFETYKITS,accessories-lifestyle-and-off-road-accessories--safety-kits,https://www.moparamerica.com/v-2017-chrysler-300--c--3-6l-v6-gas/accessories-lifestyle-and-off-road-accessories--safety-kits,45,DISCOVERED,2026-08-01T00:45:41+00:00
tax-faf56004a7330b210b639372,chrysler300-c-36-gas,tax-941d1186b4286771202e2129,SUBCATEGORY,Charging Unit,CHARGINGUNIT,accessories-lighting-and-electrical-accessories--charging-unit,https://www.moparamerica.com/v-2017-chrysler-300--c--3-6l-v6-gas/accessories-lighting-and-electrical-accessories--charging-unit,46,DISCOVERED,2026-08-01T00:45:41+00:00
tax-a7253b8e73e0ff11b31e98ea,chrysler300-c-36-gas,tax-2ee4d4b0563cddf0a8883a57,SUBCATEGORY,Engine Parts,ENGINEPARTS,accessories-modern-performance--engine-parts,https://www.moparamerica.com/v-2017-chrysler-300--c--3-6l-v6-gas/accessories-modern-performance--engine-parts,47,DISCOVERED,2026-08-01T00:45:41+00:00
tax-3e71231fc3c6c56a392b303b,chrysler300-c-36-gas,tax-2ee4d4b0563cddf0a8883a57,SUBCATEGORY,Intake & Air,INTAKEAIR,accessories-modern-performance--intake-and-air,https://www.moparamerica.com/v-2017-chrysler-300--c--3-6l-v6-gas/accessories-modern-performance--intake-and-air,48,DISCOVERED,2026-08-01T00:45:41+00:00
tax-d94616b9d895aaf055f812bb,chrysler300-c-36-gas,tax-2ee4d4b0563cddf0a8883a57,SUBCATEGORY,Suspension,SUSPENSION,accessories-modern-performance--suspension,https://www.moparamerica.com/v-2017-chrysler-300--c--3-6l-v6-gas/accessories-modern-performance--suspension,49,DISCOVERED,2026-08-01T00:45:41+00:00
tax-d55ec80926331cfaad926c9a,chrysler300-c-36-gas,tax-c3db412402243620b15b2792,SUBCATEGORY,Brakes,BRAKES,accessories-performance--brakes,https://www.moparamerica.com/v-2017-chrysler-300--c--3-6l-v6-gas/accessories-performance--brakes,50,DISCOVERED,2026-08-01T00:45:41+00:00
tax-4969a24c011daa08a4812739,chrysler300-c-36-gas,tax-c3db412402243620b15b2792,SUBCATEGORY,Performance Packages,PERFORMANCEPACKAGES,accessories-performance--performance-packages,https://www.moparamerica.com/v-2017-chrysler-300--c--3-6l-v6-gas/accessories-performance--performance-packages,51,DISCOVERED,2026-08-01T00:45:41+00:00
tax-7a19d893fd9badeb8d43bcb7,chrysler300-c-36-gas,tax-8c3aecada8542f136f21b37c,SUBCATEGORY,Mopar,MOPAR,accessories-vehicle-care-products--mopar,https://www.moparamerica.com/v-2017-chrysler-300--c--3-6l-v6-gas/accessories-vehicle-care-products--mopar,52,DISCOVERED,2026-08-01T00:45:41+00:00
tax-360e25cc7dac535e150183db,chrysler300-c-36-gas,tax-8c3aecada8542f136f21b37c,SUBCATEGORY,Touch Up Paint,TOUCHUPPAINT,accessories-vehicle-care-products--touch-up-paint,https://www.moparamerica.com/v-2017-chrysler-300--c--3-6l-v6-gas/accessories-vehicle-care-products--touch-up-paint,53,DISCOVERED,2026-08-01T00:45:41+00:00
tax-8de3d9f40339f9124a8ecba6,chrysler300-c-36-gas,tax-0112cb538181dff04d51d964,SUBCATEGORY,Air Conditioner and Heater Controls,AIRCONDITIONERANDHEATERCONTROLS,air-conditioners-and-heaters--air-conditioner-and-heater-controls,https://www.moparamerica.com/v-2017-chrysler-300--c--3-6l-v6-gas/air-conditioners-and-heaters--air-conditioner-and-heater-controls,54,DISCOVERED,2026-08-01T00:45:41+00:00
tax-a2a975c2b6a73cc0038b1641,chrysler300-c-36-gas,tax-0112cb538181dff04d51d964,SUBCATEGORY,Air Conditioner and Heater Plumbing,AIRCONDITIONERANDHEATERPLUMBING,air-conditioners-and-heaters--air-conditioner-and-heater-plumbing,https://www.moparamerica.com/v-2017-chrysler-300--c--3-6l-v6-gas/air-conditioners-and-heaters--air-conditioner-and-heater-plumbing,55,DISCOVERED,2026-08-01T00:45:41+00:00
tax-a3b24a74694fb3f4febc5b11,chrysler300-c-36-gas,tax-0112cb538181dff04d51d964,SUBCATEGORY,Air Conditioner and Heater Units,AIRCONDITIONERANDHEATERUNITS,air-conditioners-and-heaters--air-conditioner-and-heater-units,https://www.moparamerica.com/v-2017-chrysler-300--c--3-6l-v6-gas/air-conditioners-and-heaters--air-conditioner-and-heater-units,56,DISCOVERED,2026-08-01T00:45:41+00:00
tax-842eb8a649384282a2a04827,chrysler300-c-36-gas,tax-0112cb538181dff04d51d964,SUBCATEGORY,Air Conditioner Compressor and Mounting,AIRCONDITIONERCOMPRESSORANDMOUNTING,air-conditioners-and-heaters--air-conditioner-compressor-and-mounting,https://www.moparamerica.com/v-2017-chrysler-300--c--3-6l-v6-gas/air-conditioners-and-heaters--air-conditioner-compressor-and-mounting,57,DISCOVERED,2026-08-01T00:45:41+00:00
tax-36baf3889121b439c75bf92d,chrysler300-c-36-gas,tax-0112cb538181dff04d51d964,SUBCATEGORY,Air Ducts,AIRDUCTS,air-conditioners-and-heaters--air-ducts,https://www.moparamerica.com/v-2017-chrysler-300--c--3-6l-v6-gas/air-conditioners-and-heaters--air-ducts,58,DISCOVERED,2026-08-01T00:45:41+00:00
tax-2582125bce0cb3031dce7168,chrysler300-c-36-gas,tax-7264d2e4a7b7c3d4d2b86ff1,SUBCATEGORY,Drive Shaft,DRIVESHAFT,all-wheel-drive-differential-and-drive-line--drive-shaft,https://www.moparamerica.com/v-2017-chrysler-300--c--3-6l-v6-gas/all-wheel-drive-differential-and-drive-line--drive-shaft,59,DISCOVERED,2026-08-01T00:45:41+00:00
tax-502b939086896651536340d0,chrysler300-c-36-gas,tax-7264d2e4a7b7c3d4d2b86ff1,SUBCATEGORY,Front Axle Assembly,FRONTAXLEASSEMBLY,all-wheel-drive-differential-and-drive-line--front-axle-assembly,https://www.moparamerica.com/v-2017-chrysler-300--c--3-6l-v6-gas/all-wheel-drive-differential-and-drive-line--front-axle-assembly,60,DISCOVERED,2026-08-01T00:45:41+00:00
tax-a45adb037d069cc9a918e082,chrysler300-c-36-gas,tax-7264d2e4a7b7c3d4d2b86ff1,SUBCATEGORY,Front Axle Drive Shafts,FRONTAXLEDRIVESHAFTS,all-wheel-drive-differential-and-drive-line--front-axle-drive-shafts,https://www.moparamerica.com/v-2017-chrysler-300--c--3-6l-v6-gas/all-wheel-drive-differential-and-drive-line--front-axle-drive-shafts,61,DISCOVERED,2026-08-01T00:45:41+00:00
tax-bc04ed75e3522ff6ad97273e,chrysler300-c-36-gas,tax-7264d2e4a7b7c3d4d2b86ff1,SUBCATEGORY,Rear Axle Assembly,REARAXLEASSEMBLY,all-wheel-drive-differential-and-drive-line--rear-axle-assembly,https://www.moparamerica.com/v-2017-chrysler-300--c--3-6l-v6-gas/all-wheel-drive-differential-and-drive-line--rear-axle-assembly,62,DISCOVERED,2026-08-01T00:45:41+00:00
tax-07e34f7b5433569e9a5d4952,chrysler300-c-36-gas,tax-7264d2e4a7b7c3d4d2b86ff1,SUBCATEGORY,"Rear Axle; Housing, Differential and Vent",REARAXLEHOUSINGDIFFERENTIALANDVENT,all-wheel-drive-differential-and-drive-line--rear-axle-housing-differential-and-vent,https://www.moparamerica.com/v-2017-chrysler-300--c--3-6l-v6-gas/all-wheel-drive-differential-and-drive-line--rear-axle-housing-differential-and-vent,63,DISCOVERED,2026-08-01T00:45:41+00:00
tax-002d11d9ee256d07a9b932fc,chrysler300-c-36-gas,tax-7264d2e4a7b7c3d4d2b86ff1,SUBCATEGORY,Rear Axle Shafts,REARAXLESHAFTS,all-wheel-drive-differential-and-drive-line--rear-axle-shafts,https://www.moparamerica.com/v-2017-chrysler-300--c--3-6l-v6-gas/all-wheel-drive-differential-and-drive-line--rear-axle-shafts,64,DISCOVERED,2026-08-01T00:45:41+00:00
tax-347a0116b77bde2266f38105,chrysler300-c-36-gas,tax-c9261555acc7c3cd9856adfc,SUBCATEGORY,Aperture Panel and Pillar Supports,APERTUREPANELANDPILLARSUPPORTS,body-sheet-metal-except-doors--aperture-panel-and-pillar-supports,https://www.moparamerica.com/v-2017-chrysler-300--c--3-6l-v6-gas/body-sheet-metal-except-doors--aperture-panel-and-pillar-supports,65,DISCOVERED,2026-08-01T00:45:41+00:00
tax-95761a3e3d1f47ca5ad0c419,chrysler300-c-36-gas,tax-c9261555acc7c3cd9856adfc,SUBCATEGORY,Cowl and Dash Panel,COWLANDDASHPANEL,body-sheet-metal-except-doors--cowl-and-dash-panel,https://www.moparamerica.com/v-2017-chrysler-300--c--3-6l-v6-gas/body-sheet-metal-except-doors--cowl-and-dash-panel,66,DISCOVERED,2026-08-01T00:45:41+00:00
tax-9fcc3b062757cdeb01f88dd2,chrysler300-c-36-gas,tax-c9261555acc7c3cd9856adfc,SUBCATEGORY,Deck Lid,DECKLID,body-sheet-metal-except-doors--deck-lid,https://www.moparamerica.com/v-2017-chrysler-300--c--3-6l-v6-gas/body-sheet-metal-except-doors--deck-lid,67,DISCOVERED,2026-08-01T00:45:41+00:00
tax-cf10451d5c566aba690f1750,chrysler300-c-36-gas,tax-c9261555acc7c3cd9856adfc,SUBCATEGORY,Fenders,FENDERS,body-sheet-metal-except-doors--fenders,https://www.moparamerica.com/v-2017-chrysler-300--c--3-6l-v6-gas/body-sheet-metal-except-doors--fenders,68,DISCOVERED,2026-08-01T00:45:41+00:00
tax-5db59a12b94c2d2b6652fb9a,chrysler300-c-36-gas,tax-c9261555acc7c3cd9856adfc,SUBCATEGORY,Floor Pans,FLOORPANS,body-sheet-metal-except-doors--floor-pans,https://www.moparamerica.com/v-2017-chrysler-300--c--3-6l-v6-gas/body-sheet-metal-except-doors--floor-pans,69,DISCOVERED,2026-08-01T00:45:41+00:00
tax-fb13a92bfe43ce781f301f96,chrysler300-c-36-gas,tax-c9261555acc7c3cd9856adfc,SUBCATEGORY,Hood and Hood Release,HOODANDHOODRELEASE,body-sheet-metal-except-doors--hood-and-hood-release,https://www.moparamerica.com/v-2017-chrysler-300--c--3-6l-v6-gas/body-sheet-metal-except-doors--hood-and-hood-release,70,DISCOVERED,2026-08-01T00:45:41+00:00
tax-251567ede7d57c64663f4146,chrysler300-c-36-gas,tax-c9261555acc7c3cd9856adfc,SUBCATEGORY,Pick-up Box and Fuel Filler Door,PICKUPBOXANDFUELFILLERDOOR,body-sheet-metal-except-doors--pick-up-box-and-fuel-filler-door,https://www.moparamerica.com/v-2017-chrysler-300--c--3-6l-v6-gas/body-sheet-metal-except-doors--pick-up-box-and-fuel-filler-door,71,DISCOVERED,2026-08-01T00:45:41+00:00
tax-746be5e7a1c95c3fc2cf37bd,chrysler300-c-36-gas,tax-c9261555acc7c3cd9856adfc,SUBCATEGORY,Plugs,PLUGS,body-sheet-metal-except-doors--plugs,https://www.moparamerica.com/v-2017-chrysler-300--c--3-6l-v6-gas/body-sheet-metal-except-doors--plugs,72,DISCOVERED,2026-08-01T00:45:41+00:00
tax-7fa3e0bed9c3a6f7deb2800a,chrysler300-c-36-gas,tax-c9261555acc7c3cd9856adfc,SUBCATEGORY,Roof,ROOF,body-sheet-metal-except-doors--roof,https://www.moparamerica.com/v-2017-chrysler-300--c--3-6l-v6-gas/body-sheet-metal-except-doors--roof,73,DISCOVERED,2026-08-01T00:45:41+00:00
tax-3820a956e3754f2e7974ac58,chrysler300-c-36-gas,tax-c9261555acc7c3cd9856adfc,SUBCATEGORY,Shelf Panel,SHELFPANEL,body-sheet-metal-except-doors--shelf-panel,https://www.moparamerica.com/v-2017-chrysler-300--c--3-6l-v6-gas/body-sheet-metal-except-doors--shelf-panel,74,DISCOVERED,2026-08-01T00:45:41+00:00
tax-87506c35cfeacf305967bbf4,chrysler300-c-36-gas,tax-c9261555acc7c3cd9856adfc,SUBCATEGORY,Sunroof,SUNROOF,body-sheet-metal-except-doors--sunroof,https://www.moparamerica.com/v-2017-chrysler-300--c--3-6l-v6-gas/body-sheet-metal-except-doors--sunroof,75,DISCOVERED,2026-08-01T00:45:41+00:00
tax-26a4925e2f41f3d12831571d,chrysler300-c-36-gas,tax-534519630494d86b33cb0a5c,SUBCATEGORY,Brake Master Cylinder,BRAKEMASTERCYLINDER,brakes--brake-master-cylinder,https://www.moparamerica.com/v-2017-chrysler-300--c--3-6l-v6-gas/brakes--brake-master-cylinder,76,DISCOVERED,2026-08-01T00:45:41+00:00
tax-1cc71f4bac6507373a61355f,chrysler300-c-36-gas,tax-534519630494d86b33cb0a5c,SUBCATEGORY,Brake Pedals,BRAKEPEDALS,brakes--brake-pedals,https://www.moparamerica.com/v-2017-chrysler-300--c--3-6l-v6-gas/brakes--brake-pedals,77,DISCOVERED,2026-08-01T00:45:41+00:00
tax-311c3f23a8926680793c5537,chrysler300-c-36-gas,tax-534519630494d86b33cb0a5c,SUBCATEGORY,Front Brakes,FRONTBRAKES,brakes--front-brakes,https://www.moparamerica.com/v-2017-chrysler-300--c--3-6l-v6-gas/brakes--front-brakes,78,DISCOVERED,2026-08-01T00:45:41+00:00
tax-4502aebdc837aedc19d340d7,chrysler300-c-36-gas,tax-534519630494d86b33cb0a5c,SUBCATEGORY,"Hydraulic Control Unit, Brake Tubes and Hoses",HYDRAULICCONTROLUNITBRAKETUBESANDHOSES,brakes--hydraulic-control-unit-brake-tubes-and-hoses,https://www.moparamerica.com/v-2017-chrysler-300--c--3-6l-v6-gas/brakes--hydraulic-control-unit-brake-tubes-and-hoses,79,DISCOVERED,2026-08-01T00:45:41+00:00
tax-e6a451ae1783671478d6f61c,chrysler300-c-36-gas,tax-534519630494d86b33cb0a5c,SUBCATEGORY,"Parking Brake Lever, Cables, and Rear Disc Park Brake Assembly",PARKINGBRAKELEVERCABLESANDREARDISCPARKBRAKEASSEMBLY,brakes--parking-brake-lever-cables-and-rear-disc-park-brake-assembly,https://www.moparamerica.com/v-2017-chrysler-300--c--3-6l-v6-gas/brakes--parking-brake-lever-cables-and-rear-disc-park-brake-assembly,80,DISCOVERED,2026-08-01T00:45:41+00:00
tax-a56fa726ded8467adddcca89,chrysler300-c-36-gas,tax-534519630494d86b33cb0a5c,SUBCATEGORY,Power Brake Booster,POWERBRAKEBOOSTER,brakes--power-brake-booster,https://www.moparamerica.com/v-2017-chrysler-300--c--3-6l-v6-gas/brakes--power-brake-booster,81,DISCOVERED,2026-08-01T00:45:41+00:00
tax-5a56cec4d1a9cd10f3904dc3,chrysler300-c-36-gas,tax-534519630494d86b33cb0a5c,SUBCATEGORY,Rear Brakes,REARBRAKES,brakes--rear-brakes,https://www.moparamerica.com/v-2017-chrysler-300--c--3-6l-v6-gas/brakes--rear-brakes,82,DISCOVERED,2026-08-01T00:45:41+00:00
tax-b20ca9c18cb28bf8e3550cd8,chrysler300-c-36-gas,tax-150696e60c057af6a3861c65,SUBCATEGORY,Drive Belts,DRIVEBELTS,cooling--drive-belts,https://www.moparamerica.com/v-2017-chrysler-300--c--3-6l-v6-gas/cooling--drive-belts,83,DISCOVERED,2026-08-01T00:45:41+00:00
tax-36e2d0b79d77f12c14d5901e,chrysler300-c-36-gas,tax-150696e60c057af6a3861c65,SUBCATEGORY,Engine Coolant Reservoir (Bottle),ENGINECOOLANTRESERVOIRBOTTLE,cooling--engine-coolant-reservoir-bottle,https://www.moparamerica.com/v-2017-chrysler-300--c--3-6l-v6-gas/cooling--engine-coolant-reservoir-bottle,84,DISCOVERED,2026-08-01T00:45:41+00:00
tax-189edf732a214c5dffd25037,chrysler300-c-36-gas,tax-150696e60c057af6a3861c65,SUBCATEGORY,Pulleys and Related Parts,PULLEYSANDRELATEDPARTS,cooling--pulleys-and-related-parts,https://www.moparamerica.com/v-2017-chrysler-300--c--3-6l-v6-gas/cooling--pulleys-and-related-parts,85,DISCOVERED,2026-08-01T00:45:41+00:00
tax-c2d0bb6435cfee652d6bbd85,chrysler300-c-36-gas,tax-150696e60c057af6a3861c65,SUBCATEGORY,Radiator and Related Parts; Charge Air Cooler,RADIATORANDRELATEDPARTSCHARGEAIRCOOLER,cooling--radiator-and-related-parts-charge-air-cooler,https://www.moparamerica.com/v-2017-chrysler-300--c--3-6l-v6-gas/cooling--radiator-and-related-parts-charge-air-cooler,86,DISCOVERED,2026-08-01T00:45:41+00:00
tax-a3afe1fa0fed731b30a45d16,chrysler300-c-36-gas,tax-150696e60c057af6a3861c65,SUBCATEGORY,"Transmission Oil Cooler, and Lines",TRANSMISSIONOILCOOLERANDLINES,cooling--transmission-oil-cooler-and-lines,https://www.moparamerica.com/v-2017-chrysler-300--c--3-6l-v6-gas/cooling--transmission-oil-cooler-and-lines,87,DISCOVERED,2026-08-01T00:45:41+00:00
tax-9d6064f10569d40bea495dd7,chrysler300-c-36-gas,tax-150696e60c057af6a3861c65,SUBCATEGORY,Water Pump and Related Parts,WATERPUMPANDRELATEDPARTS,cooling--water-pump-and-related-parts,https://www.moparamerica.com/v-2017-chrysler-300--c--3-6l-v6-gas/cooling--water-pump-and-related-parts,88,DISCOVERED,2026-08-01T00:45:41+00:00
tax-de61f1466161799f51596d82,chrysler300-c-36-gas,tax-b131a25af88f2a769fe83853,SUBCATEGORY,Exterior Mirror,EXTERIORMIRROR,doors-door-mirrors-and-related-parts--exterior-mirror,https://www.moparamerica.com/v-2017-chrysler-300--c--3-6l-v6-gas/doors-door-mirrors-and-related-parts--exterior-mirror,89,DISCOVERED,2026-08-01T00:45:41+00:00
tax-3db1e7343aadf28602d9b13d,chrysler300-c-36-gas,tax-b131a25af88f2a769fe83853,SUBCATEGORY,Front Door,FRONTDOOR,doors-door-mirrors-and-related-parts--front-door,https://www.moparamerica.com/v-2017-chrysler-300--c--3-6l-v6-gas/doors-door-mirrors-and-related-parts--front-door,90,DISCOVERED,2026-08-01T00:45:41+00:00
tax-eede73eb2041f9636fd606be,chrysler300-c-36-gas,tax-b131a25af88f2a769fe83853,SUBCATEGORY,Rear Door,REARDOOR,doors-door-mirrors-and-related-parts--rear-door,https://www.moparamerica.com/v-2017-chrysler-300--c--3-6l-v6-gas/doors-door-mirrors-and-related-parts--rear-door,91,DISCOVERED,2026-08-01T00:45:41+00:00
tax-e0bcb02ae2bb3809ae95a4f1,chrysler300-c-36-gas,tax-b131a25af88f2a769fe83853,SUBCATEGORY,Weatherstrips and Seals,WEATHERSTRIPSANDSEALS,doors-door-mirrors-and-related-parts--weatherstrips-and-seals,https://www.moparamerica.com/v-2017-chrysler-300--c--3-6l-v6-gas/doors-door-mirrors-and-related-parts--weatherstrips-and-seals,92,DISCOVERED,2026-08-01T00:45:41+00:00
tax-ca45cddf242276b1ad701c2d,chrysler300-c-36-gas,tax-fb424bdc7a3065c8d67889a1,SUBCATEGORY,"Battery, Battery Tray and Cables",BATTERYBATTERYTRAYANDCABLES,electrical--battery-battery-tray-and-cables,https://www.moparamerica.com/v-2017-chrysler-300--c--3-6l-v6-gas/electrical--battery-battery-tray-and-cables,93,DISCOVERED,2026-08-01T00:45:41+00:00
tax-a26d12c90e662f9b67c2752c,chrysler300-c-36-gas,tax-fb424bdc7a3065c8d67889a1,SUBCATEGORY,Generators / Alternators,GENERATORSALTERNATORS,electrical--generators-alternators,https://www.moparamerica.com/v-2017-chrysler-300--c--3-6l-v6-gas/electrical--generators-alternators,94,DISCOVERED,2026-08-01T00:45:41+00:00
tax-321edebacf9221a32ba2b47c,chrysler300-c-36-gas,tax-fb424bdc7a3065c8d67889a1,SUBCATEGORY,Horns,HORNS,electrical--horns,https://www.moparamerica.com/v-2017-chrysler-300--c--3-6l-v6-gas/electrical--horns,95,DISCOVERED,2026-08-01T00:45:41+00:00
tax-de9e8279c1fd712011089d62,chrysler300-c-36-gas,tax-fb424bdc7a3065c8d67889a1,SUBCATEGORY,"Ignition - Spark Plugs, Cables, Coils, and Glow Plugs",IGNITIONSPARKPLUGSCABLESCOILSANDGLOWPLUGS,electrical--ignition-spark-plugs-cables-coils-and-glow-plugs,https://www.moparamerica.com/v-2017-chrysler-300--c--3-6l-v6-gas/electrical--ignition-spark-plugs-cables-coils-and-glow-plugs,96,DISCOVERED,2026-08-01T00:45:41+00:00
tax-118f5efd14a2b8e1631ab720,chrysler300-c-36-gas,tax-fb424bdc7a3065c8d67889a1,SUBCATEGORY,Instrument Panel Cluster,INSTRUMENTPANELCLUSTER,electrical--instrument-panel-cluster,https://www.moparamerica.com/v-2017-chrysler-300--c--3-6l-v6-gas/electrical--instrument-panel-cluster,97,DISCOVERED,2026-08-01T00:45:41+00:00
tax-5dd396af2be86a344c1fb08a,chrysler300-c-36-gas,tax-fb424bdc7a3065c8d67889a1,SUBCATEGORY,"Keys, Modules and Engine Controllers",KEYSMODULESANDENGINECONTROLLERS,electrical--keys-modules-and-engine-controllers,https://www.moparamerica.com/v-2017-chrysler-300--c--3-6l-v6-gas/electrical--keys-modules-and-engine-controllers,98,DISCOVERED,2026-08-01T00:45:41+00:00
tax-fdc43d3b6cc5051754a2c7fc,chrysler300-c-36-gas,tax-fb424bdc7a3065c8d67889a1,SUBCATEGORY,Lamps-Interior and Exterior,LAMPSINTERIORANDEXTERIOR,electrical--lamps-interior-and-exterior,https://www.moparamerica.com/v-2017-chrysler-300--c--3-6l-v6-gas/electrical--lamps-interior-and-exterior,99,DISCOVERED,2026-08-01T00:45:41+00:00
tax-5d90865dd0426e31215fd750,chrysler300-c-36-gas,tax-fb424bdc7a3065c8d67889a1,SUBCATEGORY,Park Assist,PARKASSIST,electrical--park-assist,https://www.moparamerica.com/v-2017-chrysler-300--c--3-6l-v6-gas/electrical--park-assist,100,DISCOVERED,2026-08-01T00:45:41+00:00
tax-412293b33c169967dd02b7e6,chrysler300-c-36-gas,tax-fb424bdc7a3065c8d67889a1,SUBCATEGORY,"Power Distribution Center, Fuse Block, Junction Block, Relays and Fuses",POWERDISTRIBUTIONCENTERFUSEBLOCKJUNCTIONBLOCKRELAYSANDFUSES,electrical--power-distribution-center-fuse-block-junction-block-relays-and-fuses,https://www.moparamerica.com/v-2017-chrysler-300--c--3-6l-v6-gas/electrical--power-distribution-center-fuse-block-junction-block-relays-and-fuses,101,DISCOVERED,2026-08-01T00:45:41+00:00
tax-5ab208e2f5285b2fdd34cb52,chrysler300-c-36-gas,tax-fb424bdc7a3065c8d67889a1,SUBCATEGORY,"Radio, Antenna, Speakers, DVD, and Video systems",RADIOANTENNASPEAKERSDVDANDVIDEOSYSTEMS,electrical--radio-antenna-speakers-dvd-and-video-systems,https://www.moparamerica.com/v-2017-chrysler-300--c--3-6l-v6-gas/electrical--radio-antenna-speakers-dvd-and-video-systems,102,DISCOVERED,2026-08-01T00:45:41+00:00
tax-7a5e28bd017bf92966ce5932,chrysler300-c-36-gas,tax-fb424bdc7a3065c8d67889a1,SUBCATEGORY,Sensors,SENSORS,electrical--sensors,https://www.moparamerica.com/v-2017-chrysler-300--c--3-6l-v6-gas/electrical--sensors,103,DISCOVERED,2026-08-01T00:45:41+00:00
tax-4b6fa6fd24779a1e46beae24,chrysler300-c-36-gas,tax-fb424bdc7a3065c8d67889a1,SUBCATEGORY,Speed Control,SPEEDCONTROL,electrical--speed-control,https://www.moparamerica.com/v-2017-chrysler-300--c--3-6l-v6-gas/electrical--speed-control,104,DISCOVERED,2026-08-01T00:45:41+00:00
tax-f1a4c1adb52a22ae21eed833,chrysler300-c-36-gas,tax-fb424bdc7a3065c8d67889a1,SUBCATEGORY,Starters,STARTERS,electrical--starters,https://www.moparamerica.com/v-2017-chrysler-300--c--3-6l-v6-gas/electrical--starters,105,DISCOVERED,2026-08-01T00:45:41+00:00
tax-43fbc62ebc9b627d9493a6f7,chrysler300-c-36-gas,tax-fb424bdc7a3065c8d67889a1,SUBCATEGORY,Switches,SWITCHES,electrical--switches,https://www.moparamerica.com/v-2017-chrysler-300--c--3-6l-v6-gas/electrical--switches,106,DISCOVERED,2026-08-01T00:45:41+00:00
tax-336dd8ec1e859ddc8fba87d8,chrysler300-c-36-gas,tax-fb424bdc7a3065c8d67889a1,SUBCATEGORY,Wiper and Washer System,WIPERANDWASHERSYSTEM,electrical--wiper-and-washer-system,https://www.moparamerica.com/v-2017-chrysler-300--c--3-6l-v6-gas/electrical--wiper-and-washer-system,107,DISCOVERED,2026-08-01T00:45:41+00:00
tax-812efedded317bb5101fe174,chrysler300-c-36-gas,tax-fb424bdc7a3065c8d67889a1,SUBCATEGORY,Wiring-Body and Accessories,WIRINGBODYANDACCESSORIES,electrical--wiring-body-and-accessories,https://www.moparamerica.com/v-2017-chrysler-300--c--3-6l-v6-gas/electrical--wiring-body-and-accessories,108,DISCOVERED,2026-08-01T00:45:41+00:00
tax-0a8c5a6690130c08e53b9351,chrysler300-c-36-gas,tax-fb424bdc7a3065c8d67889a1,SUBCATEGORY,Wiring-Headlamp to Dash,WIRINGHEADLAMPTODASH,electrical--wiring-headlamp-to-dash,https://www.moparamerica.com/v-2017-chrysler-300--c--3-6l-v6-gas/electrical--wiring-headlamp-to-dash,109,DISCOVERED,2026-08-01T00:45:41+00:00
tax-d03ebcc01b99756d4da8e992,chrysler300-c-36-gas,tax-fb424bdc7a3065c8d67889a1,SUBCATEGORY,Wiring-Instrument Panel,WIRINGINSTRUMENTPANEL,electrical--wiring-instrument-panel,https://www.moparamerica.com/v-2017-chrysler-300--c--3-6l-v6-gas/electrical--wiring-instrument-panel,110,DISCOVERED,2026-08-01T00:45:41+00:00
tax-e7257eebdefbd6b9a6a1c79a,chrysler300-c-36-gas,tax-fb424bdc7a3065c8d67889a1,SUBCATEGORY,Wiring-Powertrain,WIRINGPOWERTRAIN,electrical--wiring-powertrain,https://www.moparamerica.com/v-2017-chrysler-300--c--3-6l-v6-gas/electrical--wiring-powertrain,111,DISCOVERED,2026-08-01T00:45:41+00:00
tax-7b31ee59fc316551518f75e8,chrysler300-c-36-gas,tax-a1117b08bd5efe7439467332,SUBCATEGORY,Emission Harness,EMISSIONHARNESS,emission-controls--emission-harness,https://www.moparamerica.com/v-2017-chrysler-300--c--3-6l-v6-gas/emission-controls--emission-harness,112,DISCOVERED,2026-08-01T00:45:41+00:00
tax-6734bf94959c613374cc5b8d,chrysler300-c-36-gas,tax-a1117b08bd5efe7439467332,SUBCATEGORY,Vacuum Canister/Leak Detection Pump,VACUUMCANISTERLEAKDETECTIONPUMP,emission-controls--vacuum-canister-leak-detection-pump,https://www.moparamerica.com/v-2017-chrysler-300--c--3-6l-v6-gas/emission-controls--vacuum-canister-leak-detection-pump,113,DISCOVERED,2026-08-01T00:45:41+00:00
tax-11ad2c78d13479cc690edafd,chrysler300-c-36-gas,tax-6fc5268423ba2f7a5e7742e0,SUBCATEGORY,Exhaust System,EXHAUSTSYSTEM,exhaust--exhaust-system,https://www.moparamerica.com/v-2017-chrysler-300--c--3-6l-v6-gas/exhaust--exhaust-system,114,DISCOVERED,2026-08-01T00:45:41+00:00
tax-76adfcb394c961571ee377b4,chrysler300-c-36-gas,tax-edcc0bcb713ac619261ae23d,SUBCATEGORY,Grilles,GRILLES,exterior-ornamentation--grilles,https://www.moparamerica.com/v-2017-chrysler-300--c--3-6l-v6-gas/exterior-ornamentation--grilles,115,DISCOVERED,2026-08-01T00:45:41+00:00
tax-3c4913cc2684b61c25ce04d3,chrysler300-c-36-gas,tax-edcc0bcb713ac619261ae23d,SUBCATEGORY,Moldings and Ornamentation,MOLDINGSANDORNAMENTATION,exterior-ornamentation--moldings-and-ornamentation,https://www.moparamerica.com/v-2017-chrysler-300--c--3-6l-v6-gas/exterior-ornamentation--moldings-and-ornamentation,116,DISCOVERED,2026-08-01T00:45:41+00:00
tax-9d4f40269981b5b534d74aea,chrysler300-c-36-gas,tax-edcc0bcb713ac619261ae23d,SUBCATEGORY,Nameplates,NAMEPLATES,exterior-ornamentation--nameplates,https://www.moparamerica.com/v-2017-chrysler-300--c--3-6l-v6-gas/exterior-ornamentation--nameplates,117,DISCOVERED,2026-08-01T00:45:41+00:00
tax-bd33ccc0cf71a1db65f3755c,chrysler300-c-36-gas,tax-59c7a1bd8e761b29644573ee,SUBCATEGORY,Frames,FRAMES,frame-bumper-and-fascia--frames,https://www.moparamerica.com/v-2017-chrysler-300--c--3-6l-v6-gas/frame-bumper-and-fascia--frames,118,DISCOVERED,2026-08-01T00:45:41+00:00
tax-654bed2ac81f9ba2624e7c1c,chrysler300-c-36-gas,tax-59c7a1bd8e761b29644573ee,SUBCATEGORY,Front Bumper and Fascia,FRONTBUMPERANDFASCIA,frame-bumper-and-fascia--front-bumper-and-fascia,https://www.moparamerica.com/v-2017-chrysler-300--c--3-6l-v6-gas/frame-bumper-and-fascia--front-bumper-and-fascia,119,DISCOVERED,2026-08-01T00:45:41+00:00
tax-49d48d4876dd6f24be86989c,chrysler300-c-36-gas,tax-59c7a1bd8e761b29644573ee,SUBCATEGORY,Rear Bumper and Fascia,REARBUMPERANDFASCIA,frame-bumper-and-fascia--rear-bumper-and-fascia,https://www.moparamerica.com/v-2017-chrysler-300--c--3-6l-v6-gas/frame-bumper-and-fascia--rear-bumper-and-fascia,120,DISCOVERED,2026-08-01T00:45:41+00:00
tax-a1d7e0384ab1de8baa606463,chrysler300-c-36-gas,tax-90ba65e6ed484d2362a5cc5f,SUBCATEGORY,Front Stabilizer Bar,FRONTSTABILIZERBAR,front-suspension--front-stabilizer-bar,https://www.moparamerica.com/v-2017-chrysler-300--c--3-6l-v6-gas/front-suspension--front-stabilizer-bar,121,DISCOVERED,2026-08-01T00:45:41+00:00
tax-043ffb7c96769ed1b797518b,chrysler300-c-36-gas,tax-90ba65e6ed484d2362a5cc5f,SUBCATEGORY,"Front Suspension, Strut and Cradle",FRONTSUSPENSIONSTRUTANDCRADLE,front-suspension--front-suspension-strut-and-cradle,https://www.moparamerica.com/v-2017-chrysler-300--c--3-6l-v6-gas/front-suspension--front-suspension-strut-and-cradle,122,DISCOVERED,2026-08-01T00:45:41+00:00
tax-9132212989cf814ae8f64040,chrysler300-c-36-gas,tax-061ea27e98c9b66d7fe69d93,SUBCATEGORY,Accelerator Pedal,ACCELERATORPEDAL,fuel--accelerator-pedal,https://www.moparamerica.com/v-2017-chrysler-300--c--3-6l-v6-gas/fuel--accelerator-pedal,123,DISCOVERED,2026-08-01T00:45:41+00:00
tax-918f39410023c6b9b1b2ae51,chrysler300-c-36-gas,tax-061ea27e98c9b66d7fe69d93,SUBCATEGORY,Air Cleaner,AIRCLEANER,fuel--air-cleaner,https://www.moparamerica.com/v-2017-chrysler-300--c--3-6l-v6-gas/fuel--air-cleaner,124,DISCOVERED,2026-08-01T00:45:41+00:00
tax-922e64eb9b1da8602c773988,chrysler300-c-36-gas,tax-061ea27e98c9b66d7fe69d93,SUBCATEGORY,Fuel Lines,FUELLINES,fuel--fuel-lines,https://www.moparamerica.com/v-2017-chrysler-300--c--3-6l-v6-gas/fuel--fuel-lines,125,DISCOVERED,2026-08-01T00:45:41+00:00
tax-35b015623a285edd5f2d53bc,chrysler300-c-36-gas,tax-061ea27e98c9b66d7fe69d93,SUBCATEGORY,Fuel Pump and Sending Unit,FUELPUMPANDSENDINGUNIT,fuel--fuel-pump-and-sending-unit,https://www.moparamerica.com/v-2017-chrysler-300--c--3-6l-v6-gas/fuel--fuel-pump-and-sending-unit,126,DISCOVERED,2026-08-01T00:45:41+00:00
tax-06a2e533bd3d4ef82171af8e,chrysler300-c-36-gas,tax-061ea27e98c9b66d7fe69d93,SUBCATEGORY,Fuel Rail and Injectors,FUELRAILANDINJECTORS,fuel--fuel-rail-and-injectors,https://www.moparamerica.com/v-2017-chrysler-300--c--3-6l-v6-gas/fuel--fuel-rail-and-injectors,127,DISCOVERED,2026-08-01T00:45:41+00:00
tax-7e3f5ce4f0e07b28894b1dda,chrysler300-c-36-gas,tax-061ea27e98c9b66d7fe69d93,SUBCATEGORY,Fuel Tank,FUELTANK,fuel--fuel-tank,https://www.moparamerica.com/v-2017-chrysler-300--c--3-6l-v6-gas/fuel--fuel-tank,128,DISCOVERED,2026-08-01T00:45:41+00:00
tax-5ea9df71c7afd696e35071d7,chrysler300-c-36-gas,tax-061ea27e98c9b66d7fe69d93,SUBCATEGORY,Fuel Tank Filler Tube,FUELTANKFILLERTUBE,fuel--fuel-tank-filler-tube,https://www.moparamerica.com/v-2017-chrysler-300--c--3-6l-v6-gas/fuel--fuel-tank-filler-tube,129,DISCOVERED,2026-08-01T00:45:41+00:00
tax-c37258b89f080d58cb060489,chrysler300-c-36-gas,tax-061ea27e98c9b66d7fe69d93,SUBCATEGORY,Throttle Body,THROTTLEBODY,fuel--throttle-body,https://www.moparamerica.com/v-2017-chrysler-300--c--3-6l-v6-gas/fuel--throttle-body,130,DISCOVERED,2026-08-01T00:45:41+00:00
tax-ea9616433de7d4628c3e1d62,chrysler300-c-36-gas,tax-67351b5ba9260018989b472a,SUBCATEGORY,Glass and Interior Rear View Mirror,GLASSANDINTERIORREARVIEWMIRROR,glass--glass-and-interior-rear-view-mirror,https://www.moparamerica.com/v-2017-chrysler-300--c--3-6l-v6-gas/glass--glass-and-interior-rear-view-mirror,131,DISCOVERED,2026-08-01T00:45:41+00:00
tax-ace111e4ce9eee3b75ef8799,chrysler300-c-36-gas,tax-218caf45d85514c803a10846,SUBCATEGORY,"Carpets, Floor Mats, Load Floor, and Silencers",CARPETSFLOORMATSLOADFLOORANDSILENCERS,interior-trim--carpets-floor-mats-load-floor-and-silencers,https://www.moparamerica.com/v-2017-chrysler-300--c--3-6l-v6-gas/interior-trim--carpets-floor-mats-load-floor-and-silencers,132,DISCOVERED,2026-08-01T00:45:41+00:00
tax-603f729c01e92cc21d724bee,chrysler300-c-36-gas,tax-218caf45d85514c803a10846,SUBCATEGORY,Consoles,CONSOLES,interior-trim--consoles,https://www.moparamerica.com/v-2017-chrysler-300--c--3-6l-v6-gas/interior-trim--consoles,133,DISCOVERED,2026-08-01T00:45:41+00:00
tax-12a4a3ccb551d9003a3185d6,chrysler300-c-36-gas,tax-218caf45d85514c803a10846,SUBCATEGORY,Door Trim Panels-Front and Rear,DOORTRIMPANELSFRONTANDREAR,interior-trim--door-trim-panels-front-and-rear,https://www.moparamerica.com/v-2017-chrysler-300--c--3-6l-v6-gas/interior-trim--door-trim-panels-front-and-rear,134,DISCOVERED,2026-08-01T00:45:41+00:00
tax-8c267db552a184dcc7cbdd90,chrysler300-c-36-gas,tax-218caf45d85514c803a10846,SUBCATEGORY,"Front Seats - Adjusters, Recliners, Shields and Risers",FRONTSEATSADJUSTERSRECLINERSSHIELDSANDRISERS,interior-trim--front-seats-adjusters-recliners-shields-and-risers,https://www.moparamerica.com/v-2017-chrysler-300--c--3-6l-v6-gas/interior-trim--front-seats-adjusters-recliners-shields-and-risers,135,DISCOVERED,2026-08-01T00:45:41+00:00
tax-86a74de4effdf22622d6cd81,chrysler300-c-36-gas,tax-218caf45d85514c803a10846,SUBCATEGORY,Front Seats - First Row,FRONTSEATSFIRSTROW,interior-trim--front-seats-first-row,https://www.moparamerica.com/v-2017-chrysler-300--c--3-6l-v6-gas/interior-trim--front-seats-first-row,136,DISCOVERED,2026-08-01T00:45:41+00:00
tax-960f4a8a42731fbbbbb42387,chrysler300-c-36-gas,tax-218caf45d85514c803a10846,SUBCATEGORY,Headliners-Visors-Assist Straps,HEADLINERSVISORSASSISTSTRAPS,interior-trim--headliners-visors-assist-straps,https://www.moparamerica.com/v-2017-chrysler-300--c--3-6l-v6-gas/interior-trim--headliners-visors-assist-straps,137,DISCOVERED,2026-08-01T00:45:41+00:00
tax-43a280c876726d83dea68b1c,chrysler300-c-36-gas,tax-218caf45d85514c803a10846,SUBCATEGORY,Instrument Panel,INSTRUMENTPANEL,interior-trim--instrument-panel,https://www.moparamerica.com/v-2017-chrysler-300--c--3-6l-v6-gas/interior-trim--instrument-panel,138,DISCOVERED,2026-08-01T00:45:41+00:00
tax-141542773ac02e478a93dd98,chrysler300-c-36-gas,tax-218caf45d85514c803a10846,SUBCATEGORY,"Panels-Moldings-Scuff Plates, Pillar, Cowl, 1/4 Panel Trim and Cargo Covers",PANELSMOLDINGSSCUFFPLATESPILLARCOWL14PANELTRIMANDCARGOCOVERS,interior-trim--panels-moldings-scuff-plates-pillar-cowl-1-4-panel-trim-and-cargo-covers,https://www.moparamerica.com/v-2017-chrysler-300--c--3-6l-v6-gas/interior-trim--panels-moldings-scuff-plates-pillar-cowl-1-4-panel-trim-and-cargo-covers,139,DISCOVERED,2026-08-01T00:45:41+00:00
tax-904d6f098022c8a446402024,chrysler300-c-36-gas,tax-218caf45d85514c803a10846,SUBCATEGORY,Rear Seats - Second Row,REARSEATSSECONDROW,interior-trim--rear-seats-second-row,https://www.moparamerica.com/v-2017-chrysler-300--c--3-6l-v6-gas/interior-trim--rear-seats-second-row,140,DISCOVERED,2026-08-01T00:45:41+00:00
tax-d4ee64482414ebc1c79c1025,chrysler300-c-36-gas,tax-218caf45d85514c803a10846,SUBCATEGORY,"Rear Seats - Second Row - Adjusters, Recliners, Shields and Risers",REARSEATSSECONDROWADJUSTERSRECLINERSSHIELDSANDRISERS,interior-trim--rear-seats-second-row-adjusters-recliners-shields-and-risers,https://www.moparamerica.com/v-2017-chrysler-300--c--3-6l-v6-gas/interior-trim--rear-seats-second-row-adjusters-recliners-shields-and-risers,141,DISCOVERED,2026-08-01T00:45:41+00:00
tax-c5a9719957e2f822449f8d65,chrysler300-c-36-gas,tax-c0448406ae12cd7a76cd2ad7,SUBCATEGORY,Exterior,EXTERIOR,labels--exterior,https://www.moparamerica.com/v-2017-chrysler-300--c--3-6l-v6-gas/labels--exterior,142,DISCOVERED,2026-08-01T00:45:41+00:00
tax-640e52d928dcccb5424e8fd7,chrysler300-c-36-gas,tax-c0448406ae12cd7a76cd2ad7,SUBCATEGORY,Trunk,TRUNK,labels--trunk,https://www.moparamerica.com/v-2017-chrysler-300--c--3-6l-v6-gas/labels--trunk,143,DISCOVERED,2026-08-01T00:45:41+00:00
tax-8e3f07561e094f7c508a1070,chrysler300-c-36-gas,tax-c0448406ae12cd7a76cd2ad7,SUBCATEGORY,Under Hood,UNDERHOOD,labels--under-hood,https://www.moparamerica.com/v-2017-chrysler-300--c--3-6l-v6-gas/labels--under-hood,144,DISCOVERED,2026-08-01T00:45:41+00:00
tax-bf7b773534d718d9f1dc7107,chrysler300-c-36-gas,tax-7c7b1365467d258426b8c873,SUBCATEGORY,Audio and Electronics,AUDIOANDELECTRONICS,mopar-accessories-component-parts--audio-and-electronics,https://www.moparamerica.com/v-2017-chrysler-300--c--3-6l-v6-gas/mopar-accessories-component-parts--audio-and-electronics,145,DISCOVERED,2026-08-01T00:45:41+00:00
tax-6a3b1f4d5f25930a22e471d6,chrysler300-c-36-gas,tax-7c7b1365467d258426b8c873,SUBCATEGORY,Driver Convenience,DRIVERCONVENIENCE,mopar-accessories-component-parts--driver-convenience,https://www.moparamerica.com/v-2017-chrysler-300--c--3-6l-v6-gas/mopar-accessories-component-parts--driver-convenience,146,DISCOVERED,2026-08-01T00:45:41+00:00
tax-96bd64070673d25f1c438fbc,chrysler300-c-36-gas,tax-7c7b1365467d258426b8c873,SUBCATEGORY,Exterior Appearance,EXTERIORAPPEARANCE,mopar-accessories-component-parts--exterior-appearance,https://www.moparamerica.com/v-2017-chrysler-300--c--3-6l-v6-gas/mopar-accessories-component-parts--exterior-appearance,147,DISCOVERED,2026-08-01T00:45:41+00:00
tax-21b62730741e7912501c8158,chrysler300-c-36-gas,tax-7c7b1365467d258426b8c873,SUBCATEGORY,Fog Lights and Electrical,FOGLIGHTSANDELECTRICAL,mopar-accessories-component-parts--fog-lights-and-electrical,https://www.moparamerica.com/v-2017-chrysler-300--c--3-6l-v6-gas/mopar-accessories-component-parts--fog-lights-and-electrical,148,DISCOVERED,2026-08-01T00:45:41+00:00
tax-d2e412e2d30df487ce796e40,chrysler300-c-36-gas,tax-7c7b1365467d258426b8c873,SUBCATEGORY,Interior Protection,INTERIORPROTECTION,mopar-accessories-component-parts--interior-protection,https://www.moparamerica.com/v-2017-chrysler-300--c--3-6l-v6-gas/mopar-accessories-component-parts--interior-protection,149,DISCOVERED,2026-08-01T00:45:41+00:00
tax-aaaab0bcbf45d7edf032516b,chrysler300-c-36-gas,tax-7c7b1365467d258426b8c873,SUBCATEGORY,Powertrain,POWERTRAIN,mopar-accessories-component-parts--powertrain,https://www.moparamerica.com/v-2017-chrysler-300--c--3-6l-v6-gas/mopar-accessories-component-parts--powertrain,150,DISCOVERED,2026-08-01T00:45:41+00:00
tax-d202612e7fe5cd312be74b5b,chrysler300-c-36-gas,tax-8f8006f5e2ab0458a84913f9,SUBCATEGORY,"Case, and Extension",CASEANDEXTENSION,power-transfer-unit-transfer-case--case-and-extension,https://www.moparamerica.com/v-2017-chrysler-300--c--3-6l-v6-gas/power-transfer-unit-transfer-case--case-and-extension,151,DISCOVERED,2026-08-01T00:45:41+00:00
tax-8d6830738081c865ec260ace,chrysler300-c-36-gas,tax-8f8006f5e2ab0458a84913f9,SUBCATEGORY,Gear Train,GEARTRAIN,power-transfer-unit-transfer-case--gear-train,https://www.moparamerica.com/v-2017-chrysler-300--c--3-6l-v6-gas/power-transfer-unit-transfer-case--gear-train,152,DISCOVERED,2026-08-01T00:45:41+00:00
tax-5d123160a243f068acc1abc8,chrysler300-c-36-gas,tax-8f8006f5e2ab0458a84913f9,SUBCATEGORY,Transfer Case Assembly,TRANSFERCASEASSEMBLY,power-transfer-unit-transfer-case--transfer-case-assembly,https://www.moparamerica.com/v-2017-chrysler-300--c--3-6l-v6-gas/power-transfer-unit-transfer-case--transfer-case-assembly,153,DISCOVERED,2026-08-01T00:45:41+00:00
tax-6194d395c78652817a916b77,chrysler300-c-36-gas,tax-8972cbef6834b4b933cea73f,SUBCATEGORY,Rear Stabilizer,REARSTABILIZER,rear-suspension--rear-stabilizer,https://www.moparamerica.com/v-2017-chrysler-300--c--3-6l-v6-gas/rear-suspension--rear-stabilizer,154,DISCOVERED,2026-08-01T00:45:41+00:00
tax-b7066d813835482bf143a149,chrysler300-c-36-gas,tax-8972cbef6834b4b933cea73f,SUBCATEGORY,Rear Suspension and Cradle,REARSUSPENSIONANDCRADLE,rear-suspension--rear-suspension-and-cradle,https://www.moparamerica.com/v-2017-chrysler-300--c--3-6l-v6-gas/rear-suspension--rear-suspension-and-cradle,155,DISCOVERED,2026-08-01T00:45:41+00:00
tax-c453e7e96b9603b95d0c9cff,chrysler300-c-36-gas,tax-3b2b1ab0e75b101c2f24a1f3,SUBCATEGORY,Drive Shaft,DRIVESHAFT,rear-wheel-drive-differential-and-drive-line--drive-shaft,https://www.moparamerica.com/v-2017-chrysler-300--c--3-6l-v6-gas/rear-wheel-drive-differential-and-drive-line--drive-shaft,156,DISCOVERED,2026-08-01T00:45:41+00:00
tax-c41b6f5265e2ecd71d849eb1,chrysler300-c-36-gas,tax-3b2b1ab0e75b101c2f24a1f3,SUBCATEGORY,Rear Axle Assembly,REARAXLEASSEMBLY,rear-wheel-drive-differential-and-drive-line--rear-axle-assembly,https://www.moparamerica.com/v-2017-chrysler-300--c--3-6l-v6-gas/rear-wheel-drive-differential-and-drive-line--rear-axle-assembly,157,DISCOVERED,2026-08-01T00:45:41+00:00
tax-60251c93dfcf3f5c25bb3737,chrysler300-c-36-gas,tax-3b2b1ab0e75b101c2f24a1f3,SUBCATEGORY,"Rear Axle; Housing, Differential and Vent",REARAXLEHOUSINGDIFFERENTIALANDVENT,rear-wheel-drive-differential-and-drive-line--rear-axle-housing-differential-and-vent,https://www.moparamerica.com/v-2017-chrysler-300--c--3-6l-v6-gas/rear-wheel-drive-differential-and-drive-line--rear-axle-housing-differential-and-vent,158,DISCOVERED,2026-08-01T00:45:41+00:00
tax-d9c98290f09d2923bdd774b0,chrysler300-c-36-gas,tax-3b2b1ab0e75b101c2f24a1f3,SUBCATEGORY,Rear Axle Shafts,REARAXLESHAFTS,rear-wheel-drive-differential-and-drive-line--rear-axle-shafts,https://www.moparamerica.com/v-2017-chrysler-300--c--3-6l-v6-gas/rear-wheel-drive-differential-and-drive-line--rear-axle-shafts,159,DISCOVERED,2026-08-01T00:45:41+00:00
tax-d85057471b81ff87e4acc862,chrysler300-c-36-gas,tax-2dcad3c564ce9c76698eaef1,SUBCATEGORY,Air Bags,AIRBAGS,restraints--air-bags,https://www.moparamerica.com/v-2017-chrysler-300--c--3-6l-v6-gas/restraints--air-bags,160,DISCOVERED,2026-08-01T00:45:41+00:00
tax-e1c4c1315d328fd618a51094,chrysler300-c-36-gas,tax-2dcad3c564ce9c76698eaef1,SUBCATEGORY,Seat Belts,SEATBELTS,restraints--seat-belts,https://www.moparamerica.com/v-2017-chrysler-300--c--3-6l-v6-gas/restraints--seat-belts,161,DISCOVERED,2026-08-01T00:45:41+00:00
tax-bc90cb5186ba19b0ba31287f,chrysler300-c-36-gas,tax-5ee2c9b5cd28202626f7151d,SUBCATEGORY,Steering Column and Intermediate Shaft,STEERINGCOLUMNANDINTERMEDIATESHAFT,steering--steering-column-and-intermediate-shaft,https://www.moparamerica.com/v-2017-chrysler-300--c--3-6l-v6-gas/steering--steering-column-and-intermediate-shaft,162,DISCOVERED,2026-08-01T00:45:41+00:00
tax-87daaf4b93271460865bf85d,chrysler300-c-36-gas,tax-5ee2c9b5cd28202626f7151d,SUBCATEGORY,Steering Gear,STEERINGGEAR,steering--steering-gear,https://www.moparamerica.com/v-2017-chrysler-300--c--3-6l-v6-gas/steering--steering-gear,163,DISCOVERED,2026-08-01T00:45:41+00:00
tax-9798751f98c03f9963b1acb0,chrysler300-c-36-gas,tax-5ee2c9b5cd28202626f7151d,SUBCATEGORY,Steering Wheel,STEERINGWHEEL,steering--steering-wheel,https://www.moparamerica.com/v-2017-chrysler-300--c--3-6l-v6-gas/steering--steering-wheel,164,DISCOVERED,2026-08-01T00:45:41+00:00
tax-e1ac57ef5c1b5a3a6b82e1d8,chrysler300-c-36-gas,tax-e75b8bf066f486a8e0a7dad3,SUBCATEGORY,Emergency Kit,EMERGENCYKIT,wheels--emergency-kit,https://www.moparamerica.com/v-2017-chrysler-300--c--3-6l-v6-gas/wheels--emergency-kit,165,DISCOVERED,2026-08-01T00:45:41+00:00
tax-8361cc65f79f835a8a606b26,chrysler300-c-36-gas,tax-e75b8bf066f486a8e0a7dad3,SUBCATEGORY,Jack Stowage,JACKSTOWAGE,wheels--jack-stowage,https://www.moparamerica.com/v-2017-chrysler-300--c--3-6l-v6-gas/wheels--jack-stowage,166,DISCOVERED,2026-08-01T00:45:41+00:00
tax-5bd5e6fe28467b5fb9b64117,chrysler300-c-36-gas,tax-e75b8bf066f486a8e0a7dad3,SUBCATEGORY,Tire Monitoring System,TIREMONITORINGSYSTEM,wheels--tire-monitoring-system,https://www.moparamerica.com/v-2017-chrysler-300--c--3-6l-v6-gas/wheels--tire-monitoring-system,167,DISCOVERED,2026-08-01T00:45:41+00:00
tax-c90e0dcd5de039ed116a728f,chrysler300-c-36-gas,tax-e75b8bf066f486a8e0a7dad3,SUBCATEGORY,Wheel Covers and Center Caps,WHEELCOVERSANDCENTERCAPS,wheels--wheel-covers-and-center-caps,https://www.moparamerica.com/v-2017-chrysler-300--c--3-6l-v6-gas/wheels--wheel-covers-and-center-caps,168,DISCOVERED,2026-08-01T00:45:41+00:00
tax-ef46e0239cbabc6719402ba2,chrysler300-c-36-gas,tax-e75b8bf066f486a8e0a7dad3,SUBCATEGORY,Wheel Spare,WHEELSPARE,wheels--wheel-spare,https://www.moparamerica.com/v-2017-chrysler-300--c--3-6l-v6-gas/wheels--wheel-spare,169,DISCOVERED,2026-08-01T00:45:41+00:00
tax-0f471090ac094a4938a7f964,chrysler300-c-36-gas,tax-e75b8bf066f486a8e0a7dad3,SUBCATEGORY,"Wheels, Tires and Hardware",WHEELSTIRESANDHARDWARE,wheels--wheels-tires-and-hardware,https://www.moparamerica.com/v-2017-chrysler-300--c--3-6l-v6-gas/wheels--wheels-tires-and-hardware,170,DISCOVERED,2026-08-01T00:45:41+00:00
tax-0464b0670b45dc3ace6799a3,chrysler300-c-57-gas,,CATEGORY,3 0L Gas Engine,3-0L-GAS-ENGINE,3-0l-gas-engine,https://www.moparamerica.com/v-2017-chrysler-300--c--5-7l-v8-gas/#cat-3-0l-gas-engine,3,DISCOVERED,2026-08-01T00:45:41+00:00
tax-c72407aad19df9ca1b3bfdf0,chrysler300-c-57-gas,,CATEGORY,3 6L Gas Engine,3-6L-GAS-ENGINE,3-6l-gas-engine,https://www.moparamerica.com/v-2017-chrysler-300--c--5-7l-v8-gas/#cat-3-6l-gas-engine,6,DISCOVERED,2026-08-01T00:45:41+00:00
tax-62e3347812c5bc89f3629085,chrysler300-c-57-gas,,CATEGORY,5 7L Gas Engine,5-7L-GAS-ENGINE,5-7l-gas-engine,https://www.moparamerica.com/v-2017-chrysler-300--c--5-7l-v8-gas/#cat-5-7l-gas-engine,16,DISCOVERED,2026-08-01T00:45:41+00:00
tax-d840531e18d687e41b060fa2,chrysler300-c-57-gas,,CATEGORY,6 4L Gas Engine,6-4L-GAS-ENGINE,6-4l-gas-engine,https://www.moparamerica.com/v-2017-chrysler-300--c--5-7l-v8-gas/#cat-6-4l-gas-engine,22,DISCOVERED,2026-08-01T00:45:41+00:00
tax-b7ba68e150f4e754cde969a6,chrysler300-c-57-gas,,CATEGORY,845Re 8 Speed Automatic Transmission,845RE-8-SPEED-AUTOMATIC-TRANSMISSION,845re-8-speed-automatic-transmission,https://www.moparamerica.com/v-2017-chrysler-300--c--5-7l-v8-gas/#cat-845re-8-speed-automatic-transmission,26,DISCOVERED,2026-08-01T00:45:41+00:00
tax-437ee4e102aedef133b95398,chrysler300-c-57-gas,,CATEGORY,8Hp70 8 Speed Automatic Transmission,8HP70-8-SPEED-AUTOMATIC-TRANSMISSION,8hp70-8-speed-automatic-transmission,https://www.moparamerica.com/v-2017-chrysler-300--c--5-7l-v8-gas/#cat-8hp70-8-speed-automatic-transmission,32,DISCOVERED,2026-08-01T00:45:41+00:00
tax-54bfa6aa4bb2614b75696b93,chrysler300-c-57-gas,,CATEGORY,Accessories Audio Video And Electronics Accessories,ACCESSORIES-AUDIO-VIDEO-AND-ELECTRONICS-ACCESSORIES,accessories-audio-video-and-electronics-accessories,https://www.moparamerica.com/v-2017-chrysler-300--c--5-7l-v8-gas/#cat-accessories-audio-video-and-electronics-accessories,35,DISCOVERED,2026-08-01T00:45:41+00:00
tax-a43f79fd585fa9c5a495300c,chrysler300-c-57-gas,,CATEGORY,Accessories Exterior Accessories,ACCESSORIES-EXTERIOR-ACCESSORIES,accessories-exterior-accessories,https://www.moparamerica.com/v-2017-chrysler-300--c--5-7l-v8-gas/#cat-accessories-exterior-accessories,42,DISCOVERED,2026-08-01T00:45:41+00:00
tax-017bdac1cf144eaa94e17ed4,chrysler300-c-57-gas,,CATEGORY,Accessories Interior Accessories,ACCESSORIES-INTERIOR-ACCESSORIES,accessories-interior-accessories,https://www.moparamerica.com/v-2017-chrysler-300--c--5-7l-v8-gas/#cat-accessories-interior-accessories,46,DISCOVERED,2026-08-01T00:45:41+00:00
tax-b71a628e7a9be5ba83dcdf99,chrysler300-c-57-gas,,CATEGORY,Accessories Lifestyle And Off Road Accessories,ACCESSORIES-LIFESTYLE-AND-OFF-ROAD-ACCESSORIES,accessories-lifestyle-and-off-road-accessories,https://www.moparamerica.com/v-2017-chrysler-300--c--5-7l-v8-gas/#cat-accessories-lifestyle-and-off-road-accessories,47,DISCOVERED,2026-08-01T00:45:41+00:00
tax-0d5a36f2c4a9f2654dc3521e,chrysler300-c-57-gas,,CATEGORY,Accessories Lighting And Electrical Accessories,ACCESSORIES-LIGHTING-AND-ELECTRICAL-ACCESSORIES,accessories-lighting-and-electrical-accessories,https://www.moparamerica.com/v-2017-chrysler-300--c--5-7l-v8-gas/#cat-accessories-lighting-and-electrical-accessories,48,DISCOVERED,2026-08-01T00:45:41+00:00
tax-b64f945e2a7b2907a6165998,chrysler300-c-57-gas,,CATEGORY,Accessories Modern Performance,ACCESSORIES-MODERN-PERFORMANCE,accessories-modern-performance,https://www.moparamerica.com/v-2017-chrysler-300--c--5-7l-v8-gas/#cat-accessories-modern-performance,51,DISCOVERED,2026-08-01T00:45:41+00:00
tax-9df3225f1b4f2986de7ffe4c,chrysler300-c-57-gas,,CATEGORY,Accessories Performance,ACCESSORIES-PERFORMANCE,accessories-performance,https://www.moparamerica.com/v-2017-chrysler-300--c--5-7l-v8-gas/#cat-accessories-performance,53,DISCOVERED,2026-08-01T00:45:41+00:00
tax-7e8cf65b21ffdd78daae6acf,chrysler300-c-57-gas,,CATEGORY,Accessories Vehicle Care Products,ACCESSORIES-VEHICLE-CARE-PRODUCTS,accessories-vehicle-care-products,https://www.moparamerica.com/v-2017-chrysler-300--c--5-7l-v8-gas/#cat-accessories-vehicle-care-products,55,DISCOVERED,2026-08-01T00:45:41+00:00
tax-637f08e489ff3a28f7808a8f,chrysler300-c-57-gas,,CATEGORY,Air Conditioners And Heaters,AIR-CONDITIONERS-AND-HEATERS,air-conditioners-and-heaters,https://www.moparamerica.com/v-2017-chrysler-300--c--5-7l-v8-gas/#cat-air-conditioners-and-heaters,60,DISCOVERED,2026-08-01T00:45:41+00:00
tax-e7dc5b860bd04ed3f447089f,chrysler300-c-57-gas,,CATEGORY,All Wheel Drive Differential And Drive Line,ALL-WHEEL-DRIVE-DIFFERENTIAL-AND-DRIVE-LINE,all-wheel-drive-differential-and-drive-line,https://www.moparamerica.com/v-2017-chrysler-300--c--5-7l-v8-gas/#cat-all-wheel-drive-differential-and-drive-line,65,DISCOVERED,2026-08-01T00:45:41+00:00
tax-9165e526d598283e53c55e38,chrysler300-c-57-gas,,CATEGORY,Body Sheet Metal Except Doors,BODY-SHEET-METAL-EXCEPT-DOORS,body-sheet-metal-except-doors,https://www.moparamerica.com/v-2017-chrysler-300--c--5-7l-v8-gas/#cat-body-sheet-metal-except-doors,76,DISCOVERED,2026-08-01T00:45:41+00:00
tax-5bd734ad7a939d22bc644d66,chrysler300-c-57-gas,,CATEGORY,Brakes,BRAKES,brakes,https://www.moparamerica.com/v-2017-chrysler-300--c--5-7l-v8-gas/#cat-brakes,83,DISCOVERED,2026-08-01T00:45:41+00:00
tax-7982f79b00e262c27c590634,chrysler300-c-57-gas,,CATEGORY,Cooling,COOLING,cooling,https://www.moparamerica.com/v-2017-chrysler-300--c--5-7l-v8-gas/#cat-cooling,89,DISCOVERED,2026-08-01T00:45:41+00:00
tax-1d83c4f7afd7d07b1e100282,chrysler300-c-57-gas,,CATEGORY,Doors Door Mirrors And Related Parts,DOORS-DOOR-MIRRORS-AND-RELATED-PARTS,doors-door-mirrors-and-related-parts,https://www.moparamerica.com/v-2017-chrysler-300--c--5-7l-v8-gas/#cat-doors-door-mirrors-and-related-parts,93,DISCOVERED,2026-08-01T00:45:41+00:00
tax-6eef61076fb7046f131d64f9,chrysler300-c-57-gas,,CATEGORY,Electrical,ELECTRICAL,electrical,https://www.moparamerica.com/v-2017-chrysler-300--c--5-7l-v8-gas/#cat-electrical,112,DISCOVERED,2026-08-01T00:45:41+00:00
tax-2d1a2a08aea43578b6887085,chrysler300-c-57-gas,,CATEGORY,Emission Controls,EMISSION-CONTROLS,emission-controls,https://www.moparamerica.com/v-2017-chrysler-300--c--5-7l-v8-gas/#cat-emission-controls,114,DISCOVERED,2026-08-01T00:45:41+00:00
tax-e220afe387b4a5bf3c8569ba,chrysler300-c-57-gas,,CATEGORY,Exhaust,EXHAUST,exhaust,https://www.moparamerica.com/v-2017-chrysler-300--c--5-7l-v8-gas/#cat-exhaust,115,DISCOVERED,2026-08-01T00:45:41+00:00
tax-3df73959b74c3154524af542,chrysler300-c-57-gas,,CATEGORY,Exterior Ornamentation,EXTERIOR-ORNAMENTATION,exterior-ornamentation,https://www.moparamerica.com/v-2017-chrysler-300--c--5-7l-v8-gas/#cat-exterior-ornamentation,118,DISCOVERED,2026-08-01T00:45:41+00:00
tax-d6aabccfa2d8c080274fb9ea,chrysler300-c-57-gas,,CATEGORY,Frame Bumper And Fascia,FRAME-BUMPER-AND-FASCIA,frame-bumper-and-fascia,https://www.moparamerica.com/v-2017-chrysler-300--c--5-7l-v8-gas/#cat-frame-bumper-and-fascia,121,DISCOVERED,2026-08-01T00:45:41+00:00
tax-0dca3c549a4b7ff6bc6b92d0,chrysler300-c-57-gas,,CATEGORY,Front Suspension,FRONT-SUSPENSION,front-suspension,https://www.moparamerica.com/v-2017-chrysler-300--c--5-7l-v8-gas/#cat-front-suspension,123,DISCOVERED,2026-08-01T00:45:41+00:00
tax-84a04ce64d519e5d32b1a326,chrysler300-c-57-gas,,CATEGORY,Fuel,FUEL,fuel,https://www.moparamerica.com/v-2017-chrysler-300--c--5-7l-v8-gas/#cat-fuel,131,DISCOVERED,2026-08-01T00:45:41+00:00
tax-189e500235941e194d5203ec,chrysler300-c-57-gas,,CATEGORY,Glass,GLASS,glass,https://www.moparamerica.com/v-2017-chrysler-300--c--5-7l-v8-gas/#cat-glass,132,DISCOVERED,2026-08-01T00:45:41+00:00
tax-901b6bfd2182d01f1e2b1ef2,chrysler300-c-57-gas,,CATEGORY,Interior Trim,INTERIOR-TRIM,interior-trim,https://www.moparamerica.com/v-2017-chrysler-300--c--5-7l-v8-gas/#cat-interior-trim,142,DISCOVERED,2026-08-01T00:45:41+00:00
tax-f507ec41c52b86e809627dd9,chrysler300-c-57-gas,,CATEGORY,Labels,LABELS,labels,https://www.moparamerica.com/v-2017-chrysler-300--c--5-7l-v8-gas/#cat-labels,144,DISCOVERED,2026-08-01T00:45:41+00:00
tax-eea1b9b5acee17e95955cae3,chrysler300-c-57-gas,,CATEGORY,Mopar Accessories Component Parts,MOPAR-ACCESSORIES-COMPONENT-PARTS,mopar-accessories-component-parts,https://www.moparamerica.com/v-2017-chrysler-300--c--5-7l-v8-gas/#cat-mopar-accessories-component-parts,150,DISCOVERED,2026-08-01T00:45:41+00:00
tax-6c4628a1771a011051660c47,chrysler300-c-57-gas,,CATEGORY,Power Transfer Unit Transfer Case,POWER-TRANSFER-UNIT-TRANSFER-CASE,power-transfer-unit-transfer-case,https://www.moparamerica.com/v-2017-chrysler-300--c--5-7l-v8-gas/#cat-power-transfer-unit-transfer-case,151,DISCOVERED,2026-08-01T00:45:41+00:00
tax-4404eefde8ed8fe6b58d8bff,chrysler300-c-57-gas,,CATEGORY,Rear Suspension,REAR-SUSPENSION,rear-suspension,https://www.moparamerica.com/v-2017-chrysler-300--c--5-7l-v8-gas/#cat-rear-suspension,153,DISCOVERED,2026-08-01T00:45:41+00:00
tax-7e84ff695bb5e73abf9a1562,chrysler300-c-57-gas,,CATEGORY,Rear Wheel Drive Differential And Drive Line,REAR-WHEEL-DRIVE-DIFFERENTIAL-AND-DRIVE-LINE,rear-wheel-drive-differential-and-drive-line,https://www.moparamerica.com/v-2017-chrysler-300--c--5-7l-v8-gas/#cat-rear-wheel-drive-differential-and-drive-line,157,DISCOVERED,2026-08-01T00:45:41+00:00
tax-c35e8c1b6470f89c80e57d6b,chrysler300-c-57-gas,,CATEGORY,Restraints,RESTRAINTS,restraints,https://www.moparamerica.com/v-2017-chrysler-300--c--5-7l-v8-gas/#cat-restraints,159,DISCOVERED,2026-08-01T00:45:41+00:00
tax-c858c9b7609842e2691e136f,chrysler300-c-57-gas,,CATEGORY,Steering,STEERING,steering,https://www.moparamerica.com/v-2017-chrysler-300--c--5-7l-v8-gas/#cat-steering,162,DISCOVERED,2026-08-01T00:45:41+00:00
tax-a43897c1763ed98d3ec0107e,chrysler300-c-57-gas,,CATEGORY,Wheels,WHEELS,wheels,https://www.moparamerica.com/v-2017-chrysler-300--c--5-7l-v8-gas/#cat-wheels,168,DISCOVERED,2026-08-01T00:45:41+00:00
tax-2359d3b4ac7fd3b37be374c9,chrysler300-c-57-gas,tax-0464b0670b45dc3ace6799a3,SUBCATEGORY,Engine Mounting,ENGINEMOUNTING,3-0l-gas-engine--engine-mounting,https://www.moparamerica.com/v-2017-chrysler-300--c--5-7l-v8-gas/3-0l-gas-engine--engine-mounting,1,DISCOVERED,2026-08-01T00:45:41+00:00
tax-b2912a42fbebcf9ba0f9801b,chrysler300-c-57-gas,tax-0464b0670b45dc3ace6799a3,SUBCATEGORY,"Engine Oiling, Oil Pan and Indicator (Dipstick)",ENGINEOILINGOILPANANDINDICATORDIPSTICK,3-0l-gas-engine--engine-oiling-oil-pan-and-indicator-dipstick,https://www.moparamerica.com/v-2017-chrysler-300--c--5-7l-v8-gas/3-0l-gas-engine--engine-oiling-oil-pan-and-indicator-dipstick,2,DISCOVERED,2026-08-01T00:45:41+00:00
tax-88f9f12a8a9188b17c096d6d,chrysler300-c-57-gas,tax-0464b0670b45dc3ace6799a3,SUBCATEGORY,Timing Belt/Chain and Cover and Balance Shaft,TIMINGBELTCHAINANDCOVERANDBALANCESHAFT,3-0l-gas-engine--timing-belt-chain-and-cover-and-balance-shaft,https://www.moparamerica.com/v-2017-chrysler-300--c--5-7l-v8-gas/3-0l-gas-engine--timing-belt-chain-and-cover-and-balance-shaft,3,DISCOVERED,2026-08-01T00:45:41+00:00
tax-f9027353f0f173e79ff11e5c,chrysler300-c-57-gas,tax-c72407aad19df9ca1b3bfdf0,SUBCATEGORY,Engine Mounting,ENGINEMOUNTING,3-6l-gas-engine--engine-mounting,https://www.moparamerica.com/v-2017-chrysler-300--c--5-7l-v8-gas/3-6l-gas-engine--engine-mounting,4,DISCOVERED,2026-08-01T00:45:41+00:00
tax-9fd22226bcbd8747c0ce6c23,chrysler300-c-57-gas,tax-c72407aad19df9ca1b3bfdf0,SUBCATEGORY,"Engine Oiling, Oil Pan and Indicator (Dipstick)",ENGINEOILINGOILPANANDINDICATORDIPSTICK,3-6l-gas-engine--engine-oiling-oil-pan-and-indicator-dipstick,https://www.moparamerica.com/v-2017-chrysler-300--c--5-7l-v8-gas/3-6l-gas-engine--engine-oiling-oil-pan-and-indicator-dipstick,5,DISCOVERED,2026-08-01T00:45:41+00:00
tax-efdbdf88c47fa1f5b92ec51e,chrysler300-c-57-gas,tax-c72407aad19df9ca1b3bfdf0,SUBCATEGORY,Timing Belt/Chain and Cover and Balance Shaft,TIMINGBELTCHAINANDCOVERANDBALANCESHAFT,3-6l-gas-engine--timing-belt-chain-and-cover-and-balance-shaft,https://www.moparamerica.com/v-2017-chrysler-300--c--5-7l-v8-gas/3-6l-gas-engine--timing-belt-chain-and-cover-and-balance-shaft,6,DISCOVERED,2026-08-01T00:45:41+00:00
tax-e41e4518da1a3d832560f8cc,chrysler300-c-57-gas,tax-62e3347812c5bc89f3629085,SUBCATEGORY,Camshaft and Valve,CAMSHAFTANDVALVE,5-7l-gas-engine--camshaft-and-valve,https://www.moparamerica.com/v-2017-chrysler-300--c--5-7l-v8-gas/5-7l-gas-engine--camshaft-and-valve,7,DISCOVERED,2026-08-01T00:45:41+00:00
tax-f86911bc333f92edbe58b6fe,chrysler300-c-57-gas,tax-62e3347812c5bc89f3629085,SUBCATEGORY,Crankcase Ventilation,CRANKCASEVENTILATION,5-7l-gas-engine--crankcase-ventilation,https://www.moparamerica.com/v-2017-chrysler-300--c--5-7l-v8-gas/5-7l-gas-engine--crankcase-ventilation,8,DISCOVERED,2026-08-01T00:45:41+00:00
tax-2c29ceca26a3e75c87b5e1ae,chrysler300-c-57-gas,tax-62e3347812c5bc89f3629085,SUBCATEGORY,"Crankshaft, Piston, Drive Plate, Flywheel, and Damper",CRANKSHAFTPISTONDRIVEPLATEFLYWHEELANDDAMPER,5-7l-gas-engine--crankshaft-piston-drive-plate-flywheel-and-damper,https://www.moparamerica.com/v-2017-chrysler-300--c--5-7l-v8-gas/5-7l-gas-engine--crankshaft-piston-drive-plate-flywheel-and-damper,9,DISCOVERED,2026-08-01T00:45:41+00:00
tax-ad8df3932c6d4d758459bbe5,chrysler300-c-57-gas,tax-62e3347812c5bc89f3629085,SUBCATEGORY,Cylinder Block,CYLINDERBLOCK,5-7l-gas-engine--cylinder-block,https://www.moparamerica.com/v-2017-chrysler-300--c--5-7l-v8-gas/5-7l-gas-engine--cylinder-block,10,DISCOVERED,2026-08-01T00:45:41+00:00
tax-88aed276c3fb9dcd936f5c77,chrysler300-c-57-gas,tax-62e3347812c5bc89f3629085,SUBCATEGORY,Cylinder Head,CYLINDERHEAD,5-7l-gas-engine--cylinder-head,https://www.moparamerica.com/v-2017-chrysler-300--c--5-7l-v8-gas/5-7l-gas-engine--cylinder-head,11,DISCOVERED,2026-08-01T00:45:41+00:00
tax-22693dbc60a8c7a03d465ab5,chrysler300-c-57-gas,tax-62e3347812c5bc89f3629085,SUBCATEGORY,"Engine Identification, Service Engines & Engine Service Kits",ENGINEIDENTIFICATIONSERVICEENGINESENGINESERVICEKITS,5-7l-gas-engine--engine-identification-service-engines-and-engine-service-kits,https://www.moparamerica.com/v-2017-chrysler-300--c--5-7l-v8-gas/5-7l-gas-engine--engine-identification-service-engines-and-engine-service-kits,12,DISCOVERED,2026-08-01T00:45:41+00:00
tax-84ec333a5be26359b88c1244,chrysler300-c-57-gas,tax-62e3347812c5bc89f3629085,SUBCATEGORY,Engine Mounting,ENGINEMOUNTING,5-7l-gas-engine--engine-mounting,https://www.moparamerica.com/v-2017-chrysler-300--c--5-7l-v8-gas/5-7l-gas-engine--engine-mounting,13,DISCOVERED,2026-08-01T00:45:41+00:00
tax-6882cf6000467f4bf77bed04,chrysler300-c-57-gas,tax-62e3347812c5bc89f3629085,SUBCATEGORY,"Engine Oiling, Oil Pan and Indicator (Dipstick)",ENGINEOILINGOILPANANDINDICATORDIPSTICK,5-7l-gas-engine--engine-oiling-oil-pan-and-indicator-dipstick,https://www.moparamerica.com/v-2017-chrysler-300--c--5-7l-v8-gas/5-7l-gas-engine--engine-oiling-oil-pan-and-indicator-dipstick,14,DISCOVERED,2026-08-01T00:45:41+00:00
tax-a9c8d2164c0fd92f7d3666ee,chrysler300-c-57-gas,tax-62e3347812c5bc89f3629085,SUBCATEGORY,Manifolds and Vacuum Fittings,MANIFOLDSANDVACUUMFITTINGS,5-7l-gas-engine--manifolds-and-vacuum-fittings,https://www.moparamerica.com/v-2017-chrysler-300--c--5-7l-v8-gas/5-7l-gas-engine--manifolds-and-vacuum-fittings,15,DISCOVERED,2026-08-01T00:45:41+00:00
tax-ac49a375b11990298b62998a,chrysler300-c-57-gas,tax-62e3347812c5bc89f3629085,SUBCATEGORY,Timing Belt/Chain and Cover and Balance Shaft,TIMINGBELTCHAINANDCOVERANDBALANCESHAFT,5-7l-gas-engine--timing-belt-chain-and-cover-and-balance-shaft,https://www.moparamerica.com/v-2017-chrysler-300--c--5-7l-v8-gas/5-7l-gas-engine--timing-belt-chain-and-cover-and-balance-shaft,16,DISCOVERED,2026-08-01T00:45:41+00:00
tax-a81f4cb7e1a60317669b5383,chrysler300-c-57-gas,tax-d840531e18d687e41b060fa2,SUBCATEGORY,Camshaft and Valve,CAMSHAFTANDVALVE,6-4l-gas-engine--camshaft-and-valve,https://www.moparamerica.com/v-2017-chrysler-300--c--5-7l-v8-gas/6-4l-gas-engine--camshaft-and-valve,17,DISCOVERED,2026-08-01T00:45:41+00:00
tax-5fc0a4190cef5fb0287302fa,chrysler300-c-57-gas,tax-d840531e18d687e41b060fa2,SUBCATEGORY,Cylinder Block,CYLINDERBLOCK,6-4l-gas-engine--cylinder-block,https://www.moparamerica.com/v-2017-chrysler-300--c--5-7l-v8-gas/6-4l-gas-engine--cylinder-block,18,DISCOVERED,2026-08-01T00:45:41+00:00
tax-8cfd6cc1922a5b867a59dacf,chrysler300-c-57-gas,tax-d840531e18d687e41b060fa2,SUBCATEGORY,Engine Mounting,ENGINEMOUNTING,6-4l-gas-engine--engine-mounting,https://www.moparamerica.com/v-2017-chrysler-300--c--5-7l-v8-gas/6-4l-gas-engine--engine-mounting,19,DISCOVERED,2026-08-01T00:45:41+00:00
tax-cdcda7310ac69ce2f2dc9633,chrysler300-c-57-gas,tax-d840531e18d687e41b060fa2,SUBCATEGORY,Engine Oil Cooler,ENGINEOILCOOLER,6-4l-gas-engine--engine-oil-cooler,https://www.moparamerica.com/v-2017-chrysler-300--c--5-7l-v8-gas/6-4l-gas-engine--engine-oil-cooler,20,DISCOVERED,2026-08-01T00:45:41+00:00
tax-686ac78a07340616457f357d,chrysler300-c-57-gas,tax-d840531e18d687e41b060fa2,SUBCATEGORY,"Engine Oiling, Oil Pan and Indicator (Dipstick)",ENGINEOILINGOILPANANDINDICATORDIPSTICK,6-4l-gas-engine--engine-oiling-oil-pan-and-indicator-dipstick,https://www.moparamerica.com/v-2017-chrysler-300--c--5-7l-v8-gas/6-4l-gas-engine--engine-oiling-oil-pan-and-indicator-dipstick,21,DISCOVERED,2026-08-01T00:45:41+00:00
tax-3b4edcedb254403287d06010,chrysler300-c-57-gas,tax-d840531e18d687e41b060fa2,SUBCATEGORY,Manifolds and Vacuum Fittings,MANIFOLDSANDVACUUMFITTINGS,6-4l-gas-engine--manifolds-and-vacuum-fittings,https://www.moparamerica.com/v-2017-chrysler-300--c--5-7l-v8-gas/6-4l-gas-engine--manifolds-and-vacuum-fittings,22,DISCOVERED,2026-08-01T00:45:41+00:00
tax-821b5095b1c6d1886ab23458,chrysler300-c-57-gas,tax-b7ba68e150f4e754cde969a6,SUBCATEGORY,Automatic Transmission / Transaxle and Torque Converter,AUTOMATICTRANSMISSIONTRANSAXLEANDTORQUECONVERTER,845re-8-speed-automatic-transmission--automatic-transmission-transaxle-and-torque-converter,https://www.moparamerica.com/v-2017-chrysler-300--c--5-7l-v8-gas/845re-8-speed-automatic-transmission--automatic-transmission-transaxle-and-torque-converter,23,DISCOVERED,2026-08-01T00:45:41+00:00
tax-28334b5e519e27abf544f63d,chrysler300-c-57-gas,tax-b7ba68e150f4e754cde969a6,SUBCATEGORY,Gearshift Controls and Related Parts,GEARSHIFTCONTROLSANDRELATEDPARTS,845re-8-speed-automatic-transmission--gearshift-controls-and-related-parts,https://www.moparamerica.com/v-2017-chrysler-300--c--5-7l-v8-gas/845re-8-speed-automatic-transmission--gearshift-controls-and-related-parts,24,DISCOVERED,2026-08-01T00:45:41+00:00
tax-dea38902ac2800016c432f63,chrysler300-c-57-gas,tax-b7ba68e150f4e754cde969a6,SUBCATEGORY,Mounting and Skid Plate,MOUNTINGANDSKIDPLATE,845re-8-speed-automatic-transmission--mounting-and-skid-plate,https://www.moparamerica.com/v-2017-chrysler-300--c--5-7l-v8-gas/845re-8-speed-automatic-transmission--mounting-and-skid-plate,25,DISCOVERED,2026-08-01T00:45:41+00:00
tax-6d52ce6ed9e5cb513416b7cd,chrysler300-c-57-gas,tax-b7ba68e150f4e754cde969a6,SUBCATEGORY,Oil Pump,OILPUMP,845re-8-speed-automatic-transmission--oil-pump,https://www.moparamerica.com/v-2017-chrysler-300--c--5-7l-v8-gas/845re-8-speed-automatic-transmission--oil-pump,26,DISCOVERED,2026-08-01T00:45:41+00:00
tax-bff6057e6378baec0675effc,chrysler300-c-57-gas,tax-437ee4e102aedef133b95398,SUBCATEGORY,Automatic Transmission / Transaxle and Torque Converter,AUTOMATICTRANSMISSIONTRANSAXLEANDTORQUECONVERTER,8hp70-8-speed-automatic-transmission--automatic-transmission-transaxle-and-torque-converter,https://www.moparamerica.com/v-2017-chrysler-300--c--5-7l-v8-gas/8hp70-8-speed-automatic-transmission--automatic-transmission-transaxle-and-torque-converter,27,DISCOVERED,2026-08-01T00:45:41+00:00
tax-3feb81c990a96b68d486010c,chrysler300-c-57-gas,tax-437ee4e102aedef133b95398,SUBCATEGORY,"Case, Extension, Oil Pan, and Indicator (Dipstick)",CASEEXTENSIONOILPANANDINDICATORDIPSTICK,8hp70-8-speed-automatic-transmission--case-extension-oil-pan-and-indicator-dipstick,https://www.moparamerica.com/v-2017-chrysler-300--c--5-7l-v8-gas/8hp70-8-speed-automatic-transmission--case-extension-oil-pan-and-indicator-dipstick,28,DISCOVERED,2026-08-01T00:45:41+00:00
tax-d692d3d8ca2dc05cf49de730,chrysler300-c-57-gas,tax-437ee4e102aedef133b95398,SUBCATEGORY,Gearshift Controls and Related Parts,GEARSHIFTCONTROLSANDRELATEDPARTS,8hp70-8-speed-automatic-transmission--gearshift-controls-and-related-parts,https://www.moparamerica.com/v-2017-chrysler-300--c--5-7l-v8-gas/8hp70-8-speed-automatic-transmission--gearshift-controls-and-related-parts,29,DISCOVERED,2026-08-01T00:45:41+00:00
tax-cc915a543f4f93eb1d19a26c,chrysler300-c-57-gas,tax-437ee4e102aedef133b95398,SUBCATEGORY,Mounting and Skid Plate,MOUNTINGANDSKIDPLATE,8hp70-8-speed-automatic-transmission--mounting-and-skid-plate,https://www.moparamerica.com/v-2017-chrysler-300--c--5-7l-v8-gas/8hp70-8-speed-automatic-transmission--mounting-and-skid-plate,30,DISCOVERED,2026-08-01T00:45:41+00:00
tax-e2c8015fed0a6b8e79eff65d,chrysler300-c-57-gas,tax-437ee4e102aedef133b95398,SUBCATEGORY,Oil Pump,OILPUMP,8hp70-8-speed-automatic-transmission--oil-pump,https://www.moparamerica.com/v-2017-chrysler-300--c--5-7l-v8-gas/8hp70-8-speed-automatic-transmission--oil-pump,31,DISCOVERED,2026-08-01T00:45:41+00:00
tax-038d7af1cdd6b88d2ec865f6,chrysler300-c-57-gas,tax-437ee4e102aedef133b95398,SUBCATEGORY,"Valve Body, Accumulator, Solenoid and Parking Sprag",VALVEBODYACCUMULATORSOLENOIDANDPARKINGSPRAG,8hp70-8-speed-automatic-transmission--valve-body-accumulator-solenoid-and-parking-sprag,https://www.moparamerica.com/v-2017-chrysler-300--c--5-7l-v8-gas/8hp70-8-speed-automatic-transmission--valve-body-accumulator-solenoid-and-parking-sprag,32,DISCOVERED,2026-08-01T00:45:41+00:00
tax-a50c50f584a8e1385891e719,chrysler300-c-57-gas,tax-54bfa6aa4bb2614b75696b93,SUBCATEGORY,Charging Unit,CHARGINGUNIT,accessories-audio-video-and-electronics-accessories--charging-unit,https://www.moparamerica.com/v-2017-chrysler-300--c--5-7l-v8-gas/accessories-audio-video-and-electronics-accessories--charging-unit,33,DISCOVERED,2026-08-01T00:45:41+00:00
tax-936c05b4545965ccd1e26424,chrysler300-c-57-gas,tax-54bfa6aa4bb2614b75696b93,SUBCATEGORY,Remote Start,REMOTESTART,accessories-audio-video-and-electronics-accessories--remote-start,https://www.moparamerica.com/v-2017-chrysler-300--c--5-7l-v8-gas/accessories-audio-video-and-electronics-accessories--remote-start,34,DISCOVERED,2026-08-01T00:45:41+00:00
tax-8d5b024ce6e04b56cbede1fb,chrysler300-c-57-gas,tax-54bfa6aa4bb2614b75696b93,SUBCATEGORY,Security,SECURITY,accessories-audio-video-and-electronics-accessories--security,https://www.moparamerica.com/v-2017-chrysler-300--c--5-7l-v8-gas/accessories-audio-video-and-electronics-accessories--security,35,DISCOVERED,2026-08-01T00:45:41+00:00
tax-e8b255cfe0c96d0cbd977e89,chrysler300-c-57-gas,tax-a43f79fd585fa9c5a495300c,SUBCATEGORY,Air Deflectors,AIRDEFLECTORS,accessories-exterior-accessories--air-deflectors,https://www.moparamerica.com/v-2017-chrysler-300--c--5-7l-v8-gas/accessories-exterior-accessories--air-deflectors,36,DISCOVERED,2026-08-01T00:45:41+00:00
tax-3a4725929433232161e82377,chrysler300-c-57-gas,tax-a43f79fd585fa9c5a495300c,SUBCATEGORY,Exterior Appearance,EXTERIORAPPEARANCE,accessories-exterior-accessories--exterior-appearance,https://www.moparamerica.com/v-2017-chrysler-300--c--5-7l-v8-gas/accessories-exterior-accessories--exterior-appearance,37,DISCOVERED,2026-08-01T00:45:41+00:00
tax-e4302fc0104ae7daa8b9e9ff,chrysler300-c-57-gas,tax-a43f79fd585fa9c5a495300c,SUBCATEGORY,License Plate,LICENSEPLATE,accessories-exterior-accessories--license-plate,https://www.moparamerica.com/v-2017-chrysler-300--c--5-7l-v8-gas/accessories-exterior-accessories--license-plate,38,DISCOVERED,2026-08-01T00:45:41+00:00
tax-957501be26f7c4d24f6dd0f1,chrysler300-c-57-gas,tax-a43f79fd585fa9c5a495300c,SUBCATEGORY,Locks,LOCKS,accessories-exterior-accessories--locks,https://www.moparamerica.com/v-2017-chrysler-300--c--5-7l-v8-gas/accessories-exterior-accessories--locks,39,DISCOVERED,2026-08-01T00:45:41+00:00
tax-7fbd085f8a5770f72eb9f0c5,chrysler300-c-57-gas,tax-a43f79fd585fa9c5a495300c,SUBCATEGORY,Protective Guards,PROTECTIVEGUARDS,accessories-exterior-accessories--protective-guards,https://www.moparamerica.com/v-2017-chrysler-300--c--5-7l-v8-gas/accessories-exterior-accessories--protective-guards,40,DISCOVERED,2026-08-01T00:45:41+00:00
tax-d3c0e0c0b94f85bb0edc9802,chrysler300-c-57-gas,tax-a43f79fd585fa9c5a495300c,SUBCATEGORY,Splash Guards,SPLASHGUARDS,accessories-exterior-accessories--splash-guards,https://www.moparamerica.com/v-2017-chrysler-300--c--5-7l-v8-gas/accessories-exterior-accessories--splash-guards,41,DISCOVERED,2026-08-01T00:45:41+00:00
tax-81363712e38c89263418363c,chrysler300-c-57-gas,tax-a43f79fd585fa9c5a495300c,SUBCATEGORY,Wheels,WHEELS,accessories-exterior-accessories--wheels,https://www.moparamerica.com/v-2017-chrysler-300--c--5-7l-v8-gas/accessories-exterior-accessories--wheels,42,DISCOVERED,2026-08-01T00:45:41+00:00
tax-b8726c471a7a86099eb01298,chrysler300-c-57-gas,tax-017bdac1cf144eaa94e17ed4,SUBCATEGORY,Air Purification,AIRPURIFICATION,accessories-interior-accessories--air-purification,https://www.moparamerica.com/v-2017-chrysler-300--c--5-7l-v8-gas/accessories-interior-accessories--air-purification,43,DISCOVERED,2026-08-01T00:45:41+00:00
tax-9e1b6165284e146a198ffc82,chrysler300-c-57-gas,tax-017bdac1cf144eaa94e17ed4,SUBCATEGORY,Cargo Trays & Mats,CARGOTRAYSMATS,accessories-interior-accessories--cargo-trays-and-mats,https://www.moparamerica.com/v-2017-chrysler-300--c--5-7l-v8-gas/accessories-interior-accessories--cargo-trays-and-mats,44,DISCOVERED,2026-08-01T00:45:41+00:00
tax-675f15de5cf650de6a171bd2,chrysler300-c-57-gas,tax-017bdac1cf144eaa94e17ed4,SUBCATEGORY,Floor Mats,FLOORMATS,accessories-interior-accessories--floor-mats,https://www.moparamerica.com/v-2017-chrysler-300--c--5-7l-v8-gas/accessories-interior-accessories--floor-mats,45,DISCOVERED,2026-08-01T00:45:41+00:00
tax-15867a8fced7c85af221245e,chrysler300-c-57-gas,tax-017bdac1cf144eaa94e17ed4,SUBCATEGORY,Interior Appearance,INTERIORAPPEARANCE,accessories-interior-accessories--interior-appearance,https://www.moparamerica.com/v-2017-chrysler-300--c--5-7l-v8-gas/accessories-interior-accessories--interior-appearance,46,DISCOVERED,2026-08-01T00:45:41+00:00
tax-125c0398ac886f5682f888bd,chrysler300-c-57-gas,tax-b71a628e7a9be5ba83dcdf99,SUBCATEGORY,Safety Kits,SAFETYKITS,accessories-lifestyle-and-off-road-accessories--safety-kits,https://www.moparamerica.com/v-2017-chrysler-300--c--5-7l-v8-gas/accessories-lifestyle-and-off-road-accessories--safety-kits,47,DISCOVERED,2026-08-01T00:45:41+00:00
tax-00a50f03370ed1ceeaf2ce1d,chrysler300-c-57-gas,tax-0d5a36f2c4a9f2654dc3521e,SUBCATEGORY,Charging Unit,CHARGINGUNIT,accessories-lighting-and-electrical-accessories--charging-unit,https://www.moparamerica.com/v-2017-chrysler-300--c--5-7l-v8-gas/accessories-lighting-and-electrical-accessories--charging-unit,48,DISCOVERED,2026-08-01T00:45:41+00:00
tax-5e61e197fb1a02e405d7052a,chrysler300-c-57-gas,tax-b64f945e2a7b2907a6165998,SUBCATEGORY,Engine Parts,ENGINEPARTS,accessories-modern-performance--engine-parts,https://www.moparamerica.com/v-2017-chrysler-300--c--5-7l-v8-gas/accessories-modern-performance--engine-parts,49,DISCOVERED,2026-08-01T00:45:41+00:00
tax-ff93661849e86db88f01996f,chrysler300-c-57-gas,tax-b64f945e2a7b2907a6165998,SUBCATEGORY,Intake & Air,INTAKEAIR,accessories-modern-performance--intake-and-air,https://www.moparamerica.com/v-2017-chrysler-300--c--5-7l-v8-gas/accessories-modern-performance--intake-and-air,50,DISCOVERED,2026-08-01T00:45:41+00:00
tax-327b32bd93bcad4edcf55ab8,chrysler300-c-57-gas,tax-b64f945e2a7b2907a6165998,SUBCATEGORY,Suspension,SUSPENSION,accessories-modern-performance--suspension,https://www.moparamerica.com/v-2017-chrysler-300--c--5-7l-v8-gas/accessories-modern-performance--suspension,51,DISCOVERED,2026-08-01T00:45:41+00:00
tax-8d25b61735d84a834cdeba8d,chrysler300-c-57-gas,tax-9df3225f1b4f2986de7ffe4c,SUBCATEGORY,Brakes,BRAKES,accessories-performance--brakes,https://www.moparamerica.com/v-2017-chrysler-300--c--5-7l-v8-gas/accessories-performance--brakes,52,DISCOVERED,2026-08-01T00:45:41+00:00
tax-baf3fe9d81adc31cb09244de,chrysler300-c-57-gas,tax-9df3225f1b4f2986de7ffe4c,SUBCATEGORY,Performance Packages,PERFORMANCEPACKAGES,accessories-performance--performance-packages,https://www.moparamerica.com/v-2017-chrysler-300--c--5-7l-v8-gas/accessories-performance--performance-packages,53,DISCOVERED,2026-08-01T00:45:41+00:00
tax-42d37f94f661b8f2bfed8ab7,chrysler300-c-57-gas,tax-7e8cf65b21ffdd78daae6acf,SUBCATEGORY,Mopar,MOPAR,accessories-vehicle-care-products--mopar,https://www.moparamerica.com/v-2017-chrysler-300--c--5-7l-v8-gas/accessories-vehicle-care-products--mopar,54,DISCOVERED,2026-08-01T00:45:41+00:00
tax-4b7f41217fae4377622e0580,chrysler300-c-57-gas,tax-7e8cf65b21ffdd78daae6acf,SUBCATEGORY,Touch Up Paint,TOUCHUPPAINT,accessories-vehicle-care-products--touch-up-paint,https://www.moparamerica.com/v-2017-chrysler-300--c--5-7l-v8-gas/accessories-vehicle-care-products--touch-up-paint,55,DISCOVERED,2026-08-01T00:45:41+00:00
tax-f2310155fb555f1e833e3486,chrysler300-c-57-gas,tax-637f08e489ff3a28f7808a8f,SUBCATEGORY,Air Conditioner and Heater Controls,AIRCONDITIONERANDHEATERCONTROLS,air-conditioners-and-heaters--air-conditioner-and-heater-controls,https://www.moparamerica.com/v-2017-chrysler-300--c--5-7l-v8-gas/air-conditioners-and-heaters--air-conditioner-and-heater-controls,56,DISCOVERED,2026-08-01T00:45:41+00:00
tax-5d1c477a27576d441cdc7ce8,chrysler300-c-57-gas,tax-637f08e489ff3a28f7808a8f,SUBCATEGORY,Air Conditioner and Heater Plumbing,AIRCONDITIONERANDHEATERPLUMBING,air-conditioners-and-heaters--air-conditioner-and-heater-plumbing,https://www.moparamerica.com/v-2017-chrysler-300--c--5-7l-v8-gas/air-conditioners-and-heaters--air-conditioner-and-heater-plumbing,57,DISCOVERED,2026-08-01T00:45:41+00:00
tax-16f97402dfcec7118040f331,chrysler300-c-57-gas,tax-637f08e489ff3a28f7808a8f,SUBCATEGORY,Air Conditioner and Heater Units,AIRCONDITIONERANDHEATERUNITS,air-conditioners-and-heaters--air-conditioner-and-heater-units,https://www.moparamerica.com/v-2017-chrysler-300--c--5-7l-v8-gas/air-conditioners-and-heaters--air-conditioner-and-heater-units,58,DISCOVERED,2026-08-01T00:45:41+00:00
tax-758e41527e99f9aeb641ce47,chrysler300-c-57-gas,tax-637f08e489ff3a28f7808a8f,SUBCATEGORY,Air Conditioner Compressor and Mounting,AIRCONDITIONERCOMPRESSORANDMOUNTING,air-conditioners-and-heaters--air-conditioner-compressor-and-mounting,https://www.moparamerica.com/v-2017-chrysler-300--c--5-7l-v8-gas/air-conditioners-and-heaters--air-conditioner-compressor-and-mounting,59,DISCOVERED,2026-08-01T00:45:41+00:00
tax-fbbd9a6fe7696109742517c1,chrysler300-c-57-gas,tax-637f08e489ff3a28f7808a8f,SUBCATEGORY,Air Ducts,AIRDUCTS,air-conditioners-and-heaters--air-ducts,https://www.moparamerica.com/v-2017-chrysler-300--c--5-7l-v8-gas/air-conditioners-and-heaters--air-ducts,60,DISCOVERED,2026-08-01T00:45:41+00:00
tax-7de98b26165b31192bfac517,chrysler300-c-57-gas,tax-e7dc5b860bd04ed3f447089f,SUBCATEGORY,Drive Shaft,DRIVESHAFT,all-wheel-drive-differential-and-drive-line--drive-shaft,https://www.moparamerica.com/v-2017-chrysler-300--c--5-7l-v8-gas/all-wheel-drive-differential-and-drive-line--drive-shaft,61,DISCOVERED,2026-08-01T00:45:41+00:00
tax-0528e18bbecea98a71e0abf0,chrysler300-c-57-gas,tax-e7dc5b860bd04ed3f447089f,SUBCATEGORY,Front Axle Assembly,FRONTAXLEASSEMBLY,all-wheel-drive-differential-and-drive-line--front-axle-assembly,https://www.moparamerica.com/v-2017-chrysler-300--c--5-7l-v8-gas/all-wheel-drive-differential-and-drive-line--front-axle-assembly,62,DISCOVERED,2026-08-01T00:45:41+00:00
tax-eff18592c0d61b0239573d71,chrysler300-c-57-gas,tax-e7dc5b860bd04ed3f447089f,SUBCATEGORY,Front Axle Drive Shafts,FRONTAXLEDRIVESHAFTS,all-wheel-drive-differential-and-drive-line--front-axle-drive-shafts,https://www.moparamerica.com/v-2017-chrysler-300--c--5-7l-v8-gas/all-wheel-drive-differential-and-drive-line--front-axle-drive-shafts,63,DISCOVERED,2026-08-01T00:45:41+00:00
tax-fde00d492a76ee2e6f1cdc15,chrysler300-c-57-gas,tax-e7dc5b860bd04ed3f447089f,SUBCATEGORY,Rear Axle Assembly,REARAXLEASSEMBLY,all-wheel-drive-differential-and-drive-line--rear-axle-assembly,https://www.moparamerica.com/v-2017-chrysler-300--c--5-7l-v8-gas/all-wheel-drive-differential-and-drive-line--rear-axle-assembly,64,DISCOVERED,2026-08-01T00:45:41+00:00
tax-4fa03db20119256da1c46f56,chrysler300-c-57-gas,tax-e7dc5b860bd04ed3f447089f,SUBCATEGORY,"Rear Axle; Housing, Differential and Vent",REARAXLEHOUSINGDIFFERENTIALANDVENT,all-wheel-drive-differential-and-drive-line--rear-axle-housing-differential-and-vent,https://www.moparamerica.com/v-2017-chrysler-300--c--5-7l-v8-gas/all-wheel-drive-differential-and-drive-line--rear-axle-housing-differential-and-vent,65,DISCOVERED,2026-08-01T00:45:41+00:00
tax-5edf629732981f64d445387d,chrysler300-c-57-gas,tax-9165e526d598283e53c55e38,SUBCATEGORY,Aperture Panel and Pillar Supports,APERTUREPANELANDPILLARSUPPORTS,body-sheet-metal-except-doors--aperture-panel-and-pillar-supports,https://www.moparamerica.com/v-2017-chrysler-300--c--5-7l-v8-gas/body-sheet-metal-except-doors--aperture-panel-and-pillar-supports,66,DISCOVERED,2026-08-01T00:45:41+00:00
tax-320533044fa7e6eb22ab8a64,chrysler300-c-57-gas,tax-9165e526d598283e53c55e38,SUBCATEGORY,Cowl and Dash Panel,COWLANDDASHPANEL,body-sheet-metal-except-doors--cowl-and-dash-panel,https://www.moparamerica.com/v-2017-chrysler-300--c--5-7l-v8-gas/body-sheet-metal-except-doors--cowl-and-dash-panel,67,DISCOVERED,2026-08-01T00:45:41+00:00
tax-6c313eb818deea509edfddba,chrysler300-c-57-gas,tax-9165e526d598283e53c55e38,SUBCATEGORY,Deck Lid,DECKLID,body-sheet-metal-except-doors--deck-lid,https://www.moparamerica.com/v-2017-chrysler-300--c--5-7l-v8-gas/body-sheet-metal-except-doors--deck-lid,68,DISCOVERED,2026-08-01T00:45:41+00:00
tax-c06677e555c347a39b270433,chrysler300-c-57-gas,tax-9165e526d598283e53c55e38,SUBCATEGORY,Fenders,FENDERS,body-sheet-metal-except-doors--fenders,https://www.moparamerica.com/v-2017-chrysler-300--c--5-7l-v8-gas/body-sheet-metal-except-doors--fenders,69,DISCOVERED,2026-08-01T00:45:41+00:00
tax-d186d7db3b253bfde46e0da9,chrysler300-c-57-gas,tax-9165e526d598283e53c55e38,SUBCATEGORY,Floor Pans,FLOORPANS,body-sheet-metal-except-doors--floor-pans,https://www.moparamerica.com/v-2017-chrysler-300--c--5-7l-v8-gas/body-sheet-metal-except-doors--floor-pans,70,DISCOVERED,2026-08-01T00:45:41+00:00
tax-5df7b6ec82fbf116d0824c74,chrysler300-c-57-gas,tax-9165e526d598283e53c55e38,SUBCATEGORY,Hood and Hood Release,HOODANDHOODRELEASE,body-sheet-metal-except-doors--hood-and-hood-release,https://www.moparamerica.com/v-2017-chrysler-300--c--5-7l-v8-gas/body-sheet-metal-except-doors--hood-and-hood-release,71,DISCOVERED,2026-08-01T00:45:41+00:00
tax-0bd69554754eb1230e07cde2,chrysler300-c-57-gas,tax-9165e526d598283e53c55e38,SUBCATEGORY,Pick-up Box and Fuel Filler Door,PICKUPBOXANDFUELFILLERDOOR,body-sheet-metal-except-doors--pick-up-box-and-fuel-filler-door,https://www.moparamerica.com/v-2017-chrysler-300--c--5-7l-v8-gas/body-sheet-metal-except-doors--pick-up-box-and-fuel-filler-door,72,DISCOVERED,2026-08-01T00:45:41+00:00
tax-56cf41a785e82bb2c6feaeff,chrysler300-c-57-gas,tax-9165e526d598283e53c55e38,SUBCATEGORY,Plugs,PLUGS,body-sheet-metal-except-doors--plugs,https://www.moparamerica.com/v-2017-chrysler-300--c--5-7l-v8-gas/body-sheet-metal-except-doors--plugs,73,DISCOVERED,2026-08-01T00:45:41+00:00
tax-efd1533b50a1e8275437c8f0,chrysler300-c-57-gas,tax-9165e526d598283e53c55e38,SUBCATEGORY,Roof,ROOF,body-sheet-metal-except-doors--roof,https://www.moparamerica.com/v-2017-chrysler-300--c--5-7l-v8-gas/body-sheet-metal-except-doors--roof,74,DISCOVERED,2026-08-01T00:45:41+00:00
tax-9c781297e9355506c5925124,chrysler300-c-57-gas,tax-9165e526d598283e53c55e38,SUBCATEGORY,Shelf Panel,SHELFPANEL,body-sheet-metal-except-doors--shelf-panel,https://www.moparamerica.com/v-2017-chrysler-300--c--5-7l-v8-gas/body-sheet-metal-except-doors--shelf-panel,75,DISCOVERED,2026-08-01T00:45:41+00:00
tax-cd6c82dd2ae9cd93781b94bb,chrysler300-c-57-gas,tax-9165e526d598283e53c55e38,SUBCATEGORY,Sunroof,SUNROOF,body-sheet-metal-except-doors--sunroof,https://www.moparamerica.com/v-2017-chrysler-300--c--5-7l-v8-gas/body-sheet-metal-except-doors--sunroof,76,DISCOVERED,2026-08-01T00:45:41+00:00
tax-2a4dddeefc5e9e4a1e9e846e,chrysler300-c-57-gas,tax-5bd734ad7a939d22bc644d66,SUBCATEGORY,Brake Master Cylinder,BRAKEMASTERCYLINDER,brakes--brake-master-cylinder,https://www.moparamerica.com/v-2017-chrysler-300--c--5-7l-v8-gas/brakes--brake-master-cylinder,77,DISCOVERED,2026-08-01T00:45:41+00:00
tax-87d0a759ebc4050e2390630f,chrysler300-c-57-gas,tax-5bd734ad7a939d22bc644d66,SUBCATEGORY,Brake Pedals,BRAKEPEDALS,brakes--brake-pedals,https://www.moparamerica.com/v-2017-chrysler-300--c--5-7l-v8-gas/brakes--brake-pedals,78,DISCOVERED,2026-08-01T00:45:41+00:00
tax-a5b7d3739adc142e58932ede,chrysler300-c-57-gas,tax-5bd734ad7a939d22bc644d66,SUBCATEGORY,Front Brakes,FRONTBRAKES,brakes--front-brakes,https://www.moparamerica.com/v-2017-chrysler-300--c--5-7l-v8-gas/brakes--front-brakes,79,DISCOVERED,2026-08-01T00:45:41+00:00
tax-4b542468644366d84eae40e3,chrysler300-c-57-gas,tax-5bd734ad7a939d22bc644d66,SUBCATEGORY,"Hydraulic Control Unit, Brake Tubes and Hoses",HYDRAULICCONTROLUNITBRAKETUBESANDHOSES,brakes--hydraulic-control-unit-brake-tubes-and-hoses,https://www.moparamerica.com/v-2017-chrysler-300--c--5-7l-v8-gas/brakes--hydraulic-control-unit-brake-tubes-and-hoses,80,DISCOVERED,2026-08-01T00:45:41+00:00
tax-7c11d64665e6ff051cc16852,chrysler300-c-57-gas,tax-5bd734ad7a939d22bc644d66,SUBCATEGORY,"Parking Brake Lever, Cables, and Rear Disc Park Brake Assembly",PARKINGBRAKELEVERCABLESANDREARDISCPARKBRAKEASSEMBLY,brakes--parking-brake-lever-cables-and-rear-disc-park-brake-assembly,https://www.moparamerica.com/v-2017-chrysler-300--c--5-7l-v8-gas/brakes--parking-brake-lever-cables-and-rear-disc-park-brake-assembly,81,DISCOVERED,2026-08-01T00:45:41+00:00
tax-9817bdfddd928aef7838f3d4,chrysler300-c-57-gas,tax-5bd734ad7a939d22bc644d66,SUBCATEGORY,Power Brake Booster,POWERBRAKEBOOSTER,brakes--power-brake-booster,https://www.moparamerica.com/v-2017-chrysler-300--c--5-7l-v8-gas/brakes--power-brake-booster,82,DISCOVERED,2026-08-01T00:45:41+00:00
tax-72c6297d1bbde274ba11001c,chrysler300-c-57-gas,tax-5bd734ad7a939d22bc644d66,SUBCATEGORY,Rear Brakes,REARBRAKES,brakes--rear-brakes,https://www.moparamerica.com/v-2017-chrysler-300--c--5-7l-v8-gas/brakes--rear-brakes,83,DISCOVERED,2026-08-01T00:45:41+00:00
tax-0ac81a8239dc6d10cabdfe5d,chrysler300-c-57-gas,tax-7982f79b00e262c27c590634,SUBCATEGORY,Drive Belts,DRIVEBELTS,cooling--drive-belts,https://www.moparamerica.com/v-2017-chrysler-300--c--5-7l-v8-gas/cooling--drive-belts,84,DISCOVERED,2026-08-01T00:45:41+00:00
tax-02ccd99c4f56a24a622e3df9,chrysler300-c-57-gas,tax-7982f79b00e262c27c590634,SUBCATEGORY,Engine Coolant Reservoir (Bottle),ENGINECOOLANTRESERVOIRBOTTLE,cooling--engine-coolant-reservoir-bottle,https://www.moparamerica.com/v-2017-chrysler-300--c--5-7l-v8-gas/cooling--engine-coolant-reservoir-bottle,85,DISCOVERED,2026-08-01T00:45:41+00:00
tax-912530cfe5775f660214f7d4,chrysler300-c-57-gas,tax-7982f79b00e262c27c590634,SUBCATEGORY,Pulleys and Related Parts,PULLEYSANDRELATEDPARTS,cooling--pulleys-and-related-parts,https://www.moparamerica.com/v-2017-chrysler-300--c--5-7l-v8-gas/cooling--pulleys-and-related-parts,86,DISCOVERED,2026-08-01T00:45:41+00:00
tax-047c2fc9d35b40cca79a600d,chrysler300-c-57-gas,tax-7982f79b00e262c27c590634,SUBCATEGORY,Radiator and Related Parts; Charge Air Cooler,RADIATORANDRELATEDPARTSCHARGEAIRCOOLER,cooling--radiator-and-related-parts-charge-air-cooler,https://www.moparamerica.com/v-2017-chrysler-300--c--5-7l-v8-gas/cooling--radiator-and-related-parts-charge-air-cooler,87,DISCOVERED,2026-08-01T00:45:41+00:00
tax-d699aa4baf1cd098f311e293,chrysler300-c-57-gas,tax-7982f79b00e262c27c590634,SUBCATEGORY,"Transmission Oil Cooler, and Lines",TRANSMISSIONOILCOOLERANDLINES,cooling--transmission-oil-cooler-and-lines,https://www.moparamerica.com/v-2017-chrysler-300--c--5-7l-v8-gas/cooling--transmission-oil-cooler-and-lines,88,DISCOVERED,2026-08-01T00:45:41+00:00
tax-711ab87b378073508f97a9a6,chrysler300-c-57-gas,tax-7982f79b00e262c27c590634,SUBCATEGORY,Water Pump and Related Parts,WATERPUMPANDRELATEDPARTS,cooling--water-pump-and-related-parts,https://www.moparamerica.com/v-2017-chrysler-300--c--5-7l-v8-gas/cooling--water-pump-and-related-parts,89,DISCOVERED,2026-08-01T00:45:41+00:00
tax-9966de5c04aa31dd3375145e,chrysler300-c-57-gas,tax-1d83c4f7afd7d07b1e100282,SUBCATEGORY,Exterior Mirror,EXTERIORMIRROR,doors-door-mirrors-and-related-parts--exterior-mirror,https://www.moparamerica.com/v-2017-chrysler-300--c--5-7l-v8-gas/doors-door-mirrors-and-related-parts--exterior-mirror,90,DISCOVERED,2026-08-01T00:45:41+00:00
tax-f37aa39dfe6318ffa5604bcf,chrysler300-c-57-gas,tax-1d83c4f7afd7d07b1e100282,SUBCATEGORY,Front Door,FRONTDOOR,doors-door-mirrors-and-related-parts--front-door,https://www.moparamerica.com/v-2017-chrysler-300--c--5-7l-v8-gas/doors-door-mirrors-and-related-parts--front-door,91,DISCOVERED,2026-08-01T00:45:41+00:00
tax-1b2192df12f5a79dccdbe479,chrysler300-c-57-gas,tax-1d83c4f7afd7d07b1e100282,SUBCATEGORY,Rear Door,REARDOOR,doors-door-mirrors-and-related-parts--rear-door,https://www.moparamerica.com/v-2017-chrysler-300--c--5-7l-v8-gas/doors-door-mirrors-and-related-parts--rear-door,92,DISCOVERED,2026-08-01T00:45:41+00:00
tax-b1f53c9fc77e422b4acc68c5,chrysler300-c-57-gas,tax-1d83c4f7afd7d07b1e100282,SUBCATEGORY,Weatherstrips and Seals,WEATHERSTRIPSANDSEALS,doors-door-mirrors-and-related-parts--weatherstrips-and-seals,https://www.moparamerica.com/v-2017-chrysler-300--c--5-7l-v8-gas/doors-door-mirrors-and-related-parts--weatherstrips-and-seals,93,DISCOVERED,2026-08-01T00:45:41+00:00
tax-ac51e0c04b18b442b1e72cc8,chrysler300-c-57-gas,tax-6eef61076fb7046f131d64f9,SUBCATEGORY,"Battery, Battery Tray and Cables",BATTERYBATTERYTRAYANDCABLES,electrical--battery-battery-tray-and-cables,https://www.moparamerica.com/v-2017-chrysler-300--c--5-7l-v8-gas/electrical--battery-battery-tray-and-cables,94,DISCOVERED,2026-08-01T00:45:41+00:00
tax-5330ed3d6bcebb1251a019a5,chrysler300-c-57-gas,tax-6eef61076fb7046f131d64f9,SUBCATEGORY,Generators / Alternators,GENERATORSALTERNATORS,electrical--generators-alternators,https://www.moparamerica.com/v-2017-chrysler-300--c--5-7l-v8-gas/electrical--generators-alternators,95,DISCOVERED,2026-08-01T00:45:41+00:00
tax-00c677c8341f728233949d4c,chrysler300-c-57-gas,tax-6eef61076fb7046f131d64f9,SUBCATEGORY,Horns,HORNS,electrical--horns,https://www.moparamerica.com/v-2017-chrysler-300--c--5-7l-v8-gas/electrical--horns,96,DISCOVERED,2026-08-01T00:45:41+00:00
tax-3af9ffb026e5c32baafe5804,chrysler300-c-57-gas,tax-6eef61076fb7046f131d64f9,SUBCATEGORY,"Ignition - Spark Plugs, Cables, Coils, and Glow Plugs",IGNITIONSPARKPLUGSCABLESCOILSANDGLOWPLUGS,electrical--ignition-spark-plugs-cables-coils-and-glow-plugs,https://www.moparamerica.com/v-2017-chrysler-300--c--5-7l-v8-gas/electrical--ignition-spark-plugs-cables-coils-and-glow-plugs,97,DISCOVERED,2026-08-01T00:45:41+00:00
tax-80f61fafa7c3c0420d4bd1c0,chrysler300-c-57-gas,tax-6eef61076fb7046f131d64f9,SUBCATEGORY,Instrument Panel Cluster,INSTRUMENTPANELCLUSTER,electrical--instrument-panel-cluster,https://www.moparamerica.com/v-2017-chrysler-300--c--5-7l-v8-gas/electrical--instrument-panel-cluster,98,DISCOVERED,2026-08-01T00:45:41+00:00
tax-a4820c75365d417afea4a990,chrysler300-c-57-gas,tax-6eef61076fb7046f131d64f9,SUBCATEGORY,"Keys, Modules and Engine Controllers",KEYSMODULESANDENGINECONTROLLERS,electrical--keys-modules-and-engine-controllers,https://www.moparamerica.com/v-2017-chrysler-300--c--5-7l-v8-gas/electrical--keys-modules-and-engine-controllers,99,DISCOVERED,2026-08-01T00:45:41+00:00
tax-797dc0eab276f796f6d36fde,chrysler300-c-57-gas,tax-6eef61076fb7046f131d64f9,SUBCATEGORY,Lamps-Interior and Exterior,LAMPSINTERIORANDEXTERIOR,electrical--lamps-interior-and-exterior,https://www.moparamerica.com/v-2017-chrysler-300--c--5-7l-v8-gas/electrical--lamps-interior-and-exterior,100,DISCOVERED,2026-08-01T00:45:41+00:00
tax-9e572fa44bc5e93ad5eb1b27,chrysler300-c-57-gas,tax-6eef61076fb7046f131d64f9,SUBCATEGORY,Park Assist,PARKASSIST,electrical--park-assist,https://www.moparamerica.com/v-2017-chrysler-300--c--5-7l-v8-gas/electrical--park-assist,101,DISCOVERED,2026-08-01T00:45:41+00:00
tax-29c85c2066e8316895c47b5e,chrysler300-c-57-gas,tax-6eef61076fb7046f131d64f9,SUBCATEGORY,"Power Distribution Center, Fuse Block, Junction Block, Relays and Fuses",POWERDISTRIBUTIONCENTERFUSEBLOCKJUNCTIONBLOCKRELAYSANDFUSES,electrical--power-distribution-center-fuse-block-junction-block-relays-and-fuses,https://www.moparamerica.com/v-2017-chrysler-300--c--5-7l-v8-gas/electrical--power-distribution-center-fuse-block-junction-block-relays-and-fuses,102,DISCOVERED,2026-08-01T00:45:41+00:00
tax-c1d059ea04efe7b9be1ef215,chrysler300-c-57-gas,tax-6eef61076fb7046f131d64f9,SUBCATEGORY,"Radio, Antenna, Speakers, DVD, and Video systems",RADIOANTENNASPEAKERSDVDANDVIDEOSYSTEMS,electrical--radio-antenna-speakers-dvd-and-video-systems,https://www.moparamerica.com/v-2017-chrysler-300--c--5-7l-v8-gas/electrical--radio-antenna-speakers-dvd-and-video-systems,103,DISCOVERED,2026-08-01T00:45:41+00:00
tax-293d7e9b67de9ca225886586,chrysler300-c-57-gas,tax-6eef61076fb7046f131d64f9,SUBCATEGORY,Sensors,SENSORS,electrical--sensors,https://www.moparamerica.com/v-2017-chrysler-300--c--5-7l-v8-gas/electrical--sensors,104,DISCOVERED,2026-08-01T00:45:41+00:00
tax-3f3913bd5982c9190c40a655,chrysler300-c-57-gas,tax-6eef61076fb7046f131d64f9,SUBCATEGORY,Speed Control,SPEEDCONTROL,electrical--speed-control,https://www.moparamerica.com/v-2017-chrysler-300--c--5-7l-v8-gas/electrical--speed-control,105,DISCOVERED,2026-08-01T00:45:41+00:00
tax-3bbe287830341559a4b4518b,chrysler300-c-57-gas,tax-6eef61076fb7046f131d64f9,SUBCATEGORY,Starters,STARTERS,electrical--starters,https://www.moparamerica.com/v-2017-chrysler-300--c--5-7l-v8-gas/electrical--starters,106,DISCOVERED,2026-08-01T00:45:41+00:00
tax-edd55d177665d993f8d8c0df,chrysler300-c-57-gas,tax-6eef61076fb7046f131d64f9,SUBCATEGORY,Switches,SWITCHES,electrical--switches,https://www.moparamerica.com/v-2017-chrysler-300--c--5-7l-v8-gas/electrical--switches,107,DISCOVERED,2026-08-01T00:45:41+00:00
tax-a7e9a81337b712a7a7c3ae8f,chrysler300-c-57-gas,tax-6eef61076fb7046f131d64f9,SUBCATEGORY,Wiper and Washer System,WIPERANDWASHERSYSTEM,electrical--wiper-and-washer-system,https://www.moparamerica.com/v-2017-chrysler-300--c--5-7l-v8-gas/electrical--wiper-and-washer-system,108,DISCOVERED,2026-08-01T00:45:41+00:00
tax-12d3596937c0132226866ee6,chrysler300-c-57-gas,tax-6eef61076fb7046f131d64f9,SUBCATEGORY,Wiring-Body and Accessories,WIRINGBODYANDACCESSORIES,electrical--wiring-body-and-accessories,https://www.moparamerica.com/v-2017-chrysler-300--c--5-7l-v8-gas/electrical--wiring-body-and-accessories,109,DISCOVERED,2026-08-01T00:45:41+00:00
tax-b260a0f03d29c4268fe64082,chrysler300-c-57-gas,tax-6eef61076fb7046f131d64f9,SUBCATEGORY,Wiring-Headlamp to Dash,WIRINGHEADLAMPTODASH,electrical--wiring-headlamp-to-dash,https://www.moparamerica.com/v-2017-chrysler-300--c--5-7l-v8-gas/electrical--wiring-headlamp-to-dash,110,DISCOVERED,2026-08-01T00:45:41+00:00
tax-a3d4be3ff2c89916e14c223c,chrysler300-c-57-gas,tax-6eef61076fb7046f131d64f9,SUBCATEGORY,Wiring-Instrument Panel,WIRINGINSTRUMENTPANEL,electrical--wiring-instrument-panel,https://www.moparamerica.com/v-2017-chrysler-300--c--5-7l-v8-gas/electrical--wiring-instrument-panel,111,DISCOVERED,2026-08-01T00:45:41+00:00
tax-b63e14f4a174b74d5eb1d94b,chrysler300-c-57-gas,tax-6eef61076fb7046f131d64f9,SUBCATEGORY,Wiring-Powertrain,WIRINGPOWERTRAIN,electrical--wiring-powertrain,https://www.moparamerica.com/v-2017-chrysler-300--c--5-7l-v8-gas/electrical--wiring-powertrain,112,DISCOVERED,2026-08-01T00:45:41+00:00
tax-deb739e4b96099ff1918fa9c,chrysler300-c-57-gas,tax-2d1a2a08aea43578b6887085,SUBCATEGORY,Emission Harness,EMISSIONHARNESS,emission-controls--emission-harness,https://www.moparamerica.com/v-2017-chrysler-300--c--5-7l-v8-gas/emission-controls--emission-harness,113,DISCOVERED,2026-08-01T00:45:41+00:00
tax-b3c05729eb8ebc87d1bdbfa5,chrysler300-c-57-gas,tax-2d1a2a08aea43578b6887085,SUBCATEGORY,Vacuum Canister/Leak Detection Pump,VACUUMCANISTERLEAKDETECTIONPUMP,emission-controls--vacuum-canister-leak-detection-pump,https://www.moparamerica.com/v-2017-chrysler-300--c--5-7l-v8-gas/emission-controls--vacuum-canister-leak-detection-pump,114,DISCOVERED,2026-08-01T00:45:41+00:00
tax-7261611321993c2c80cc6bd4,chrysler300-c-57-gas,tax-e220afe387b4a5bf3c8569ba,SUBCATEGORY,Exhaust System,EXHAUSTSYSTEM,exhaust--exhaust-system,https://www.moparamerica.com/v-2017-chrysler-300--c--5-7l-v8-gas/exhaust--exhaust-system,115,DISCOVERED,2026-08-01T00:45:41+00:00
tax-dee89b1dd307de587376cf8a,chrysler300-c-57-gas,tax-3df73959b74c3154524af542,SUBCATEGORY,Grilles,GRILLES,exterior-ornamentation--grilles,https://www.moparamerica.com/v-2017-chrysler-300--c--5-7l-v8-gas/exterior-ornamentation--grilles,116,DISCOVERED,2026-08-01T00:45:41+00:00
tax-ca7a69e5b4379777ce4f747c,chrysler300-c-57-gas,tax-3df73959b74c3154524af542,SUBCATEGORY,Moldings and Ornamentation,MOLDINGSANDORNAMENTATION,exterior-ornamentation--moldings-and-ornamentation,https://www.moparamerica.com/v-2017-chrysler-300--c--5-7l-v8-gas/exterior-ornamentation--moldings-and-ornamentation,117,DISCOVERED,2026-08-01T00:45:41+00:00
tax-da291b1764b7b1bb9b94c585,chrysler300-c-57-gas,tax-3df73959b74c3154524af542,SUBCATEGORY,Nameplates,NAMEPLATES,exterior-ornamentation--nameplates,https://www.moparamerica.com/v-2017-chrysler-300--c--5-7l-v8-gas/exterior-ornamentation--nameplates,118,DISCOVERED,2026-08-01T00:45:41+00:00
tax-3371ff7817a175f0eb9bc9dc,chrysler300-c-57-gas,tax-d6aabccfa2d8c080274fb9ea,SUBCATEGORY,Frames,FRAMES,frame-bumper-and-fascia--frames,https://www.moparamerica.com/v-2017-chrysler-300--c--5-7l-v8-gas/frame-bumper-and-fascia--frames,119,DISCOVERED,2026-08-01T00:45:41+00:00
tax-d2985115b5e0854cddbc8c55,chrysler300-c-57-gas,tax-d6aabccfa2d8c080274fb9ea,SUBCATEGORY,Front Bumper and Fascia,FRONTBUMPERANDFASCIA,frame-bumper-and-fascia--front-bumper-and-fascia,https://www.moparamerica.com/v-2017-chrysler-300--c--5-7l-v8-gas/frame-bumper-and-fascia--front-bumper-and-fascia,120,DISCOVERED,2026-08-01T00:45:41+00:00
tax-bbf002e4508fed7f4d21f36f,chrysler300-c-57-gas,tax-d6aabccfa2d8c080274fb9ea,SUBCATEGORY,Rear Bumper and Fascia,REARBUMPERANDFASCIA,frame-bumper-and-fascia--rear-bumper-and-fascia,https://www.moparamerica.com/v-2017-chrysler-300--c--5-7l-v8-gas/frame-bumper-and-fascia--rear-bumper-and-fascia,121,DISCOVERED,2026-08-01T00:45:41+00:00
tax-1359b09f4b664dcb2c7af775,chrysler300-c-57-gas,tax-0dca3c549a4b7ff6bc6b92d0,SUBCATEGORY,Front Stabilizer Bar,FRONTSTABILIZERBAR,front-suspension--front-stabilizer-bar,https://www.moparamerica.com/v-2017-chrysler-300--c--5-7l-v8-gas/front-suspension--front-stabilizer-bar,122,DISCOVERED,2026-08-01T00:45:41+00:00
tax-b23ae7f5fbf0aaffa60d7605,chrysler300-c-57-gas,tax-0dca3c549a4b7ff6bc6b92d0,SUBCATEGORY,"Front Suspension, Strut and Cradle",FRONTSUSPENSIONSTRUTANDCRADLE,front-suspension--front-suspension-strut-and-cradle,https://www.moparamerica.com/v-2017-chrysler-300--c--5-7l-v8-gas/front-suspension--front-suspension-strut-and-cradle,123,DISCOVERED,2026-08-01T00:45:41+00:00
tax-81cf1a68899ba1b7231de48c,chrysler300-c-57-gas,tax-84a04ce64d519e5d32b1a326,SUBCATEGORY,Accelerator Pedal,ACCELERATORPEDAL,fuel--accelerator-pedal,https://www.moparamerica.com/v-2017-chrysler-300--c--5-7l-v8-gas/fuel--accelerator-pedal,124,DISCOVERED,2026-08-01T00:45:41+00:00
tax-b2f7f332c74d83980e9252a1,chrysler300-c-57-gas,tax-84a04ce64d519e5d32b1a326,SUBCATEGORY,Air Cleaner,AIRCLEANER,fuel--air-cleaner,https://www.moparamerica.com/v-2017-chrysler-300--c--5-7l-v8-gas/fuel--air-cleaner,125,DISCOVERED,2026-08-01T00:45:41+00:00
tax-9bac9a1594cd0f9d4d0c3cf7,chrysler300-c-57-gas,tax-84a04ce64d519e5d32b1a326,SUBCATEGORY,Fuel Lines,FUELLINES,fuel--fuel-lines,https://www.moparamerica.com/v-2017-chrysler-300--c--5-7l-v8-gas/fuel--fuel-lines,126,DISCOVERED,2026-08-01T00:45:41+00:00
tax-5280e758a15430014584bae6,chrysler300-c-57-gas,tax-84a04ce64d519e5d32b1a326,SUBCATEGORY,Fuel Pump and Sending Unit,FUELPUMPANDSENDINGUNIT,fuel--fuel-pump-and-sending-unit,https://www.moparamerica.com/v-2017-chrysler-300--c--5-7l-v8-gas/fuel--fuel-pump-and-sending-unit,127,DISCOVERED,2026-08-01T00:45:41+00:00
tax-5e5e2ef9717da1f23969c001,chrysler300-c-57-gas,tax-84a04ce64d519e5d32b1a326,SUBCATEGORY,Fuel Rail and Injectors,FUELRAILANDINJECTORS,fuel--fuel-rail-and-injectors,https://www.moparamerica.com/v-2017-chrysler-300--c--5-7l-v8-gas/fuel--fuel-rail-and-injectors,128,DISCOVERED,2026-08-01T00:45:41+00:00
tax-7014ee7fc0efce312dc8c3b0,chrysler300-c-57-gas,tax-84a04ce64d519e5d32b1a326,SUBCATEGORY,Fuel Tank,FUELTANK,fuel--fuel-tank,https://www.moparamerica.com/v-2017-chrysler-300--c--5-7l-v8-gas/fuel--fuel-tank,129,DISCOVERED,2026-08-01T00:45:41+00:00
tax-233642b68909d1c651780d68,chrysler300-c-57-gas,tax-84a04ce64d519e5d32b1a326,SUBCATEGORY,Fuel Tank Filler Tube,FUELTANKFILLERTUBE,fuel--fuel-tank-filler-tube,https://www.moparamerica.com/v-2017-chrysler-300--c--5-7l-v8-gas/fuel--fuel-tank-filler-tube,130,DISCOVERED,2026-08-01T00:45:41+00:00
tax-bc528e9c8ac099be374ffa2b,chrysler300-c-57-gas,tax-84a04ce64d519e5d32b1a326,SUBCATEGORY,Throttle Body,THROTTLEBODY,fuel--throttle-body,https://www.moparamerica.com/v-2017-chrysler-300--c--5-7l-v8-gas/fuel--throttle-body,131,DISCOVERED,2026-08-01T00:45:41+00:00
tax-7e0fded8e1bf28c43985e83e,chrysler300-c-57-gas,tax-189e500235941e194d5203ec,SUBCATEGORY,Glass and Interior Rear View Mirror,GLASSANDINTERIORREARVIEWMIRROR,glass--glass-and-interior-rear-view-mirror,https://www.moparamerica.com/v-2017-chrysler-300--c--5-7l-v8-gas/glass--glass-and-interior-rear-view-mirror,132,DISCOVERED,2026-08-01T00:45:41+00:00
tax-e20d9fd188e7d368f72e7f1c,chrysler300-c-57-gas,tax-901b6bfd2182d01f1e2b1ef2,SUBCATEGORY,"Carpets, Floor Mats, Load Floor, and Silencers",CARPETSFLOORMATSLOADFLOORANDSILENCERS,interior-trim--carpets-floor-mats-load-floor-and-silencers,https://www.moparamerica.com/v-2017-chrysler-300--c--5-7l-v8-gas/interior-trim--carpets-floor-mats-load-floor-and-silencers,133,DISCOVERED,2026-08-01T00:45:41+00:00
tax-95655c8e5b72044d22aed884,chrysler300-c-57-gas,tax-901b6bfd2182d01f1e2b1ef2,SUBCATEGORY,Consoles,CONSOLES,interior-trim--consoles,https://www.moparamerica.com/v-2017-chrysler-300--c--5-7l-v8-gas/interior-trim--consoles,134,DISCOVERED,2026-08-01T00:45:41+00:00
tax-c63845cb55582f75a4cf52eb,chrysler300-c-57-gas,tax-901b6bfd2182d01f1e2b1ef2,SUBCATEGORY,Door Trim Panels-Front and Rear,DOORTRIMPANELSFRONTANDREAR,interior-trim--door-trim-panels-front-and-rear,https://www.moparamerica.com/v-2017-chrysler-300--c--5-7l-v8-gas/interior-trim--door-trim-panels-front-and-rear,135,DISCOVERED,2026-08-01T00:45:41+00:00
tax-2d53ae8a7b22070cec25c037,chrysler300-c-57-gas,tax-901b6bfd2182d01f1e2b1ef2,SUBCATEGORY,"Front Seats - Adjusters, Recliners, Shields and Risers",FRONTSEATSADJUSTERSRECLINERSSHIELDSANDRISERS,interior-trim--front-seats-adjusters-recliners-shields-and-risers,https://www.moparamerica.com/v-2017-chrysler-300--c--5-7l-v8-gas/interior-trim--front-seats-adjusters-recliners-shields-and-risers,136,DISCOVERED,2026-08-01T00:45:41+00:00
tax-5d3caac6530e42d99b348134,chrysler300-c-57-gas,tax-901b6bfd2182d01f1e2b1ef2,SUBCATEGORY,Front Seats - First Row,FRONTSEATSFIRSTROW,interior-trim--front-seats-first-row,https://www.moparamerica.com/v-2017-chrysler-300--c--5-7l-v8-gas/interior-trim--front-seats-first-row,137,DISCOVERED,2026-08-01T00:45:41+00:00
tax-0dc6f03fc46fae99c6b8a8b3,chrysler300-c-57-gas,tax-901b6bfd2182d01f1e2b1ef2,SUBCATEGORY,Headliners-Visors-Assist Straps,HEADLINERSVISORSASSISTSTRAPS,interior-trim--headliners-visors-assist-straps,https://www.moparamerica.com/v-2017-chrysler-300--c--5-7l-v8-gas/interior-trim--headliners-visors-assist-straps,138,DISCOVERED,2026-08-01T00:45:41+00:00
tax-c7ee1db48ab40690d9807769,chrysler300-c-57-gas,tax-901b6bfd2182d01f1e2b1ef2,SUBCATEGORY,Instrument Panel,INSTRUMENTPANEL,interior-trim--instrument-panel,https://www.moparamerica.com/v-2017-chrysler-300--c--5-7l-v8-gas/interior-trim--instrument-panel,139,DISCOVERED,2026-08-01T00:45:41+00:00
tax-836e37fac62ce6ab93325b57,chrysler300-c-57-gas,tax-901b6bfd2182d01f1e2b1ef2,SUBCATEGORY,"Panels-Moldings-Scuff Plates, Pillar, Cowl, 1/4 Panel Trim and Cargo Covers",PANELSMOLDINGSSCUFFPLATESPILLARCOWL14PANELTRIMANDCARGOCOVERS,interior-trim--panels-moldings-scuff-plates-pillar-cowl-1-4-panel-trim-and-cargo-covers,https://www.moparamerica.com/v-2017-chrysler-300--c--5-7l-v8-gas/interior-trim--panels-moldings-scuff-plates-pillar-cowl-1-4-panel-trim-and-cargo-covers,140,DISCOVERED,2026-08-01T00:45:41+00:00
tax-9bfd86b76627ed663230b7c3,chrysler300-c-57-gas,tax-901b6bfd2182d01f1e2b1ef2,SUBCATEGORY,Rear Seats - Second Row,REARSEATSSECONDROW,interior-trim--rear-seats-second-row,https://www.moparamerica.com/v-2017-chrysler-300--c--5-7l-v8-gas/interior-trim--rear-seats-second-row,141,DISCOVERED,2026-08-01T00:45:41+00:00
tax-55f9db349001d0838aee12b1,chrysler300-c-57-gas,tax-901b6bfd2182d01f1e2b1ef2,SUBCATEGORY,"Rear Seats - Second Row - Adjusters, Recliners, Shields and Risers",REARSEATSSECONDROWADJUSTERSRECLINERSSHIELDSANDRISERS,interior-trim--rear-seats-second-row-adjusters-recliners-shields-and-risers,https://www.moparamerica.com/v-2017-chrysler-300--c--5-7l-v8-gas/interior-trim--rear-seats-second-row-adjusters-recliners-shields-and-risers,142,DISCOVERED,2026-08-01T00:45:41+00:00
tax-0e5184c1632dfa3bf51074d0,chrysler300-c-57-gas,tax-f507ec41c52b86e809627dd9,SUBCATEGORY,Trunk,TRUNK,labels--trunk,https://www.moparamerica.com/v-2017-chrysler-300--c--5-7l-v8-gas/labels--trunk,143,DISCOVERED,2026-08-01T00:45:41+00:00
tax-fac942d6fafc9e98accee498,chrysler300-c-57-gas,tax-f507ec41c52b86e809627dd9,SUBCATEGORY,Under Hood,UNDERHOOD,labels--under-hood,https://www.moparamerica.com/v-2017-chrysler-300--c--5-7l-v8-gas/labels--under-hood,144,DISCOVERED,2026-08-01T00:45:41+00:00
tax-110e396f7631f62e62e53981,chrysler300-c-57-gas,tax-eea1b9b5acee17e95955cae3,SUBCATEGORY,Audio and Electronics,AUDIOANDELECTRONICS,mopar-accessories-component-parts--audio-and-electronics,https://www.moparamerica.com/v-2017-chrysler-300--c--5-7l-v8-gas/mopar-accessories-component-parts--audio-and-electronics,145,DISCOVERED,2026-08-01T00:45:41+00:00
tax-0a20191c4be747f166eddd73,chrysler300-c-57-gas,tax-eea1b9b5acee17e95955cae3,SUBCATEGORY,Driver Convenience,DRIVERCONVENIENCE,mopar-accessories-component-parts--driver-convenience,https://www.moparamerica.com/v-2017-chrysler-300--c--5-7l-v8-gas/mopar-accessories-component-parts--driver-convenience,146,DISCOVERED,2026-08-01T00:45:41+00:00
tax-1c2e53c5b12fb57c0bf8b70b,chrysler300-c-57-gas,tax-eea1b9b5acee17e95955cae3,SUBCATEGORY,Exterior Appearance,EXTERIORAPPEARANCE,mopar-accessories-component-parts--exterior-appearance,https://www.moparamerica.com/v-2017-chrysler-300--c--5-7l-v8-gas/mopar-accessories-component-parts--exterior-appearance,147,DISCOVERED,2026-08-01T00:45:41+00:00
tax-caf691a8d685d8ff613f3bb6,chrysler300-c-57-gas,tax-eea1b9b5acee17e95955cae3,SUBCATEGORY,Fog Lights and Electrical,FOGLIGHTSANDELECTRICAL,mopar-accessories-component-parts--fog-lights-and-electrical,https://www.moparamerica.com/v-2017-chrysler-300--c--5-7l-v8-gas/mopar-accessories-component-parts--fog-lights-and-electrical,148,DISCOVERED,2026-08-01T00:45:41+00:00
tax-8dafd2397ead1e48d0a50d74,chrysler300-c-57-gas,tax-eea1b9b5acee17e95955cae3,SUBCATEGORY,Interior Protection,INTERIORPROTECTION,mopar-accessories-component-parts--interior-protection,https://www.moparamerica.com/v-2017-chrysler-300--c--5-7l-v8-gas/mopar-accessories-component-parts--interior-protection,149,DISCOVERED,2026-08-01T00:45:41+00:00
tax-0577af64053cc6fd7374afbe,chrysler300-c-57-gas,tax-eea1b9b5acee17e95955cae3,SUBCATEGORY,Powertrain,POWERTRAIN,mopar-accessories-component-parts--powertrain,https://www.moparamerica.com/v-2017-chrysler-300--c--5-7l-v8-gas/mopar-accessories-component-parts--powertrain,150,DISCOVERED,2026-08-01T00:45:41+00:00
tax-af7aa22d620ff6e003420b81,chrysler300-c-57-gas,tax-6c4628a1771a011051660c47,SUBCATEGORY,"Case, and Extension",CASEANDEXTENSION,power-transfer-unit-transfer-case--case-and-extension,https://www.moparamerica.com/v-2017-chrysler-300--c--5-7l-v8-gas/power-transfer-unit-transfer-case--case-and-extension,151,DISCOVERED,2026-08-01T00:45:41+00:00
tax-a6fbf2462cbed9949e6e0023,chrysler300-c-57-gas,tax-4404eefde8ed8fe6b58d8bff,SUBCATEGORY,Rear Stabilizer,REARSTABILIZER,rear-suspension--rear-stabilizer,https://www.moparamerica.com/v-2017-chrysler-300--c--5-7l-v8-gas/rear-suspension--rear-stabilizer,152,DISCOVERED,2026-08-01T00:45:41+00:00
tax-efe55e027c2a80356a6e4762,chrysler300-c-57-gas,tax-4404eefde8ed8fe6b58d8bff,SUBCATEGORY,Rear Suspension and Cradle,REARSUSPENSIONANDCRADLE,rear-suspension--rear-suspension-and-cradle,https://www.moparamerica.com/v-2017-chrysler-300--c--5-7l-v8-gas/rear-suspension--rear-suspension-and-cradle,153,DISCOVERED,2026-08-01T00:45:41+00:00
tax-7a6e65ecf1f8d23f6dcb4c19,chrysler300-c-57-gas,tax-7e84ff695bb5e73abf9a1562,SUBCATEGORY,Drive Shaft,DRIVESHAFT,rear-wheel-drive-differential-and-drive-line--drive-shaft,https://www.moparamerica.com/v-2017-chrysler-300--c--5-7l-v8-gas/rear-wheel-drive-differential-and-drive-line--drive-shaft,154,DISCOVERED,2026-08-01T00:45:41+00:00
tax-35021fa0a325ce2115e2219b,chrysler300-c-57-gas,tax-7e84ff695bb5e73abf9a1562,SUBCATEGORY,Rear Axle Assembly,REARAXLEASSEMBLY,rear-wheel-drive-differential-and-drive-line--rear-axle-assembly,https://www.moparamerica.com/v-2017-chrysler-300--c--5-7l-v8-gas/rear-wheel-drive-differential-and-drive-line--rear-axle-assembly,155,DISCOVERED,2026-08-01T00:45:41+00:00
tax-0aebabcddf8ad16fe9a3e87f,chrysler300-c-57-gas,tax-7e84ff695bb5e73abf9a1562,SUBCATEGORY,"Rear Axle; Housing, Differential and Vent",REARAXLEHOUSINGDIFFERENTIALANDVENT,rear-wheel-drive-differential-and-drive-line--rear-axle-housing-differential-and-vent,https://www.moparamerica.com/v-2017-chrysler-300--c--5-7l-v8-gas/rear-wheel-drive-differential-and-drive-line--rear-axle-housing-differential-and-vent,156,DISCOVERED,2026-08-01T00:45:41+00:00
tax-a8e0f22726e9d3bffc2772bc,chrysler300-c-57-gas,tax-7e84ff695bb5e73abf9a1562,SUBCATEGORY,Rear Axle Shafts,REARAXLESHAFTS,rear-wheel-drive-differential-and-drive-line--rear-axle-shafts,https://www.moparamerica.com/v-2017-chrysler-300--c--5-7l-v8-gas/rear-wheel-drive-differential-and-drive-line--rear-axle-shafts,157,DISCOVERED,2026-08-01T00:45:41+00:00
tax-71ae169b889d5c04f92f115c,chrysler300-c-57-gas,tax-c35e8c1b6470f89c80e57d6b,SUBCATEGORY,Air Bags,AIRBAGS,restraints--air-bags,https://www.moparamerica.com/v-2017-chrysler-300--c--5-7l-v8-gas/restraints--air-bags,158,DISCOVERED,2026-08-01T00:45:41+00:00
tax-57b9be2ee97d9634d6e7657a,chrysler300-c-57-gas,tax-c35e8c1b6470f89c80e57d6b,SUBCATEGORY,Seat Belts,SEATBELTS,restraints--seat-belts,https://www.moparamerica.com/v-2017-chrysler-300--c--5-7l-v8-gas/restraints--seat-belts,159,DISCOVERED,2026-08-01T00:45:41+00:00
tax-06ac55bebda9356edbc995a8,chrysler300-c-57-gas,tax-c858c9b7609842e2691e136f,SUBCATEGORY,Steering Column and Intermediate Shaft,STEERINGCOLUMNANDINTERMEDIATESHAFT,steering--steering-column-and-intermediate-shaft,https://www.moparamerica.com/v-2017-chrysler-300--c--5-7l-v8-gas/steering--steering-column-and-intermediate-shaft,160,DISCOVERED,2026-08-01T00:45:41+00:00
tax-d9950120b08f31819c9b1110,chrysler300-c-57-gas,tax-c858c9b7609842e2691e136f,SUBCATEGORY,Steering Gear,STEERINGGEAR,steering--steering-gear,https://www.moparamerica.com/v-2017-chrysler-300--c--5-7l-v8-gas/steering--steering-gear,161,DISCOVERED,2026-08-01T00:45:41+00:00
tax-6c34c710f5046ce8100fd82c,chrysler300-c-57-gas,tax-c858c9b7609842e2691e136f,SUBCATEGORY,Steering Wheel,STEERINGWHEEL,steering--steering-wheel,https://www.moparamerica.com/v-2017-chrysler-300--c--5-7l-v8-gas/steering--steering-wheel,162,DISCOVERED,2026-08-01T00:45:41+00:00
tax-2ef323768865d40d5aee0585,chrysler300-c-57-gas,tax-a43897c1763ed98d3ec0107e,SUBCATEGORY,Emergency Kit,EMERGENCYKIT,wheels--emergency-kit,https://www.moparamerica.com/v-2017-chrysler-300--c--5-7l-v8-gas/wheels--emergency-kit,163,DISCOVERED,2026-08-01T00:45:41+00:00
tax-a63dd4727e9e8c5085df4833,chrysler300-c-57-gas,tax-a43897c1763ed98d3ec0107e,SUBCATEGORY,Jack Stowage,JACKSTOWAGE,wheels--jack-stowage,https://www.moparamerica.com/v-2017-chrysler-300--c--5-7l-v8-gas/wheels--jack-stowage,164,DISCOVERED,2026-08-01T00:45:41+00:00
tax-2256f092ec61a9b0bfdb5f5f,chrysler300-c-57-gas,tax-a43897c1763ed98d3ec0107e,SUBCATEGORY,Tire Monitoring System,TIREMONITORINGSYSTEM,wheels--tire-monitoring-system,https://www.moparamerica.com/v-2017-chrysler-300--c--5-7l-v8-gas/wheels--tire-monitoring-system,165,DISCOVERED,2026-08-01T00:45:41+00:00
tax-ce76374fa4dd5d1cde5b3b43,chrysler300-c-57-gas,tax-a43897c1763ed98d3ec0107e,SUBCATEGORY,Wheel Covers and Center Caps,WHEELCOVERSANDCENTERCAPS,wheels--wheel-covers-and-center-caps,https://www.moparamerica.com/v-2017-chrysler-300--c--5-7l-v8-gas/wheels--wheel-covers-and-center-caps,166,DISCOVERED,2026-08-01T00:45:41+00:00
tax-562fe4a57722f4066f5b7f98,chrysler300-c-57-gas,tax-a43897c1763ed98d3ec0107e,SUBCATEGORY,Wheel Spare,WHEELSPARE,wheels--wheel-spare,https://www.moparamerica.com/v-2017-chrysler-300--c--5-7l-v8-gas/wheels--wheel-spare,167,DISCOVERED,2026-08-01T00:45:41+00:00
tax-fbc6f1c47b57cbe9eb2014ed,chrysler300-c-57-gas,tax-a43897c1763ed98d3ec0107e,SUBCATEGORY,"Wheels, Tires and Hardware",WHEELSTIRESANDHARDWARE,wheels--wheels-tires-and-hardware,https://www.moparamerica.com/v-2017-chrysler-300--c--5-7l-v8-gas/wheels--wheels-tires-and-hardware,168,DISCOVERED,2026-08-01T00:45:41+00:00
