node_id,variation_id,parent_node_id,node_type,source_label,normalized_label,source_slug,source_url,ordinal,discovery_status,source_accessed_at
sub-15ab93e2bc19577e595bf807,challenger-rt-57-gas,cat-35094ca7d347c5cae75bf698,SUBCATEGORY,Engine Mounting,engine mounting,3-6l-gas-engine--engine-mounting,https://www.moparamerica.com/v-2017-dodge-challenger--r-t--5-7l-v8-gas/3-6l-gas-engine--engine-mounting,1,DISCOVERED,2026-07-31T23:48:46+00:00
cat-35094ca7d347c5cae75bf698,challenger-rt-57-gas,,CATEGORY,3 6L Gas Engine,3 6l gas engine,3-6l-gas-engine,https://www.moparamerica.com/v-2017-dodge-challenger--r-t--5-7l-v8-gas/3-6l-gas-engine,2,DISCOVERED,2026-07-31T23:48:46+00:00
sub-e84261e352f8962fd1de8cc3,challenger-rt-57-gas,cat-35094ca7d347c5cae75bf698,SUBCATEGORY,"Engine Oiling, Oil Pan and Indicator (Dipstick)","engine oiling, oil pan and indicator (dipstick)",3-6l-gas-engine--engine-oiling-oil-pan-and-indicator-dipstick,https://www.moparamerica.com/v-2017-dodge-challenger--r-t--5-7l-v8-gas/3-6l-gas-engine--engine-oiling-oil-pan-and-indicator-dipstick,2,DISCOVERED,2026-07-31T23:48:46+00:00
sub-fc67bfaff51074f805bc1544,challenger-rt-57-gas,cat-5b03e98fa2400349cad122b7,SUBCATEGORY,Camshaft and Valve,camshaft and valve,5-7l-gas-engine--camshaft-and-valve,https://www.moparamerica.com/v-2017-dodge-challenger--r-t--5-7l-v8-gas/5-7l-gas-engine--camshaft-and-valve,3,DISCOVERED,2026-07-31T23:48:46+00:00
sub-9061c9f9d0c15885537c9f0e,challenger-rt-57-gas,cat-5b03e98fa2400349cad122b7,SUBCATEGORY,Crankcase Ventilation,crankcase ventilation,5-7l-gas-engine--crankcase-ventilation,https://www.moparamerica.com/v-2017-dodge-challenger--r-t--5-7l-v8-gas/5-7l-gas-engine--crankcase-ventilation,4,DISCOVERED,2026-07-31T23:48:46+00:00
sub-20d90e63b60f56c10f203911,challenger-rt-57-gas,cat-5b03e98fa2400349cad122b7,SUBCATEGORY,"Crankshaft, Piston, Drive Plate, Flywheel, and Damper","crankshaft, piston, drive plate, flywheel, and damper",5-7l-gas-engine--crankshaft-piston-drive-plate-flywheel-and-damper,https://www.moparamerica.com/v-2017-dodge-challenger--r-t--5-7l-v8-gas/5-7l-gas-engine--crankshaft-piston-drive-plate-flywheel-and-damper,5,DISCOVERED,2026-07-31T23:48:46+00:00
sub-87349d16d9072d40068b74cc,challenger-rt-57-gas,cat-5b03e98fa2400349cad122b7,SUBCATEGORY,Cylinder Block,cylinder block,5-7l-gas-engine--cylinder-block,https://www.moparamerica.com/v-2017-dodge-challenger--r-t--5-7l-v8-gas/5-7l-gas-engine--cylinder-block,6,DISCOVERED,2026-07-31T23:48:46+00:00
sub-8b1562453b00c91b94ebec89,challenger-rt-57-gas,cat-5b03e98fa2400349cad122b7,SUBCATEGORY,Cylinder Head,cylinder head,5-7l-gas-engine--cylinder-head,https://www.moparamerica.com/v-2017-dodge-challenger--r-t--5-7l-v8-gas/5-7l-gas-engine--cylinder-head,7,DISCOVERED,2026-07-31T23:48:46+00:00
sub-7de98b56409c0236eb4d59ec,challenger-rt-57-gas,cat-5b03e98fa2400349cad122b7,SUBCATEGORY,"Engine Identification, Service Engines & Engine Service Kits","engine identification, service engines & engine service kits",5-7l-gas-engine--engine-identification-service-engines-and-engine-service-kits,https://www.moparamerica.com/v-2017-dodge-challenger--r-t--5-7l-v8-gas/5-7l-gas-engine--engine-identification-service-engines-and-engine-service-kits,8,DISCOVERED,2026-07-31T23:48:46+00:00
sub-6bd59296f605dee08beb104a,challenger-rt-57-gas,cat-5b03e98fa2400349cad122b7,SUBCATEGORY,Engine Mounting,engine mounting,5-7l-gas-engine--engine-mounting,https://www.moparamerica.com/v-2017-dodge-challenger--r-t--5-7l-v8-gas/5-7l-gas-engine--engine-mounting,9,DISCOVERED,2026-07-31T23:48:46+00:00
sub-6a7d36791fcbbca40225f28f,challenger-rt-57-gas,cat-5b03e98fa2400349cad122b7,SUBCATEGORY,"Engine Oiling, Oil Pan and Indicator (Dipstick)","engine oiling, oil pan and indicator (dipstick)",5-7l-gas-engine--engine-oiling-oil-pan-and-indicator-dipstick,https://www.moparamerica.com/v-2017-dodge-challenger--r-t--5-7l-v8-gas/5-7l-gas-engine--engine-oiling-oil-pan-and-indicator-dipstick,10,DISCOVERED,2026-07-31T23:48:46+00:00
sub-2b4dd5f032ef176d5bdae0f3,challenger-rt-57-gas,cat-5b03e98fa2400349cad122b7,SUBCATEGORY,Manifolds and Vacuum Fittings,manifolds and vacuum fittings,5-7l-gas-engine--manifolds-and-vacuum-fittings,https://www.moparamerica.com/v-2017-dodge-challenger--r-t--5-7l-v8-gas/5-7l-gas-engine--manifolds-and-vacuum-fittings,11,DISCOVERED,2026-07-31T23:48:46+00:00
cat-5b03e98fa2400349cad122b7,challenger-rt-57-gas,,CATEGORY,5 7L Gas Engine,5 7l gas engine,5-7l-gas-engine,https://www.moparamerica.com/v-2017-dodge-challenger--r-t--5-7l-v8-gas/5-7l-gas-engine,12,DISCOVERED,2026-07-31T23:48:46+00:00
sub-87cf98c851124e940fdc69da,challenger-rt-57-gas,cat-5b03e98fa2400349cad122b7,SUBCATEGORY,Timing Belt Chain And Cover And Balance Shaft,timing belt chain and cover and balance shaft,5-7l-gas-engine--timing-belt-chain-and-cover-and-balance-shaft,https://www.moparamerica.com/v-2017-dodge-challenger--r-t--5-7l-v8-gas/5-7l-gas-engine--timing-belt-chain-and-cover-and-balance-shaft,12,DISCOVERED,2026-07-31T23:48:46+00:00
sub-b0f73da7e403d3390bade5bf,challenger-rt-57-gas,cat-caf6fa8afee0ed4733bede89,SUBCATEGORY,Camshaft and Valve,camshaft and valve,5-7lgas-engine--camshaft-and-valve,https://www.moparamerica.com/v-2017-dodge-challenger--r-t--5-7l-v8-gas/5-7lgas-engine--camshaft-and-valve,13,DISCOVERED,2026-07-31T23:48:46+00:00
sub-37f37be972e6f6cc7e7df7f6,challenger-rt-57-gas,cat-caf6fa8afee0ed4733bede89,SUBCATEGORY,Crankcase Ventilation,crankcase ventilation,5-7lgas-engine--crankcase-ventilation,https://www.moparamerica.com/v-2017-dodge-challenger--r-t--5-7l-v8-gas/5-7lgas-engine--crankcase-ventilation,14,DISCOVERED,2026-07-31T23:48:46+00:00
sub-1d0de692e10c1b1b5f5f5402,challenger-rt-57-gas,cat-caf6fa8afee0ed4733bede89,SUBCATEGORY,"Crankshaft, Piston, Drive Plate, Flywheel, and Damper","crankshaft, piston, drive plate, flywheel, and damper",5-7lgas-engine--crankshaft-piston-drive-plate-flywheel-and-damper,https://www.moparamerica.com/v-2017-dodge-challenger--r-t--5-7l-v8-gas/5-7lgas-engine--crankshaft-piston-drive-plate-flywheel-and-damper,15,DISCOVERED,2026-07-31T23:48:46+00:00
sub-314f479289728fb15ea96822,challenger-rt-57-gas,cat-caf6fa8afee0ed4733bede89,SUBCATEGORY,Cylinder Block,cylinder block,5-7lgas-engine--cylinder-block,https://www.moparamerica.com/v-2017-dodge-challenger--r-t--5-7l-v8-gas/5-7lgas-engine--cylinder-block,16,DISCOVERED,2026-07-31T23:48:46+00:00
sub-4cf0497da2fe4d14042adeea,challenger-rt-57-gas,cat-caf6fa8afee0ed4733bede89,SUBCATEGORY,Cylinder Head,cylinder head,5-7lgas-engine--cylinder-head,https://www.moparamerica.com/v-2017-dodge-challenger--r-t--5-7l-v8-gas/5-7lgas-engine--cylinder-head,17,DISCOVERED,2026-07-31T23:48:46+00:00
sub-c9c5d46a6e6327cfc2018b4e,challenger-rt-57-gas,cat-caf6fa8afee0ed4733bede89,SUBCATEGORY,"Engine Identification, Service Engines & Engine Service Kits","engine identification, service engines & engine service kits",5-7lgas-engine--engine-identification-service-engines-and-engine-service-kits,https://www.moparamerica.com/v-2017-dodge-challenger--r-t--5-7l-v8-gas/5-7lgas-engine--engine-identification-service-engines-and-engine-service-kits,18,DISCOVERED,2026-07-31T23:48:46+00:00
sub-023f9b7ded415861f8eac8b2,challenger-rt-57-gas,cat-caf6fa8afee0ed4733bede89,SUBCATEGORY,Engine Mounting,engine mounting,5-7lgas-engine--engine-mounting,https://www.moparamerica.com/v-2017-dodge-challenger--r-t--5-7l-v8-gas/5-7lgas-engine--engine-mounting,19,DISCOVERED,2026-07-31T23:48:46+00:00
sub-4fba8f7dc774ebf415c13afa,challenger-rt-57-gas,cat-caf6fa8afee0ed4733bede89,SUBCATEGORY,"Engine Oiling, Oil Pan and Indicator (Dipstick)","engine oiling, oil pan and indicator (dipstick)",5-7lgas-engine--engine-oiling-oil-pan-and-indicator-dipstick,https://www.moparamerica.com/v-2017-dodge-challenger--r-t--5-7l-v8-gas/5-7lgas-engine--engine-oiling-oil-pan-and-indicator-dipstick,20,DISCOVERED,2026-07-31T23:48:46+00:00
sub-081a5af39daa049b1a94aa2b,challenger-rt-57-gas,cat-caf6fa8afee0ed4733bede89,SUBCATEGORY,Manifolds and Vacuum Fittings,manifolds and vacuum fittings,5-7lgas-engine--manifolds-and-vacuum-fittings,https://www.moparamerica.com/v-2017-dodge-challenger--r-t--5-7l-v8-gas/5-7lgas-engine--manifolds-and-vacuum-fittings,21,DISCOVERED,2026-07-31T23:48:46+00:00
cat-caf6fa8afee0ed4733bede89,challenger-rt-57-gas,,CATEGORY,5 7Lgas Engine,5 7lgas engine,5-7lgas-engine,https://www.moparamerica.com/v-2017-dodge-challenger--r-t--5-7l-v8-gas/5-7lgas-engine,22,DISCOVERED,2026-07-31T23:48:46+00:00
sub-97a034d076688182833e55fb,challenger-rt-57-gas,cat-caf6fa8afee0ed4733bede89,SUBCATEGORY,Timing Belt Chain And Cover And Balance Shaft,timing belt chain and cover and balance shaft,5-7lgas-engine--timing-belt-chain-and-cover-and-balance-shaft,https://www.moparamerica.com/v-2017-dodge-challenger--r-t--5-7l-v8-gas/5-7lgas-engine--timing-belt-chain-and-cover-and-balance-shaft,22,DISCOVERED,2026-07-31T23:48:46+00:00
sub-154431905177078d62b82d67,challenger-rt-57-gas,cat-ae223b7e72bfcb1e6f39b848,SUBCATEGORY,Camshaft and Valve,camshaft and valve,6-2l-gas-engine--camshaft-and-valve,https://www.moparamerica.com/v-2017-dodge-challenger--r-t--5-7l-v8-gas/6-2l-gas-engine--camshaft-and-valve,23,DISCOVERED,2026-07-31T23:48:46+00:00
sub-8a49c93a5f93f3b424c08779,challenger-rt-57-gas,cat-ae223b7e72bfcb1e6f39b848,SUBCATEGORY,"Crankshaft, Piston, Drive Plate, Flywheel, and Damper","crankshaft, piston, drive plate, flywheel, and damper",6-2l-gas-engine--crankshaft-piston-drive-plate-flywheel-and-damper,https://www.moparamerica.com/v-2017-dodge-challenger--r-t--5-7l-v8-gas/6-2l-gas-engine--crankshaft-piston-drive-plate-flywheel-and-damper,24,DISCOVERED,2026-07-31T23:48:46+00:00
sub-110e05f6fb00c4458f8ca6b1,challenger-rt-57-gas,cat-ae223b7e72bfcb1e6f39b848,SUBCATEGORY,Engine Mounting,engine mounting,6-2l-gas-engine--engine-mounting,https://www.moparamerica.com/v-2017-dodge-challenger--r-t--5-7l-v8-gas/6-2l-gas-engine--engine-mounting,25,DISCOVERED,2026-07-31T23:48:46+00:00
sub-a2f14ec4012f859381adfbd6,challenger-rt-57-gas,cat-ae223b7e72bfcb1e6f39b848,SUBCATEGORY,Engine Oil Cooler,engine oil cooler,6-2l-gas-engine--engine-oil-cooler,https://www.moparamerica.com/v-2017-dodge-challenger--r-t--5-7l-v8-gas/6-2l-gas-engine--engine-oil-cooler,26,DISCOVERED,2026-07-31T23:48:46+00:00
sub-925d73234d541150487ba187,challenger-rt-57-gas,cat-ae223b7e72bfcb1e6f39b848,SUBCATEGORY,"Engine Oiling, Oil Pan and Indicator (Dipstick)","engine oiling, oil pan and indicator (dipstick)",6-2l-gas-engine--engine-oiling-oil-pan-and-indicator-dipstick,https://www.moparamerica.com/v-2017-dodge-challenger--r-t--5-7l-v8-gas/6-2l-gas-engine--engine-oiling-oil-pan-and-indicator-dipstick,27,DISCOVERED,2026-07-31T23:48:46+00:00
cat-ae223b7e72bfcb1e6f39b848,challenger-rt-57-gas,,CATEGORY,6 2L Gas Engine,6 2l gas engine,6-2l-gas-engine,https://www.moparamerica.com/v-2017-dodge-challenger--r-t--5-7l-v8-gas/6-2l-gas-engine,28,DISCOVERED,2026-07-31T23:48:46+00:00
sub-06f3083655d26995605346fe,challenger-rt-57-gas,cat-ae223b7e72bfcb1e6f39b848,SUBCATEGORY,Manifolds and Vacuum Fittings,manifolds and vacuum fittings,6-2l-gas-engine--manifolds-and-vacuum-fittings,https://www.moparamerica.com/v-2017-dodge-challenger--r-t--5-7l-v8-gas/6-2l-gas-engine--manifolds-and-vacuum-fittings,28,DISCOVERED,2026-07-31T23:48:46+00:00
sub-12fb4f9b3991d247d927d704,challenger-rt-57-gas,cat-9c9c2c403f563bb5e9fd97c1,SUBCATEGORY,Camshaft and Valve,camshaft and valve,6-4l-gas-engine--camshaft-and-valve,https://www.moparamerica.com/v-2017-dodge-challenger--r-t--5-7l-v8-gas/6-4l-gas-engine--camshaft-and-valve,29,DISCOVERED,2026-07-31T23:48:46+00:00
sub-6f922c1b6cb92b2ed044b72d,challenger-rt-57-gas,cat-9c9c2c403f563bb5e9fd97c1,SUBCATEGORY,"Crankshaft, Piston, Drive Plate, Flywheel, and Damper","crankshaft, piston, drive plate, flywheel, and damper",6-4l-gas-engine--crankshaft-piston-drive-plate-flywheel-and-damper,https://www.moparamerica.com/v-2017-dodge-challenger--r-t--5-7l-v8-gas/6-4l-gas-engine--crankshaft-piston-drive-plate-flywheel-and-damper,30,DISCOVERED,2026-07-31T23:48:46+00:00
sub-138c34b9609f77c886be0272,challenger-rt-57-gas,cat-9c9c2c403f563bb5e9fd97c1,SUBCATEGORY,Engine Mounting,engine mounting,6-4l-gas-engine--engine-mounting,https://www.moparamerica.com/v-2017-dodge-challenger--r-t--5-7l-v8-gas/6-4l-gas-engine--engine-mounting,31,DISCOVERED,2026-07-31T23:48:46+00:00
sub-cafa55ce296040565e62f6d6,challenger-rt-57-gas,cat-9c9c2c403f563bb5e9fd97c1,SUBCATEGORY,Engine Oil Cooler,engine oil cooler,6-4l-gas-engine--engine-oil-cooler,https://www.moparamerica.com/v-2017-dodge-challenger--r-t--5-7l-v8-gas/6-4l-gas-engine--engine-oil-cooler,32,DISCOVERED,2026-07-31T23:48:46+00:00
sub-793c419ec8da654e322ac9bd,challenger-rt-57-gas,cat-9c9c2c403f563bb5e9fd97c1,SUBCATEGORY,"Engine Oiling, Oil Pan and Indicator (Dipstick)","engine oiling, oil pan and indicator (dipstick)",6-4l-gas-engine--engine-oiling-oil-pan-and-indicator-dipstick,https://www.moparamerica.com/v-2017-dodge-challenger--r-t--5-7l-v8-gas/6-4l-gas-engine--engine-oiling-oil-pan-and-indicator-dipstick,33,DISCOVERED,2026-07-31T23:48:46+00:00
cat-9c9c2c403f563bb5e9fd97c1,challenger-rt-57-gas,,CATEGORY,6 4L Gas Engine,6 4l gas engine,6-4l-gas-engine,https://www.moparamerica.com/v-2017-dodge-challenger--r-t--5-7l-v8-gas/6-4l-gas-engine,34,DISCOVERED,2026-07-31T23:48:46+00:00
sub-1813aa5abd419cddcf8ecff0,challenger-rt-57-gas,cat-9c9c2c403f563bb5e9fd97c1,SUBCATEGORY,Manifolds and Vacuum Fittings,manifolds and vacuum fittings,6-4l-gas-engine--manifolds-and-vacuum-fittings,https://www.moparamerica.com/v-2017-dodge-challenger--r-t--5-7l-v8-gas/6-4l-gas-engine--manifolds-and-vacuum-fittings,34,DISCOVERED,2026-07-31T23:48:46+00:00
sub-4cd877834c2da10aaf67bda5,challenger-rt-57-gas,cat-625be6da4325a336c6c9af67,SUBCATEGORY,Automatic Transmission Transaxle And Torque Converter,automatic transmission transaxle and torque converter,845re-8-speed-automatic-transmission--automatic-transmission-transaxle-and-torque-converter,https://www.moparamerica.com/v-2017-dodge-challenger--r-t--5-7l-v8-gas/845re-8-speed-automatic-transmission--automatic-transmission-transaxle-and-torque-converter,35,DISCOVERED,2026-07-31T23:48:46+00:00
sub-8e0301488092a45cd0b33f0b,challenger-rt-57-gas,cat-625be6da4325a336c6c9af67,SUBCATEGORY,Gearshift Controls and Related Parts,gearshift controls and related parts,845re-8-speed-automatic-transmission--gearshift-controls-and-related-parts,https://www.moparamerica.com/v-2017-dodge-challenger--r-t--5-7l-v8-gas/845re-8-speed-automatic-transmission--gearshift-controls-and-related-parts,36,DISCOVERED,2026-07-31T23:48:46+00:00
sub-311cfad7380e6cbfeb9e3629,challenger-rt-57-gas,cat-625be6da4325a336c6c9af67,SUBCATEGORY,Mounting and Skid Plate,mounting and skid plate,845re-8-speed-automatic-transmission--mounting-and-skid-plate,https://www.moparamerica.com/v-2017-dodge-challenger--r-t--5-7l-v8-gas/845re-8-speed-automatic-transmission--mounting-and-skid-plate,37,DISCOVERED,2026-07-31T23:48:46+00:00
sub-1a23593c519cc50876b83c94,challenger-rt-57-gas,cat-625be6da4325a336c6c9af67,SUBCATEGORY,Oil Pump,oil pump,845re-8-speed-automatic-transmission--oil-pump,https://www.moparamerica.com/v-2017-dodge-challenger--r-t--5-7l-v8-gas/845re-8-speed-automatic-transmission--oil-pump,38,DISCOVERED,2026-07-31T23:48:46+00:00
cat-625be6da4325a336c6c9af67,challenger-rt-57-gas,,CATEGORY,845Re 8 Speed Automatic Transmission,845re 8 speed automatic transmission,845re-8-speed-automatic-transmission,https://www.moparamerica.com/v-2017-dodge-challenger--r-t--5-7l-v8-gas/845re-8-speed-automatic-transmission,39,DISCOVERED,2026-07-31T23:48:46+00:00
sub-09347c72a3ed8f45caa58988,challenger-rt-57-gas,cat-625be6da4325a336c6c9af67,SUBCATEGORY,"Valve Body, Accumulator, Solenoid and Parking Sprag","valve body, accumulator, solenoid and parking sprag",845re-8-speed-automatic-transmission--valve-body-accumulator-solenoid-and-parking-sprag,https://www.moparamerica.com/v-2017-dodge-challenger--r-t--5-7l-v8-gas/845re-8-speed-automatic-transmission--valve-body-accumulator-solenoid-and-parking-sprag,39,DISCOVERED,2026-07-31T23:48:46+00:00
sub-491a02fb8cc207d206beb7ff,challenger-rt-57-gas,cat-e5f60218b976efb5cd72f6c5,SUBCATEGORY,Automatic Transmission Transaxle And Torque Converter,automatic transmission transaxle and torque converter,8hp70-8-speed-automatic-transmission--automatic-transmission-transaxle-and-torque-converter,https://www.moparamerica.com/v-2017-dodge-challenger--r-t--5-7l-v8-gas/8hp70-8-speed-automatic-transmission--automatic-transmission-transaxle-and-torque-converter,40,DISCOVERED,2026-07-31T23:48:46+00:00
sub-dad35d62b7b6773b8ee0dad0,challenger-rt-57-gas,cat-e5f60218b976efb5cd72f6c5,SUBCATEGORY,"Case, Extension, Oil Pan, and Indicator (Dipstick)","case, extension, oil pan, and indicator (dipstick)",8hp70-8-speed-automatic-transmission--case-extension-oil-pan-and-indicator-dipstick,https://www.moparamerica.com/v-2017-dodge-challenger--r-t--5-7l-v8-gas/8hp70-8-speed-automatic-transmission--case-extension-oil-pan-and-indicator-dipstick,41,DISCOVERED,2026-07-31T23:48:46+00:00
sub-e0661f2f788f540bfbe0e8ca,challenger-rt-57-gas,cat-e5f60218b976efb5cd72f6c5,SUBCATEGORY,Gearshift Controls and Related Parts,gearshift controls and related parts,8hp70-8-speed-automatic-transmission--gearshift-controls-and-related-parts,https://www.moparamerica.com/v-2017-dodge-challenger--r-t--5-7l-v8-gas/8hp70-8-speed-automatic-transmission--gearshift-controls-and-related-parts,42,DISCOVERED,2026-07-31T23:48:46+00:00
sub-6d4d15f734d4afce4fd42b23,challenger-rt-57-gas,cat-e5f60218b976efb5cd72f6c5,SUBCATEGORY,Mounting and Skid Plate,mounting and skid plate,8hp70-8-speed-automatic-transmission--mounting-and-skid-plate,https://www.moparamerica.com/v-2017-dodge-challenger--r-t--5-7l-v8-gas/8hp70-8-speed-automatic-transmission--mounting-and-skid-plate,43,DISCOVERED,2026-07-31T23:48:46+00:00
sub-8b071d3021f6597a41d1f855,challenger-rt-57-gas,cat-e5f60218b976efb5cd72f6c5,SUBCATEGORY,Oil Pump,oil pump,8hp70-8-speed-automatic-transmission--oil-pump,https://www.moparamerica.com/v-2017-dodge-challenger--r-t--5-7l-v8-gas/8hp70-8-speed-automatic-transmission--oil-pump,44,DISCOVERED,2026-07-31T23:48:46+00:00
cat-e5f60218b976efb5cd72f6c5,challenger-rt-57-gas,,CATEGORY,8Hp70 8 Speed Automatic Transmission,8hp70 8 speed automatic transmission,8hp70-8-speed-automatic-transmission,https://www.moparamerica.com/v-2017-dodge-challenger--r-t--5-7l-v8-gas/8hp70-8-speed-automatic-transmission,45,DISCOVERED,2026-07-31T23:48:46+00:00
sub-33795ff9ba81cdd9db4ae2bd,challenger-rt-57-gas,cat-e5f60218b976efb5cd72f6c5,SUBCATEGORY,"Valve Body, Accumulator, Solenoid and Parking Sprag","valve body, accumulator, solenoid and parking sprag",8hp70-8-speed-automatic-transmission--valve-body-accumulator-solenoid-and-parking-sprag,https://www.moparamerica.com/v-2017-dodge-challenger--r-t--5-7l-v8-gas/8hp70-8-speed-automatic-transmission--valve-body-accumulator-solenoid-and-parking-sprag,45,DISCOVERED,2026-07-31T23:48:46+00:00
sub-dbc6078badf331f29dd64cc9,challenger-rt-57-gas,cat-391b4461f2f3af8a47385287,SUBCATEGORY,Automatic Transmission Transaxle And Torque Converter,automatic transmission transaxle and torque converter,8hp90-8-speed-automatic-transmission--automatic-transmission-transaxle-and-torque-converter,https://www.moparamerica.com/v-2017-dodge-challenger--r-t--5-7l-v8-gas/8hp90-8-speed-automatic-transmission--automatic-transmission-transaxle-and-torque-converter,46,DISCOVERED,2026-07-31T23:48:46+00:00
sub-9d09fe58f35dbb0d6938a7a3,challenger-rt-57-gas,cat-391b4461f2f3af8a47385287,SUBCATEGORY,Gearshift Controls and Related Parts,gearshift controls and related parts,8hp90-8-speed-automatic-transmission--gearshift-controls-and-related-parts,https://www.moparamerica.com/v-2017-dodge-challenger--r-t--5-7l-v8-gas/8hp90-8-speed-automatic-transmission--gearshift-controls-and-related-parts,47,DISCOVERED,2026-07-31T23:48:46+00:00
cat-391b4461f2f3af8a47385287,challenger-rt-57-gas,,CATEGORY,8Hp90 8 Speed Automatic Transmission,8hp90 8 speed automatic transmission,8hp90-8-speed-automatic-transmission,https://www.moparamerica.com/v-2017-dodge-challenger--r-t--5-7l-v8-gas/8hp90-8-speed-automatic-transmission,48,DISCOVERED,2026-07-31T23:48:46+00:00
sub-d4200c59afc533b03f9ba23b,challenger-rt-57-gas,cat-391b4461f2f3af8a47385287,SUBCATEGORY,Mounting and Skid Plate,mounting and skid plate,8hp90-8-speed-automatic-transmission--mounting-and-skid-plate,https://www.moparamerica.com/v-2017-dodge-challenger--r-t--5-7l-v8-gas/8hp90-8-speed-automatic-transmission--mounting-and-skid-plate,48,DISCOVERED,2026-07-31T23:48:46+00:00
sub-edf2c0487f2a2a4bc078693a,challenger-rt-57-gas,cat-50e500f302c07d0261808520,SUBCATEGORY,Air Conditioner and Heater Controls,air conditioner and heater controls,air-conditioners-and-heaters--air-conditioner-and-heater-controls,https://www.moparamerica.com/v-2017-dodge-challenger--r-t--5-7l-v8-gas/air-conditioners-and-heaters--air-conditioner-and-heater-controls,49,DISCOVERED,2026-07-31T23:48:46+00:00
sub-ac33a3374446fa039fa7f7ac,challenger-rt-57-gas,cat-50e500f302c07d0261808520,SUBCATEGORY,Air Conditioner and Heater Plumbing,air conditioner and heater plumbing,air-conditioners-and-heaters--air-conditioner-and-heater-plumbing,https://www.moparamerica.com/v-2017-dodge-challenger--r-t--5-7l-v8-gas/air-conditioners-and-heaters--air-conditioner-and-heater-plumbing,50,DISCOVERED,2026-07-31T23:48:46+00:00
sub-132888fa20e9abdd44f5d404,challenger-rt-57-gas,cat-50e500f302c07d0261808520,SUBCATEGORY,Air Conditioner and Heater Units,air conditioner and heater units,air-conditioners-and-heaters--air-conditioner-and-heater-units,https://www.moparamerica.com/v-2017-dodge-challenger--r-t--5-7l-v8-gas/air-conditioners-and-heaters--air-conditioner-and-heater-units,51,DISCOVERED,2026-07-31T23:48:46+00:00
sub-5ca7931669c7f7999f74bbf5,challenger-rt-57-gas,cat-50e500f302c07d0261808520,SUBCATEGORY,Air Conditioner Compressor and Mounting,air conditioner compressor and mounting,air-conditioners-and-heaters--air-conditioner-compressor-and-mounting,https://www.moparamerica.com/v-2017-dodge-challenger--r-t--5-7l-v8-gas/air-conditioners-and-heaters--air-conditioner-compressor-and-mounting,52,DISCOVERED,2026-07-31T23:48:46+00:00
cat-50e500f302c07d0261808520,challenger-rt-57-gas,,CATEGORY,Air Conditioners And Heaters,air conditioners and heaters,air-conditioners-and-heaters,https://www.moparamerica.com/v-2017-dodge-challenger--r-t--5-7l-v8-gas/air-conditioners-and-heaters,53,DISCOVERED,2026-07-31T23:48:46+00:00
sub-38b515ffa394888f39e91084,challenger-rt-57-gas,cat-50e500f302c07d0261808520,SUBCATEGORY,Air Ducts,air ducts,air-conditioners-and-heaters--air-ducts,https://www.moparamerica.com/v-2017-dodge-challenger--r-t--5-7l-v8-gas/air-conditioners-and-heaters--air-ducts,53,DISCOVERED,2026-07-31T23:48:46+00:00
sub-7f2d24733a2448fa187cc18f,challenger-rt-57-gas,cat-159ad003e64f73208e7a1ebc,SUBCATEGORY,Drive Shaft,drive shaft,all-wheel-drive-differential-and-drive-line--drive-shaft,https://www.moparamerica.com/v-2017-dodge-challenger--r-t--5-7l-v8-gas/all-wheel-drive-differential-and-drive-line--drive-shaft,54,DISCOVERED,2026-07-31T23:48:46+00:00
sub-7fb2488cbdc556b1207e3c7d,challenger-rt-57-gas,cat-159ad003e64f73208e7a1ebc,SUBCATEGORY,Front Axle Assembly,front axle assembly,all-wheel-drive-differential-and-drive-line--front-axle-assembly,https://www.moparamerica.com/v-2017-dodge-challenger--r-t--5-7l-v8-gas/all-wheel-drive-differential-and-drive-line--front-axle-assembly,55,DISCOVERED,2026-07-31T23:48:46+00:00
sub-629743f6a3037be24299b94b,challenger-rt-57-gas,cat-159ad003e64f73208e7a1ebc,SUBCATEGORY,Front Axle Drive Shafts,front axle drive shafts,all-wheel-drive-differential-and-drive-line--front-axle-drive-shafts,https://www.moparamerica.com/v-2017-dodge-challenger--r-t--5-7l-v8-gas/all-wheel-drive-differential-and-drive-line--front-axle-drive-shafts,56,DISCOVERED,2026-07-31T23:48:46+00:00
sub-7e02ec04585c367619c0f28a,challenger-rt-57-gas,cat-159ad003e64f73208e7a1ebc,SUBCATEGORY,Rear Axle Assembly,rear axle assembly,all-wheel-drive-differential-and-drive-line--rear-axle-assembly,https://www.moparamerica.com/v-2017-dodge-challenger--r-t--5-7l-v8-gas/all-wheel-drive-differential-and-drive-line--rear-axle-assembly,57,DISCOVERED,2026-07-31T23:48:46+00:00
sub-541cb8134e654b7406b28a67,challenger-rt-57-gas,cat-159ad003e64f73208e7a1ebc,SUBCATEGORY,Rear Axle Shafts,rear axle shafts,all-wheel-drive-differential-and-drive-line--rear-axle-shafts,https://www.moparamerica.com/v-2017-dodge-challenger--r-t--5-7l-v8-gas/all-wheel-drive-differential-and-drive-line--rear-axle-shafts,58,DISCOVERED,2026-07-31T23:48:46+00:00
cat-159ad003e64f73208e7a1ebc,challenger-rt-57-gas,,CATEGORY,All Wheel Drive Differential And Drive Line,all wheel drive differential and drive line,all-wheel-drive-differential-and-drive-line,https://www.moparamerica.com/v-2017-dodge-challenger--r-t--5-7l-v8-gas/all-wheel-drive-differential-and-drive-line,59,DISCOVERED,2026-07-31T23:48:46+00:00
sub-a45f81d5119ca63955790ed7,challenger-rt-57-gas,cat-159ad003e64f73208e7a1ebc,SUBCATEGORY,"Rear Axle; Housing, Differential and Vent","rear axle; housing, differential and vent",all-wheel-drive-differential-and-drive-line--rear-axle-housing-differential-and-vent,https://www.moparamerica.com/v-2017-dodge-challenger--r-t--5-7l-v8-gas/all-wheel-drive-differential-and-drive-line--rear-axle-housing-differential-and-vent,59,DISCOVERED,2026-07-31T23:48:46+00:00
sub-b23ddd45e355bc4ae4fd0f0d,challenger-rt-57-gas,cat-5ce65d46c8092750dd737bbc,SUBCATEGORY,Remote Start,remote start,accessories-audio-video-and-electronics-accessories--remote-start,https://www.moparamerica.com/v-2017-dodge-challenger--r-t--5-7l-v8-gas/accessories-audio-video-and-electronics-accessories--remote-start,60,DISCOVERED,2026-07-31T23:48:46+00:00
cat-5ce65d46c8092750dd737bbc,challenger-rt-57-gas,,CATEGORY,Accessories Audio Video And Electronics Accessories,accessories audio video and electronics accessories,accessories-audio-video-and-electronics-accessories,https://www.moparamerica.com/v-2017-dodge-challenger--r-t--5-7l-v8-gas/accessories-audio-video-and-electronics-accessories,61,DISCOVERED,2026-07-31T23:48:46+00:00
sub-44f15b7b6a17e2c9c05271ca,challenger-rt-57-gas,cat-5ce65d46c8092750dd737bbc,SUBCATEGORY,Security,security,accessories-audio-video-and-electronics-accessories--security,https://www.moparamerica.com/v-2017-dodge-challenger--r-t--5-7l-v8-gas/accessories-audio-video-and-electronics-accessories--security,61,DISCOVERED,2026-07-31T23:48:46+00:00
sub-9d53363fe05faf1a1b6f1c2f,challenger-rt-57-gas,cat-6ab952f0adf7eb6a1b8ba69f,SUBCATEGORY,Aperture Panel and Pillar Supports,aperture panel and pillar supports,body-sheet-metal-except-doors--aperture-panel-and-pillar-supports,https://www.moparamerica.com/v-2017-dodge-challenger--r-t--5-7l-v8-gas/body-sheet-metal-except-doors--aperture-panel-and-pillar-supports,62,DISCOVERED,2026-07-31T23:48:46+00:00
sub-67e01b0e54dd225d90877527,challenger-rt-57-gas,cat-6ab952f0adf7eb6a1b8ba69f,SUBCATEGORY,"Body Structure Welds, Weatherstrips, Seals, Sealers and Adhesives","body structure welds, weatherstrips, seals, sealers and adhesives",body-sheet-metal-except-doors--body-structure-welds-weatherstrips-seals-sealers-and-adhesives,https://www.moparamerica.com/v-2017-dodge-challenger--r-t--5-7l-v8-gas/body-sheet-metal-except-doors--body-structure-welds-weatherstrips-seals-sealers-and-adhesives,63,DISCOVERED,2026-07-31T23:48:46+00:00
sub-19c63e8a1d33a51ff84b5391,challenger-rt-57-gas,cat-6ab952f0adf7eb6a1b8ba69f,SUBCATEGORY,Cowl and Dash Panel,cowl and dash panel,body-sheet-metal-except-doors--cowl-and-dash-panel,https://www.moparamerica.com/v-2017-dodge-challenger--r-t--5-7l-v8-gas/body-sheet-metal-except-doors--cowl-and-dash-panel,64,DISCOVERED,2026-07-31T23:48:46+00:00
sub-6eb0191df06b2c5f75ffc408,challenger-rt-57-gas,cat-6ab952f0adf7eb6a1b8ba69f,SUBCATEGORY,Deck Lid,deck lid,body-sheet-metal-except-doors--deck-lid,https://www.moparamerica.com/v-2017-dodge-challenger--r-t--5-7l-v8-gas/body-sheet-metal-except-doors--deck-lid,65,DISCOVERED,2026-07-31T23:48:46+00:00
sub-4806d7ee97256cac951f39f9,challenger-rt-57-gas,cat-6ab952f0adf7eb6a1b8ba69f,SUBCATEGORY,Fenders,fenders,body-sheet-metal-except-doors--fenders,https://www.moparamerica.com/v-2017-dodge-challenger--r-t--5-7l-v8-gas/body-sheet-metal-except-doors--fenders,66,DISCOVERED,2026-07-31T23:48:46+00:00
sub-8f01f207b5e0c542a03f30cb,challenger-rt-57-gas,cat-6ab952f0adf7eb6a1b8ba69f,SUBCATEGORY,Floor Pans,floor pans,body-sheet-metal-except-doors--floor-pans,https://www.moparamerica.com/v-2017-dodge-challenger--r-t--5-7l-v8-gas/body-sheet-metal-except-doors--floor-pans,67,DISCOVERED,2026-07-31T23:48:46+00:00
sub-9838986363762802aaf1dfe0,challenger-rt-57-gas,cat-6ab952f0adf7eb6a1b8ba69f,SUBCATEGORY,Hood and Hood Release,hood and hood release,body-sheet-metal-except-doors--hood-and-hood-release,https://www.moparamerica.com/v-2017-dodge-challenger--r-t--5-7l-v8-gas/body-sheet-metal-except-doors--hood-and-hood-release,68,DISCOVERED,2026-07-31T23:48:46+00:00
sub-6fc23cd503139f892e9e2f30,challenger-rt-57-gas,cat-6ab952f0adf7eb6a1b8ba69f,SUBCATEGORY,Plugs,plugs,body-sheet-metal-except-doors--plugs,https://www.moparamerica.com/v-2017-dodge-challenger--r-t--5-7l-v8-gas/body-sheet-metal-except-doors--plugs,69,DISCOVERED,2026-07-31T23:48:46+00:00
sub-309bd855865158edbe69fa88,challenger-rt-57-gas,cat-6ab952f0adf7eb6a1b8ba69f,SUBCATEGORY,Roof,roof,body-sheet-metal-except-doors--roof,https://www.moparamerica.com/v-2017-dodge-challenger--r-t--5-7l-v8-gas/body-sheet-metal-except-doors--roof,70,DISCOVERED,2026-07-31T23:48:46+00:00
sub-431b9524ee3ae25ab70636d4,challenger-rt-57-gas,cat-6ab952f0adf7eb6a1b8ba69f,SUBCATEGORY,Shelf Panel,shelf panel,body-sheet-metal-except-doors--shelf-panel,https://www.moparamerica.com/v-2017-dodge-challenger--r-t--5-7l-v8-gas/body-sheet-metal-except-doors--shelf-panel,71,DISCOVERED,2026-07-31T23:48:46+00:00
cat-6ab952f0adf7eb6a1b8ba69f,challenger-rt-57-gas,,CATEGORY,Body Sheet Metal Except Doors,body sheet metal except doors,body-sheet-metal-except-doors,https://www.moparamerica.com/v-2017-dodge-challenger--r-t--5-7l-v8-gas/body-sheet-metal-except-doors,72,DISCOVERED,2026-07-31T23:48:46+00:00
sub-28b4739cad4c1252c308bb09,challenger-rt-57-gas,cat-6ab952f0adf7eb6a1b8ba69f,SUBCATEGORY,Sunroof,sunroof,body-sheet-metal-except-doors--sunroof,https://www.moparamerica.com/v-2017-dodge-challenger--r-t--5-7l-v8-gas/body-sheet-metal-except-doors--sunroof,72,DISCOVERED,2026-07-31T23:48:46+00:00
sub-7cfc617a04db5f4b62c4ed6b,challenger-rt-57-gas,cat-4ae64f00eb1804cf42e2070e,SUBCATEGORY,Brake Master Cylinder,brake master cylinder,brakes--brake-master-cylinder,https://www.moparamerica.com/v-2017-dodge-challenger--r-t--5-7l-v8-gas/brakes--brake-master-cylinder,73,DISCOVERED,2026-07-31T23:48:46+00:00
sub-14bedc60a758a56e0f790cdc,challenger-rt-57-gas,cat-4ae64f00eb1804cf42e2070e,SUBCATEGORY,Brake Pedals,brake pedals,brakes--brake-pedals,https://www.moparamerica.com/v-2017-dodge-challenger--r-t--5-7l-v8-gas/brakes--brake-pedals,74,DISCOVERED,2026-07-31T23:48:46+00:00
sub-3f723619e32136ed5d310851,challenger-rt-57-gas,cat-4ae64f00eb1804cf42e2070e,SUBCATEGORY,Front Brakes,front brakes,brakes--front-brakes,https://www.moparamerica.com/v-2017-dodge-challenger--r-t--5-7l-v8-gas/brakes--front-brakes,75,DISCOVERED,2026-07-31T23:48:46+00:00
sub-fa0a3a06049ff6b966d8fbd3,challenger-rt-57-gas,cat-4ae64f00eb1804cf42e2070e,SUBCATEGORY,"Hydraulic Control Unit, Brake Tubes and Hoses","hydraulic control unit, brake tubes and hoses",brakes--hydraulic-control-unit-brake-tubes-and-hoses,https://www.moparamerica.com/v-2017-dodge-challenger--r-t--5-7l-v8-gas/brakes--hydraulic-control-unit-brake-tubes-and-hoses,76,DISCOVERED,2026-07-31T23:48:46+00:00
sub-4c750935784a789ff678faa0,challenger-rt-57-gas,cat-4ae64f00eb1804cf42e2070e,SUBCATEGORY,"Parking Brake Lever, Cables, and Rear Disc Park Brake Assembly","parking brake lever, cables, and rear disc park brake assembly",brakes--parking-brake-lever-cables-and-rear-disc-park-brake-assembly,https://www.moparamerica.com/v-2017-dodge-challenger--r-t--5-7l-v8-gas/brakes--parking-brake-lever-cables-and-rear-disc-park-brake-assembly,77,DISCOVERED,2026-07-31T23:48:46+00:00
sub-30291dd02726aa40705c9f48,challenger-rt-57-gas,cat-4ae64f00eb1804cf42e2070e,SUBCATEGORY,Power Brake Booster,power brake booster,brakes--power-brake-booster,https://www.moparamerica.com/v-2017-dodge-challenger--r-t--5-7l-v8-gas/brakes--power-brake-booster,78,DISCOVERED,2026-07-31T23:48:46+00:00
cat-4ae64f00eb1804cf42e2070e,challenger-rt-57-gas,,CATEGORY,Brakes,brakes,brakes,https://www.moparamerica.com/v-2017-dodge-challenger--r-t--5-7l-v8-gas/brakes,79,DISCOVERED,2026-07-31T23:48:46+00:00
sub-87c2ae83a15a2db74204c708,challenger-rt-57-gas,cat-4ae64f00eb1804cf42e2070e,SUBCATEGORY,Rear Brakes,rear brakes,brakes--rear-brakes,https://www.moparamerica.com/v-2017-dodge-challenger--r-t--5-7l-v8-gas/brakes--rear-brakes,79,DISCOVERED,2026-07-31T23:48:46+00:00
sub-05a082d04427e0fed6c419f3,challenger-rt-57-gas,cat-fe21b00263984b5caabe9160,SUBCATEGORY,Clutch,clutch,clutch--clutch,https://www.moparamerica.com/v-2017-dodge-challenger--r-t--5-7l-v8-gas/clutch--clutch,80,DISCOVERED,2026-07-31T23:48:46+00:00
sub-ccf1a7ca5332ac3fa477e38c,challenger-rt-57-gas,cat-fe21b00263984b5caabe9160,SUBCATEGORY,Clutch Controls,clutch controls,clutch--clutch-controls,https://www.moparamerica.com/v-2017-dodge-challenger--r-t--5-7l-v8-gas/clutch--clutch-controls,81,DISCOVERED,2026-07-31T23:48:46+00:00
sub-f2d62c31e5c5da3ac4d9730e,challenger-rt-57-gas,cat-fe21b00263984b5caabe9160,SUBCATEGORY,Clutch Housing,clutch housing,clutch--clutch-housing,https://www.moparamerica.com/v-2017-dodge-challenger--r-t--5-7l-v8-gas/clutch--clutch-housing,82,DISCOVERED,2026-07-31T23:48:46+00:00
cat-fe21b00263984b5caabe9160,challenger-rt-57-gas,,CATEGORY,Clutch,clutch,clutch,https://www.moparamerica.com/v-2017-dodge-challenger--r-t--5-7l-v8-gas/clutch,83,DISCOVERED,2026-07-31T23:48:46+00:00
sub-9b68ec560aef667a06fe91ea,challenger-rt-57-gas,cat-fe21b00263984b5caabe9160,SUBCATEGORY,Clutch Pedals,clutch pedals,clutch--clutch-pedals,https://www.moparamerica.com/v-2017-dodge-challenger--r-t--5-7l-v8-gas/clutch--clutch-pedals,83,DISCOVERED,2026-07-31T23:48:46+00:00
cat-fabb4b4eb068b85aa21d6b16,challenger-rt-57-gas,,CATEGORY,Conversion And Upfit Packages,conversion and upfit packages,conversion-and-upfit-packages,https://www.moparamerica.com/v-2017-dodge-challenger--r-t--5-7l-v8-gas/conversion-and-upfit-packages,84,DISCOVERED,2026-07-31T23:48:46+00:00
sub-6f6acfa535d692b2328d3397,challenger-rt-57-gas,cat-fabb4b4eb068b85aa21d6b16,SUBCATEGORY,Exterior,exterior,conversion-and-upfit-packages--exterior,https://www.moparamerica.com/v-2017-dodge-challenger--r-t--5-7l-v8-gas/conversion-and-upfit-packages--exterior,84,DISCOVERED,2026-07-31T23:48:46+00:00
sub-479de4f58cfd8fb3f481c7df,challenger-rt-57-gas,cat-7a3a3b2fea18d9a18ca37b9c,SUBCATEGORY,Drive Belts,drive belts,cooling--drive-belts,https://www.moparamerica.com/v-2017-dodge-challenger--r-t--5-7l-v8-gas/cooling--drive-belts,85,DISCOVERED,2026-07-31T23:48:46+00:00
sub-8c9bd45014e009c8fb6e7a47,challenger-rt-57-gas,cat-7a3a3b2fea18d9a18ca37b9c,SUBCATEGORY,Engine Coolant Reservoir (Bottle),engine coolant reservoir (bottle),cooling--engine-coolant-reservoir-bottle,https://www.moparamerica.com/v-2017-dodge-challenger--r-t--5-7l-v8-gas/cooling--engine-coolant-reservoir-bottle,86,DISCOVERED,2026-07-31T23:48:46+00:00
sub-2356a7afad27093f96061f89,challenger-rt-57-gas,cat-7a3a3b2fea18d9a18ca37b9c,SUBCATEGORY,Pulleys and Related Parts,pulleys and related parts,cooling--pulleys-and-related-parts,https://www.moparamerica.com/v-2017-dodge-challenger--r-t--5-7l-v8-gas/cooling--pulleys-and-related-parts,87,DISCOVERED,2026-07-31T23:48:46+00:00
sub-c08ae3fa8cded771de5fd585,challenger-rt-57-gas,cat-7a3a3b2fea18d9a18ca37b9c,SUBCATEGORY,Radiator and Related Parts; Charge Air Cooler,radiator and related parts; charge air cooler,cooling--radiator-and-related-parts-charge-air-cooler,https://www.moparamerica.com/v-2017-dodge-challenger--r-t--5-7l-v8-gas/cooling--radiator-and-related-parts-charge-air-cooler,88,DISCOVERED,2026-07-31T23:48:46+00:00
sub-24dfeee6c267a98170d83ffc,challenger-rt-57-gas,cat-7a3a3b2fea18d9a18ca37b9c,SUBCATEGORY,"Transmission Oil Cooler, and Lines","transmission oil cooler, and lines",cooling--transmission-oil-cooler-and-lines,https://www.moparamerica.com/v-2017-dodge-challenger--r-t--5-7l-v8-gas/cooling--transmission-oil-cooler-and-lines,89,DISCOVERED,2026-07-31T23:48:46+00:00
cat-7a3a3b2fea18d9a18ca37b9c,challenger-rt-57-gas,,CATEGORY,Cooling,cooling,cooling,https://www.moparamerica.com/v-2017-dodge-challenger--r-t--5-7l-v8-gas/cooling,90,DISCOVERED,2026-07-31T23:48:46+00:00
sub-9e19f70379e966845cb9fe79,challenger-rt-57-gas,cat-7a3a3b2fea18d9a18ca37b9c,SUBCATEGORY,Water Pump and Related Parts,water pump and related parts,cooling--water-pump-and-related-parts,https://www.moparamerica.com/v-2017-dodge-challenger--r-t--5-7l-v8-gas/cooling--water-pump-and-related-parts,90,DISCOVERED,2026-07-31T23:48:46+00:00
cat-43faf0ec3189a8c1de28c207,challenger-rt-57-gas,,CATEGORY,Accessories Crate Engines,accessories crate engines,accessories-crate-engines,https://www.moparamerica.com/v-2017-dodge-challenger--r-t--5-7l-v8-gas/accessories-crate-engines,91,DISCOVERED,2026-07-31T23:48:46+00:00
sub-84887476af8ea57e4931f093,challenger-rt-57-gas,cat-43faf0ec3189a8c1de28c207,SUBCATEGORY,Engines,engines,accessories-crate-engines--engines,https://www.moparamerica.com/v-2017-dodge-challenger--r-t--5-7l-v8-gas/accessories-crate-engines--engines,91,DISCOVERED,2026-07-31T23:48:46+00:00
sub-1aede142a559d708949973f1,challenger-rt-57-gas,cat-2d1608861b21e55e9460ce09,SUBCATEGORY,Exterior Mirror,exterior mirror,doors-door-mirrors-and-related-parts--exterior-mirror,https://www.moparamerica.com/v-2017-dodge-challenger--r-t--5-7l-v8-gas/doors-door-mirrors-and-related-parts--exterior-mirror,92,DISCOVERED,2026-07-31T23:48:46+00:00
sub-147e915330716fe905c6cb20,challenger-rt-57-gas,cat-2d1608861b21e55e9460ce09,SUBCATEGORY,Front Door,front door,doors-door-mirrors-and-related-parts--front-door,https://www.moparamerica.com/v-2017-dodge-challenger--r-t--5-7l-v8-gas/doors-door-mirrors-and-related-parts--front-door,93,DISCOVERED,2026-07-31T23:48:46+00:00
cat-2d1608861b21e55e9460ce09,challenger-rt-57-gas,,CATEGORY,Doors Door Mirrors And Related Parts,doors door mirrors and related parts,doors-door-mirrors-and-related-parts,https://www.moparamerica.com/v-2017-dodge-challenger--r-t--5-7l-v8-gas/doors-door-mirrors-and-related-parts,94,DISCOVERED,2026-07-31T23:48:46+00:00
sub-43a7d3260b9cbef5843122d1,challenger-rt-57-gas,cat-2d1608861b21e55e9460ce09,SUBCATEGORY,Weatherstrips and Seals,weatherstrips and seals,doors-door-mirrors-and-related-parts--weatherstrips-and-seals,https://www.moparamerica.com/v-2017-dodge-challenger--r-t--5-7l-v8-gas/doors-door-mirrors-and-related-parts--weatherstrips-and-seals,94,DISCOVERED,2026-07-31T23:48:46+00:00
cat-09dbde257e415784f1a69fe3,challenger-rt-57-gas,,CATEGORY,Accessories Drag Pak,accessories drag pak,accessories-drag-pak,https://www.moparamerica.com/v-2017-dodge-challenger--r-t--5-7l-v8-gas/accessories-drag-pak,95,DISCOVERED,2026-07-31T23:48:46+00:00
sub-a375c6bc3d17f67711c84580,challenger-rt-57-gas,cat-09dbde257e415784f1a69fe3,SUBCATEGORY,Race Kits,race kits,accessories-drag-pak--race-kits,https://www.moparamerica.com/v-2017-dodge-challenger--r-t--5-7l-v8-gas/accessories-drag-pak--race-kits,95,DISCOVERED,2026-07-31T23:48:46+00:00
sub-c721c503d7cc4f1889ccc240,challenger-rt-57-gas,cat-1e21661e7b1949b3978d23c4,SUBCATEGORY,"Battery, Battery Tray and Cables","battery, battery tray and cables",electrical--battery-battery-tray-and-cables,https://www.moparamerica.com/v-2017-dodge-challenger--r-t--5-7l-v8-gas/electrical--battery-battery-tray-and-cables,96,DISCOVERED,2026-07-31T23:48:46+00:00
sub-e25255a436b752d95c030d53,challenger-rt-57-gas,cat-1e21661e7b1949b3978d23c4,SUBCATEGORY,Generators Alternators,generators alternators,electrical--generators-alternators,https://www.moparamerica.com/v-2017-dodge-challenger--r-t--5-7l-v8-gas/electrical--generators-alternators,97,DISCOVERED,2026-07-31T23:48:46+00:00
sub-41c23976923b121304737841,challenger-rt-57-gas,cat-1e21661e7b1949b3978d23c4,SUBCATEGORY,Horns,horns,electrical--horns,https://www.moparamerica.com/v-2017-dodge-challenger--r-t--5-7l-v8-gas/electrical--horns,98,DISCOVERED,2026-07-31T23:48:46+00:00
sub-2cb4509bff7a5add301e03d7,challenger-rt-57-gas,cat-1e21661e7b1949b3978d23c4,SUBCATEGORY,"Ignition - Spark Plugs, Cables, Coils, and Glow Plugs","ignition - spark plugs, cables, coils, and glow plugs",electrical--ignition-spark-plugs-cables-coils-and-glow-plugs,https://www.moparamerica.com/v-2017-dodge-challenger--r-t--5-7l-v8-gas/electrical--ignition-spark-plugs-cables-coils-and-glow-plugs,99,DISCOVERED,2026-07-31T23:48:46+00:00
sub-b2154a8b6917867525b2d35b,challenger-rt-57-gas,cat-1e21661e7b1949b3978d23c4,SUBCATEGORY,Instrument Panel Cluster,instrument panel cluster,electrical--instrument-panel-cluster,https://www.moparamerica.com/v-2017-dodge-challenger--r-t--5-7l-v8-gas/electrical--instrument-panel-cluster,100,DISCOVERED,2026-07-31T23:48:46+00:00
sub-ae58b72d206360abea7b9a35,challenger-rt-57-gas,cat-1e21661e7b1949b3978d23c4,SUBCATEGORY,"Keys, Modules and Engine Controllers","keys, modules and engine controllers",electrical--keys-modules-and-engine-controllers,https://www.moparamerica.com/v-2017-dodge-challenger--r-t--5-7l-v8-gas/electrical--keys-modules-and-engine-controllers,101,DISCOVERED,2026-07-31T23:48:46+00:00
sub-e4c113929dda081f1795cc47,challenger-rt-57-gas,cat-1e21661e7b1949b3978d23c4,SUBCATEGORY,Lamps-Interior and Exterior,lamps-interior and exterior,electrical--lamps-interior-and-exterior,https://www.moparamerica.com/v-2017-dodge-challenger--r-t--5-7l-v8-gas/electrical--lamps-interior-and-exterior,102,DISCOVERED,2026-07-31T23:48:46+00:00
sub-d32fccc734007bd07d9d2b66,challenger-rt-57-gas,cat-1e21661e7b1949b3978d23c4,SUBCATEGORY,Park Assist,park assist,electrical--park-assist,https://www.moparamerica.com/v-2017-dodge-challenger--r-t--5-7l-v8-gas/electrical--park-assist,103,DISCOVERED,2026-07-31T23:48:46+00:00
sub-99437739cbb313d2dcb8a97d,challenger-rt-57-gas,cat-1e21661e7b1949b3978d23c4,SUBCATEGORY,"Power Distribution Center, Fuse Block, Junction Block, Relays and Fuses","power distribution center, fuse block, junction block, relays and fuses",electrical--power-distribution-center-fuse-block-junction-block-relays-and-fuses,https://www.moparamerica.com/v-2017-dodge-challenger--r-t--5-7l-v8-gas/electrical--power-distribution-center-fuse-block-junction-block-relays-and-fuses,104,DISCOVERED,2026-07-31T23:48:46+00:00
sub-a42e777928bbd61a9fd71072,challenger-rt-57-gas,cat-1e21661e7b1949b3978d23c4,SUBCATEGORY,"Radio, Antenna, Speakers, DVD, and Video systems","radio, antenna, speakers, dvd, and video systems",electrical--radio-antenna-speakers-dvd-and-video-systems,https://www.moparamerica.com/v-2017-dodge-challenger--r-t--5-7l-v8-gas/electrical--radio-antenna-speakers-dvd-and-video-systems,105,DISCOVERED,2026-07-31T23:48:46+00:00
sub-fff2ea8ab0aef89b7f9c0ef4,challenger-rt-57-gas,cat-1e21661e7b1949b3978d23c4,SUBCATEGORY,Sensors,sensors,electrical--sensors,https://www.moparamerica.com/v-2017-dodge-challenger--r-t--5-7l-v8-gas/electrical--sensors,106,DISCOVERED,2026-07-31T23:48:46+00:00
sub-367d8f09254bf33d2bf742e1,challenger-rt-57-gas,cat-1e21661e7b1949b3978d23c4,SUBCATEGORY,Speed Control,speed control,electrical--speed-control,https://www.moparamerica.com/v-2017-dodge-challenger--r-t--5-7l-v8-gas/electrical--speed-control,107,DISCOVERED,2026-07-31T23:48:46+00:00
sub-e3a6468cba5bbf126745a8ee,challenger-rt-57-gas,cat-1e21661e7b1949b3978d23c4,SUBCATEGORY,Starters,starters,electrical--starters,https://www.moparamerica.com/v-2017-dodge-challenger--r-t--5-7l-v8-gas/electrical--starters,108,DISCOVERED,2026-07-31T23:48:46+00:00
sub-985f6cb071f8c788577098bb,challenger-rt-57-gas,cat-1e21661e7b1949b3978d23c4,SUBCATEGORY,Switches,switches,electrical--switches,https://www.moparamerica.com/v-2017-dodge-challenger--r-t--5-7l-v8-gas/electrical--switches,109,DISCOVERED,2026-07-31T23:48:46+00:00
sub-28cbdbc16a54a5e2ffefb5c6,challenger-rt-57-gas,cat-1e21661e7b1949b3978d23c4,SUBCATEGORY,Wiper and Washer System,wiper and washer system,electrical--wiper-and-washer-system,https://www.moparamerica.com/v-2017-dodge-challenger--r-t--5-7l-v8-gas/electrical--wiper-and-washer-system,110,DISCOVERED,2026-07-31T23:48:46+00:00
sub-2a455a17ca4a3ebeded60a13,challenger-rt-57-gas,cat-1e21661e7b1949b3978d23c4,SUBCATEGORY,Wiring-Body and Accessories,wiring-body and accessories,electrical--wiring-body-and-accessories,https://www.moparamerica.com/v-2017-dodge-challenger--r-t--5-7l-v8-gas/electrical--wiring-body-and-accessories,111,DISCOVERED,2026-07-31T23:48:46+00:00
sub-af6d9d98e949b8cff27756c8,challenger-rt-57-gas,cat-1e21661e7b1949b3978d23c4,SUBCATEGORY,Wiring-Headlamp to Dash,wiring-headlamp to dash,electrical--wiring-headlamp-to-dash,https://www.moparamerica.com/v-2017-dodge-challenger--r-t--5-7l-v8-gas/electrical--wiring-headlamp-to-dash,112,DISCOVERED,2026-07-31T23:48:46+00:00
sub-8be9680cf88dcbb8be0a4be6,challenger-rt-57-gas,cat-1e21661e7b1949b3978d23c4,SUBCATEGORY,Wiring-Instrument Panel,wiring-instrument panel,electrical--wiring-instrument-panel,https://www.moparamerica.com/v-2017-dodge-challenger--r-t--5-7l-v8-gas/electrical--wiring-instrument-panel,113,DISCOVERED,2026-07-31T23:48:46+00:00
cat-1e21661e7b1949b3978d23c4,challenger-rt-57-gas,,CATEGORY,Electrical,electrical,electrical,https://www.moparamerica.com/v-2017-dodge-challenger--r-t--5-7l-v8-gas/electrical,114,DISCOVERED,2026-07-31T23:48:46+00:00
sub-1776ecb3c3ce2714304952ca,challenger-rt-57-gas,cat-1e21661e7b1949b3978d23c4,SUBCATEGORY,Wiring-Powertrain,wiring-powertrain,electrical--wiring-powertrain,https://www.moparamerica.com/v-2017-dodge-challenger--r-t--5-7l-v8-gas/electrical--wiring-powertrain,114,DISCOVERED,2026-07-31T23:48:46+00:00
sub-8ccdd897aaaf84051f1a9b44,challenger-rt-57-gas,cat-cb6302d2a237b800ff7c94aa,SUBCATEGORY,Emission Harness,emission harness,emission-controls--emission-harness,https://www.moparamerica.com/v-2017-dodge-challenger--r-t--5-7l-v8-gas/emission-controls--emission-harness,115,DISCOVERED,2026-07-31T23:48:46+00:00
cat-cb6302d2a237b800ff7c94aa,challenger-rt-57-gas,,CATEGORY,Emission Controls,emission controls,emission-controls,https://www.moparamerica.com/v-2017-dodge-challenger--r-t--5-7l-v8-gas/emission-controls,116,DISCOVERED,2026-07-31T23:48:46+00:00
sub-bc91b17516ea0913858d30ee,challenger-rt-57-gas,cat-cb6302d2a237b800ff7c94aa,SUBCATEGORY,Vacuum Canister Leak Detection Pump,vacuum canister leak detection pump,emission-controls--vacuum-canister-leak-detection-pump,https://www.moparamerica.com/v-2017-dodge-challenger--r-t--5-7l-v8-gas/emission-controls--vacuum-canister-leak-detection-pump,116,DISCOVERED,2026-07-31T23:48:46+00:00
cat-f287819f1a27b3ea7b14f6e2,challenger-rt-57-gas,,CATEGORY,Exhaust,exhaust,exhaust,https://www.moparamerica.com/v-2017-dodge-challenger--r-t--5-7l-v8-gas/exhaust,117,DISCOVERED,2026-07-31T23:48:46+00:00
sub-154505ae547afc890be1d512,challenger-rt-57-gas,cat-f287819f1a27b3ea7b14f6e2,SUBCATEGORY,Exhaust System,exhaust system,exhaust--exhaust-system,https://www.moparamerica.com/v-2017-dodge-challenger--r-t--5-7l-v8-gas/exhaust--exhaust-system,117,DISCOVERED,2026-07-31T23:48:46+00:00
sub-7f2efd40d32aa74b04a092e3,challenger-rt-57-gas,cat-e04470fe684dba04cb59c02f,SUBCATEGORY,Covers,covers,accessories-exterior-accessories--covers,https://www.moparamerica.com/v-2017-dodge-challenger--r-t--5-7l-v8-gas/accessories-exterior-accessories--covers,118,DISCOVERED,2026-07-31T23:48:46+00:00
sub-a1501ecf7a9f802be0392cec,challenger-rt-57-gas,cat-e04470fe684dba04cb59c02f,SUBCATEGORY,Exterior Appearance,exterior appearance,accessories-exterior-accessories--exterior-appearance,https://www.moparamerica.com/v-2017-dodge-challenger--r-t--5-7l-v8-gas/accessories-exterior-accessories--exterior-appearance,119,DISCOVERED,2026-07-31T23:48:46+00:00
sub-504f4b768b34b34e7f3e4dab,challenger-rt-57-gas,cat-e04470fe684dba04cb59c02f,SUBCATEGORY,License Plate,license plate,accessories-exterior-accessories--license-plate,https://www.moparamerica.com/v-2017-dodge-challenger--r-t--5-7l-v8-gas/accessories-exterior-accessories--license-plate,120,DISCOVERED,2026-07-31T23:48:46+00:00
sub-49f9f995fa7a87e2db91cd2e,challenger-rt-57-gas,cat-e04470fe684dba04cb59c02f,SUBCATEGORY,Locks,locks,accessories-exterior-accessories--locks,https://www.moparamerica.com/v-2017-dodge-challenger--r-t--5-7l-v8-gas/accessories-exterior-accessories--locks,121,DISCOVERED,2026-07-31T23:48:46+00:00
sub-505a3fafbe35a487609f0ef9,challenger-rt-57-gas,cat-e04470fe684dba04cb59c02f,SUBCATEGORY,Protective Guards,protective guards,accessories-exterior-accessories--protective-guards,https://www.moparamerica.com/v-2017-dodge-challenger--r-t--5-7l-v8-gas/accessories-exterior-accessories--protective-guards,122,DISCOVERED,2026-07-31T23:48:46+00:00
sub-41ed5425e54ec3d0253145d6,challenger-rt-57-gas,cat-e04470fe684dba04cb59c02f,SUBCATEGORY,Splash Guards,splash guards,accessories-exterior-accessories--splash-guards,https://www.moparamerica.com/v-2017-dodge-challenger--r-t--5-7l-v8-gas/accessories-exterior-accessories--splash-guards,123,DISCOVERED,2026-07-31T23:48:46+00:00
cat-e04470fe684dba04cb59c02f,challenger-rt-57-gas,,CATEGORY,Accessories Exterior Accessories,accessories exterior accessories,accessories-exterior-accessories,https://www.moparamerica.com/v-2017-dodge-challenger--r-t--5-7l-v8-gas/accessories-exterior-accessories,124,DISCOVERED,2026-07-31T23:48:46+00:00
sub-227a921652b4b4f392ec3c59,challenger-rt-57-gas,cat-e04470fe684dba04cb59c02f,SUBCATEGORY,Wheels,wheels,accessories-exterior-accessories--wheels,https://www.moparamerica.com/v-2017-dodge-challenger--r-t--5-7l-v8-gas/accessories-exterior-accessories--wheels,124,DISCOVERED,2026-07-31T23:48:46+00:00
sub-f3b37a0dfd7f30e7d2ba0b54,challenger-rt-57-gas,cat-b570b9ee5d3bc67afa61510d,SUBCATEGORY,Decals and Tape stripes,decals and tape stripes,exterior-ornamentation--decals-and-tape-stripes,https://www.moparamerica.com/v-2017-dodge-challenger--r-t--5-7l-v8-gas/exterior-ornamentation--decals-and-tape-stripes,125,DISCOVERED,2026-07-31T23:48:46+00:00
sub-1c3a51ca1d0dd3edfedc8723,challenger-rt-57-gas,cat-b570b9ee5d3bc67afa61510d,SUBCATEGORY,Grilles,grilles,exterior-ornamentation--grilles,https://www.moparamerica.com/v-2017-dodge-challenger--r-t--5-7l-v8-gas/exterior-ornamentation--grilles,126,DISCOVERED,2026-07-31T23:48:46+00:00
sub-cbf81052f70dd5dde771a481,challenger-rt-57-gas,cat-b570b9ee5d3bc67afa61510d,SUBCATEGORY,Moldings and Ornamentation,moldings and ornamentation,exterior-ornamentation--moldings-and-ornamentation,https://www.moparamerica.com/v-2017-dodge-challenger--r-t--5-7l-v8-gas/exterior-ornamentation--moldings-and-ornamentation,127,DISCOVERED,2026-07-31T23:48:46+00:00
cat-b570b9ee5d3bc67afa61510d,challenger-rt-57-gas,,CATEGORY,Exterior Ornamentation,exterior ornamentation,exterior-ornamentation,https://www.moparamerica.com/v-2017-dodge-challenger--r-t--5-7l-v8-gas/exterior-ornamentation,128,DISCOVERED,2026-07-31T23:48:46+00:00
sub-c36e4cec23ef5e2ceb3e5094,challenger-rt-57-gas,cat-b570b9ee5d3bc67afa61510d,SUBCATEGORY,Nameplates,nameplates,exterior-ornamentation--nameplates,https://www.moparamerica.com/v-2017-dodge-challenger--r-t--5-7l-v8-gas/exterior-ornamentation--nameplates,128,DISCOVERED,2026-07-31T23:48:46+00:00
sub-ed3413439a41923d6af48f1b,challenger-rt-57-gas,cat-5ff379fada94924328eb5768,SUBCATEGORY,Frames,frames,frame-bumper-and-fascia--frames,https://www.moparamerica.com/v-2017-dodge-challenger--r-t--5-7l-v8-gas/frame-bumper-and-fascia--frames,129,DISCOVERED,2026-07-31T23:48:46+00:00
sub-b7879dff506690e6949bbc5b,challenger-rt-57-gas,cat-5ff379fada94924328eb5768,SUBCATEGORY,Front Bumper and Fascia,front bumper and fascia,frame-bumper-and-fascia--front-bumper-and-fascia,https://www.moparamerica.com/v-2017-dodge-challenger--r-t--5-7l-v8-gas/frame-bumper-and-fascia--front-bumper-and-fascia,130,DISCOVERED,2026-07-31T23:48:46+00:00
cat-5ff379fada94924328eb5768,challenger-rt-57-gas,,CATEGORY,Frame Bumper And Fascia,frame bumper and fascia,frame-bumper-and-fascia,https://www.moparamerica.com/v-2017-dodge-challenger--r-t--5-7l-v8-gas/frame-bumper-and-fascia,131,DISCOVERED,2026-07-31T23:48:46+00:00
sub-99871e86cb948571de29c2a9,challenger-rt-57-gas,cat-5ff379fada94924328eb5768,SUBCATEGORY,Rear Bumper and Fascia,rear bumper and fascia,frame-bumper-and-fascia--rear-bumper-and-fascia,https://www.moparamerica.com/v-2017-dodge-challenger--r-t--5-7l-v8-gas/frame-bumper-and-fascia--rear-bumper-and-fascia,131,DISCOVERED,2026-07-31T23:48:46+00:00
sub-0c230da32bd34332e9d5f64a,challenger-rt-57-gas,cat-c943c8692e38277012746758,SUBCATEGORY,Front Stabilizer Bar,front stabilizer bar,front-suspension--front-stabilizer-bar,https://www.moparamerica.com/v-2017-dodge-challenger--r-t--5-7l-v8-gas/front-suspension--front-stabilizer-bar,132,DISCOVERED,2026-07-31T23:48:46+00:00
cat-c943c8692e38277012746758,challenger-rt-57-gas,,CATEGORY,Front Suspension,front suspension,front-suspension,https://www.moparamerica.com/v-2017-dodge-challenger--r-t--5-7l-v8-gas/front-suspension,133,DISCOVERED,2026-07-31T23:48:46+00:00
sub-f2df9df0d3ccf2f95daa1d0d,challenger-rt-57-gas,cat-c943c8692e38277012746758,SUBCATEGORY,"Front Suspension, Strut and Cradle","front suspension, strut and cradle",front-suspension--front-suspension-strut-and-cradle,https://www.moparamerica.com/v-2017-dodge-challenger--r-t--5-7l-v8-gas/front-suspension--front-suspension-strut-and-cradle,133,DISCOVERED,2026-07-31T23:48:46+00:00
sub-a1f627631ca63143073c9f0d,challenger-rt-57-gas,cat-a0a41c926241c8c62b66f180,SUBCATEGORY,Accelerator Pedal,accelerator pedal,fuel--accelerator-pedal,https://www.moparamerica.com/v-2017-dodge-challenger--r-t--5-7l-v8-gas/fuel--accelerator-pedal,134,DISCOVERED,2026-07-31T23:48:46+00:00
sub-70b3cdd7d899767dc2c2881e,challenger-rt-57-gas,cat-a0a41c926241c8c62b66f180,SUBCATEGORY,Air Cleaner,air cleaner,fuel--air-cleaner,https://www.moparamerica.com/v-2017-dodge-challenger--r-t--5-7l-v8-gas/fuel--air-cleaner,135,DISCOVERED,2026-07-31T23:48:46+00:00
sub-40114a04cf3bcf6722458568,challenger-rt-57-gas,cat-a0a41c926241c8c62b66f180,SUBCATEGORY,Fuel Lines,fuel lines,fuel--fuel-lines,https://www.moparamerica.com/v-2017-dodge-challenger--r-t--5-7l-v8-gas/fuel--fuel-lines,136,DISCOVERED,2026-07-31T23:48:46+00:00
sub-314c45d678882199e14f9d45,challenger-rt-57-gas,cat-a0a41c926241c8c62b66f180,SUBCATEGORY,Fuel Pump and Sending Unit,fuel pump and sending unit,fuel--fuel-pump-and-sending-unit,https://www.moparamerica.com/v-2017-dodge-challenger--r-t--5-7l-v8-gas/fuel--fuel-pump-and-sending-unit,137,DISCOVERED,2026-07-31T23:48:46+00:00
sub-59189fe9255088fffcc680c4,challenger-rt-57-gas,cat-a0a41c926241c8c62b66f180,SUBCATEGORY,Fuel Rail and Injectors,fuel rail and injectors,fuel--fuel-rail-and-injectors,https://www.moparamerica.com/v-2017-dodge-challenger--r-t--5-7l-v8-gas/fuel--fuel-rail-and-injectors,138,DISCOVERED,2026-07-31T23:48:46+00:00
sub-689d1482db668308f2b583f1,challenger-rt-57-gas,cat-a0a41c926241c8c62b66f180,SUBCATEGORY,Fuel Tank,fuel tank,fuel--fuel-tank,https://www.moparamerica.com/v-2017-dodge-challenger--r-t--5-7l-v8-gas/fuel--fuel-tank,139,DISCOVERED,2026-07-31T23:48:46+00:00
sub-14d15768fad9499f3e521c8e,challenger-rt-57-gas,cat-a0a41c926241c8c62b66f180,SUBCATEGORY,Fuel Tank Filler Tube,fuel tank filler tube,fuel--fuel-tank-filler-tube,https://www.moparamerica.com/v-2017-dodge-challenger--r-t--5-7l-v8-gas/fuel--fuel-tank-filler-tube,140,DISCOVERED,2026-07-31T23:48:46+00:00
cat-a0a41c926241c8c62b66f180,challenger-rt-57-gas,,CATEGORY,Fuel,fuel,fuel,https://www.moparamerica.com/v-2017-dodge-challenger--r-t--5-7l-v8-gas/fuel,141,DISCOVERED,2026-07-31T23:48:46+00:00
sub-e46a50e3113915dc5f93c622,challenger-rt-57-gas,cat-a0a41c926241c8c62b66f180,SUBCATEGORY,Throttle Body,throttle body,fuel--throttle-body,https://www.moparamerica.com/v-2017-dodge-challenger--r-t--5-7l-v8-gas/fuel--throttle-body,141,DISCOVERED,2026-07-31T23:48:46+00:00
cat-dd0d00cc0e5cdf5c76015894,challenger-rt-57-gas,,CATEGORY,Glass,glass,glass,https://www.moparamerica.com/v-2017-dodge-challenger--r-t--5-7l-v8-gas/glass,142,DISCOVERED,2026-07-31T23:48:46+00:00
sub-cdc545b3e8009af40511de05,challenger-rt-57-gas,cat-dd0d00cc0e5cdf5c76015894,SUBCATEGORY,Glass and Interior Rear View Mirror,glass and interior rear view mirror,glass--glass-and-interior-rear-view-mirror,https://www.moparamerica.com/v-2017-dodge-challenger--r-t--5-7l-v8-gas/glass--glass-and-interior-rear-view-mirror,142,DISCOVERED,2026-07-31T23:48:46+00:00
sub-6a8255efabfebfd746d3d994,challenger-rt-57-gas,cat-4606334e6e0b700e0fe0d3fb,SUBCATEGORY,Air Purification,air purification,accessories-interior-accessories--air-purification,https://www.moparamerica.com/v-2017-dodge-challenger--r-t--5-7l-v8-gas/accessories-interior-accessories--air-purification,143,DISCOVERED,2026-07-31T23:48:46+00:00
sub-89f56b92a591b32152c0716a,challenger-rt-57-gas,cat-4606334e6e0b700e0fe0d3fb,SUBCATEGORY,Cargo Trays & Mats,cargo trays & mats,accessories-interior-accessories--cargo-trays-and-mats,https://www.moparamerica.com/v-2017-dodge-challenger--r-t--5-7l-v8-gas/accessories-interior-accessories--cargo-trays-and-mats,144,DISCOVERED,2026-07-31T23:48:46+00:00
sub-bca9a342c49c8fe6e2dcb366,challenger-rt-57-gas,cat-4606334e6e0b700e0fe0d3fb,SUBCATEGORY,Floor Mats,floor mats,accessories-interior-accessories--floor-mats,https://www.moparamerica.com/v-2017-dodge-challenger--r-t--5-7l-v8-gas/accessories-interior-accessories--floor-mats,145,DISCOVERED,2026-07-31T23:48:46+00:00
cat-4606334e6e0b700e0fe0d3fb,challenger-rt-57-gas,,CATEGORY,Accessories Interior Accessories,accessories interior accessories,accessories-interior-accessories,https://www.moparamerica.com/v-2017-dodge-challenger--r-t--5-7l-v8-gas/accessories-interior-accessories,146,DISCOVERED,2026-07-31T23:48:46+00:00
sub-c951fbb1461018f2c526e5e4,challenger-rt-57-gas,cat-4606334e6e0b700e0fe0d3fb,SUBCATEGORY,Interior Appearance,interior appearance,accessories-interior-accessories--interior-appearance,https://www.moparamerica.com/v-2017-dodge-challenger--r-t--5-7l-v8-gas/accessories-interior-accessories--interior-appearance,146,DISCOVERED,2026-07-31T23:48:46+00:00
sub-20c87d1222e176d5c05bb39b,challenger-rt-57-gas,cat-a80eed5fe8377d720d573877,SUBCATEGORY,"Carpets, Floor Mats, Load Floor, and Silencers","carpets, floor mats, load floor, and silencers",interior-trim--carpets-floor-mats-load-floor-and-silencers,https://www.moparamerica.com/v-2017-dodge-challenger--r-t--5-7l-v8-gas/interior-trim--carpets-floor-mats-load-floor-and-silencers,147,DISCOVERED,2026-07-31T23:48:46+00:00
sub-14398757fefc46e42513b17d,challenger-rt-57-gas,cat-a80eed5fe8377d720d573877,SUBCATEGORY,Consoles,consoles,interior-trim--consoles,https://www.moparamerica.com/v-2017-dodge-challenger--r-t--5-7l-v8-gas/interior-trim--consoles,148,DISCOVERED,2026-07-31T23:48:46+00:00
sub-ba8f5f5ca7e699f0258469fc,challenger-rt-57-gas,cat-a80eed5fe8377d720d573877,SUBCATEGORY,Door Trim Panels-Front and Rear,door trim panels-front and rear,interior-trim--door-trim-panels-front-and-rear,https://www.moparamerica.com/v-2017-dodge-challenger--r-t--5-7l-v8-gas/interior-trim--door-trim-panels-front-and-rear,149,DISCOVERED,2026-07-31T23:48:46+00:00
sub-6841b21860e8450b5bdcf583,challenger-rt-57-gas,cat-a80eed5fe8377d720d573877,SUBCATEGORY,"Front Seats - Adjusters, Recliners, Shields and Risers","front seats - adjusters, recliners, shields and risers",interior-trim--front-seats-adjusters-recliners-shields-and-risers,https://www.moparamerica.com/v-2017-dodge-challenger--r-t--5-7l-v8-gas/interior-trim--front-seats-adjusters-recliners-shields-and-risers,150,DISCOVERED,2026-07-31T23:48:46+00:00
sub-1482f4aca7b8af27103b3f68,challenger-rt-57-gas,cat-a80eed5fe8377d720d573877,SUBCATEGORY,Front Seats - First Row,front seats - first row,interior-trim--front-seats-first-row,https://www.moparamerica.com/v-2017-dodge-challenger--r-t--5-7l-v8-gas/interior-trim--front-seats-first-row,151,DISCOVERED,2026-07-31T23:48:46+00:00
sub-8543829e834dafb065ba0427,challenger-rt-57-gas,cat-a80eed5fe8377d720d573877,SUBCATEGORY,Headliners-Visors-Assist Straps,headliners-visors-assist straps,interior-trim--headliners-visors-assist-straps,https://www.moparamerica.com/v-2017-dodge-challenger--r-t--5-7l-v8-gas/interior-trim--headliners-visors-assist-straps,152,DISCOVERED,2026-07-31T23:48:46+00:00
sub-8370ec7f10a737bd2ca12864,challenger-rt-57-gas,cat-a80eed5fe8377d720d573877,SUBCATEGORY,Instrument Panel,instrument panel,interior-trim--instrument-panel,https://www.moparamerica.com/v-2017-dodge-challenger--r-t--5-7l-v8-gas/interior-trim--instrument-panel,153,DISCOVERED,2026-07-31T23:48:46+00:00
sub-042164428ea06104ebd3370a,challenger-rt-57-gas,cat-a80eed5fe8377d720d573877,SUBCATEGORY,Panels Moldings Scuff Plates Pillar Cowl 1 4 Panel Trim And Cargo Covers,panels moldings scuff plates pillar cowl 1 4 panel trim and cargo covers,interior-trim--panels-moldings-scuff-plates-pillar-cowl-1-4-panel-trim-and-cargo-covers,https://www.moparamerica.com/v-2017-dodge-challenger--r-t--5-7l-v8-gas/interior-trim--panels-moldings-scuff-plates-pillar-cowl-1-4-panel-trim-and-cargo-covers,154,DISCOVERED,2026-07-31T23:48:46+00:00
sub-b58fe0079db1bace8ee9f293,challenger-rt-57-gas,cat-a80eed5fe8377d720d573877,SUBCATEGORY,Rear Seats - Second Row,rear seats - second row,interior-trim--rear-seats-second-row,https://www.moparamerica.com/v-2017-dodge-challenger--r-t--5-7l-v8-gas/interior-trim--rear-seats-second-row,155,DISCOVERED,2026-07-31T23:48:46+00:00
cat-a80eed5fe8377d720d573877,challenger-rt-57-gas,,CATEGORY,Interior Trim,interior trim,interior-trim,https://www.moparamerica.com/v-2017-dodge-challenger--r-t--5-7l-v8-gas/interior-trim,156,DISCOVERED,2026-07-31T23:48:46+00:00
sub-a26446149bb47055b08281a7,challenger-rt-57-gas,cat-a80eed5fe8377d720d573877,SUBCATEGORY,"Rear Seats - Second Row - Adjusters, Recliners, Shields and Risers","rear seats - second row - adjusters, recliners, shields and risers",interior-trim--rear-seats-second-row-adjusters-recliners-shields-and-risers,https://www.moparamerica.com/v-2017-dodge-challenger--r-t--5-7l-v8-gas/interior-trim--rear-seats-second-row-adjusters-recliners-shields-and-risers,156,DISCOVERED,2026-07-31T23:48:46+00:00
cat-dd07965d33f92ce3abc023e5,challenger-rt-57-gas,,CATEGORY,Labels,labels,labels,https://www.moparamerica.com/v-2017-dodge-challenger--r-t--5-7l-v8-gas/labels,157,DISCOVERED,2026-07-31T23:48:46+00:00
sub-380cd2c3624789538c8871ee,challenger-rt-57-gas,cat-dd07965d33f92ce3abc023e5,SUBCATEGORY,Under Hood,under hood,labels--under-hood,https://www.moparamerica.com/v-2017-dodge-challenger--r-t--5-7l-v8-gas/labels--under-hood,157,DISCOVERED,2026-07-31T23:48:46+00:00
cat-2fa32a2b07b6a24c4d012e19,challenger-rt-57-gas,,CATEGORY,Accessories Lifestyle And Off Road Accessories,accessories lifestyle and off road accessories,accessories-lifestyle-and-off-road-accessories,https://www.moparamerica.com/v-2017-dodge-challenger--r-t--5-7l-v8-gas/accessories-lifestyle-and-off-road-accessories,158,DISCOVERED,2026-07-31T23:48:46+00:00
sub-0a0f9dafd0b467cbbcf7060a,challenger-rt-57-gas,cat-2fa32a2b07b6a24c4d012e19,SUBCATEGORY,Safety Kits,safety kits,accessories-lifestyle-and-off-road-accessories--safety-kits,https://www.moparamerica.com/v-2017-dodge-challenger--r-t--5-7l-v8-gas/accessories-lifestyle-and-off-road-accessories--safety-kits,158,DISCOVERED,2026-07-31T23:48:46+00:00
sub-cba5c120229145b23039b2b5,challenger-rt-57-gas,cat-926da0b73d34f43d92aa84c1,SUBCATEGORY,Charging Unit,charging unit,accessories-lighting-and-electrical-accessories--charging-unit,https://www.moparamerica.com/v-2017-dodge-challenger--r-t--5-7l-v8-gas/accessories-lighting-and-electrical-accessories--charging-unit,159,DISCOVERED,2026-07-31T23:48:46+00:00
cat-926da0b73d34f43d92aa84c1,challenger-rt-57-gas,,CATEGORY,Accessories Lighting And Electrical Accessories,accessories lighting and electrical accessories,accessories-lighting-and-electrical-accessories,https://www.moparamerica.com/v-2017-dodge-challenger--r-t--5-7l-v8-gas/accessories-lighting-and-electrical-accessories,160,DISCOVERED,2026-07-31T23:48:46+00:00
sub-b38ed87c889d42438634b93c,challenger-rt-57-gas,cat-926da0b73d34f43d92aa84c1,SUBCATEGORY,Lights,lights,accessories-lighting-and-electrical-accessories--lights,https://www.moparamerica.com/v-2017-dodge-challenger--r-t--5-7l-v8-gas/accessories-lighting-and-electrical-accessories--lights,160,DISCOVERED,2026-07-31T23:48:46+00:00
sub-9ccad7173a15d93d8a9fe49e,challenger-rt-57-gas,cat-7088934fa1f288224c2e8593,SUBCATEGORY,Engine Parts,engine parts,accessories-modern-performance--engine-parts,https://www.moparamerica.com/v-2017-dodge-challenger--r-t--5-7l-v8-gas/accessories-modern-performance--engine-parts,161,DISCOVERED,2026-07-31T23:48:46+00:00
sub-ad698cc0a3604c5a1eaf20d1,challenger-rt-57-gas,cat-7088934fa1f288224c2e8593,SUBCATEGORY,Intake & Air,intake & air,accessories-modern-performance--intake-and-air,https://www.moparamerica.com/v-2017-dodge-challenger--r-t--5-7l-v8-gas/accessories-modern-performance--intake-and-air,162,DISCOVERED,2026-07-31T23:48:46+00:00
cat-7088934fa1f288224c2e8593,challenger-rt-57-gas,,CATEGORY,Accessories Modern Performance,accessories modern performance,accessories-modern-performance,https://www.moparamerica.com/v-2017-dodge-challenger--r-t--5-7l-v8-gas/accessories-modern-performance,163,DISCOVERED,2026-07-31T23:48:46+00:00
sub-ca83cc50a428bc83570a8629,challenger-rt-57-gas,cat-7088934fa1f288224c2e8593,SUBCATEGORY,Suspension,suspension,accessories-modern-performance--suspension,https://www.moparamerica.com/v-2017-dodge-challenger--r-t--5-7l-v8-gas/accessories-modern-performance--suspension,163,DISCOVERED,2026-07-31T23:48:46+00:00
sub-b28b93b184ba6ac9e2241e3b,challenger-rt-57-gas,cat-7b6cdd9cf7116c836143052d,SUBCATEGORY,Driving Convenience,driving convenience,mopar-accessories-component-parts--driving-convenience,https://www.moparamerica.com/v-2017-dodge-challenger--r-t--5-7l-v8-gas/mopar-accessories-component-parts--driving-convenience,164,DISCOVERED,2026-07-31T23:48:46+00:00
sub-7f998ffe1094d6b9fd210140,challenger-rt-57-gas,cat-7b6cdd9cf7116c836143052d,SUBCATEGORY,Exterior Appearance,exterior appearance,mopar-accessories-component-parts--exterior-appearance,https://www.moparamerica.com/v-2017-dodge-challenger--r-t--5-7l-v8-gas/mopar-accessories-component-parts--exterior-appearance,165,DISCOVERED,2026-07-31T23:48:46+00:00
sub-5a8d7051209192492285ccd5,challenger-rt-57-gas,cat-7b6cdd9cf7116c836143052d,SUBCATEGORY,Fog Lights & Electrical,fog lights & electrical,mopar-accessories-component-parts--fog-lights-and-electrical,https://www.moparamerica.com/v-2017-dodge-challenger--r-t--5-7l-v8-gas/mopar-accessories-component-parts--fog-lights-and-electrical,166,DISCOVERED,2026-07-31T23:48:46+00:00
sub-9f5b66c1236e114cd22e8b75,challenger-rt-57-gas,cat-7b6cdd9cf7116c836143052d,SUBCATEGORY,Interior Protection,interior protection,mopar-accessories-component-parts--interior-protection,https://www.moparamerica.com/v-2017-dodge-challenger--r-t--5-7l-v8-gas/mopar-accessories-component-parts--interior-protection,167,DISCOVERED,2026-07-31T23:48:46+00:00
sub-1bd1e54dd64d3bec1f1786b1,challenger-rt-57-gas,cat-7b6cdd9cf7116c836143052d,SUBCATEGORY,Lighting and Electrical Accessories,lighting and electrical accessories,mopar-accessories-component-parts--lighting-and-electrical-accessories,https://www.moparamerica.com/v-2017-dodge-challenger--r-t--5-7l-v8-gas/mopar-accessories-component-parts--lighting-and-electrical-accessories,168,DISCOVERED,2026-07-31T23:48:46+00:00
cat-7b6cdd9cf7116c836143052d,challenger-rt-57-gas,,CATEGORY,Mopar Accessories Component Parts,mopar accessories component parts,mopar-accessories-component-parts,https://www.moparamerica.com/v-2017-dodge-challenger--r-t--5-7l-v8-gas/mopar-accessories-component-parts,169,DISCOVERED,2026-07-31T23:48:46+00:00
sub-ee709e179fbd0a46d9aee042,challenger-rt-57-gas,cat-7b6cdd9cf7116c836143052d,SUBCATEGORY,Powertrain,powertrain,mopar-accessories-component-parts--powertrain,https://www.moparamerica.com/v-2017-dodge-challenger--r-t--5-7l-v8-gas/mopar-accessories-component-parts--powertrain,169,DISCOVERED,2026-07-31T23:48:46+00:00
sub-4b6ae0f20227612d210952fa,challenger-rt-57-gas,cat-01edc8874e519b571edf03ce,SUBCATEGORY,Rear Stabilizer,rear stabilizer,rear-suspension--rear-stabilizer,https://www.moparamerica.com/v-2017-dodge-challenger--r-t--5-7l-v8-gas/rear-suspension--rear-stabilizer,170,DISCOVERED,2026-07-31T23:48:46+00:00
cat-01edc8874e519b571edf03ce,challenger-rt-57-gas,,CATEGORY,Rear Suspension,rear suspension,rear-suspension,https://www.moparamerica.com/v-2017-dodge-challenger--r-t--5-7l-v8-gas/rear-suspension,171,DISCOVERED,2026-07-31T23:48:46+00:00
sub-73fec2b07f18f387c236686a,challenger-rt-57-gas,cat-01edc8874e519b571edf03ce,SUBCATEGORY,Rear Suspension and Cradle,rear suspension and cradle,rear-suspension--rear-suspension-and-cradle,https://www.moparamerica.com/v-2017-dodge-challenger--r-t--5-7l-v8-gas/rear-suspension--rear-suspension-and-cradle,171,DISCOVERED,2026-07-31T23:48:46+00:00
sub-6e91d6ffa4f02147c115ebc1,challenger-rt-57-gas,cat-7abd62c3818ea16725adb5f5,SUBCATEGORY,Drive Shaft,drive shaft,rear-wheel-drive-differential-and-drive-line--drive-shaft,https://www.moparamerica.com/v-2017-dodge-challenger--r-t--5-7l-v8-gas/rear-wheel-drive-differential-and-drive-line--drive-shaft,172,DISCOVERED,2026-07-31T23:48:46+00:00
sub-a724abdde7cdc361e6d6b806,challenger-rt-57-gas,cat-7abd62c3818ea16725adb5f5,SUBCATEGORY,Rear Axle Assembly,rear axle assembly,rear-wheel-drive-differential-and-drive-line--rear-axle-assembly,https://www.moparamerica.com/v-2017-dodge-challenger--r-t--5-7l-v8-gas/rear-wheel-drive-differential-and-drive-line--rear-axle-assembly,173,DISCOVERED,2026-07-31T23:48:46+00:00
sub-f748253bda259f9bb54b7475,challenger-rt-57-gas,cat-7abd62c3818ea16725adb5f5,SUBCATEGORY,Rear Axle Shafts,rear axle shafts,rear-wheel-drive-differential-and-drive-line--rear-axle-shafts,https://www.moparamerica.com/v-2017-dodge-challenger--r-t--5-7l-v8-gas/rear-wheel-drive-differential-and-drive-line--rear-axle-shafts,174,DISCOVERED,2026-07-31T23:48:46+00:00
cat-7abd62c3818ea16725adb5f5,challenger-rt-57-gas,,CATEGORY,Rear Wheel Drive Differential And Drive Line,rear wheel drive differential and drive line,rear-wheel-drive-differential-and-drive-line,https://www.moparamerica.com/v-2017-dodge-challenger--r-t--5-7l-v8-gas/rear-wheel-drive-differential-and-drive-line,175,DISCOVERED,2026-07-31T23:48:46+00:00
sub-6d5a4009243ba00250726ca5,challenger-rt-57-gas,cat-7abd62c3818ea16725adb5f5,SUBCATEGORY,"Rear Axle; Housing, Differential and Vent","rear axle; housing, differential and vent",rear-wheel-drive-differential-and-drive-line--rear-axle-housing-differential-and-vent,https://www.moparamerica.com/v-2017-dodge-challenger--r-t--5-7l-v8-gas/rear-wheel-drive-differential-and-drive-line--rear-axle-housing-differential-and-vent,175,DISCOVERED,2026-07-31T23:48:46+00:00
sub-926af32b132bd0fcca7215fb,challenger-rt-57-gas,cat-8d18e095ded7907340baa43f,SUBCATEGORY,Air Bags,air bags,restraints--air-bags,https://www.moparamerica.com/v-2017-dodge-challenger--r-t--5-7l-v8-gas/restraints--air-bags,176,DISCOVERED,2026-07-31T23:48:46+00:00
cat-8d18e095ded7907340baa43f,challenger-rt-57-gas,,CATEGORY,Restraints,restraints,restraints,https://www.moparamerica.com/v-2017-dodge-challenger--r-t--5-7l-v8-gas/restraints,177,DISCOVERED,2026-07-31T23:48:46+00:00
sub-fa04620367f9e46c4439e82f,challenger-rt-57-gas,cat-8d18e095ded7907340baa43f,SUBCATEGORY,Seat Belts,seat belts,restraints--seat-belts,https://www.moparamerica.com/v-2017-dodge-challenger--r-t--5-7l-v8-gas/restraints--seat-belts,177,DISCOVERED,2026-07-31T23:48:46+00:00
sub-57b370f6aee9a60e194b9017,challenger-rt-57-gas,cat-8c9b50051c332997d8c74735,SUBCATEGORY,Power Steering Hoses,power steering hoses,steering--power-steering-hoses,https://www.moparamerica.com/v-2017-dodge-challenger--r-t--5-7l-v8-gas/steering--power-steering-hoses,178,DISCOVERED,2026-07-31T23:48:46+00:00
sub-7c28bde3ea563b15eca4f524,challenger-rt-57-gas,cat-8c9b50051c332997d8c74735,SUBCATEGORY,Steering Column and Intermediate Shaft,steering column and intermediate shaft,steering--steering-column-and-intermediate-shaft,https://www.moparamerica.com/v-2017-dodge-challenger--r-t--5-7l-v8-gas/steering--steering-column-and-intermediate-shaft,179,DISCOVERED,2026-07-31T23:48:46+00:00
sub-6d1712159f23117040c30e8f,challenger-rt-57-gas,cat-8c9b50051c332997d8c74735,SUBCATEGORY,Steering Gear,steering gear,steering--steering-gear,https://www.moparamerica.com/v-2017-dodge-challenger--r-t--5-7l-v8-gas/steering--steering-gear,180,DISCOVERED,2026-07-31T23:48:46+00:00
cat-8c9b50051c332997d8c74735,challenger-rt-57-gas,,CATEGORY,Steering,steering,steering,https://www.moparamerica.com/v-2017-dodge-challenger--r-t--5-7l-v8-gas/steering,181,DISCOVERED,2026-07-31T23:48:46+00:00
sub-5d0d112d62090cc66597251e,challenger-rt-57-gas,cat-8c9b50051c332997d8c74735,SUBCATEGORY,Steering Wheel,steering wheel,steering--steering-wheel,https://www.moparamerica.com/v-2017-dodge-challenger--r-t--5-7l-v8-gas/steering--steering-wheel,181,DISCOVERED,2026-07-31T23:48:46+00:00
sub-7a7ab75d8da0241bb92e7dbd,challenger-rt-57-gas,cat-9650734e0104ea1962be2d3d,SUBCATEGORY,"Case, and Extension","case, and extension",tr6060-6-speed-manual-transmission--case-and-extension,https://www.moparamerica.com/v-2017-dodge-challenger--r-t--5-7l-v8-gas/tr6060-6-speed-manual-transmission--case-and-extension,182,DISCOVERED,2026-07-31T23:48:46+00:00
sub-655c8ad7d9e76be4bd5b8f23,challenger-rt-57-gas,cat-9650734e0104ea1962be2d3d,SUBCATEGORY,Fork and Rails,fork and rails,tr6060-6-speed-manual-transmission--fork-and-rails,https://www.moparamerica.com/v-2017-dodge-challenger--r-t--5-7l-v8-gas/tr6060-6-speed-manual-transmission--fork-and-rails,183,DISCOVERED,2026-07-31T23:48:46+00:00
sub-c03351db9a1f7370e99d58cf,challenger-rt-57-gas,cat-9650734e0104ea1962be2d3d,SUBCATEGORY,Gear Train,gear train,tr6060-6-speed-manual-transmission--gear-train,https://www.moparamerica.com/v-2017-dodge-challenger--r-t--5-7l-v8-gas/tr6060-6-speed-manual-transmission--gear-train,184,DISCOVERED,2026-07-31T23:48:46+00:00
sub-e508676644954caf134d99c0,challenger-rt-57-gas,cat-9650734e0104ea1962be2d3d,SUBCATEGORY,Gearshift Controls and Related Parts,gearshift controls and related parts,tr6060-6-speed-manual-transmission--gearshift-controls-and-related-parts,https://www.moparamerica.com/v-2017-dodge-challenger--r-t--5-7l-v8-gas/tr6060-6-speed-manual-transmission--gearshift-controls-and-related-parts,185,DISCOVERED,2026-07-31T23:48:46+00:00
sub-f58c5deef25edcbf90acdb20,challenger-rt-57-gas,cat-9650734e0104ea1962be2d3d,SUBCATEGORY,Manual Transmission Transaxle,manual transmission transaxle,tr6060-6-speed-manual-transmission--manual-transmission-transaxle,https://www.moparamerica.com/v-2017-dodge-challenger--r-t--5-7l-v8-gas/tr6060-6-speed-manual-transmission--manual-transmission-transaxle,186,DISCOVERED,2026-07-31T23:48:46+00:00
cat-9650734e0104ea1962be2d3d,challenger-rt-57-gas,,CATEGORY,Tr6060 6 Speed Manual Transmission,tr6060 6 speed manual transmission,tr6060-6-speed-manual-transmission,https://www.moparamerica.com/v-2017-dodge-challenger--r-t--5-7l-v8-gas/tr6060-6-speed-manual-transmission,187,DISCOVERED,2026-07-31T23:48:46+00:00
sub-03855a4a3d163487347bb67e,challenger-rt-57-gas,cat-9650734e0104ea1962be2d3d,SUBCATEGORY,Mounting and Skid Plate,mounting and skid plate,tr6060-6-speed-manual-transmission--mounting-and-skid-plate,https://www.moparamerica.com/v-2017-dodge-challenger--r-t--5-7l-v8-gas/tr6060-6-speed-manual-transmission--mounting-and-skid-plate,187,DISCOVERED,2026-07-31T23:48:46+00:00
sub-8e4f59925c1f12c0fc46e2ca,challenger-rt-57-gas,cat-5e4ed4c03741a3999f123d11,SUBCATEGORY,Mopar,mopar,accessories-vehicle-care-products--mopar,https://www.moparamerica.com/v-2017-dodge-challenger--r-t--5-7l-v8-gas/accessories-vehicle-care-products--mopar,188,DISCOVERED,2026-07-31T23:48:46+00:00
cat-5e4ed4c03741a3999f123d11,challenger-rt-57-gas,,CATEGORY,Accessories Vehicle Care Products,accessories vehicle care products,accessories-vehicle-care-products,https://www.moparamerica.com/v-2017-dodge-challenger--r-t--5-7l-v8-gas/accessories-vehicle-care-products,189,DISCOVERED,2026-07-31T23:48:46+00:00
sub-310e20cc5a77c322edf29f1c,challenger-rt-57-gas,cat-5e4ed4c03741a3999f123d11,SUBCATEGORY,Touch Up Paint,touch up paint,accessories-vehicle-care-products--touch-up-paint,https://www.moparamerica.com/v-2017-dodge-challenger--r-t--5-7l-v8-gas/accessories-vehicle-care-products--touch-up-paint,189,DISCOVERED,2026-07-31T23:48:46+00:00
sub-b0311bf9d04a47d5d71f988c,challenger-rt-57-gas,cat-b4e59ef3dcab0f96c697a744,SUBCATEGORY,Emergency Kit,emergency kit,wheels--emergency-kit,https://www.moparamerica.com/v-2017-dodge-challenger--r-t--5-7l-v8-gas/wheels--emergency-kit,190,DISCOVERED,2026-07-31T23:48:46+00:00
sub-70c132daee30c8e91c2686ad,challenger-rt-57-gas,cat-b4e59ef3dcab0f96c697a744,SUBCATEGORY,Jack Stowage,jack stowage,wheels--jack-stowage,https://www.moparamerica.com/v-2017-dodge-challenger--r-t--5-7l-v8-gas/wheels--jack-stowage,191,DISCOVERED,2026-07-31T23:48:46+00:00
sub-afe02283a9a432fa00fe21ef,challenger-rt-57-gas,cat-b4e59ef3dcab0f96c697a744,SUBCATEGORY,Tire Monitoring System,tire monitoring system,wheels--tire-monitoring-system,https://www.moparamerica.com/v-2017-dodge-challenger--r-t--5-7l-v8-gas/wheels--tire-monitoring-system,192,DISCOVERED,2026-07-31T23:48:46+00:00
sub-004b90b9ab9f5e71d0338fe9,challenger-rt-57-gas,cat-b4e59ef3dcab0f96c697a744,SUBCATEGORY,Wheel Covers and Center Caps,wheel covers and center caps,wheels--wheel-covers-and-center-caps,https://www.moparamerica.com/v-2017-dodge-challenger--r-t--5-7l-v8-gas/wheels--wheel-covers-and-center-caps,193,DISCOVERED,2026-07-31T23:48:46+00:00
sub-0b51d6ea1de546ec554afab1,challenger-rt-57-gas,cat-b4e59ef3dcab0f96c697a744,SUBCATEGORY,Wheel Spare,wheel spare,wheels--wheel-spare,https://www.moparamerica.com/v-2017-dodge-challenger--r-t--5-7l-v8-gas/wheels--wheel-spare,194,DISCOVERED,2026-07-31T23:48:46+00:00
cat-b4e59ef3dcab0f96c697a744,challenger-rt-57-gas,,CATEGORY,Wheels,wheels,wheels,https://www.moparamerica.com/v-2017-dodge-challenger--r-t--5-7l-v8-gas/wheels,195,DISCOVERED,2026-07-31T23:48:46+00:00
sub-99734fd2d59e64143064a36c,challenger-rt-57-gas,cat-b4e59ef3dcab0f96c697a744,SUBCATEGORY,"Wheels, Tires and Hardware","wheels, tires and hardware",wheels--wheels-tires-and-hardware,https://www.moparamerica.com/v-2017-dodge-challenger--r-t--5-7l-v8-gas/wheels--wheels-tires-and-hardware,195,DISCOVERED,2026-07-31T23:48:46+00:00
cat-5e81d18a19c186816524b72f,challenger-rt-57-gas,,CATEGORY,Parts,parts,auto-parts,https://www.moparamerica.com/v-2017-dodge-challenger--r-t--5-7l-v8-gas/auto-parts,196,DISCOVERED,2026-07-31T23:48:46+00:00
cat-1a6874e38f54a6c5b2232567,challenger-rt-57-gas,,CATEGORY,Accessories,accessories,accessories,https://www.moparamerica.com/v-2017-dodge-challenger--r-t--5-7l-v8-gas/accessories,197,DISCOVERED,2026-07-31T23:48:46+00:00
sub-e4e8a077538acb75d2c4d062,challenger-rt-scat-pack-64-gas,cat-ae07d9d1e78a84cbe2ad9cb7,SUBCATEGORY,Engine Mounting,engine mounting,3-6l-gas-engine--engine-mounting,https://www.moparamerica.com/v-2017-dodge-challenger--r-t-scat-pack--6-4l-v8-gas/3-6l-gas-engine--engine-mounting,1,DISCOVERED,2026-07-31T23:48:55+00:00
cat-ae07d9d1e78a84cbe2ad9cb7,challenger-rt-scat-pack-64-gas,,CATEGORY,3 6L Gas Engine,3 6l gas engine,3-6l-gas-engine,https://www.moparamerica.com/v-2017-dodge-challenger--r-t-scat-pack--6-4l-v8-gas/3-6l-gas-engine,2,DISCOVERED,2026-07-31T23:48:55+00:00
sub-0447539f8adb840e6b928fd2,challenger-rt-scat-pack-64-gas,cat-ae07d9d1e78a84cbe2ad9cb7,SUBCATEGORY,"Engine Oiling, Oil Pan and Indicator (Dipstick)","engine oiling, oil pan and indicator (dipstick)",3-6l-gas-engine--engine-oiling-oil-pan-and-indicator-dipstick,https://www.moparamerica.com/v-2017-dodge-challenger--r-t-scat-pack--6-4l-v8-gas/3-6l-gas-engine--engine-oiling-oil-pan-and-indicator-dipstick,2,DISCOVERED,2026-07-31T23:48:55+00:00
sub-d85a49f1f30648e35133a903,challenger-rt-scat-pack-64-gas,cat-37600ecad983d6a61c683c58,SUBCATEGORY,Camshaft and Valve,camshaft and valve,5-7l-gas-engine--camshaft-and-valve,https://www.moparamerica.com/v-2017-dodge-challenger--r-t-scat-pack--6-4l-v8-gas/5-7l-gas-engine--camshaft-and-valve,3,DISCOVERED,2026-07-31T23:48:55+00:00
sub-a29c29748f1247e83501f248,challenger-rt-scat-pack-64-gas,cat-37600ecad983d6a61c683c58,SUBCATEGORY,"Crankshaft, Piston, Drive Plate, Flywheel, and Damper","crankshaft, piston, drive plate, flywheel, and damper",5-7l-gas-engine--crankshaft-piston-drive-plate-flywheel-and-damper,https://www.moparamerica.com/v-2017-dodge-challenger--r-t-scat-pack--6-4l-v8-gas/5-7l-gas-engine--crankshaft-piston-drive-plate-flywheel-and-damper,4,DISCOVERED,2026-07-31T23:48:55+00:00
sub-4ce2cf59d4312a72047d376d,challenger-rt-scat-pack-64-gas,cat-37600ecad983d6a61c683c58,SUBCATEGORY,Cylinder Block,cylinder block,5-7l-gas-engine--cylinder-block,https://www.moparamerica.com/v-2017-dodge-challenger--r-t-scat-pack--6-4l-v8-gas/5-7l-gas-engine--cylinder-block,5,DISCOVERED,2026-07-31T23:48:55+00:00
sub-7a5102a4c6beca58de24445d,challenger-rt-scat-pack-64-gas,cat-37600ecad983d6a61c683c58,SUBCATEGORY,Engine Mounting,engine mounting,5-7l-gas-engine--engine-mounting,https://www.moparamerica.com/v-2017-dodge-challenger--r-t-scat-pack--6-4l-v8-gas/5-7l-gas-engine--engine-mounting,6,DISCOVERED,2026-07-31T23:48:55+00:00
sub-26c9d390768ed30116350264,challenger-rt-scat-pack-64-gas,cat-37600ecad983d6a61c683c58,SUBCATEGORY,"Engine Oiling, Oil Pan and Indicator (Dipstick)","engine oiling, oil pan and indicator (dipstick)",5-7l-gas-engine--engine-oiling-oil-pan-and-indicator-dipstick,https://www.moparamerica.com/v-2017-dodge-challenger--r-t-scat-pack--6-4l-v8-gas/5-7l-gas-engine--engine-oiling-oil-pan-and-indicator-dipstick,7,DISCOVERED,2026-07-31T23:48:55+00:00
cat-37600ecad983d6a61c683c58,challenger-rt-scat-pack-64-gas,,CATEGORY,5 7L Gas Engine,5 7l gas engine,5-7l-gas-engine,https://www.moparamerica.com/v-2017-dodge-challenger--r-t-scat-pack--6-4l-v8-gas/5-7l-gas-engine,8,DISCOVERED,2026-07-31T23:48:55+00:00
sub-2688cd79230af4ca030c18e4,challenger-rt-scat-pack-64-gas,cat-37600ecad983d6a61c683c58,SUBCATEGORY,Manifolds and Vacuum Fittings,manifolds and vacuum fittings,5-7l-gas-engine--manifolds-and-vacuum-fittings,https://www.moparamerica.com/v-2017-dodge-challenger--r-t-scat-pack--6-4l-v8-gas/5-7l-gas-engine--manifolds-and-vacuum-fittings,8,DISCOVERED,2026-07-31T23:48:55+00:00
sub-90bc326cfe3978c46cd8d13c,challenger-rt-scat-pack-64-gas,cat-72c980893fa1947cd33af082,SUBCATEGORY,Camshaft and Valve,camshaft and valve,5-7lgas-engine--camshaft-and-valve,https://www.moparamerica.com/v-2017-dodge-challenger--r-t-scat-pack--6-4l-v8-gas/5-7lgas-engine--camshaft-and-valve,9,DISCOVERED,2026-07-31T23:48:55+00:00
sub-682943f8bdd61f7c9f6a95eb,challenger-rt-scat-pack-64-gas,cat-72c980893fa1947cd33af082,SUBCATEGORY,"Crankshaft, Piston, Drive Plate, Flywheel, and Damper","crankshaft, piston, drive plate, flywheel, and damper",5-7lgas-engine--crankshaft-piston-drive-plate-flywheel-and-damper,https://www.moparamerica.com/v-2017-dodge-challenger--r-t-scat-pack--6-4l-v8-gas/5-7lgas-engine--crankshaft-piston-drive-plate-flywheel-and-damper,10,DISCOVERED,2026-07-31T23:48:55+00:00
sub-e32ac33f208ddee8f15a102d,challenger-rt-scat-pack-64-gas,cat-72c980893fa1947cd33af082,SUBCATEGORY,Engine Mounting,engine mounting,5-7lgas-engine--engine-mounting,https://www.moparamerica.com/v-2017-dodge-challenger--r-t-scat-pack--6-4l-v8-gas/5-7lgas-engine--engine-mounting,11,DISCOVERED,2026-07-31T23:48:55+00:00
sub-20f6635e90e880c1955b1caf,challenger-rt-scat-pack-64-gas,cat-72c980893fa1947cd33af082,SUBCATEGORY,"Engine Oiling, Oil Pan and Indicator (Dipstick)","engine oiling, oil pan and indicator (dipstick)",5-7lgas-engine--engine-oiling-oil-pan-and-indicator-dipstick,https://www.moparamerica.com/v-2017-dodge-challenger--r-t-scat-pack--6-4l-v8-gas/5-7lgas-engine--engine-oiling-oil-pan-and-indicator-dipstick,12,DISCOVERED,2026-07-31T23:48:55+00:00
cat-72c980893fa1947cd33af082,challenger-rt-scat-pack-64-gas,,CATEGORY,5 7Lgas Engine,5 7lgas engine,5-7lgas-engine,https://www.moparamerica.com/v-2017-dodge-challenger--r-t-scat-pack--6-4l-v8-gas/5-7lgas-engine,13,DISCOVERED,2026-07-31T23:48:55+00:00
sub-cddf480124eded169f73b767,challenger-rt-scat-pack-64-gas,cat-72c980893fa1947cd33af082,SUBCATEGORY,Manifolds and Vacuum Fittings,manifolds and vacuum fittings,5-7lgas-engine--manifolds-and-vacuum-fittings,https://www.moparamerica.com/v-2017-dodge-challenger--r-t-scat-pack--6-4l-v8-gas/5-7lgas-engine--manifolds-and-vacuum-fittings,13,DISCOVERED,2026-07-31T23:48:55+00:00
sub-498d8724c2244652991fa60c,challenger-rt-scat-pack-64-gas,cat-5a844e671c8f36fbb7675ad9,SUBCATEGORY,Camshaft and Valve,camshaft and valve,6-2l-gas-engine--camshaft-and-valve,https://www.moparamerica.com/v-2017-dodge-challenger--r-t-scat-pack--6-4l-v8-gas/6-2l-gas-engine--camshaft-and-valve,14,DISCOVERED,2026-07-31T23:48:55+00:00
sub-e7775357bbb454bc8aec8bfc,challenger-rt-scat-pack-64-gas,cat-5a844e671c8f36fbb7675ad9,SUBCATEGORY,"Crankshaft, Piston, Drive Plate, Flywheel, and Damper","crankshaft, piston, drive plate, flywheel, and damper",6-2l-gas-engine--crankshaft-piston-drive-plate-flywheel-and-damper,https://www.moparamerica.com/v-2017-dodge-challenger--r-t-scat-pack--6-4l-v8-gas/6-2l-gas-engine--crankshaft-piston-drive-plate-flywheel-and-damper,15,DISCOVERED,2026-07-31T23:48:55+00:00
sub-8a76fbd388525901558b55c4,challenger-rt-scat-pack-64-gas,cat-5a844e671c8f36fbb7675ad9,SUBCATEGORY,Engine Mounting,engine mounting,6-2l-gas-engine--engine-mounting,https://www.moparamerica.com/v-2017-dodge-challenger--r-t-scat-pack--6-4l-v8-gas/6-2l-gas-engine--engine-mounting,16,DISCOVERED,2026-07-31T23:48:55+00:00
sub-cd8125b3a248357d6b39036e,challenger-rt-scat-pack-64-gas,cat-5a844e671c8f36fbb7675ad9,SUBCATEGORY,Engine Oil Cooler,engine oil cooler,6-2l-gas-engine--engine-oil-cooler,https://www.moparamerica.com/v-2017-dodge-challenger--r-t-scat-pack--6-4l-v8-gas/6-2l-gas-engine--engine-oil-cooler,17,DISCOVERED,2026-07-31T23:48:55+00:00
sub-ac825b8f7e64f9a89fbc47f2,challenger-rt-scat-pack-64-gas,cat-5a844e671c8f36fbb7675ad9,SUBCATEGORY,"Engine Oiling, Oil Pan and Indicator (Dipstick)","engine oiling, oil pan and indicator (dipstick)",6-2l-gas-engine--engine-oiling-oil-pan-and-indicator-dipstick,https://www.moparamerica.com/v-2017-dodge-challenger--r-t-scat-pack--6-4l-v8-gas/6-2l-gas-engine--engine-oiling-oil-pan-and-indicator-dipstick,18,DISCOVERED,2026-07-31T23:48:55+00:00
sub-49809ac6e65c0ec912154835,challenger-rt-scat-pack-64-gas,cat-5a844e671c8f36fbb7675ad9,SUBCATEGORY,Manifolds and Vacuum Fittings,manifolds and vacuum fittings,6-2l-gas-engine--manifolds-and-vacuum-fittings,https://www.moparamerica.com/v-2017-dodge-challenger--r-t-scat-pack--6-4l-v8-gas/6-2l-gas-engine--manifolds-and-vacuum-fittings,19,DISCOVERED,2026-07-31T23:48:55+00:00
sub-1729e56373ee20e511d12cfb,challenger-rt-scat-pack-64-gas,cat-5a844e671c8f36fbb7675ad9,SUBCATEGORY,Timing Belt Chain And Cover And Balance Shaft,timing belt chain and cover and balance shaft,6-2l-gas-engine--timing-belt-chain-and-cover-and-balance-shaft,https://www.moparamerica.com/v-2017-dodge-challenger--r-t-scat-pack--6-4l-v8-gas/6-2l-gas-engine--timing-belt-chain-and-cover-and-balance-shaft,20,DISCOVERED,2026-07-31T23:48:55+00:00
cat-5a844e671c8f36fbb7675ad9,challenger-rt-scat-pack-64-gas,,CATEGORY,6 2L Gas Engine,6 2l gas engine,6-2l-gas-engine,https://www.moparamerica.com/v-2017-dodge-challenger--r-t-scat-pack--6-4l-v8-gas/6-2l-gas-engine,21,DISCOVERED,2026-07-31T23:48:55+00:00
sub-84522f86c86a639f62f78c11,challenger-rt-scat-pack-64-gas,cat-5a844e671c8f36fbb7675ad9,SUBCATEGORY,Turbo and Super Chargers,turbo and super chargers,6-2l-gas-engine--turbo-and-super-chargers,https://www.moparamerica.com/v-2017-dodge-challenger--r-t-scat-pack--6-4l-v8-gas/6-2l-gas-engine--turbo-and-super-chargers,21,DISCOVERED,2026-07-31T23:48:55+00:00
sub-0a55b76689dc79b6cbb567e3,challenger-rt-scat-pack-64-gas,cat-612efe6d0edb9f9d9ecd865b,SUBCATEGORY,Camshaft and Valve,camshaft and valve,6-4l-gas-engine--camshaft-and-valve,https://www.moparamerica.com/v-2017-dodge-challenger--r-t-scat-pack--6-4l-v8-gas/6-4l-gas-engine--camshaft-and-valve,22,DISCOVERED,2026-07-31T23:48:55+00:00
sub-a679857623ed4f5e4b0aef93,challenger-rt-scat-pack-64-gas,cat-612efe6d0edb9f9d9ecd865b,SUBCATEGORY,Crankcase Ventilation,crankcase ventilation,6-4l-gas-engine--crankcase-ventilation,https://www.moparamerica.com/v-2017-dodge-challenger--r-t-scat-pack--6-4l-v8-gas/6-4l-gas-engine--crankcase-ventilation,23,DISCOVERED,2026-07-31T23:48:55+00:00
sub-32ad8a3633d57e3f36409e1b,challenger-rt-scat-pack-64-gas,cat-612efe6d0edb9f9d9ecd865b,SUBCATEGORY,"Crankshaft, Piston, Drive Plate, Flywheel, and Damper","crankshaft, piston, drive plate, flywheel, and damper",6-4l-gas-engine--crankshaft-piston-drive-plate-flywheel-and-damper,https://www.moparamerica.com/v-2017-dodge-challenger--r-t-scat-pack--6-4l-v8-gas/6-4l-gas-engine--crankshaft-piston-drive-plate-flywheel-and-damper,24,DISCOVERED,2026-07-31T23:48:55+00:00
sub-377b819035321a1b82213121,challenger-rt-scat-pack-64-gas,cat-612efe6d0edb9f9d9ecd865b,SUBCATEGORY,Cylinder Block,cylinder block,6-4l-gas-engine--cylinder-block,https://www.moparamerica.com/v-2017-dodge-challenger--r-t-scat-pack--6-4l-v8-gas/6-4l-gas-engine--cylinder-block,25,DISCOVERED,2026-07-31T23:48:55+00:00
sub-4e236bb19c0d4b6fd5e034cd,challenger-rt-scat-pack-64-gas,cat-612efe6d0edb9f9d9ecd865b,SUBCATEGORY,Cylinder Head,cylinder head,6-4l-gas-engine--cylinder-head,https://www.moparamerica.com/v-2017-dodge-challenger--r-t-scat-pack--6-4l-v8-gas/6-4l-gas-engine--cylinder-head,26,DISCOVERED,2026-07-31T23:48:55+00:00
sub-069dd21c70cc7a3a241981eb,challenger-rt-scat-pack-64-gas,cat-612efe6d0edb9f9d9ecd865b,SUBCATEGORY,"Engine Identification, Service Engines & Engine Service Kits","engine identification, service engines & engine service kits",6-4l-gas-engine--engine-identification-service-engines-and-engine-service-kits,https://www.moparamerica.com/v-2017-dodge-challenger--r-t-scat-pack--6-4l-v8-gas/6-4l-gas-engine--engine-identification-service-engines-and-engine-service-kits,27,DISCOVERED,2026-07-31T23:48:55+00:00
sub-e240555ec9b0966e5ea08c13,challenger-rt-scat-pack-64-gas,cat-612efe6d0edb9f9d9ecd865b,SUBCATEGORY,Engine Mounting,engine mounting,6-4l-gas-engine--engine-mounting,https://www.moparamerica.com/v-2017-dodge-challenger--r-t-scat-pack--6-4l-v8-gas/6-4l-gas-engine--engine-mounting,28,DISCOVERED,2026-07-31T23:48:55+00:00
sub-031bd2889b4d2a0f63a57579,challenger-rt-scat-pack-64-gas,cat-612efe6d0edb9f9d9ecd865b,SUBCATEGORY,Engine Oil Cooler,engine oil cooler,6-4l-gas-engine--engine-oil-cooler,https://www.moparamerica.com/v-2017-dodge-challenger--r-t-scat-pack--6-4l-v8-gas/6-4l-gas-engine--engine-oil-cooler,29,DISCOVERED,2026-07-31T23:48:55+00:00
sub-2ac169e784f25d0310f260f2,challenger-rt-scat-pack-64-gas,cat-612efe6d0edb9f9d9ecd865b,SUBCATEGORY,"Engine Oiling, Oil Pan and Indicator (Dipstick)","engine oiling, oil pan and indicator (dipstick)",6-4l-gas-engine--engine-oiling-oil-pan-and-indicator-dipstick,https://www.moparamerica.com/v-2017-dodge-challenger--r-t-scat-pack--6-4l-v8-gas/6-4l-gas-engine--engine-oiling-oil-pan-and-indicator-dipstick,30,DISCOVERED,2026-07-31T23:48:55+00:00
sub-8fe8384e5678a88c35d471e9,challenger-rt-scat-pack-64-gas,cat-612efe6d0edb9f9d9ecd865b,SUBCATEGORY,Manifolds and Vacuum Fittings,manifolds and vacuum fittings,6-4l-gas-engine--manifolds-and-vacuum-fittings,https://www.moparamerica.com/v-2017-dodge-challenger--r-t-scat-pack--6-4l-v8-gas/6-4l-gas-engine--manifolds-and-vacuum-fittings,31,DISCOVERED,2026-07-31T23:48:55+00:00
cat-612efe6d0edb9f9d9ecd865b,challenger-rt-scat-pack-64-gas,,CATEGORY,6 4L Gas Engine,6 4l gas engine,6-4l-gas-engine,https://www.moparamerica.com/v-2017-dodge-challenger--r-t-scat-pack--6-4l-v8-gas/6-4l-gas-engine,32,DISCOVERED,2026-07-31T23:48:55+00:00
sub-48785631c02388b9010c84ce,challenger-rt-scat-pack-64-gas,cat-612efe6d0edb9f9d9ecd865b,SUBCATEGORY,Timing Belt Chain And Cover And Balance Shaft,timing belt chain and cover and balance shaft,6-4l-gas-engine--timing-belt-chain-and-cover-and-balance-shaft,https://www.moparamerica.com/v-2017-dodge-challenger--r-t-scat-pack--6-4l-v8-gas/6-4l-gas-engine--timing-belt-chain-and-cover-and-balance-shaft,32,DISCOVERED,2026-07-31T23:48:55+00:00
sub-27ce6667f807ce0708bfadfe,challenger-rt-scat-pack-64-gas,cat-dc129c7cdbb855a4163ec9b9,SUBCATEGORY,Automatic Transmission Transaxle And Torque Converter,automatic transmission transaxle and torque converter,845re-8-speed-automatic-transmission--automatic-transmission-transaxle-and-torque-converter,https://www.moparamerica.com/v-2017-dodge-challenger--r-t-scat-pack--6-4l-v8-gas/845re-8-speed-automatic-transmission--automatic-transmission-transaxle-and-torque-converter,33,DISCOVERED,2026-07-31T23:48:55+00:00
sub-d8b3b7c1e9f79a3ea93025e2,challenger-rt-scat-pack-64-gas,cat-dc129c7cdbb855a4163ec9b9,SUBCATEGORY,Gearshift Controls and Related Parts,gearshift controls and related parts,845re-8-speed-automatic-transmission--gearshift-controls-and-related-parts,https://www.moparamerica.com/v-2017-dodge-challenger--r-t-scat-pack--6-4l-v8-gas/845re-8-speed-automatic-transmission--gearshift-controls-and-related-parts,34,DISCOVERED,2026-07-31T23:48:55+00:00
sub-79f8f628442b7d86e851a4b6,challenger-rt-scat-pack-64-gas,cat-dc129c7cdbb855a4163ec9b9,SUBCATEGORY,Mounting and Skid Plate,mounting and skid plate,845re-8-speed-automatic-transmission--mounting-and-skid-plate,https://www.moparamerica.com/v-2017-dodge-challenger--r-t-scat-pack--6-4l-v8-gas/845re-8-speed-automatic-transmission--mounting-and-skid-plate,35,DISCOVERED,2026-07-31T23:48:55+00:00
sub-2aadb1cb6d15f8f707c10bf4,challenger-rt-scat-pack-64-gas,cat-dc129c7cdbb855a4163ec9b9,SUBCATEGORY,Oil Pump,oil pump,845re-8-speed-automatic-transmission--oil-pump,https://www.moparamerica.com/v-2017-dodge-challenger--r-t-scat-pack--6-4l-v8-gas/845re-8-speed-automatic-transmission--oil-pump,36,DISCOVERED,2026-07-31T23:48:55+00:00
cat-dc129c7cdbb855a4163ec9b9,challenger-rt-scat-pack-64-gas,,CATEGORY,845Re 8 Speed Automatic Transmission,845re 8 speed automatic transmission,845re-8-speed-automatic-transmission,https://www.moparamerica.com/v-2017-dodge-challenger--r-t-scat-pack--6-4l-v8-gas/845re-8-speed-automatic-transmission,37,DISCOVERED,2026-07-31T23:48:55+00:00
sub-827e52ce77023397d43f2cca,challenger-rt-scat-pack-64-gas,cat-dc129c7cdbb855a4163ec9b9,SUBCATEGORY,"Valve Body, Accumulator, Solenoid and Parking Sprag","valve body, accumulator, solenoid and parking sprag",845re-8-speed-automatic-transmission--valve-body-accumulator-solenoid-and-parking-sprag,https://www.moparamerica.com/v-2017-dodge-challenger--r-t-scat-pack--6-4l-v8-gas/845re-8-speed-automatic-transmission--valve-body-accumulator-solenoid-and-parking-sprag,37,DISCOVERED,2026-07-31T23:48:55+00:00
sub-ecfe9ce1e2fb4aee2a97ec2d,challenger-rt-scat-pack-64-gas,cat-4ed13bb300276c6863c5e8e4,SUBCATEGORY,Automatic Transmission Transaxle And Torque Converter,automatic transmission transaxle and torque converter,8hp70-8-speed-automatic-transmission--automatic-transmission-transaxle-and-torque-converter,https://www.moparamerica.com/v-2017-dodge-challenger--r-t-scat-pack--6-4l-v8-gas/8hp70-8-speed-automatic-transmission--automatic-transmission-transaxle-and-torque-converter,38,DISCOVERED,2026-07-31T23:48:55+00:00
sub-4515d1f92059d0622957cd62,challenger-rt-scat-pack-64-gas,cat-4ed13bb300276c6863c5e8e4,SUBCATEGORY,"Case, Extension, Oil Pan, and Indicator (Dipstick)","case, extension, oil pan, and indicator (dipstick)",8hp70-8-speed-automatic-transmission--case-extension-oil-pan-and-indicator-dipstick,https://www.moparamerica.com/v-2017-dodge-challenger--r-t-scat-pack--6-4l-v8-gas/8hp70-8-speed-automatic-transmission--case-extension-oil-pan-and-indicator-dipstick,39,DISCOVERED,2026-07-31T23:48:55+00:00
sub-19c57db153bf6d36aacc692a,challenger-rt-scat-pack-64-gas,cat-4ed13bb300276c6863c5e8e4,SUBCATEGORY,Gearshift Controls and Related Parts,gearshift controls and related parts,8hp70-8-speed-automatic-transmission--gearshift-controls-and-related-parts,https://www.moparamerica.com/v-2017-dodge-challenger--r-t-scat-pack--6-4l-v8-gas/8hp70-8-speed-automatic-transmission--gearshift-controls-and-related-parts,40,DISCOVERED,2026-07-31T23:48:55+00:00
sub-00b11dfa9da0a034a59d089b,challenger-rt-scat-pack-64-gas,cat-4ed13bb300276c6863c5e8e4,SUBCATEGORY,Mounting and Skid Plate,mounting and skid plate,8hp70-8-speed-automatic-transmission--mounting-and-skid-plate,https://www.moparamerica.com/v-2017-dodge-challenger--r-t-scat-pack--6-4l-v8-gas/8hp70-8-speed-automatic-transmission--mounting-and-skid-plate,41,DISCOVERED,2026-07-31T23:48:55+00:00
sub-675816c54a57f47e188a7788,challenger-rt-scat-pack-64-gas,cat-4ed13bb300276c6863c5e8e4,SUBCATEGORY,Oil Pump,oil pump,8hp70-8-speed-automatic-transmission--oil-pump,https://www.moparamerica.com/v-2017-dodge-challenger--r-t-scat-pack--6-4l-v8-gas/8hp70-8-speed-automatic-transmission--oil-pump,42,DISCOVERED,2026-07-31T23:48:55+00:00
cat-4ed13bb300276c6863c5e8e4,challenger-rt-scat-pack-64-gas,,CATEGORY,8Hp70 8 Speed Automatic Transmission,8hp70 8 speed automatic transmission,8hp70-8-speed-automatic-transmission,https://www.moparamerica.com/v-2017-dodge-challenger--r-t-scat-pack--6-4l-v8-gas/8hp70-8-speed-automatic-transmission,43,DISCOVERED,2026-07-31T23:48:55+00:00
sub-e31af02bb453f4799277d30b,challenger-rt-scat-pack-64-gas,cat-4ed13bb300276c6863c5e8e4,SUBCATEGORY,"Valve Body, Accumulator, Solenoid and Parking Sprag","valve body, accumulator, solenoid and parking sprag",8hp70-8-speed-automatic-transmission--valve-body-accumulator-solenoid-and-parking-sprag,https://www.moparamerica.com/v-2017-dodge-challenger--r-t-scat-pack--6-4l-v8-gas/8hp70-8-speed-automatic-transmission--valve-body-accumulator-solenoid-and-parking-sprag,43,DISCOVERED,2026-07-31T23:48:55+00:00
sub-f87de595e77dd0866c040f4b,challenger-rt-scat-pack-64-gas,cat-d25c19f20fe6b225dbe4a348,SUBCATEGORY,Automatic Transmission Transaxle And Torque Converter,automatic transmission transaxle and torque converter,8hp90-8-speed-automatic-transmission--automatic-transmission-transaxle-and-torque-converter,https://www.moparamerica.com/v-2017-dodge-challenger--r-t-scat-pack--6-4l-v8-gas/8hp90-8-speed-automatic-transmission--automatic-transmission-transaxle-and-torque-converter,44,DISCOVERED,2026-07-31T23:48:55+00:00
sub-e660692b78c7fe2db87faba6,challenger-rt-scat-pack-64-gas,cat-d25c19f20fe6b225dbe4a348,SUBCATEGORY,Gearshift Controls and Related Parts,gearshift controls and related parts,8hp90-8-speed-automatic-transmission--gearshift-controls-and-related-parts,https://www.moparamerica.com/v-2017-dodge-challenger--r-t-scat-pack--6-4l-v8-gas/8hp90-8-speed-automatic-transmission--gearshift-controls-and-related-parts,45,DISCOVERED,2026-07-31T23:48:55+00:00
cat-d25c19f20fe6b225dbe4a348,challenger-rt-scat-pack-64-gas,,CATEGORY,8Hp90 8 Speed Automatic Transmission,8hp90 8 speed automatic transmission,8hp90-8-speed-automatic-transmission,https://www.moparamerica.com/v-2017-dodge-challenger--r-t-scat-pack--6-4l-v8-gas/8hp90-8-speed-automatic-transmission,46,DISCOVERED,2026-07-31T23:48:55+00:00
sub-51ec7b33813109d2fec1ecc4,challenger-rt-scat-pack-64-gas,cat-d25c19f20fe6b225dbe4a348,SUBCATEGORY,Mounting and Skid Plate,mounting and skid plate,8hp90-8-speed-automatic-transmission--mounting-and-skid-plate,https://www.moparamerica.com/v-2017-dodge-challenger--r-t-scat-pack--6-4l-v8-gas/8hp90-8-speed-automatic-transmission--mounting-and-skid-plate,46,DISCOVERED,2026-07-31T23:48:55+00:00
sub-5b9d88c4c3da840869b07979,challenger-rt-scat-pack-64-gas,cat-30d9348aed3867fe320a6e99,SUBCATEGORY,Air Conditioner and Heater Controls,air conditioner and heater controls,air-conditioners-and-heaters--air-conditioner-and-heater-controls,https://www.moparamerica.com/v-2017-dodge-challenger--r-t-scat-pack--6-4l-v8-gas/air-conditioners-and-heaters--air-conditioner-and-heater-controls,47,DISCOVERED,2026-07-31T23:48:55+00:00
sub-5c66dbb302ccc94bce4d145f,challenger-rt-scat-pack-64-gas,cat-30d9348aed3867fe320a6e99,SUBCATEGORY,Air Conditioner and Heater Plumbing,air conditioner and heater plumbing,air-conditioners-and-heaters--air-conditioner-and-heater-plumbing,https://www.moparamerica.com/v-2017-dodge-challenger--r-t-scat-pack--6-4l-v8-gas/air-conditioners-and-heaters--air-conditioner-and-heater-plumbing,48,DISCOVERED,2026-07-31T23:48:55+00:00
sub-3305f7ec325756fa72c73191,challenger-rt-scat-pack-64-gas,cat-30d9348aed3867fe320a6e99,SUBCATEGORY,Air Conditioner and Heater Units,air conditioner and heater units,air-conditioners-and-heaters--air-conditioner-and-heater-units,https://www.moparamerica.com/v-2017-dodge-challenger--r-t-scat-pack--6-4l-v8-gas/air-conditioners-and-heaters--air-conditioner-and-heater-units,49,DISCOVERED,2026-07-31T23:48:55+00:00
sub-1e8e701b19c92ee3d0d3ff1d,challenger-rt-scat-pack-64-gas,cat-30d9348aed3867fe320a6e99,SUBCATEGORY,Air Conditioner Compressor and Mounting,air conditioner compressor and mounting,air-conditioners-and-heaters--air-conditioner-compressor-and-mounting,https://www.moparamerica.com/v-2017-dodge-challenger--r-t-scat-pack--6-4l-v8-gas/air-conditioners-and-heaters--air-conditioner-compressor-and-mounting,50,DISCOVERED,2026-07-31T23:48:55+00:00
cat-30d9348aed3867fe320a6e99,challenger-rt-scat-pack-64-gas,,CATEGORY,Air Conditioners And Heaters,air conditioners and heaters,air-conditioners-and-heaters,https://www.moparamerica.com/v-2017-dodge-challenger--r-t-scat-pack--6-4l-v8-gas/air-conditioners-and-heaters,51,DISCOVERED,2026-07-31T23:48:55+00:00
sub-1b998be38252742d91066fdc,challenger-rt-scat-pack-64-gas,cat-30d9348aed3867fe320a6e99,SUBCATEGORY,Air Ducts,air ducts,air-conditioners-and-heaters--air-ducts,https://www.moparamerica.com/v-2017-dodge-challenger--r-t-scat-pack--6-4l-v8-gas/air-conditioners-and-heaters--air-ducts,51,DISCOVERED,2026-07-31T23:48:55+00:00
sub-830adb8956f6e214e5f42ef7,challenger-rt-scat-pack-64-gas,cat-066e9dd73b775c18e5a03b39,SUBCATEGORY,Drive Shaft,drive shaft,all-wheel-drive-differential-and-drive-line--drive-shaft,https://www.moparamerica.com/v-2017-dodge-challenger--r-t-scat-pack--6-4l-v8-gas/all-wheel-drive-differential-and-drive-line--drive-shaft,52,DISCOVERED,2026-07-31T23:48:55+00:00
sub-f54340a4cd8dbed737b6d69e,challenger-rt-scat-pack-64-gas,cat-066e9dd73b775c18e5a03b39,SUBCATEGORY,Front Axle Assembly,front axle assembly,all-wheel-drive-differential-and-drive-line--front-axle-assembly,https://www.moparamerica.com/v-2017-dodge-challenger--r-t-scat-pack--6-4l-v8-gas/all-wheel-drive-differential-and-drive-line--front-axle-assembly,53,DISCOVERED,2026-07-31T23:48:55+00:00
sub-3e625efabf757d678434fb7c,challenger-rt-scat-pack-64-gas,cat-066e9dd73b775c18e5a03b39,SUBCATEGORY,Front Axle Drive Shafts,front axle drive shafts,all-wheel-drive-differential-and-drive-line--front-axle-drive-shafts,https://www.moparamerica.com/v-2017-dodge-challenger--r-t-scat-pack--6-4l-v8-gas/all-wheel-drive-differential-and-drive-line--front-axle-drive-shafts,54,DISCOVERED,2026-07-31T23:48:55+00:00
sub-9bda384675c9df894a1bd189,challenger-rt-scat-pack-64-gas,cat-066e9dd73b775c18e5a03b39,SUBCATEGORY,Rear Axle Assembly,rear axle assembly,all-wheel-drive-differential-and-drive-line--rear-axle-assembly,https://www.moparamerica.com/v-2017-dodge-challenger--r-t-scat-pack--6-4l-v8-gas/all-wheel-drive-differential-and-drive-line--rear-axle-assembly,55,DISCOVERED,2026-07-31T23:48:55+00:00
sub-5d7759927a8e3c1f13748567,challenger-rt-scat-pack-64-gas,cat-066e9dd73b775c18e5a03b39,SUBCATEGORY,Rear Axle Shafts,rear axle shafts,all-wheel-drive-differential-and-drive-line--rear-axle-shafts,https://www.moparamerica.com/v-2017-dodge-challenger--r-t-scat-pack--6-4l-v8-gas/all-wheel-drive-differential-and-drive-line--rear-axle-shafts,56,DISCOVERED,2026-07-31T23:48:55+00:00
cat-066e9dd73b775c18e5a03b39,challenger-rt-scat-pack-64-gas,,CATEGORY,All Wheel Drive Differential And Drive Line,all wheel drive differential and drive line,all-wheel-drive-differential-and-drive-line,https://www.moparamerica.com/v-2017-dodge-challenger--r-t-scat-pack--6-4l-v8-gas/all-wheel-drive-differential-and-drive-line,57,DISCOVERED,2026-07-31T23:48:55+00:00
sub-0ccff9df35d38fba032436ba,challenger-rt-scat-pack-64-gas,cat-066e9dd73b775c18e5a03b39,SUBCATEGORY,"Rear Axle; Housing, Differential and Vent","rear axle; housing, differential and vent",all-wheel-drive-differential-and-drive-line--rear-axle-housing-differential-and-vent,https://www.moparamerica.com/v-2017-dodge-challenger--r-t-scat-pack--6-4l-v8-gas/all-wheel-drive-differential-and-drive-line--rear-axle-housing-differential-and-vent,57,DISCOVERED,2026-07-31T23:48:55+00:00
sub-d15532eb5b96bf68a0d62f6c,challenger-rt-scat-pack-64-gas,cat-460641e2b578702abecbdc66,SUBCATEGORY,Aperture Panel and Pillar Supports,aperture panel and pillar supports,body-sheet-metal-except-doors--aperture-panel-and-pillar-supports,https://www.moparamerica.com/v-2017-dodge-challenger--r-t-scat-pack--6-4l-v8-gas/body-sheet-metal-except-doors--aperture-panel-and-pillar-supports,58,DISCOVERED,2026-07-31T23:48:55+00:00
sub-43c2c483d6e00ad7a3c35cb9,challenger-rt-scat-pack-64-gas,cat-460641e2b578702abecbdc66,SUBCATEGORY,"Body Structure Welds, Weatherstrips, Seals, Sealers and Adhesives","body structure welds, weatherstrips, seals, sealers and adhesives",body-sheet-metal-except-doors--body-structure-welds-weatherstrips-seals-sealers-and-adhesives,https://www.moparamerica.com/v-2017-dodge-challenger--r-t-scat-pack--6-4l-v8-gas/body-sheet-metal-except-doors--body-structure-welds-weatherstrips-seals-sealers-and-adhesives,59,DISCOVERED,2026-07-31T23:48:55+00:00
sub-c8153c392f61c4eb70f933ca,challenger-rt-scat-pack-64-gas,cat-460641e2b578702abecbdc66,SUBCATEGORY,Cowl and Dash Panel,cowl and dash panel,body-sheet-metal-except-doors--cowl-and-dash-panel,https://www.moparamerica.com/v-2017-dodge-challenger--r-t-scat-pack--6-4l-v8-gas/body-sheet-metal-except-doors--cowl-and-dash-panel,60,DISCOVERED,2026-07-31T23:48:55+00:00
sub-9006ee198e2e9a7dfc3db677,challenger-rt-scat-pack-64-gas,cat-460641e2b578702abecbdc66,SUBCATEGORY,Deck Lid,deck lid,body-sheet-metal-except-doors--deck-lid,https://www.moparamerica.com/v-2017-dodge-challenger--r-t-scat-pack--6-4l-v8-gas/body-sheet-metal-except-doors--deck-lid,61,DISCOVERED,2026-07-31T23:48:55+00:00
sub-24d69583bf50fbf330e2fb28,challenger-rt-scat-pack-64-gas,cat-460641e2b578702abecbdc66,SUBCATEGORY,Fenders,fenders,body-sheet-metal-except-doors--fenders,https://www.moparamerica.com/v-2017-dodge-challenger--r-t-scat-pack--6-4l-v8-gas/body-sheet-metal-except-doors--fenders,62,DISCOVERED,2026-07-31T23:48:55+00:00
sub-b5b9bcadd4ab19f76322d4dc,challenger-rt-scat-pack-64-gas,cat-460641e2b578702abecbdc66,SUBCATEGORY,Floor Pans,floor pans,body-sheet-metal-except-doors--floor-pans,https://www.moparamerica.com/v-2017-dodge-challenger--r-t-scat-pack--6-4l-v8-gas/body-sheet-metal-except-doors--floor-pans,63,DISCOVERED,2026-07-31T23:48:55+00:00
sub-f807fc0baec3c718f4b2c3ca,challenger-rt-scat-pack-64-gas,cat-460641e2b578702abecbdc66,SUBCATEGORY,Hood and Hood Release,hood and hood release,body-sheet-metal-except-doors--hood-and-hood-release,https://www.moparamerica.com/v-2017-dodge-challenger--r-t-scat-pack--6-4l-v8-gas/body-sheet-metal-except-doors--hood-and-hood-release,64,DISCOVERED,2026-07-31T23:48:55+00:00
sub-82bee12ae688495c113dbee3,challenger-rt-scat-pack-64-gas,cat-460641e2b578702abecbdc66,SUBCATEGORY,Plugs,plugs,body-sheet-metal-except-doors--plugs,https://www.moparamerica.com/v-2017-dodge-challenger--r-t-scat-pack--6-4l-v8-gas/body-sheet-metal-except-doors--plugs,65,DISCOVERED,2026-07-31T23:48:55+00:00
sub-213be6a24b5af8e2dad70ff6,challenger-rt-scat-pack-64-gas,cat-460641e2b578702abecbdc66,SUBCATEGORY,Roof,roof,body-sheet-metal-except-doors--roof,https://www.moparamerica.com/v-2017-dodge-challenger--r-t-scat-pack--6-4l-v8-gas/body-sheet-metal-except-doors--roof,66,DISCOVERED,2026-07-31T23:48:55+00:00
sub-e328cd94d3cd3a04a018bbb1,challenger-rt-scat-pack-64-gas,cat-460641e2b578702abecbdc66,SUBCATEGORY,Shelf Panel,shelf panel,body-sheet-metal-except-doors--shelf-panel,https://www.moparamerica.com/v-2017-dodge-challenger--r-t-scat-pack--6-4l-v8-gas/body-sheet-metal-except-doors--shelf-panel,67,DISCOVERED,2026-07-31T23:48:55+00:00
cat-460641e2b578702abecbdc66,challenger-rt-scat-pack-64-gas,,CATEGORY,Body Sheet Metal Except Doors,body sheet metal except doors,body-sheet-metal-except-doors,https://www.moparamerica.com/v-2017-dodge-challenger--r-t-scat-pack--6-4l-v8-gas/body-sheet-metal-except-doors,68,DISCOVERED,2026-07-31T23:48:55+00:00
sub-74a5d32cc00ccdf5b00b871c,challenger-rt-scat-pack-64-gas,cat-460641e2b578702abecbdc66,SUBCATEGORY,Sunroof,sunroof,body-sheet-metal-except-doors--sunroof,https://www.moparamerica.com/v-2017-dodge-challenger--r-t-scat-pack--6-4l-v8-gas/body-sheet-metal-except-doors--sunroof,68,DISCOVERED,2026-07-31T23:48:55+00:00
sub-f63767208332c67c137ea22d,challenger-rt-scat-pack-64-gas,cat-a82c0b27af2bd0f6c9ad4640,SUBCATEGORY,Brake Master Cylinder,brake master cylinder,brakes--brake-master-cylinder,https://www.moparamerica.com/v-2017-dodge-challenger--r-t-scat-pack--6-4l-v8-gas/brakes--brake-master-cylinder,69,DISCOVERED,2026-07-31T23:48:55+00:00
sub-ca206749d0d777e70e63083c,challenger-rt-scat-pack-64-gas,cat-a82c0b27af2bd0f6c9ad4640,SUBCATEGORY,Brake Pedals,brake pedals,brakes--brake-pedals,https://www.moparamerica.com/v-2017-dodge-challenger--r-t-scat-pack--6-4l-v8-gas/brakes--brake-pedals,70,DISCOVERED,2026-07-31T23:48:55+00:00
sub-6616cb5522998ad99c068c07,challenger-rt-scat-pack-64-gas,cat-a82c0b27af2bd0f6c9ad4640,SUBCATEGORY,Front Brakes,front brakes,brakes--front-brakes,https://www.moparamerica.com/v-2017-dodge-challenger--r-t-scat-pack--6-4l-v8-gas/brakes--front-brakes,71,DISCOVERED,2026-07-31T23:48:55+00:00
sub-56028c37a69fbec1303ce854,challenger-rt-scat-pack-64-gas,cat-a82c0b27af2bd0f6c9ad4640,SUBCATEGORY,"Hydraulic Control Unit, Brake Tubes and Hoses","hydraulic control unit, brake tubes and hoses",brakes--hydraulic-control-unit-brake-tubes-and-hoses,https://www.moparamerica.com/v-2017-dodge-challenger--r-t-scat-pack--6-4l-v8-gas/brakes--hydraulic-control-unit-brake-tubes-and-hoses,72,DISCOVERED,2026-07-31T23:48:55+00:00
sub-e425b295aff429c8cefebc6f,challenger-rt-scat-pack-64-gas,cat-a82c0b27af2bd0f6c9ad4640,SUBCATEGORY,"Parking Brake Lever, Cables, and Rear Disc Park Brake Assembly","parking brake lever, cables, and rear disc park brake assembly",brakes--parking-brake-lever-cables-and-rear-disc-park-brake-assembly,https://www.moparamerica.com/v-2017-dodge-challenger--r-t-scat-pack--6-4l-v8-gas/brakes--parking-brake-lever-cables-and-rear-disc-park-brake-assembly,73,DISCOVERED,2026-07-31T23:48:55+00:00
sub-c448e633f4233c6aae75ae6a,challenger-rt-scat-pack-64-gas,cat-a82c0b27af2bd0f6c9ad4640,SUBCATEGORY,Power Brake Booster,power brake booster,brakes--power-brake-booster,https://www.moparamerica.com/v-2017-dodge-challenger--r-t-scat-pack--6-4l-v8-gas/brakes--power-brake-booster,74,DISCOVERED,2026-07-31T23:48:55+00:00
cat-a82c0b27af2bd0f6c9ad4640,challenger-rt-scat-pack-64-gas,,CATEGORY,Brakes,brakes,brakes,https://www.moparamerica.com/v-2017-dodge-challenger--r-t-scat-pack--6-4l-v8-gas/brakes,75,DISCOVERED,2026-07-31T23:48:55+00:00
sub-4040561c3a0407296752f72c,challenger-rt-scat-pack-64-gas,cat-a82c0b27af2bd0f6c9ad4640,SUBCATEGORY,Rear Brakes,rear brakes,brakes--rear-brakes,https://www.moparamerica.com/v-2017-dodge-challenger--r-t-scat-pack--6-4l-v8-gas/brakes--rear-brakes,75,DISCOVERED,2026-07-31T23:48:55+00:00
sub-64cd88da2ddab90416b9c38f,challenger-rt-scat-pack-64-gas,cat-3433ea72c655194085a42133,SUBCATEGORY,Clutch,clutch,clutch--clutch,https://www.moparamerica.com/v-2017-dodge-challenger--r-t-scat-pack--6-4l-v8-gas/clutch--clutch,76,DISCOVERED,2026-07-31T23:48:55+00:00
sub-0eb4b244ec0028775c008cf1,challenger-rt-scat-pack-64-gas,cat-3433ea72c655194085a42133,SUBCATEGORY,Clutch Controls,clutch controls,clutch--clutch-controls,https://www.moparamerica.com/v-2017-dodge-challenger--r-t-scat-pack--6-4l-v8-gas/clutch--clutch-controls,77,DISCOVERED,2026-07-31T23:48:55+00:00
sub-aaecfa4b498c19566903cd51,challenger-rt-scat-pack-64-gas,cat-3433ea72c655194085a42133,SUBCATEGORY,Clutch Housing,clutch housing,clutch--clutch-housing,https://www.moparamerica.com/v-2017-dodge-challenger--r-t-scat-pack--6-4l-v8-gas/clutch--clutch-housing,78,DISCOVERED,2026-07-31T23:48:55+00:00
cat-3433ea72c655194085a42133,challenger-rt-scat-pack-64-gas,,CATEGORY,Clutch,clutch,clutch,https://www.moparamerica.com/v-2017-dodge-challenger--r-t-scat-pack--6-4l-v8-gas/clutch,79,DISCOVERED,2026-07-31T23:48:55+00:00
sub-e6dbb91feac28f2ab2b9dc95,challenger-rt-scat-pack-64-gas,cat-3433ea72c655194085a42133,SUBCATEGORY,Clutch Pedals,clutch pedals,clutch--clutch-pedals,https://www.moparamerica.com/v-2017-dodge-challenger--r-t-scat-pack--6-4l-v8-gas/clutch--clutch-pedals,79,DISCOVERED,2026-07-31T23:48:55+00:00
cat-2b2d946d6c9e900e59c95a8f,challenger-rt-scat-pack-64-gas,,CATEGORY,Conversion And Upfit Packages,conversion and upfit packages,conversion-and-upfit-packages,https://www.moparamerica.com/v-2017-dodge-challenger--r-t-scat-pack--6-4l-v8-gas/conversion-and-upfit-packages,80,DISCOVERED,2026-07-31T23:48:55+00:00
sub-8f54a66b3d417a5af78b7011,challenger-rt-scat-pack-64-gas,cat-2b2d946d6c9e900e59c95a8f,SUBCATEGORY,Exterior,exterior,conversion-and-upfit-packages--exterior,https://www.moparamerica.com/v-2017-dodge-challenger--r-t-scat-pack--6-4l-v8-gas/conversion-and-upfit-packages--exterior,80,DISCOVERED,2026-07-31T23:48:55+00:00
sub-b38765f49e4c691f442ac4ed,challenger-rt-scat-pack-64-gas,cat-1356177bbea6ae04d38d973a,SUBCATEGORY,Drive Belts,drive belts,cooling--drive-belts,https://www.moparamerica.com/v-2017-dodge-challenger--r-t-scat-pack--6-4l-v8-gas/cooling--drive-belts,81,DISCOVERED,2026-07-31T23:48:55+00:00
sub-e71138f83306270aff9dda50,challenger-rt-scat-pack-64-gas,cat-1356177bbea6ae04d38d973a,SUBCATEGORY,Engine Coolant Reservoir (Bottle),engine coolant reservoir (bottle),cooling--engine-coolant-reservoir-bottle,https://www.moparamerica.com/v-2017-dodge-challenger--r-t-scat-pack--6-4l-v8-gas/cooling--engine-coolant-reservoir-bottle,82,DISCOVERED,2026-07-31T23:48:55+00:00
sub-2a7a2e2b9cf49783a8e0df39,challenger-rt-scat-pack-64-gas,cat-1356177bbea6ae04d38d973a,SUBCATEGORY,Pulleys and Related Parts,pulleys and related parts,cooling--pulleys-and-related-parts,https://www.moparamerica.com/v-2017-dodge-challenger--r-t-scat-pack--6-4l-v8-gas/cooling--pulleys-and-related-parts,83,DISCOVERED,2026-07-31T23:48:55+00:00
sub-828b32f3cb6cbf6d8f320243,challenger-rt-scat-pack-64-gas,cat-1356177bbea6ae04d38d973a,SUBCATEGORY,Radiator and Related Parts; Charge Air Cooler,radiator and related parts; charge air cooler,cooling--radiator-and-related-parts-charge-air-cooler,https://www.moparamerica.com/v-2017-dodge-challenger--r-t-scat-pack--6-4l-v8-gas/cooling--radiator-and-related-parts-charge-air-cooler,84,DISCOVERED,2026-07-31T23:48:55+00:00
sub-095d1d68e6bf07b67e0a5fc1,challenger-rt-scat-pack-64-gas,cat-1356177bbea6ae04d38d973a,SUBCATEGORY,"Transmission Oil Cooler, and Lines","transmission oil cooler, and lines",cooling--transmission-oil-cooler-and-lines,https://www.moparamerica.com/v-2017-dodge-challenger--r-t-scat-pack--6-4l-v8-gas/cooling--transmission-oil-cooler-and-lines,85,DISCOVERED,2026-07-31T23:48:55+00:00
cat-1356177bbea6ae04d38d973a,challenger-rt-scat-pack-64-gas,,CATEGORY,Cooling,cooling,cooling,https://www.moparamerica.com/v-2017-dodge-challenger--r-t-scat-pack--6-4l-v8-gas/cooling,86,DISCOVERED,2026-07-31T23:48:55+00:00
sub-18c42c597adbdce75d868dcd,challenger-rt-scat-pack-64-gas,cat-1356177bbea6ae04d38d973a,SUBCATEGORY,Water Pump and Related Parts,water pump and related parts,cooling--water-pump-and-related-parts,https://www.moparamerica.com/v-2017-dodge-challenger--r-t-scat-pack--6-4l-v8-gas/cooling--water-pump-and-related-parts,86,DISCOVERED,2026-07-31T23:48:55+00:00
cat-7c3637fbbeff159f657959ce,challenger-rt-scat-pack-64-gas,,CATEGORY,Accessories Crate Engines,accessories crate engines,accessories-crate-engines,https://www.moparamerica.com/v-2017-dodge-challenger--r-t-scat-pack--6-4l-v8-gas/accessories-crate-engines,87,DISCOVERED,2026-07-31T23:48:55+00:00
sub-a0c1e5a0158e540cb6251eeb,challenger-rt-scat-pack-64-gas,cat-7c3637fbbeff159f657959ce,SUBCATEGORY,Engines,engines,accessories-crate-engines--engines,https://www.moparamerica.com/v-2017-dodge-challenger--r-t-scat-pack--6-4l-v8-gas/accessories-crate-engines--engines,87,DISCOVERED,2026-07-31T23:48:55+00:00
sub-7744db8ef2cb4a7760979d70,challenger-rt-scat-pack-64-gas,cat-68955024d116c1faaf2fc379,SUBCATEGORY,Exterior Mirror,exterior mirror,doors-door-mirrors-and-related-parts--exterior-mirror,https://www.moparamerica.com/v-2017-dodge-challenger--r-t-scat-pack--6-4l-v8-gas/doors-door-mirrors-and-related-parts--exterior-mirror,88,DISCOVERED,2026-07-31T23:48:55+00:00
sub-d5d2992fa0c55ed691d196b1,challenger-rt-scat-pack-64-gas,cat-68955024d116c1faaf2fc379,SUBCATEGORY,Front Door,front door,doors-door-mirrors-and-related-parts--front-door,https://www.moparamerica.com/v-2017-dodge-challenger--r-t-scat-pack--6-4l-v8-gas/doors-door-mirrors-and-related-parts--front-door,89,DISCOVERED,2026-07-31T23:48:55+00:00
cat-68955024d116c1faaf2fc379,challenger-rt-scat-pack-64-gas,,CATEGORY,Doors Door Mirrors And Related Parts,doors door mirrors and related parts,doors-door-mirrors-and-related-parts,https://www.moparamerica.com/v-2017-dodge-challenger--r-t-scat-pack--6-4l-v8-gas/doors-door-mirrors-and-related-parts,90,DISCOVERED,2026-07-31T23:48:55+00:00
sub-d2ebea05cc4d8c64a46d3ced,challenger-rt-scat-pack-64-gas,cat-68955024d116c1faaf2fc379,SUBCATEGORY,Weatherstrips and Seals,weatherstrips and seals,doors-door-mirrors-and-related-parts--weatherstrips-and-seals,https://www.moparamerica.com/v-2017-dodge-challenger--r-t-scat-pack--6-4l-v8-gas/doors-door-mirrors-and-related-parts--weatherstrips-and-seals,90,DISCOVERED,2026-07-31T23:48:55+00:00
cat-dfa0fb45079aa31db62e2c42,challenger-rt-scat-pack-64-gas,,CATEGORY,Accessories Drag Pak,accessories drag pak,accessories-drag-pak,https://www.moparamerica.com/v-2017-dodge-challenger--r-t-scat-pack--6-4l-v8-gas/accessories-drag-pak,91,DISCOVERED,2026-07-31T23:48:55+00:00
sub-d53fe65a5fb0054899ec4983,challenger-rt-scat-pack-64-gas,cat-dfa0fb45079aa31db62e2c42,SUBCATEGORY,Race Kits,race kits,accessories-drag-pak--race-kits,https://www.moparamerica.com/v-2017-dodge-challenger--r-t-scat-pack--6-4l-v8-gas/accessories-drag-pak--race-kits,91,DISCOVERED,2026-07-31T23:48:55+00:00
sub-645b26a8674bff2af4d634d8,challenger-rt-scat-pack-64-gas,cat-4333aa182423384ec8d7872a,SUBCATEGORY,"Battery, Battery Tray and Cables","battery, battery tray and cables",electrical--battery-battery-tray-and-cables,https://www.moparamerica.com/v-2017-dodge-challenger--r-t-scat-pack--6-4l-v8-gas/electrical--battery-battery-tray-and-cables,92,DISCOVERED,2026-07-31T23:48:55+00:00
sub-83a4a52a82065d5b952a72af,challenger-rt-scat-pack-64-gas,cat-4333aa182423384ec8d7872a,SUBCATEGORY,Generators Alternators,generators alternators,electrical--generators-alternators,https://www.moparamerica.com/v-2017-dodge-challenger--r-t-scat-pack--6-4l-v8-gas/electrical--generators-alternators,93,DISCOVERED,2026-07-31T23:48:55+00:00
sub-8826ae907ac52e59fd1947cf,challenger-rt-scat-pack-64-gas,cat-4333aa182423384ec8d7872a,SUBCATEGORY,Horns,horns,electrical--horns,https://www.moparamerica.com/v-2017-dodge-challenger--r-t-scat-pack--6-4l-v8-gas/electrical--horns,94,DISCOVERED,2026-07-31T23:48:55+00:00
sub-938105a2b4c68dae4792be7b,challenger-rt-scat-pack-64-gas,cat-4333aa182423384ec8d7872a,SUBCATEGORY,"Ignition - Spark Plugs, Cables, Coils, and Glow Plugs","ignition - spark plugs, cables, coils, and glow plugs",electrical--ignition-spark-plugs-cables-coils-and-glow-plugs,https://www.moparamerica.com/v-2017-dodge-challenger--r-t-scat-pack--6-4l-v8-gas/electrical--ignition-spark-plugs-cables-coils-and-glow-plugs,95,DISCOVERED,2026-07-31T23:48:55+00:00
sub-6b1eb086995894e110400d11,challenger-rt-scat-pack-64-gas,cat-4333aa182423384ec8d7872a,SUBCATEGORY,Instrument Panel Cluster,instrument panel cluster,electrical--instrument-panel-cluster,https://www.moparamerica.com/v-2017-dodge-challenger--r-t-scat-pack--6-4l-v8-gas/electrical--instrument-panel-cluster,96,DISCOVERED,2026-07-31T23:48:55+00:00
sub-ec2f5791a5028f3a51c38fe5,challenger-rt-scat-pack-64-gas,cat-4333aa182423384ec8d7872a,SUBCATEGORY,"Keys, Modules and Engine Controllers","keys, modules and engine controllers",electrical--keys-modules-and-engine-controllers,https://www.moparamerica.com/v-2017-dodge-challenger--r-t-scat-pack--6-4l-v8-gas/electrical--keys-modules-and-engine-controllers,97,DISCOVERED,2026-07-31T23:48:55+00:00
sub-2b15be4788c02f139ee16b7e,challenger-rt-scat-pack-64-gas,cat-4333aa182423384ec8d7872a,SUBCATEGORY,Lamps-Interior and Exterior,lamps-interior and exterior,electrical--lamps-interior-and-exterior,https://www.moparamerica.com/v-2017-dodge-challenger--r-t-scat-pack--6-4l-v8-gas/electrical--lamps-interior-and-exterior,98,DISCOVERED,2026-07-31T23:48:55+00:00
sub-a6e267d30068c5157e179a0d,challenger-rt-scat-pack-64-gas,cat-4333aa182423384ec8d7872a,SUBCATEGORY,Park Assist,park assist,electrical--park-assist,https://www.moparamerica.com/v-2017-dodge-challenger--r-t-scat-pack--6-4l-v8-gas/electrical--park-assist,99,DISCOVERED,2026-07-31T23:48:55+00:00
sub-209466e6a27d6e54cea1ca4c,challenger-rt-scat-pack-64-gas,cat-4333aa182423384ec8d7872a,SUBCATEGORY,"Power Distribution Center, Fuse Block, Junction Block, Relays and Fuses","power distribution center, fuse block, junction block, relays and fuses",electrical--power-distribution-center-fuse-block-junction-block-relays-and-fuses,https://www.moparamerica.com/v-2017-dodge-challenger--r-t-scat-pack--6-4l-v8-gas/electrical--power-distribution-center-fuse-block-junction-block-relays-and-fuses,100,DISCOVERED,2026-07-31T23:48:55+00:00
sub-8cded3b901fd4f1af5c6331c,challenger-rt-scat-pack-64-gas,cat-4333aa182423384ec8d7872a,SUBCATEGORY,"Radio, Antenna, Speakers, DVD, and Video systems","radio, antenna, speakers, dvd, and video systems",electrical--radio-antenna-speakers-dvd-and-video-systems,https://www.moparamerica.com/v-2017-dodge-challenger--r-t-scat-pack--6-4l-v8-gas/electrical--radio-antenna-speakers-dvd-and-video-systems,101,DISCOVERED,2026-07-31T23:48:55+00:00
sub-2a92d6880888e15cc24091b5,challenger-rt-scat-pack-64-gas,cat-4333aa182423384ec8d7872a,SUBCATEGORY,Sensors,sensors,electrical--sensors,https://www.moparamerica.com/v-2017-dodge-challenger--r-t-scat-pack--6-4l-v8-gas/electrical--sensors,102,DISCOVERED,2026-07-31T23:48:55+00:00
sub-034d0718ec198b0ba72c6aee,challenger-rt-scat-pack-64-gas,cat-4333aa182423384ec8d7872a,SUBCATEGORY,Speed Control,speed control,electrical--speed-control,https://www.moparamerica.com/v-2017-dodge-challenger--r-t-scat-pack--6-4l-v8-gas/electrical--speed-control,103,DISCOVERED,2026-07-31T23:48:55+00:00
sub-094e301a1f8140b9563c8226,challenger-rt-scat-pack-64-gas,cat-4333aa182423384ec8d7872a,SUBCATEGORY,Starters,starters,electrical--starters,https://www.moparamerica.com/v-2017-dodge-challenger--r-t-scat-pack--6-4l-v8-gas/electrical--starters,104,DISCOVERED,2026-07-31T23:48:55+00:00
sub-ef20b4e6def947437a0c82f2,challenger-rt-scat-pack-64-gas,cat-4333aa182423384ec8d7872a,SUBCATEGORY,Switches,switches,electrical--switches,https://www.moparamerica.com/v-2017-dodge-challenger--r-t-scat-pack--6-4l-v8-gas/electrical--switches,105,DISCOVERED,2026-07-31T23:48:55+00:00
sub-4179b2fff6232992915936e6,challenger-rt-scat-pack-64-gas,cat-4333aa182423384ec8d7872a,SUBCATEGORY,Wiper and Washer System,wiper and washer system,electrical--wiper-and-washer-system,https://www.moparamerica.com/v-2017-dodge-challenger--r-t-scat-pack--6-4l-v8-gas/electrical--wiper-and-washer-system,106,DISCOVERED,2026-07-31T23:48:55+00:00
sub-fcaca356bb3d4f9e43690b71,challenger-rt-scat-pack-64-gas,cat-4333aa182423384ec8d7872a,SUBCATEGORY,Wiring-Body and Accessories,wiring-body and accessories,electrical--wiring-body-and-accessories,https://www.moparamerica.com/v-2017-dodge-challenger--r-t-scat-pack--6-4l-v8-gas/electrical--wiring-body-and-accessories,107,DISCOVERED,2026-07-31T23:48:55+00:00
sub-4f223259988febd6477a6f33,challenger-rt-scat-pack-64-gas,cat-4333aa182423384ec8d7872a,SUBCATEGORY,Wiring-Headlamp to Dash,wiring-headlamp to dash,electrical--wiring-headlamp-to-dash,https://www.moparamerica.com/v-2017-dodge-challenger--r-t-scat-pack--6-4l-v8-gas/electrical--wiring-headlamp-to-dash,108,DISCOVERED,2026-07-31T23:48:55+00:00
sub-4d1b527277a9b45cef9d91e4,challenger-rt-scat-pack-64-gas,cat-4333aa182423384ec8d7872a,SUBCATEGORY,Wiring-Instrument Panel,wiring-instrument panel,electrical--wiring-instrument-panel,https://www.moparamerica.com/v-2017-dodge-challenger--r-t-scat-pack--6-4l-v8-gas/electrical--wiring-instrument-panel,109,DISCOVERED,2026-07-31T23:48:55+00:00
cat-4333aa182423384ec8d7872a,challenger-rt-scat-pack-64-gas,,CATEGORY,Electrical,electrical,electrical,https://www.moparamerica.com/v-2017-dodge-challenger--r-t-scat-pack--6-4l-v8-gas/electrical,110,DISCOVERED,2026-07-31T23:48:55+00:00
sub-dc0fb0673bc1743d6dbe796c,challenger-rt-scat-pack-64-gas,cat-4333aa182423384ec8d7872a,SUBCATEGORY,Wiring-Powertrain,wiring-powertrain,electrical--wiring-powertrain,https://www.moparamerica.com/v-2017-dodge-challenger--r-t-scat-pack--6-4l-v8-gas/electrical--wiring-powertrain,110,DISCOVERED,2026-07-31T23:48:55+00:00
sub-a5d4e4c6ef267641eda51191,challenger-rt-scat-pack-64-gas,cat-79129030030bd07007acc726,SUBCATEGORY,Emission Harness,emission harness,emission-controls--emission-harness,https://www.moparamerica.com/v-2017-dodge-challenger--r-t-scat-pack--6-4l-v8-gas/emission-controls--emission-harness,111,DISCOVERED,2026-07-31T23:48:55+00:00
cat-79129030030bd07007acc726,challenger-rt-scat-pack-64-gas,,CATEGORY,Emission Controls,emission controls,emission-controls,https://www.moparamerica.com/v-2017-dodge-challenger--r-t-scat-pack--6-4l-v8-gas/emission-controls,112,DISCOVERED,2026-07-31T23:48:55+00:00
sub-76e0a70e5b1b52c9a276851a,challenger-rt-scat-pack-64-gas,cat-79129030030bd07007acc726,SUBCATEGORY,Vacuum Canister Leak Detection Pump,vacuum canister leak detection pump,emission-controls--vacuum-canister-leak-detection-pump,https://www.moparamerica.com/v-2017-dodge-challenger--r-t-scat-pack--6-4l-v8-gas/emission-controls--vacuum-canister-leak-detection-pump,112,DISCOVERED,2026-07-31T23:48:55+00:00
cat-1cc41906fb8957a61f9d6bb0,challenger-rt-scat-pack-64-gas,,CATEGORY,Exhaust,exhaust,exhaust,https://www.moparamerica.com/v-2017-dodge-challenger--r-t-scat-pack--6-4l-v8-gas/exhaust,113,DISCOVERED,2026-07-31T23:48:55+00:00
sub-a7e5977eab2bd402be29e5af,challenger-rt-scat-pack-64-gas,cat-1cc41906fb8957a61f9d6bb0,SUBCATEGORY,Exhaust System,exhaust system,exhaust--exhaust-system,https://www.moparamerica.com/v-2017-dodge-challenger--r-t-scat-pack--6-4l-v8-gas/exhaust--exhaust-system,113,DISCOVERED,2026-07-31T23:48:55+00:00
sub-e6eb916aeb4147dcfce7679f,challenger-rt-scat-pack-64-gas,cat-9c5ca7eb9b50503a5e9497c5,SUBCATEGORY,Covers,covers,accessories-exterior-accessories--covers,https://www.moparamerica.com/v-2017-dodge-challenger--r-t-scat-pack--6-4l-v8-gas/accessories-exterior-accessories--covers,114,DISCOVERED,2026-07-31T23:48:55+00:00
sub-f39314b04c6904e2f7a717a3,challenger-rt-scat-pack-64-gas,cat-9c5ca7eb9b50503a5e9497c5,SUBCATEGORY,Exterior Appearance,exterior appearance,accessories-exterior-accessories--exterior-appearance,https://www.moparamerica.com/v-2017-dodge-challenger--r-t-scat-pack--6-4l-v8-gas/accessories-exterior-accessories--exterior-appearance,115,DISCOVERED,2026-07-31T23:48:55+00:00
sub-d64ea64514ecbccdc19777bc,challenger-rt-scat-pack-64-gas,cat-9c5ca7eb9b50503a5e9497c5,SUBCATEGORY,License Plate,license plate,accessories-exterior-accessories--license-plate,https://www.moparamerica.com/v-2017-dodge-challenger--r-t-scat-pack--6-4l-v8-gas/accessories-exterior-accessories--license-plate,116,DISCOVERED,2026-07-31T23:48:55+00:00
sub-187e69b0de1b9d6ef77e1f7c,challenger-rt-scat-pack-64-gas,cat-9c5ca7eb9b50503a5e9497c5,SUBCATEGORY,Locks,locks,accessories-exterior-accessories--locks,https://www.moparamerica.com/v-2017-dodge-challenger--r-t-scat-pack--6-4l-v8-gas/accessories-exterior-accessories--locks,117,DISCOVERED,2026-07-31T23:48:55+00:00
sub-131ee3138a483dcc3a2c6d1d,challenger-rt-scat-pack-64-gas,cat-9c5ca7eb9b50503a5e9497c5,SUBCATEGORY,Protective Guards,protective guards,accessories-exterior-accessories--protective-guards,https://www.moparamerica.com/v-2017-dodge-challenger--r-t-scat-pack--6-4l-v8-gas/accessories-exterior-accessories--protective-guards,118,DISCOVERED,2026-07-31T23:48:55+00:00
sub-7dd6cf6f80dcc2a8876b4561,challenger-rt-scat-pack-64-gas,cat-9c5ca7eb9b50503a5e9497c5,SUBCATEGORY,Splash Guards,splash guards,accessories-exterior-accessories--splash-guards,https://www.moparamerica.com/v-2017-dodge-challenger--r-t-scat-pack--6-4l-v8-gas/accessories-exterior-accessories--splash-guards,119,DISCOVERED,2026-07-31T23:48:55+00:00
cat-9c5ca7eb9b50503a5e9497c5,challenger-rt-scat-pack-64-gas,,CATEGORY,Accessories Exterior Accessories,accessories exterior accessories,accessories-exterior-accessories,https://www.moparamerica.com/v-2017-dodge-challenger--r-t-scat-pack--6-4l-v8-gas/accessories-exterior-accessories,120,DISCOVERED,2026-07-31T23:48:55+00:00
sub-9c9f71631938568695bd3dfc,challenger-rt-scat-pack-64-gas,cat-9c5ca7eb9b50503a5e9497c5,SUBCATEGORY,Wheels,wheels,accessories-exterior-accessories--wheels,https://www.moparamerica.com/v-2017-dodge-challenger--r-t-scat-pack--6-4l-v8-gas/accessories-exterior-accessories--wheels,120,DISCOVERED,2026-07-31T23:48:55+00:00
sub-8b75fd25501728f8138653d8,challenger-rt-scat-pack-64-gas,cat-f882a481943284f26c957631,SUBCATEGORY,Decals and Tape stripes,decals and tape stripes,exterior-ornamentation--decals-and-tape-stripes,https://www.moparamerica.com/v-2017-dodge-challenger--r-t-scat-pack--6-4l-v8-gas/exterior-ornamentation--decals-and-tape-stripes,121,DISCOVERED,2026-07-31T23:48:55+00:00
sub-ec71096be5c7066485be678d,challenger-rt-scat-pack-64-gas,cat-f882a481943284f26c957631,SUBCATEGORY,Grilles,grilles,exterior-ornamentation--grilles,https://www.moparamerica.com/v-2017-dodge-challenger--r-t-scat-pack--6-4l-v8-gas/exterior-ornamentation--grilles,122,DISCOVERED,2026-07-31T23:48:55+00:00
sub-24a2d4cca404f6818d6b4f3f,challenger-rt-scat-pack-64-gas,cat-f882a481943284f26c957631,SUBCATEGORY,Moldings and Ornamentation,moldings and ornamentation,exterior-ornamentation--moldings-and-ornamentation,https://www.moparamerica.com/v-2017-dodge-challenger--r-t-scat-pack--6-4l-v8-gas/exterior-ornamentation--moldings-and-ornamentation,123,DISCOVERED,2026-07-31T23:48:55+00:00
cat-f882a481943284f26c957631,challenger-rt-scat-pack-64-gas,,CATEGORY,Exterior Ornamentation,exterior ornamentation,exterior-ornamentation,https://www.moparamerica.com/v-2017-dodge-challenger--r-t-scat-pack--6-4l-v8-gas/exterior-ornamentation,124,DISCOVERED,2026-07-31T23:48:55+00:00
sub-0f3b69bde577da938ec4c01f,challenger-rt-scat-pack-64-gas,cat-f882a481943284f26c957631,SUBCATEGORY,Nameplates,nameplates,exterior-ornamentation--nameplates,https://www.moparamerica.com/v-2017-dodge-challenger--r-t-scat-pack--6-4l-v8-gas/exterior-ornamentation--nameplates,124,DISCOVERED,2026-07-31T23:48:55+00:00
sub-ea013ed8dbf0e64b0d838e2b,challenger-rt-scat-pack-64-gas,cat-02661e01cb547a82e52f64b2,SUBCATEGORY,Frames,frames,frame-bumper-and-fascia--frames,https://www.moparamerica.com/v-2017-dodge-challenger--r-t-scat-pack--6-4l-v8-gas/frame-bumper-and-fascia--frames,125,DISCOVERED,2026-07-31T23:48:55+00:00
sub-aef7b38d9a51a17f11dc7319,challenger-rt-scat-pack-64-gas,cat-02661e01cb547a82e52f64b2,SUBCATEGORY,Front Bumper and Fascia,front bumper and fascia,frame-bumper-and-fascia--front-bumper-and-fascia,https://www.moparamerica.com/v-2017-dodge-challenger--r-t-scat-pack--6-4l-v8-gas/frame-bumper-and-fascia--front-bumper-and-fascia,126,DISCOVERED,2026-07-31T23:48:55+00:00
cat-02661e01cb547a82e52f64b2,challenger-rt-scat-pack-64-gas,,CATEGORY,Frame Bumper And Fascia,frame bumper and fascia,frame-bumper-and-fascia,https://www.moparamerica.com/v-2017-dodge-challenger--r-t-scat-pack--6-4l-v8-gas/frame-bumper-and-fascia,127,DISCOVERED,2026-07-31T23:48:55+00:00
sub-69e997e2fede0d48603340d9,challenger-rt-scat-pack-64-gas,cat-02661e01cb547a82e52f64b2,SUBCATEGORY,Rear Bumper and Fascia,rear bumper and fascia,frame-bumper-and-fascia--rear-bumper-and-fascia,https://www.moparamerica.com/v-2017-dodge-challenger--r-t-scat-pack--6-4l-v8-gas/frame-bumper-and-fascia--rear-bumper-and-fascia,127,DISCOVERED,2026-07-31T23:48:55+00:00
sub-60c3db0765d07fc63d463ac2,challenger-rt-scat-pack-64-gas,cat-7fc030a9377067d853a8c479,SUBCATEGORY,Front Stabilizer Bar,front stabilizer bar,front-suspension--front-stabilizer-bar,https://www.moparamerica.com/v-2017-dodge-challenger--r-t-scat-pack--6-4l-v8-gas/front-suspension--front-stabilizer-bar,128,DISCOVERED,2026-07-31T23:48:55+00:00
cat-7fc030a9377067d853a8c479,challenger-rt-scat-pack-64-gas,,CATEGORY,Front Suspension,front suspension,front-suspension,https://www.moparamerica.com/v-2017-dodge-challenger--r-t-scat-pack--6-4l-v8-gas/front-suspension,129,DISCOVERED,2026-07-31T23:48:55+00:00
sub-70ad6fcea3a1c1517165fa09,challenger-rt-scat-pack-64-gas,cat-7fc030a9377067d853a8c479,SUBCATEGORY,"Front Suspension, Strut and Cradle","front suspension, strut and cradle",front-suspension--front-suspension-strut-and-cradle,https://www.moparamerica.com/v-2017-dodge-challenger--r-t-scat-pack--6-4l-v8-gas/front-suspension--front-suspension-strut-and-cradle,129,DISCOVERED,2026-07-31T23:48:55+00:00
sub-49bc4df490a78537215c8a98,challenger-rt-scat-pack-64-gas,cat-a04c157ca4c964ac99afb517,SUBCATEGORY,Accelerator Pedal,accelerator pedal,fuel--accelerator-pedal,https://www.moparamerica.com/v-2017-dodge-challenger--r-t-scat-pack--6-4l-v8-gas/fuel--accelerator-pedal,130,DISCOVERED,2026-07-31T23:48:55+00:00
sub-9efeedb60ff111969bda6a66,challenger-rt-scat-pack-64-gas,cat-a04c157ca4c964ac99afb517,SUBCATEGORY,Air Cleaner,air cleaner,fuel--air-cleaner,https://www.moparamerica.com/v-2017-dodge-challenger--r-t-scat-pack--6-4l-v8-gas/fuel--air-cleaner,131,DISCOVERED,2026-07-31T23:48:55+00:00
sub-4d0eb1b989ce5664072263d1,challenger-rt-scat-pack-64-gas,cat-a04c157ca4c964ac99afb517,SUBCATEGORY,Fuel Lines,fuel lines,fuel--fuel-lines,https://www.moparamerica.com/v-2017-dodge-challenger--r-t-scat-pack--6-4l-v8-gas/fuel--fuel-lines,132,DISCOVERED,2026-07-31T23:48:55+00:00
sub-7cd43c396cabb696679c8781,challenger-rt-scat-pack-64-gas,cat-a04c157ca4c964ac99afb517,SUBCATEGORY,Fuel Pump and Sending Unit,fuel pump and sending unit,fuel--fuel-pump-and-sending-unit,https://www.moparamerica.com/v-2017-dodge-challenger--r-t-scat-pack--6-4l-v8-gas/fuel--fuel-pump-and-sending-unit,133,DISCOVERED,2026-07-31T23:48:55+00:00
sub-81aa8201b5f383721497d647,challenger-rt-scat-pack-64-gas,cat-a04c157ca4c964ac99afb517,SUBCATEGORY,Fuel Rail and Injectors,fuel rail and injectors,fuel--fuel-rail-and-injectors,https://www.moparamerica.com/v-2017-dodge-challenger--r-t-scat-pack--6-4l-v8-gas/fuel--fuel-rail-and-injectors,134,DISCOVERED,2026-07-31T23:48:55+00:00
sub-c2adddcd3d72b11d7da37d6e,challenger-rt-scat-pack-64-gas,cat-a04c157ca4c964ac99afb517,SUBCATEGORY,Fuel Tank,fuel tank,fuel--fuel-tank,https://www.moparamerica.com/v-2017-dodge-challenger--r-t-scat-pack--6-4l-v8-gas/fuel--fuel-tank,135,DISCOVERED,2026-07-31T23:48:55+00:00
sub-cce547f15d60180ab788e4e9,challenger-rt-scat-pack-64-gas,cat-a04c157ca4c964ac99afb517,SUBCATEGORY,Fuel Tank Filler Tube,fuel tank filler tube,fuel--fuel-tank-filler-tube,https://www.moparamerica.com/v-2017-dodge-challenger--r-t-scat-pack--6-4l-v8-gas/fuel--fuel-tank-filler-tube,136,DISCOVERED,2026-07-31T23:48:55+00:00
cat-a04c157ca4c964ac99afb517,challenger-rt-scat-pack-64-gas,,CATEGORY,Fuel,fuel,fuel,https://www.moparamerica.com/v-2017-dodge-challenger--r-t-scat-pack--6-4l-v8-gas/fuel,137,DISCOVERED,2026-07-31T23:48:55+00:00
sub-a10a382d33d202390df81145,challenger-rt-scat-pack-64-gas,cat-a04c157ca4c964ac99afb517,SUBCATEGORY,Throttle Body,throttle body,fuel--throttle-body,https://www.moparamerica.com/v-2017-dodge-challenger--r-t-scat-pack--6-4l-v8-gas/fuel--throttle-body,137,DISCOVERED,2026-07-31T23:48:55+00:00
cat-10e1628167b174773ff8fd73,challenger-rt-scat-pack-64-gas,,CATEGORY,Glass,glass,glass,https://www.moparamerica.com/v-2017-dodge-challenger--r-t-scat-pack--6-4l-v8-gas/glass,138,DISCOVERED,2026-07-31T23:48:55+00:00
sub-3dde6a4a0f5673b6f55ffb8f,challenger-rt-scat-pack-64-gas,cat-10e1628167b174773ff8fd73,SUBCATEGORY,Glass and Interior Rear View Mirror,glass and interior rear view mirror,glass--glass-and-interior-rear-view-mirror,https://www.moparamerica.com/v-2017-dodge-challenger--r-t-scat-pack--6-4l-v8-gas/glass--glass-and-interior-rear-view-mirror,138,DISCOVERED,2026-07-31T23:48:55+00:00
sub-b0a0263fbe0028e7f2b7460f,challenger-rt-scat-pack-64-gas,cat-7853d885c02443749c4d2d9f,SUBCATEGORY,Air Purification,air purification,accessories-interior-accessories--air-purification,https://www.moparamerica.com/v-2017-dodge-challenger--r-t-scat-pack--6-4l-v8-gas/accessories-interior-accessories--air-purification,139,DISCOVERED,2026-07-31T23:48:55+00:00
sub-3d44f984af8f16680052b869,challenger-rt-scat-pack-64-gas,cat-7853d885c02443749c4d2d9f,SUBCATEGORY,Cargo Trays & Mats,cargo trays & mats,accessories-interior-accessories--cargo-trays-and-mats,https://www.moparamerica.com/v-2017-dodge-challenger--r-t-scat-pack--6-4l-v8-gas/accessories-interior-accessories--cargo-trays-and-mats,140,DISCOVERED,2026-07-31T23:48:55+00:00
sub-65b04912403aa221a4b317d8,challenger-rt-scat-pack-64-gas,cat-7853d885c02443749c4d2d9f,SUBCATEGORY,Floor Mats,floor mats,accessories-interior-accessories--floor-mats,https://www.moparamerica.com/v-2017-dodge-challenger--r-t-scat-pack--6-4l-v8-gas/accessories-interior-accessories--floor-mats,141,DISCOVERED,2026-07-31T23:48:55+00:00
cat-7853d885c02443749c4d2d9f,challenger-rt-scat-pack-64-gas,,CATEGORY,Accessories Interior Accessories,accessories interior accessories,accessories-interior-accessories,https://www.moparamerica.com/v-2017-dodge-challenger--r-t-scat-pack--6-4l-v8-gas/accessories-interior-accessories,142,DISCOVERED,2026-07-31T23:48:55+00:00
sub-9caadffa14573a4536a20abe,challenger-rt-scat-pack-64-gas,cat-7853d885c02443749c4d2d9f,SUBCATEGORY,Interior Appearance,interior appearance,accessories-interior-accessories--interior-appearance,https://www.moparamerica.com/v-2017-dodge-challenger--r-t-scat-pack--6-4l-v8-gas/accessories-interior-accessories--interior-appearance,142,DISCOVERED,2026-07-31T23:48:55+00:00
sub-4ac1c3606ba099ec10379d53,challenger-rt-scat-pack-64-gas,cat-905baaf2aa1f5ccb3f9480e9,SUBCATEGORY,"Carpets, Floor Mats, Load Floor, and Silencers","carpets, floor mats, load floor, and silencers",interior-trim--carpets-floor-mats-load-floor-and-silencers,https://www.moparamerica.com/v-2017-dodge-challenger--r-t-scat-pack--6-4l-v8-gas/interior-trim--carpets-floor-mats-load-floor-and-silencers,143,DISCOVERED,2026-07-31T23:48:55+00:00
sub-2c846fc24a46b4197b0d7e07,challenger-rt-scat-pack-64-gas,cat-905baaf2aa1f5ccb3f9480e9,SUBCATEGORY,Consoles,consoles,interior-trim--consoles,https://www.moparamerica.com/v-2017-dodge-challenger--r-t-scat-pack--6-4l-v8-gas/interior-trim--consoles,144,DISCOVERED,2026-07-31T23:48:55+00:00
sub-3a8da5316f2c528d86561c94,challenger-rt-scat-pack-64-gas,cat-905baaf2aa1f5ccb3f9480e9,SUBCATEGORY,Door Trim Panels-Front and Rear,door trim panels-front and rear,interior-trim--door-trim-panels-front-and-rear,https://www.moparamerica.com/v-2017-dodge-challenger--r-t-scat-pack--6-4l-v8-gas/interior-trim--door-trim-panels-front-and-rear,145,DISCOVERED,2026-07-31T23:48:55+00:00
sub-4ae5380bf8be831949ed9f3d,challenger-rt-scat-pack-64-gas,cat-905baaf2aa1f5ccb3f9480e9,SUBCATEGORY,"Front Seats - Adjusters, Recliners, Shields and Risers","front seats - adjusters, recliners, shields and risers",interior-trim--front-seats-adjusters-recliners-shields-and-risers,https://www.moparamerica.com/v-2017-dodge-challenger--r-t-scat-pack--6-4l-v8-gas/interior-trim--front-seats-adjusters-recliners-shields-and-risers,146,DISCOVERED,2026-07-31T23:48:55+00:00
sub-155ac781e148e3b2a81155f4,challenger-rt-scat-pack-64-gas,cat-905baaf2aa1f5ccb3f9480e9,SUBCATEGORY,Front Seats - First Row,front seats - first row,interior-trim--front-seats-first-row,https://www.moparamerica.com/v-2017-dodge-challenger--r-t-scat-pack--6-4l-v8-gas/interior-trim--front-seats-first-row,147,DISCOVERED,2026-07-31T23:48:55+00:00
sub-6a49e4eff7252df2486f4555,challenger-rt-scat-pack-64-gas,cat-905baaf2aa1f5ccb3f9480e9,SUBCATEGORY,Headliners-Visors-Assist Straps,headliners-visors-assist straps,interior-trim--headliners-visors-assist-straps,https://www.moparamerica.com/v-2017-dodge-challenger--r-t-scat-pack--6-4l-v8-gas/interior-trim--headliners-visors-assist-straps,148,DISCOVERED,2026-07-31T23:48:55+00:00
sub-41af06f4de983dc6f4a29fa8,challenger-rt-scat-pack-64-gas,cat-905baaf2aa1f5ccb3f9480e9,SUBCATEGORY,Instrument Panel,instrument panel,interior-trim--instrument-panel,https://www.moparamerica.com/v-2017-dodge-challenger--r-t-scat-pack--6-4l-v8-gas/interior-trim--instrument-panel,149,DISCOVERED,2026-07-31T23:48:55+00:00
sub-8bfbe6e267f59505589de057,challenger-rt-scat-pack-64-gas,cat-905baaf2aa1f5ccb3f9480e9,SUBCATEGORY,Panels Moldings Scuff Plates Pillar Cowl 1 4 Panel Trim And Cargo Covers,panels moldings scuff plates pillar cowl 1 4 panel trim and cargo covers,interior-trim--panels-moldings-scuff-plates-pillar-cowl-1-4-panel-trim-and-cargo-covers,https://www.moparamerica.com/v-2017-dodge-challenger--r-t-scat-pack--6-4l-v8-gas/interior-trim--panels-moldings-scuff-plates-pillar-cowl-1-4-panel-trim-and-cargo-covers,150,DISCOVERED,2026-07-31T23:48:55+00:00
sub-e3510d27a7700e339f240a3c,challenger-rt-scat-pack-64-gas,cat-905baaf2aa1f5ccb3f9480e9,SUBCATEGORY,Rear Seats - Second Row,rear seats - second row,interior-trim--rear-seats-second-row,https://www.moparamerica.com/v-2017-dodge-challenger--r-t-scat-pack--6-4l-v8-gas/interior-trim--rear-seats-second-row,151,DISCOVERED,2026-07-31T23:48:55+00:00
cat-905baaf2aa1f5ccb3f9480e9,challenger-rt-scat-pack-64-gas,,CATEGORY,Interior Trim,interior trim,interior-trim,https://www.moparamerica.com/v-2017-dodge-challenger--r-t-scat-pack--6-4l-v8-gas/interior-trim,152,DISCOVERED,2026-07-31T23:48:55+00:00
sub-273144cad77ede71a0022966,challenger-rt-scat-pack-64-gas,cat-905baaf2aa1f5ccb3f9480e9,SUBCATEGORY,"Rear Seats - Second Row - Adjusters, Recliners, Shields and Risers","rear seats - second row - adjusters, recliners, shields and risers",interior-trim--rear-seats-second-row-adjusters-recliners-shields-and-risers,https://www.moparamerica.com/v-2017-dodge-challenger--r-t-scat-pack--6-4l-v8-gas/interior-trim--rear-seats-second-row-adjusters-recliners-shields-and-risers,152,DISCOVERED,2026-07-31T23:48:55+00:00
cat-e2f41ef7ba82d27b880fb9af,challenger-rt-scat-pack-64-gas,,CATEGORY,Labels,labels,labels,https://www.moparamerica.com/v-2017-dodge-challenger--r-t-scat-pack--6-4l-v8-gas/labels,153,DISCOVERED,2026-07-31T23:48:55+00:00
sub-1e2d6741c53393ef076c471a,challenger-rt-scat-pack-64-gas,cat-e2f41ef7ba82d27b880fb9af,SUBCATEGORY,Under Hood,under hood,labels--under-hood,https://www.moparamerica.com/v-2017-dodge-challenger--r-t-scat-pack--6-4l-v8-gas/labels--under-hood,153,DISCOVERED,2026-07-31T23:48:55+00:00
cat-3733d176141a167ab04d3847,challenger-rt-scat-pack-64-gas,,CATEGORY,Accessories Lifestyle And Off Road Accessories,accessories lifestyle and off road accessories,accessories-lifestyle-and-off-road-accessories,https://www.moparamerica.com/v-2017-dodge-challenger--r-t-scat-pack--6-4l-v8-gas/accessories-lifestyle-and-off-road-accessories,154,DISCOVERED,2026-07-31T23:48:55+00:00
sub-fda4607d62355fc4ab7f7d53,challenger-rt-scat-pack-64-gas,cat-3733d176141a167ab04d3847,SUBCATEGORY,Safety Kits,safety kits,accessories-lifestyle-and-off-road-accessories--safety-kits,https://www.moparamerica.com/v-2017-dodge-challenger--r-t-scat-pack--6-4l-v8-gas/accessories-lifestyle-and-off-road-accessories--safety-kits,154,DISCOVERED,2026-07-31T23:48:55+00:00
sub-65204657bb160500acd0767d,challenger-rt-scat-pack-64-gas,cat-6a671579e1772c89264bf20c,SUBCATEGORY,Engine Parts,engine parts,accessories-modern-performance--engine-parts,https://www.moparamerica.com/v-2017-dodge-challenger--r-t-scat-pack--6-4l-v8-gas/accessories-modern-performance--engine-parts,155,DISCOVERED,2026-07-31T23:48:55+00:00
sub-2b64f3db48f60cb8b1b10696,challenger-rt-scat-pack-64-gas,cat-6a671579e1772c89264bf20c,SUBCATEGORY,Intake & Air,intake & air,accessories-modern-performance--intake-and-air,https://www.moparamerica.com/v-2017-dodge-challenger--r-t-scat-pack--6-4l-v8-gas/accessories-modern-performance--intake-and-air,156,DISCOVERED,2026-07-31T23:48:55+00:00
cat-6a671579e1772c89264bf20c,challenger-rt-scat-pack-64-gas,,CATEGORY,Accessories Modern Performance,accessories modern performance,accessories-modern-performance,https://www.moparamerica.com/v-2017-dodge-challenger--r-t-scat-pack--6-4l-v8-gas/accessories-modern-performance,157,DISCOVERED,2026-07-31T23:48:55+00:00
sub-ce67a19d2e17bf5c8c97a09c,challenger-rt-scat-pack-64-gas,cat-6a671579e1772c89264bf20c,SUBCATEGORY,Suspension,suspension,accessories-modern-performance--suspension,https://www.moparamerica.com/v-2017-dodge-challenger--r-t-scat-pack--6-4l-v8-gas/accessories-modern-performance--suspension,157,DISCOVERED,2026-07-31T23:48:55+00:00
sub-a18e9f5716cf777e5e9d14b6,challenger-rt-scat-pack-64-gas,cat-b72ceec8a3891aa0f49e920f,SUBCATEGORY,Driving Convenience,driving convenience,mopar-accessories-component-parts--driving-convenience,https://www.moparamerica.com/v-2017-dodge-challenger--r-t-scat-pack--6-4l-v8-gas/mopar-accessories-component-parts--driving-convenience,158,DISCOVERED,2026-07-31T23:48:55+00:00
sub-280f768f75cb329509b546bd,challenger-rt-scat-pack-64-gas,cat-b72ceec8a3891aa0f49e920f,SUBCATEGORY,Exterior Appearance,exterior appearance,mopar-accessories-component-parts--exterior-appearance,https://www.moparamerica.com/v-2017-dodge-challenger--r-t-scat-pack--6-4l-v8-gas/mopar-accessories-component-parts--exterior-appearance,159,DISCOVERED,2026-07-31T23:48:55+00:00
sub-f27894da198d3dfcc8e05bca,challenger-rt-scat-pack-64-gas,cat-b72ceec8a3891aa0f49e920f,SUBCATEGORY,Fog Lights & Electrical,fog lights & electrical,mopar-accessories-component-parts--fog-lights-and-electrical,https://www.moparamerica.com/v-2017-dodge-challenger--r-t-scat-pack--6-4l-v8-gas/mopar-accessories-component-parts--fog-lights-and-electrical,160,DISCOVERED,2026-07-31T23:48:55+00:00
sub-e7940da867c7e62365e003c8,challenger-rt-scat-pack-64-gas,cat-b72ceec8a3891aa0f49e920f,SUBCATEGORY,Interior Protection,interior protection,mopar-accessories-component-parts--interior-protection,https://www.moparamerica.com/v-2017-dodge-challenger--r-t-scat-pack--6-4l-v8-gas/mopar-accessories-component-parts--interior-protection,161,DISCOVERED,2026-07-31T23:48:55+00:00
sub-2c237284424331facbf4f410,challenger-rt-scat-pack-64-gas,cat-b72ceec8a3891aa0f49e920f,SUBCATEGORY,Lighting and Electrical Accessories,lighting and electrical accessories,mopar-accessories-component-parts--lighting-and-electrical-accessories,https://www.moparamerica.com/v-2017-dodge-challenger--r-t-scat-pack--6-4l-v8-gas/mopar-accessories-component-parts--lighting-and-electrical-accessories,162,DISCOVERED,2026-07-31T23:48:55+00:00
cat-b72ceec8a3891aa0f49e920f,challenger-rt-scat-pack-64-gas,,CATEGORY,Mopar Accessories Component Parts,mopar accessories component parts,mopar-accessories-component-parts,https://www.moparamerica.com/v-2017-dodge-challenger--r-t-scat-pack--6-4l-v8-gas/mopar-accessories-component-parts,163,DISCOVERED,2026-07-31T23:48:55+00:00
sub-ddfc78833ff796328b43338b,challenger-rt-scat-pack-64-gas,cat-b72ceec8a3891aa0f49e920f,SUBCATEGORY,Powertrain,powertrain,mopar-accessories-component-parts--powertrain,https://www.moparamerica.com/v-2017-dodge-challenger--r-t-scat-pack--6-4l-v8-gas/mopar-accessories-component-parts--powertrain,163,DISCOVERED,2026-07-31T23:48:55+00:00
sub-2855429a2e1631b0b089bbef,challenger-rt-scat-pack-64-gas,cat-fdfdf5ea27d956d793329b53,SUBCATEGORY,Rear Stabilizer,rear stabilizer,rear-suspension--rear-stabilizer,https://www.moparamerica.com/v-2017-dodge-challenger--r-t-scat-pack--6-4l-v8-gas/rear-suspension--rear-stabilizer,164,DISCOVERED,2026-07-31T23:48:55+00:00
cat-fdfdf5ea27d956d793329b53,challenger-rt-scat-pack-64-gas,,CATEGORY,Rear Suspension,rear suspension,rear-suspension,https://www.moparamerica.com/v-2017-dodge-challenger--r-t-scat-pack--6-4l-v8-gas/rear-suspension,165,DISCOVERED,2026-07-31T23:48:55+00:00
sub-d14ebff9230abcdca84a8a4b,challenger-rt-scat-pack-64-gas,cat-fdfdf5ea27d956d793329b53,SUBCATEGORY,Rear Suspension and Cradle,rear suspension and cradle,rear-suspension--rear-suspension-and-cradle,https://www.moparamerica.com/v-2017-dodge-challenger--r-t-scat-pack--6-4l-v8-gas/rear-suspension--rear-suspension-and-cradle,165,DISCOVERED,2026-07-31T23:48:55+00:00
sub-893cf48a3caeea5d064ee9de,challenger-rt-scat-pack-64-gas,cat-b0662250d070d6d671269b42,SUBCATEGORY,Drive Shaft,drive shaft,rear-wheel-drive-differential-and-drive-line--drive-shaft,https://www.moparamerica.com/v-2017-dodge-challenger--r-t-scat-pack--6-4l-v8-gas/rear-wheel-drive-differential-and-drive-line--drive-shaft,166,DISCOVERED,2026-07-31T23:48:55+00:00
sub-8adf76e0fa04b0cd6fded184,challenger-rt-scat-pack-64-gas,cat-b0662250d070d6d671269b42,SUBCATEGORY,Rear Axle Assembly,rear axle assembly,rear-wheel-drive-differential-and-drive-line--rear-axle-assembly,https://www.moparamerica.com/v-2017-dodge-challenger--r-t-scat-pack--6-4l-v8-gas/rear-wheel-drive-differential-and-drive-line--rear-axle-assembly,167,DISCOVERED,2026-07-31T23:48:55+00:00
sub-aadc74f27c7094e36ea99af5,challenger-rt-scat-pack-64-gas,cat-b0662250d070d6d671269b42,SUBCATEGORY,Rear Axle Shafts,rear axle shafts,rear-wheel-drive-differential-and-drive-line--rear-axle-shafts,https://www.moparamerica.com/v-2017-dodge-challenger--r-t-scat-pack--6-4l-v8-gas/rear-wheel-drive-differential-and-drive-line--rear-axle-shafts,168,DISCOVERED,2026-07-31T23:48:55+00:00
cat-b0662250d070d6d671269b42,challenger-rt-scat-pack-64-gas,,CATEGORY,Rear Wheel Drive Differential And Drive Line,rear wheel drive differential and drive line,rear-wheel-drive-differential-and-drive-line,https://www.moparamerica.com/v-2017-dodge-challenger--r-t-scat-pack--6-4l-v8-gas/rear-wheel-drive-differential-and-drive-line,169,DISCOVERED,2026-07-31T23:48:55+00:00
sub-c07293993b74f2e20333341a,challenger-rt-scat-pack-64-gas,cat-b0662250d070d6d671269b42,SUBCATEGORY,"Rear Axle; Housing, Differential and Vent","rear axle; housing, differential and vent",rear-wheel-drive-differential-and-drive-line--rear-axle-housing-differential-and-vent,https://www.moparamerica.com/v-2017-dodge-challenger--r-t-scat-pack--6-4l-v8-gas/rear-wheel-drive-differential-and-drive-line--rear-axle-housing-differential-and-vent,169,DISCOVERED,2026-07-31T23:48:55+00:00
sub-aecf0e931b38936478a7f3ba,challenger-rt-scat-pack-64-gas,cat-e641ab2015c13ccac4fface1,SUBCATEGORY,Air Bags,air bags,restraints--air-bags,https://www.moparamerica.com/v-2017-dodge-challenger--r-t-scat-pack--6-4l-v8-gas/restraints--air-bags,170,DISCOVERED,2026-07-31T23:48:55+00:00
cat-e641ab2015c13ccac4fface1,challenger-rt-scat-pack-64-gas,,CATEGORY,Restraints,restraints,restraints,https://www.moparamerica.com/v-2017-dodge-challenger--r-t-scat-pack--6-4l-v8-gas/restraints,171,DISCOVERED,2026-07-31T23:48:55+00:00
sub-cc8edb195cbcc7043f213814,challenger-rt-scat-pack-64-gas,cat-e641ab2015c13ccac4fface1,SUBCATEGORY,Seat Belts,seat belts,restraints--seat-belts,https://www.moparamerica.com/v-2017-dodge-challenger--r-t-scat-pack--6-4l-v8-gas/restraints--seat-belts,171,DISCOVERED,2026-07-31T23:48:55+00:00
sub-af3ca88520036e4f6963b0df,challenger-rt-scat-pack-64-gas,cat-1c0ea5a278f91074d8307b6a,SUBCATEGORY,Power Steering Hoses,power steering hoses,steering--power-steering-hoses,https://www.moparamerica.com/v-2017-dodge-challenger--r-t-scat-pack--6-4l-v8-gas/steering--power-steering-hoses,172,DISCOVERED,2026-07-31T23:48:55+00:00
sub-96b3547267fe5a70184930b2,challenger-rt-scat-pack-64-gas,cat-1c0ea5a278f91074d8307b6a,SUBCATEGORY,Steering Column and Intermediate Shaft,steering column and intermediate shaft,steering--steering-column-and-intermediate-shaft,https://www.moparamerica.com/v-2017-dodge-challenger--r-t-scat-pack--6-4l-v8-gas/steering--steering-column-and-intermediate-shaft,173,DISCOVERED,2026-07-31T23:48:55+00:00
sub-03499dfc1d33afc1a38e43a4,challenger-rt-scat-pack-64-gas,cat-1c0ea5a278f91074d8307b6a,SUBCATEGORY,Steering Gear,steering gear,steering--steering-gear,https://www.moparamerica.com/v-2017-dodge-challenger--r-t-scat-pack--6-4l-v8-gas/steering--steering-gear,174,DISCOVERED,2026-07-31T23:48:55+00:00
cat-1c0ea5a278f91074d8307b6a,challenger-rt-scat-pack-64-gas,,CATEGORY,Steering,steering,steering,https://www.moparamerica.com/v-2017-dodge-challenger--r-t-scat-pack--6-4l-v8-gas/steering,175,DISCOVERED,2026-07-31T23:48:55+00:00
sub-e0b676baddceed0daf10d020,challenger-rt-scat-pack-64-gas,cat-1c0ea5a278f91074d8307b6a,SUBCATEGORY,Steering Wheel,steering wheel,steering--steering-wheel,https://www.moparamerica.com/v-2017-dodge-challenger--r-t-scat-pack--6-4l-v8-gas/steering--steering-wheel,175,DISCOVERED,2026-07-31T23:48:55+00:00
sub-3d2ffa539e18252675e6f741,challenger-rt-scat-pack-64-gas,cat-af14150a24f1e9bfe7db94a3,SUBCATEGORY,"Case, and Extension","case, and extension",tr6060-6-speed-manual-transmission--case-and-extension,https://www.moparamerica.com/v-2017-dodge-challenger--r-t-scat-pack--6-4l-v8-gas/tr6060-6-speed-manual-transmission--case-and-extension,176,DISCOVERED,2026-07-31T23:48:55+00:00
sub-c477472f39e77fb514aa7d32,challenger-rt-scat-pack-64-gas,cat-af14150a24f1e9bfe7db94a3,SUBCATEGORY,Fork and Rails,fork and rails,tr6060-6-speed-manual-transmission--fork-and-rails,https://www.moparamerica.com/v-2017-dodge-challenger--r-t-scat-pack--6-4l-v8-gas/tr6060-6-speed-manual-transmission--fork-and-rails,177,DISCOVERED,2026-07-31T23:48:55+00:00
sub-d85a58da4aad52701ef6fce7,challenger-rt-scat-pack-64-gas,cat-af14150a24f1e9bfe7db94a3,SUBCATEGORY,Gear Train,gear train,tr6060-6-speed-manual-transmission--gear-train,https://www.moparamerica.com/v-2017-dodge-challenger--r-t-scat-pack--6-4l-v8-gas/tr6060-6-speed-manual-transmission--gear-train,178,DISCOVERED,2026-07-31T23:48:55+00:00
sub-8364b629d8f3b0e54c3e148e,challenger-rt-scat-pack-64-gas,cat-af14150a24f1e9bfe7db94a3,SUBCATEGORY,Gearshift Controls and Related Parts,gearshift controls and related parts,tr6060-6-speed-manual-transmission--gearshift-controls-and-related-parts,https://www.moparamerica.com/v-2017-dodge-challenger--r-t-scat-pack--6-4l-v8-gas/tr6060-6-speed-manual-transmission--gearshift-controls-and-related-parts,179,DISCOVERED,2026-07-31T23:48:55+00:00
sub-e63e9c9f0ba9612fa59f8454,challenger-rt-scat-pack-64-gas,cat-af14150a24f1e9bfe7db94a3,SUBCATEGORY,Manual Transmission Transaxle,manual transmission transaxle,tr6060-6-speed-manual-transmission--manual-transmission-transaxle,https://www.moparamerica.com/v-2017-dodge-challenger--r-t-scat-pack--6-4l-v8-gas/tr6060-6-speed-manual-transmission--manual-transmission-transaxle,180,DISCOVERED,2026-07-31T23:48:55+00:00
cat-af14150a24f1e9bfe7db94a3,challenger-rt-scat-pack-64-gas,,CATEGORY,Tr6060 6 Speed Manual Transmission,tr6060 6 speed manual transmission,tr6060-6-speed-manual-transmission,https://www.moparamerica.com/v-2017-dodge-challenger--r-t-scat-pack--6-4l-v8-gas/tr6060-6-speed-manual-transmission,181,DISCOVERED,2026-07-31T23:48:55+00:00
sub-25a07619b439d7211c570357,challenger-rt-scat-pack-64-gas,cat-af14150a24f1e9bfe7db94a3,SUBCATEGORY,Mounting and Skid Plate,mounting and skid plate,tr6060-6-speed-manual-transmission--mounting-and-skid-plate,https://www.moparamerica.com/v-2017-dodge-challenger--r-t-scat-pack--6-4l-v8-gas/tr6060-6-speed-manual-transmission--mounting-and-skid-plate,181,DISCOVERED,2026-07-31T23:48:55+00:00
sub-bbfd7c8b659c288a7d3110c1,challenger-rt-scat-pack-64-gas,cat-7352bfe0b129fcbaab0bf595,SUBCATEGORY,Mopar,mopar,accessories-vehicle-care-products--mopar,https://www.moparamerica.com/v-2017-dodge-challenger--r-t-scat-pack--6-4l-v8-gas/accessories-vehicle-care-products--mopar,182,DISCOVERED,2026-07-31T23:48:55+00:00
cat-7352bfe0b129fcbaab0bf595,challenger-rt-scat-pack-64-gas,,CATEGORY,Accessories Vehicle Care Products,accessories vehicle care products,accessories-vehicle-care-products,https://www.moparamerica.com/v-2017-dodge-challenger--r-t-scat-pack--6-4l-v8-gas/accessories-vehicle-care-products,183,DISCOVERED,2026-07-31T23:48:55+00:00
sub-5b0ad310d37523ba2d572c77,challenger-rt-scat-pack-64-gas,cat-7352bfe0b129fcbaab0bf595,SUBCATEGORY,Touch Up Paint,touch up paint,accessories-vehicle-care-products--touch-up-paint,https://www.moparamerica.com/v-2017-dodge-challenger--r-t-scat-pack--6-4l-v8-gas/accessories-vehicle-care-products--touch-up-paint,183,DISCOVERED,2026-07-31T23:48:55+00:00
sub-e466c4ef5ccc0af81ad13308,challenger-rt-scat-pack-64-gas,cat-bcce3422eee343e7ca810174,SUBCATEGORY,Emergency Kit,emergency kit,wheels--emergency-kit,https://www.moparamerica.com/v-2017-dodge-challenger--r-t-scat-pack--6-4l-v8-gas/wheels--emergency-kit,184,DISCOVERED,2026-07-31T23:48:55+00:00
sub-ebf7ab1dae73c3d65aec724a,challenger-rt-scat-pack-64-gas,cat-bcce3422eee343e7ca810174,SUBCATEGORY,Jack Stowage,jack stowage,wheels--jack-stowage,https://www.moparamerica.com/v-2017-dodge-challenger--r-t-scat-pack--6-4l-v8-gas/wheels--jack-stowage,185,DISCOVERED,2026-07-31T23:48:55+00:00
sub-c8f69c89622deae1517d9465,challenger-rt-scat-pack-64-gas,cat-bcce3422eee343e7ca810174,SUBCATEGORY,Tire Monitoring System,tire monitoring system,wheels--tire-monitoring-system,https://www.moparamerica.com/v-2017-dodge-challenger--r-t-scat-pack--6-4l-v8-gas/wheels--tire-monitoring-system,186,DISCOVERED,2026-07-31T23:48:55+00:00
sub-bfa9ff16b141bf13a3df112a,challenger-rt-scat-pack-64-gas,cat-bcce3422eee343e7ca810174,SUBCATEGORY,Wheel Covers and Center Caps,wheel covers and center caps,wheels--wheel-covers-and-center-caps,https://www.moparamerica.com/v-2017-dodge-challenger--r-t-scat-pack--6-4l-v8-gas/wheels--wheel-covers-and-center-caps,187,DISCOVERED,2026-07-31T23:48:55+00:00
sub-0ffe3eebffe9400c03017bea,challenger-rt-scat-pack-64-gas,cat-bcce3422eee343e7ca810174,SUBCATEGORY,Wheel Spare,wheel spare,wheels--wheel-spare,https://www.moparamerica.com/v-2017-dodge-challenger--r-t-scat-pack--6-4l-v8-gas/wheels--wheel-spare,188,DISCOVERED,2026-07-31T23:48:55+00:00
cat-bcce3422eee343e7ca810174,challenger-rt-scat-pack-64-gas,,CATEGORY,Wheels,wheels,wheels,https://www.moparamerica.com/v-2017-dodge-challenger--r-t-scat-pack--6-4l-v8-gas/wheels,189,DISCOVERED,2026-07-31T23:48:55+00:00
sub-1bdeec14acd79fbed9fa09f6,challenger-rt-scat-pack-64-gas,cat-bcce3422eee343e7ca810174,SUBCATEGORY,"Wheels, Tires and Hardware","wheels, tires and hardware",wheels--wheels-tires-and-hardware,https://www.moparamerica.com/v-2017-dodge-challenger--r-t-scat-pack--6-4l-v8-gas/wheels--wheels-tires-and-hardware,189,DISCOVERED,2026-07-31T23:48:55+00:00
cat-7b4e48640092e8282554976b,challenger-rt-scat-pack-64-gas,,CATEGORY,Parts,parts,auto-parts,https://www.moparamerica.com/v-2017-dodge-challenger--r-t-scat-pack--6-4l-v8-gas/auto-parts,190,DISCOVERED,2026-07-31T23:48:55+00:00
cat-d25aa34d9e31056214329e4b,challenger-rt-scat-pack-64-gas,,CATEGORY,Accessories,accessories,accessories,https://www.moparamerica.com/v-2017-dodge-challenger--r-t-scat-pack--6-4l-v8-gas/accessories,191,DISCOVERED,2026-07-31T23:48:55+00:00
cat-7ceac2c28710442de710a56b,challenger-sxt-36-gas,,CATEGORY,Parts,parts,auto-parts,https://www.moparamerica.com/v-2017-dodge-challenger--sxt--3-6l-v6-gas/auto-parts,1,DISCOVERED,2026-07-31T23:49:05+00:00
cat-023d17c39341255dd4b99a44,challenger-sxt-36-gas,,CATEGORY,Accessories,accessories,accessories,https://www.moparamerica.com/v-2017-dodge-challenger--sxt--3-6l-v6-gas/accessories,2,DISCOVERED,2026-07-31T23:49:05+00:00
sub-1d2a799550a5789f41c9d15c,challenger-sxt-36-gas,cat-42f23deff16a54475f516327,SUBCATEGORY,Camshaft and Valve,camshaft and valve,3-6l-gas-engine--camshaft-and-valve,https://www.moparamerica.com/v-2017-dodge-challenger--sxt--3-6l-v6-gas/3-6l-gas-engine--camshaft-and-valve,3,DISCOVERED,2026-07-31T23:49:05+00:00
sub-a901bbf226a01c01f645ea28,challenger-sxt-36-gas,cat-42f23deff16a54475f516327,SUBCATEGORY,Crankcase Ventilation,crankcase ventilation,3-6l-gas-engine--crankcase-ventilation,https://www.moparamerica.com/v-2017-dodge-challenger--sxt--3-6l-v6-gas/3-6l-gas-engine--crankcase-ventilation,4,DISCOVERED,2026-07-31T23:49:05+00:00
sub-af7d897538863f94973471c1,challenger-sxt-36-gas,cat-42f23deff16a54475f516327,SUBCATEGORY,"Crankshaft, Piston, Drive Plate, Flywheel, and Damper","crankshaft, piston, drive plate, flywheel, and damper",3-6l-gas-engine--crankshaft-piston-drive-plate-flywheel-and-damper,https://www.moparamerica.com/v-2017-dodge-challenger--sxt--3-6l-v6-gas/3-6l-gas-engine--crankshaft-piston-drive-plate-flywheel-and-damper,5,DISCOVERED,2026-07-31T23:49:05+00:00
sub-72d389b39509d049fb28946a,challenger-sxt-36-gas,cat-42f23deff16a54475f516327,SUBCATEGORY,Cylinder Block,cylinder block,3-6l-gas-engine--cylinder-block,https://www.moparamerica.com/v-2017-dodge-challenger--sxt--3-6l-v6-gas/3-6l-gas-engine--cylinder-block,6,DISCOVERED,2026-07-31T23:49:05+00:00
sub-6958ef22476f6b398e54cae3,challenger-sxt-36-gas,cat-42f23deff16a54475f516327,SUBCATEGORY,Cylinder Head,cylinder head,3-6l-gas-engine--cylinder-head,https://www.moparamerica.com/v-2017-dodge-challenger--sxt--3-6l-v6-gas/3-6l-gas-engine--cylinder-head,7,DISCOVERED,2026-07-31T23:49:05+00:00
sub-13c049bbed840f2f24479818,challenger-sxt-36-gas,cat-42f23deff16a54475f516327,SUBCATEGORY,"Engine Identification, Service Engines & Engine Service Kits","engine identification, service engines & engine service kits",3-6l-gas-engine--engine-identification-service-engines-and-engine-service-kits,https://www.moparamerica.com/v-2017-dodge-challenger--sxt--3-6l-v6-gas/3-6l-gas-engine--engine-identification-service-engines-and-engine-service-kits,8,DISCOVERED,2026-07-31T23:49:05+00:00
sub-9286248781ebf7f932ab5312,challenger-sxt-36-gas,cat-42f23deff16a54475f516327,SUBCATEGORY,Engine Mounting,engine mounting,3-6l-gas-engine--engine-mounting,https://www.moparamerica.com/v-2017-dodge-challenger--sxt--3-6l-v6-gas/3-6l-gas-engine--engine-mounting,9,DISCOVERED,2026-07-31T23:49:05+00:00
sub-e85f65d664d88a40dab73e0a,challenger-sxt-36-gas,cat-42f23deff16a54475f516327,SUBCATEGORY,"Engine Oiling, Oil Pan and Indicator (Dipstick)","engine oiling, oil pan and indicator (dipstick)",3-6l-gas-engine--engine-oiling-oil-pan-and-indicator-dipstick,https://www.moparamerica.com/v-2017-dodge-challenger--sxt--3-6l-v6-gas/3-6l-gas-engine--engine-oiling-oil-pan-and-indicator-dipstick,10,DISCOVERED,2026-07-31T23:49:05+00:00
sub-33d27efb4653ec1ba7ee3c81,challenger-sxt-36-gas,cat-42f23deff16a54475f516327,SUBCATEGORY,Manifolds and Vacuum Fittings,manifolds and vacuum fittings,3-6l-gas-engine--manifolds-and-vacuum-fittings,https://www.moparamerica.com/v-2017-dodge-challenger--sxt--3-6l-v6-gas/3-6l-gas-engine--manifolds-and-vacuum-fittings,11,DISCOVERED,2026-07-31T23:49:05+00:00
cat-42f23deff16a54475f516327,challenger-sxt-36-gas,,CATEGORY,3 6L Gas Engine,3 6l gas engine,3-6l-gas-engine,https://www.moparamerica.com/v-2017-dodge-challenger--sxt--3-6l-v6-gas/3-6l-gas-engine,12,DISCOVERED,2026-07-31T23:49:05+00:00
sub-4b3942f6caee2547e04bff7a,challenger-sxt-36-gas,cat-42f23deff16a54475f516327,SUBCATEGORY,Timing Belt Chain And Cover And Balance Shaft,timing belt chain and cover and balance shaft,3-6l-gas-engine--timing-belt-chain-and-cover-and-balance-shaft,https://www.moparamerica.com/v-2017-dodge-challenger--sxt--3-6l-v6-gas/3-6l-gas-engine--timing-belt-chain-and-cover-and-balance-shaft,12,DISCOVERED,2026-07-31T23:49:05+00:00
sub-366934539dc9d2ac7cded085,challenger-sxt-36-gas,cat-c5b38c05baaae532daa14ff4,SUBCATEGORY,Camshaft and Valve,camshaft and valve,5-7l-gas-engine--camshaft-and-valve,https://www.moparamerica.com/v-2017-dodge-challenger--sxt--3-6l-v6-gas/5-7l-gas-engine--camshaft-and-valve,13,DISCOVERED,2026-07-31T23:49:05+00:00
sub-5adc30ff4b149a1b4af0e2cf,challenger-sxt-36-gas,cat-c5b38c05baaae532daa14ff4,SUBCATEGORY,Cylinder Block,cylinder block,5-7l-gas-engine--cylinder-block,https://www.moparamerica.com/v-2017-dodge-challenger--sxt--3-6l-v6-gas/5-7l-gas-engine--cylinder-block,14,DISCOVERED,2026-07-31T23:49:05+00:00
sub-332f2b4ebb34845f20e6b65f,challenger-sxt-36-gas,cat-c5b38c05baaae532daa14ff4,SUBCATEGORY,Engine Mounting,engine mounting,5-7l-gas-engine--engine-mounting,https://www.moparamerica.com/v-2017-dodge-challenger--sxt--3-6l-v6-gas/5-7l-gas-engine--engine-mounting,15,DISCOVERED,2026-07-31T23:49:05+00:00
cat-c5b38c05baaae532daa14ff4,challenger-sxt-36-gas,,CATEGORY,5 7L Gas Engine,5 7l gas engine,5-7l-gas-engine,https://www.moparamerica.com/v-2017-dodge-challenger--sxt--3-6l-v6-gas/5-7l-gas-engine,16,DISCOVERED,2026-07-31T23:49:05+00:00
sub-e1b5cb541e2832e9479fed14,challenger-sxt-36-gas,cat-c5b38c05baaae532daa14ff4,SUBCATEGORY,"Engine Oiling, Oil Pan and Indicator (Dipstick)","engine oiling, oil pan and indicator (dipstick)",5-7l-gas-engine--engine-oiling-oil-pan-and-indicator-dipstick,https://www.moparamerica.com/v-2017-dodge-challenger--sxt--3-6l-v6-gas/5-7l-gas-engine--engine-oiling-oil-pan-and-indicator-dipstick,16,DISCOVERED,2026-07-31T23:49:05+00:00
sub-a59021b4e59a40afdaf8734f,challenger-sxt-36-gas,cat-34371e32c417d17cde95d6cf,SUBCATEGORY,Camshaft and Valve,camshaft and valve,5-7lgas-engine--camshaft-and-valve,https://www.moparamerica.com/v-2017-dodge-challenger--sxt--3-6l-v6-gas/5-7lgas-engine--camshaft-and-valve,17,DISCOVERED,2026-07-31T23:49:05+00:00
sub-a83d6cc91ce61b10b1f878ae,challenger-sxt-36-gas,cat-34371e32c417d17cde95d6cf,SUBCATEGORY,Engine Mounting,engine mounting,5-7lgas-engine--engine-mounting,https://www.moparamerica.com/v-2017-dodge-challenger--sxt--3-6l-v6-gas/5-7lgas-engine--engine-mounting,18,DISCOVERED,2026-07-31T23:49:05+00:00
cat-34371e32c417d17cde95d6cf,challenger-sxt-36-gas,,CATEGORY,5 7Lgas Engine,5 7lgas engine,5-7lgas-engine,https://www.moparamerica.com/v-2017-dodge-challenger--sxt--3-6l-v6-gas/5-7lgas-engine,19,DISCOVERED,2026-07-31T23:49:05+00:00
sub-af5abe1902285d6412f4d7c4,challenger-sxt-36-gas,cat-34371e32c417d17cde95d6cf,SUBCATEGORY,"Engine Oiling, Oil Pan and Indicator (Dipstick)","engine oiling, oil pan and indicator (dipstick)",5-7lgas-engine--engine-oiling-oil-pan-and-indicator-dipstick,https://www.moparamerica.com/v-2017-dodge-challenger--sxt--3-6l-v6-gas/5-7lgas-engine--engine-oiling-oil-pan-and-indicator-dipstick,19,DISCOVERED,2026-07-31T23:49:05+00:00
sub-8ba0fbf665b266834ccbd240,challenger-sxt-36-gas,cat-29e878dff22aab5fd3634df0,SUBCATEGORY,Camshaft and Valve,camshaft and valve,6-2l-gas-engine--camshaft-and-valve,https://www.moparamerica.com/v-2017-dodge-challenger--sxt--3-6l-v6-gas/6-2l-gas-engine--camshaft-and-valve,20,DISCOVERED,2026-07-31T23:49:05+00:00
sub-ab45e44fb866044ede44547e,challenger-sxt-36-gas,cat-29e878dff22aab5fd3634df0,SUBCATEGORY,Engine Mounting,engine mounting,6-2l-gas-engine--engine-mounting,https://www.moparamerica.com/v-2017-dodge-challenger--sxt--3-6l-v6-gas/6-2l-gas-engine--engine-mounting,21,DISCOVERED,2026-07-31T23:49:05+00:00
sub-773ca25705365e98d660d23f,challenger-sxt-36-gas,cat-29e878dff22aab5fd3634df0,SUBCATEGORY,Engine Oil Cooler,engine oil cooler,6-2l-gas-engine--engine-oil-cooler,https://www.moparamerica.com/v-2017-dodge-challenger--sxt--3-6l-v6-gas/6-2l-gas-engine--engine-oil-cooler,22,DISCOVERED,2026-07-31T23:49:05+00:00
cat-29e878dff22aab5fd3634df0,challenger-sxt-36-gas,,CATEGORY,6 2L Gas Engine,6 2l gas engine,6-2l-gas-engine,https://www.moparamerica.com/v-2017-dodge-challenger--sxt--3-6l-v6-gas/6-2l-gas-engine,23,DISCOVERED,2026-07-31T23:49:05+00:00
sub-bfc8a5b4c16daa3b7d77cf05,challenger-sxt-36-gas,cat-29e878dff22aab5fd3634df0,SUBCATEGORY,"Engine Oiling, Oil Pan and Indicator (Dipstick)","engine oiling, oil pan and indicator (dipstick)",6-2l-gas-engine--engine-oiling-oil-pan-and-indicator-dipstick,https://www.moparamerica.com/v-2017-dodge-challenger--sxt--3-6l-v6-gas/6-2l-gas-engine--engine-oiling-oil-pan-and-indicator-dipstick,23,DISCOVERED,2026-07-31T23:49:05+00:00
sub-03c66fc41630ef1a18f883f4,challenger-sxt-36-gas,cat-424f7785f76a5a176afc690e,SUBCATEGORY,Camshaft and Valve,camshaft and valve,6-4l-gas-engine--camshaft-and-valve,https://www.moparamerica.com/v-2017-dodge-challenger--sxt--3-6l-v6-gas/6-4l-gas-engine--camshaft-and-valve,24,DISCOVERED,2026-07-31T23:49:05+00:00
sub-25d2d226b6a30274ab7138eb,challenger-sxt-36-gas,cat-424f7785f76a5a176afc690e,SUBCATEGORY,Engine Mounting,engine mounting,6-4l-gas-engine--engine-mounting,https://www.moparamerica.com/v-2017-dodge-challenger--sxt--3-6l-v6-gas/6-4l-gas-engine--engine-mounting,25,DISCOVERED,2026-07-31T23:49:05+00:00
cat-424f7785f76a5a176afc690e,challenger-sxt-36-gas,,CATEGORY,6 4L Gas Engine,6 4l gas engine,6-4l-gas-engine,https://www.moparamerica.com/v-2017-dodge-challenger--sxt--3-6l-v6-gas/6-4l-gas-engine,26,DISCOVERED,2026-07-31T23:49:05+00:00
sub-0381b1175b57d1540d3bccd7,challenger-sxt-36-gas,cat-424f7785f76a5a176afc690e,SUBCATEGORY,"Engine Oiling, Oil Pan and Indicator (Dipstick)","engine oiling, oil pan and indicator (dipstick)",6-4l-gas-engine--engine-oiling-oil-pan-and-indicator-dipstick,https://www.moparamerica.com/v-2017-dodge-challenger--sxt--3-6l-v6-gas/6-4l-gas-engine--engine-oiling-oil-pan-and-indicator-dipstick,26,DISCOVERED,2026-07-31T23:49:05+00:00
sub-0b47af5207dfd32898208230,challenger-sxt-36-gas,cat-b2723f7da1c97c1d8f856161,SUBCATEGORY,Automatic Transmission Transaxle And Torque Converter,automatic transmission transaxle and torque converter,845re-8-speed-automatic-transmission--automatic-transmission-transaxle-and-torque-converter,https://www.moparamerica.com/v-2017-dodge-challenger--sxt--3-6l-v6-gas/845re-8-speed-automatic-transmission--automatic-transmission-transaxle-and-torque-converter,27,DISCOVERED,2026-07-31T23:49:05+00:00
sub-5a1015140e663169476729f4,challenger-sxt-36-gas,cat-b2723f7da1c97c1d8f856161,SUBCATEGORY,"Case, Extension, Oil Pan, and Indicator (Dipstick)","case, extension, oil pan, and indicator (dipstick)",845re-8-speed-automatic-transmission--case-extension-oil-pan-and-indicator-dipstick,https://www.moparamerica.com/v-2017-dodge-challenger--sxt--3-6l-v6-gas/845re-8-speed-automatic-transmission--case-extension-oil-pan-and-indicator-dipstick,28,DISCOVERED,2026-07-31T23:49:05+00:00
sub-aab262c9814babb46d6f479e,challenger-sxt-36-gas,cat-b2723f7da1c97c1d8f856161,SUBCATEGORY,Gearshift Controls and Related Parts,gearshift controls and related parts,845re-8-speed-automatic-transmission--gearshift-controls-and-related-parts,https://www.moparamerica.com/v-2017-dodge-challenger--sxt--3-6l-v6-gas/845re-8-speed-automatic-transmission--gearshift-controls-and-related-parts,29,DISCOVERED,2026-07-31T23:49:05+00:00
sub-0b62a6f17eb1c4b53abedeca,challenger-sxt-36-gas,cat-b2723f7da1c97c1d8f856161,SUBCATEGORY,Mounting and Skid Plate,mounting and skid plate,845re-8-speed-automatic-transmission--mounting-and-skid-plate,https://www.moparamerica.com/v-2017-dodge-challenger--sxt--3-6l-v6-gas/845re-8-speed-automatic-transmission--mounting-and-skid-plate,30,DISCOVERED,2026-07-31T23:49:05+00:00
sub-4d7b1260e22ed5afe7296f8b,challenger-sxt-36-gas,cat-b2723f7da1c97c1d8f856161,SUBCATEGORY,Oil Pump,oil pump,845re-8-speed-automatic-transmission--oil-pump,https://www.moparamerica.com/v-2017-dodge-challenger--sxt--3-6l-v6-gas/845re-8-speed-automatic-transmission--oil-pump,31,DISCOVERED,2026-07-31T23:49:05+00:00
cat-b2723f7da1c97c1d8f856161,challenger-sxt-36-gas,,CATEGORY,845Re 8 Speed Automatic Transmission,845re 8 speed automatic transmission,845re-8-speed-automatic-transmission,https://www.moparamerica.com/v-2017-dodge-challenger--sxt--3-6l-v6-gas/845re-8-speed-automatic-transmission,32,DISCOVERED,2026-07-31T23:49:05+00:00
sub-a4620ba69f844b5b4261e532,challenger-sxt-36-gas,cat-b2723f7da1c97c1d8f856161,SUBCATEGORY,"Valve Body, Accumulator, Solenoid and Parking Sprag","valve body, accumulator, solenoid and parking sprag",845re-8-speed-automatic-transmission--valve-body-accumulator-solenoid-and-parking-sprag,https://www.moparamerica.com/v-2017-dodge-challenger--sxt--3-6l-v6-gas/845re-8-speed-automatic-transmission--valve-body-accumulator-solenoid-and-parking-sprag,32,DISCOVERED,2026-07-31T23:49:05+00:00
sub-2e26fdd1addb2b4b37f44a8f,challenger-sxt-36-gas,cat-cb68fe7d8de1612c57345be1,SUBCATEGORY,Automatic Transmission Transaxle And Torque Converter,automatic transmission transaxle and torque converter,8hp70-8-speed-automatic-transmission--automatic-transmission-transaxle-and-torque-converter,https://www.moparamerica.com/v-2017-dodge-challenger--sxt--3-6l-v6-gas/8hp70-8-speed-automatic-transmission--automatic-transmission-transaxle-and-torque-converter,33,DISCOVERED,2026-07-31T23:49:05+00:00
sub-e514cf4431e09a3a67a928a6,challenger-sxt-36-gas,cat-cb68fe7d8de1612c57345be1,SUBCATEGORY,Gearshift Controls and Related Parts,gearshift controls and related parts,8hp70-8-speed-automatic-transmission--gearshift-controls-and-related-parts,https://www.moparamerica.com/v-2017-dodge-challenger--sxt--3-6l-v6-gas/8hp70-8-speed-automatic-transmission--gearshift-controls-and-related-parts,34,DISCOVERED,2026-07-31T23:49:05+00:00
cat-cb68fe7d8de1612c57345be1,challenger-sxt-36-gas,,CATEGORY,8Hp70 8 Speed Automatic Transmission,8hp70 8 speed automatic transmission,8hp70-8-speed-automatic-transmission,https://www.moparamerica.com/v-2017-dodge-challenger--sxt--3-6l-v6-gas/8hp70-8-speed-automatic-transmission,35,DISCOVERED,2026-07-31T23:49:05+00:00
sub-009c51c0e6ca2a6a9fc869d1,challenger-sxt-36-gas,cat-cb68fe7d8de1612c57345be1,SUBCATEGORY,Mounting and Skid Plate,mounting and skid plate,8hp70-8-speed-automatic-transmission--mounting-and-skid-plate,https://www.moparamerica.com/v-2017-dodge-challenger--sxt--3-6l-v6-gas/8hp70-8-speed-automatic-transmission--mounting-and-skid-plate,35,DISCOVERED,2026-07-31T23:49:05+00:00
sub-bdc1cf4506f52a3c3024bd86,challenger-sxt-36-gas,cat-617983615f0b41e61a72b1ac,SUBCATEGORY,Automatic Transmission Transaxle And Torque Converter,automatic transmission transaxle and torque converter,8hp90-8-speed-automatic-transmission--automatic-transmission-transaxle-and-torque-converter,https://www.moparamerica.com/v-2017-dodge-challenger--sxt--3-6l-v6-gas/8hp90-8-speed-automatic-transmission--automatic-transmission-transaxle-and-torque-converter,36,DISCOVERED,2026-07-31T23:49:05+00:00
sub-9fb4760610c93829bdcc2969,challenger-sxt-36-gas,cat-617983615f0b41e61a72b1ac,SUBCATEGORY,Gearshift Controls and Related Parts,gearshift controls and related parts,8hp90-8-speed-automatic-transmission--gearshift-controls-and-related-parts,https://www.moparamerica.com/v-2017-dodge-challenger--sxt--3-6l-v6-gas/8hp90-8-speed-automatic-transmission--gearshift-controls-and-related-parts,37,DISCOVERED,2026-07-31T23:49:05+00:00
cat-617983615f0b41e61a72b1ac,challenger-sxt-36-gas,,CATEGORY,8Hp90 8 Speed Automatic Transmission,8hp90 8 speed automatic transmission,8hp90-8-speed-automatic-transmission,https://www.moparamerica.com/v-2017-dodge-challenger--sxt--3-6l-v6-gas/8hp90-8-speed-automatic-transmission,38,DISCOVERED,2026-07-31T23:49:05+00:00
sub-ad57d14fd27c635f5b6bd2fd,challenger-sxt-36-gas,cat-617983615f0b41e61a72b1ac,SUBCATEGORY,Mounting and Skid Plate,mounting and skid plate,8hp90-8-speed-automatic-transmission--mounting-and-skid-plate,https://www.moparamerica.com/v-2017-dodge-challenger--sxt--3-6l-v6-gas/8hp90-8-speed-automatic-transmission--mounting-and-skid-plate,38,DISCOVERED,2026-07-31T23:49:05+00:00
sub-f5564fdb4640234729b249f8,challenger-sxt-36-gas,cat-1fdcac26d406e3c24412c8b9,SUBCATEGORY,Air Conditioner and Heater Controls,air conditioner and heater controls,air-conditioners-and-heaters--air-conditioner-and-heater-controls,https://www.moparamerica.com/v-2017-dodge-challenger--sxt--3-6l-v6-gas/air-conditioners-and-heaters--air-conditioner-and-heater-controls,39,DISCOVERED,2026-07-31T23:49:05+00:00
sub-16023e69eb0aecb5bdd1a1bd,challenger-sxt-36-gas,cat-1fdcac26d406e3c24412c8b9,SUBCATEGORY,Air Conditioner and Heater Plumbing,air conditioner and heater plumbing,air-conditioners-and-heaters--air-conditioner-and-heater-plumbing,https://www.moparamerica.com/v-2017-dodge-challenger--sxt--3-6l-v6-gas/air-conditioners-and-heaters--air-conditioner-and-heater-plumbing,40,DISCOVERED,2026-07-31T23:49:05+00:00
sub-17f2deb37337100907b4ea84,challenger-sxt-36-gas,cat-1fdcac26d406e3c24412c8b9,SUBCATEGORY,Air Conditioner and Heater Units,air conditioner and heater units,air-conditioners-and-heaters--air-conditioner-and-heater-units,https://www.moparamerica.com/v-2017-dodge-challenger--sxt--3-6l-v6-gas/air-conditioners-and-heaters--air-conditioner-and-heater-units,41,DISCOVERED,2026-07-31T23:49:05+00:00
sub-9e2f07f263fa340ebcb41905,challenger-sxt-36-gas,cat-1fdcac26d406e3c24412c8b9,SUBCATEGORY,Air Conditioner Compressor and Mounting,air conditioner compressor and mounting,air-conditioners-and-heaters--air-conditioner-compressor-and-mounting,https://www.moparamerica.com/v-2017-dodge-challenger--sxt--3-6l-v6-gas/air-conditioners-and-heaters--air-conditioner-compressor-and-mounting,42,DISCOVERED,2026-07-31T23:49:05+00:00
cat-1fdcac26d406e3c24412c8b9,challenger-sxt-36-gas,,CATEGORY,Air Conditioners And Heaters,air conditioners and heaters,air-conditioners-and-heaters,https://www.moparamerica.com/v-2017-dodge-challenger--sxt--3-6l-v6-gas/air-conditioners-and-heaters,43,DISCOVERED,2026-07-31T23:49:05+00:00
sub-4059e73b0421884b77431bf0,challenger-sxt-36-gas,cat-1fdcac26d406e3c24412c8b9,SUBCATEGORY,Air Ducts,air ducts,air-conditioners-and-heaters--air-ducts,https://www.moparamerica.com/v-2017-dodge-challenger--sxt--3-6l-v6-gas/air-conditioners-and-heaters--air-ducts,43,DISCOVERED,2026-07-31T23:49:05+00:00
sub-11143e1dfc87283034f4cc36,challenger-sxt-36-gas,cat-17dea6e5b38e1bb70b2674fb,SUBCATEGORY,Drive Shaft,drive shaft,all-wheel-drive-differential-and-drive-line--drive-shaft,https://www.moparamerica.com/v-2017-dodge-challenger--sxt--3-6l-v6-gas/all-wheel-drive-differential-and-drive-line--drive-shaft,44,DISCOVERED,2026-07-31T23:49:05+00:00
sub-b2d3bbdcf51a1201a4bed3af,challenger-sxt-36-gas,cat-17dea6e5b38e1bb70b2674fb,SUBCATEGORY,Front Axle Assembly,front axle assembly,all-wheel-drive-differential-and-drive-line--front-axle-assembly,https://www.moparamerica.com/v-2017-dodge-challenger--sxt--3-6l-v6-gas/all-wheel-drive-differential-and-drive-line--front-axle-assembly,45,DISCOVERED,2026-07-31T23:49:05+00:00
sub-b5acdd9acec5ef04e6e1ea32,challenger-sxt-36-gas,cat-17dea6e5b38e1bb70b2674fb,SUBCATEGORY,Rear Axle Assembly,rear axle assembly,all-wheel-drive-differential-and-drive-line--rear-axle-assembly,https://www.moparamerica.com/v-2017-dodge-challenger--sxt--3-6l-v6-gas/all-wheel-drive-differential-and-drive-line--rear-axle-assembly,46,DISCOVERED,2026-07-31T23:49:05+00:00
sub-1ecca3a90223be776d4aa5e0,challenger-sxt-36-gas,cat-17dea6e5b38e1bb70b2674fb,SUBCATEGORY,Rear Axle Shafts,rear axle shafts,all-wheel-drive-differential-and-drive-line--rear-axle-shafts,https://www.moparamerica.com/v-2017-dodge-challenger--sxt--3-6l-v6-gas/all-wheel-drive-differential-and-drive-line--rear-axle-shafts,47,DISCOVERED,2026-07-31T23:49:05+00:00
cat-17dea6e5b38e1bb70b2674fb,challenger-sxt-36-gas,,CATEGORY,All Wheel Drive Differential And Drive Line,all wheel drive differential and drive line,all-wheel-drive-differential-and-drive-line,https://www.moparamerica.com/v-2017-dodge-challenger--sxt--3-6l-v6-gas/all-wheel-drive-differential-and-drive-line,48,DISCOVERED,2026-07-31T23:49:05+00:00
sub-03ee832a4d0494d0f2ed2752,challenger-sxt-36-gas,cat-17dea6e5b38e1bb70b2674fb,SUBCATEGORY,"Rear Axle; Housing, Differential and Vent","rear axle; housing, differential and vent",all-wheel-drive-differential-and-drive-line--rear-axle-housing-differential-and-vent,https://www.moparamerica.com/v-2017-dodge-challenger--sxt--3-6l-v6-gas/all-wheel-drive-differential-and-drive-line--rear-axle-housing-differential-and-vent,48,DISCOVERED,2026-07-31T23:49:05+00:00
sub-4fbfe2d6720f07f197b82094,challenger-sxt-36-gas,cat-de2d1d65b49c9e15f512173b,SUBCATEGORY,Remote Start,remote start,accessories-audio-video-and-electronics-accessories--remote-start,https://www.moparamerica.com/v-2017-dodge-challenger--sxt--3-6l-v6-gas/accessories-audio-video-and-electronics-accessories--remote-start,49,DISCOVERED,2026-07-31T23:49:05+00:00
cat-de2d1d65b49c9e15f512173b,challenger-sxt-36-gas,,CATEGORY,Accessories Audio Video And Electronics Accessories,accessories audio video and electronics accessories,accessories-audio-video-and-electronics-accessories,https://www.moparamerica.com/v-2017-dodge-challenger--sxt--3-6l-v6-gas/accessories-audio-video-and-electronics-accessories,50,DISCOVERED,2026-07-31T23:49:05+00:00
sub-b19f06f502b0082c25dcc347,challenger-sxt-36-gas,cat-de2d1d65b49c9e15f512173b,SUBCATEGORY,Security,security,accessories-audio-video-and-electronics-accessories--security,https://www.moparamerica.com/v-2017-dodge-challenger--sxt--3-6l-v6-gas/accessories-audio-video-and-electronics-accessories--security,50,DISCOVERED,2026-07-31T23:49:05+00:00
sub-6ba1af2b16dc36c8ffe17251,challenger-sxt-36-gas,cat-1c641e06ad847d5fd35a7ef4,SUBCATEGORY,Aperture Panel and Pillar Supports,aperture panel and pillar supports,body-sheet-metal-except-doors--aperture-panel-and-pillar-supports,https://www.moparamerica.com/v-2017-dodge-challenger--sxt--3-6l-v6-gas/body-sheet-metal-except-doors--aperture-panel-and-pillar-supports,51,DISCOVERED,2026-07-31T23:49:05+00:00
sub-71c6ed66b573d08796be751c,challenger-sxt-36-gas,cat-1c641e06ad847d5fd35a7ef4,SUBCATEGORY,"Body Structure Welds, Weatherstrips, Seals, Sealers and Adhesives","body structure welds, weatherstrips, seals, sealers and adhesives",body-sheet-metal-except-doors--body-structure-welds-weatherstrips-seals-sealers-and-adhesives,https://www.moparamerica.com/v-2017-dodge-challenger--sxt--3-6l-v6-gas/body-sheet-metal-except-doors--body-structure-welds-weatherstrips-seals-sealers-and-adhesives,52,DISCOVERED,2026-07-31T23:49:05+00:00
sub-e8bd5ea79008a854b2c6b7e2,challenger-sxt-36-gas,cat-1c641e06ad847d5fd35a7ef4,SUBCATEGORY,Cowl and Dash Panel,cowl and dash panel,body-sheet-metal-except-doors--cowl-and-dash-panel,https://www.moparamerica.com/v-2017-dodge-challenger--sxt--3-6l-v6-gas/body-sheet-metal-except-doors--cowl-and-dash-panel,53,DISCOVERED,2026-07-31T23:49:05+00:00
sub-bc4be4e2cce8bddd8fe9f4e8,challenger-sxt-36-gas,cat-1c641e06ad847d5fd35a7ef4,SUBCATEGORY,Deck Lid,deck lid,body-sheet-metal-except-doors--deck-lid,https://www.moparamerica.com/v-2017-dodge-challenger--sxt--3-6l-v6-gas/body-sheet-metal-except-doors--deck-lid,54,DISCOVERED,2026-07-31T23:49:05+00:00
sub-a540da80df3fb16d5b974f3a,challenger-sxt-36-gas,cat-1c641e06ad847d5fd35a7ef4,SUBCATEGORY,Fenders,fenders,body-sheet-metal-except-doors--fenders,https://www.moparamerica.com/v-2017-dodge-challenger--sxt--3-6l-v6-gas/body-sheet-metal-except-doors--fenders,55,DISCOVERED,2026-07-31T23:49:05+00:00
sub-2cf89d8523b71c585368a79c,challenger-sxt-36-gas,cat-1c641e06ad847d5fd35a7ef4,SUBCATEGORY,Floor Pans,floor pans,body-sheet-metal-except-doors--floor-pans,https://www.moparamerica.com/v-2017-dodge-challenger--sxt--3-6l-v6-gas/body-sheet-metal-except-doors--floor-pans,56,DISCOVERED,2026-07-31T23:49:05+00:00
sub-8193439111fb5b42063a0e98,challenger-sxt-36-gas,cat-1c641e06ad847d5fd35a7ef4,SUBCATEGORY,Hood and Hood Release,hood and hood release,body-sheet-metal-except-doors--hood-and-hood-release,https://www.moparamerica.com/v-2017-dodge-challenger--sxt--3-6l-v6-gas/body-sheet-metal-except-doors--hood-and-hood-release,57,DISCOVERED,2026-07-31T23:49:05+00:00
sub-1b523172773157e714b6aba6,challenger-sxt-36-gas,cat-1c641e06ad847d5fd35a7ef4,SUBCATEGORY,Plugs,plugs,body-sheet-metal-except-doors--plugs,https://www.moparamerica.com/v-2017-dodge-challenger--sxt--3-6l-v6-gas/body-sheet-metal-except-doors--plugs,58,DISCOVERED,2026-07-31T23:49:05+00:00
sub-bf4f84fab7389124f72c809a,challenger-sxt-36-gas,cat-1c641e06ad847d5fd35a7ef4,SUBCATEGORY,Roof,roof,body-sheet-metal-except-doors--roof,https://www.moparamerica.com/v-2017-dodge-challenger--sxt--3-6l-v6-gas/body-sheet-metal-except-doors--roof,59,DISCOVERED,2026-07-31T23:49:05+00:00
sub-d35eac7cc5ba87d6bf6088b1,challenger-sxt-36-gas,cat-1c641e06ad847d5fd35a7ef4,SUBCATEGORY,Shelf Panel,shelf panel,body-sheet-metal-except-doors--shelf-panel,https://www.moparamerica.com/v-2017-dodge-challenger--sxt--3-6l-v6-gas/body-sheet-metal-except-doors--shelf-panel,60,DISCOVERED,2026-07-31T23:49:05+00:00
cat-1c641e06ad847d5fd35a7ef4,challenger-sxt-36-gas,,CATEGORY,Body Sheet Metal Except Doors,body sheet metal except doors,body-sheet-metal-except-doors,https://www.moparamerica.com/v-2017-dodge-challenger--sxt--3-6l-v6-gas/body-sheet-metal-except-doors,61,DISCOVERED,2026-07-31T23:49:05+00:00
sub-91e988f861c7a30dbda57170,challenger-sxt-36-gas,cat-1c641e06ad847d5fd35a7ef4,SUBCATEGORY,Sunroof,sunroof,body-sheet-metal-except-doors--sunroof,https://www.moparamerica.com/v-2017-dodge-challenger--sxt--3-6l-v6-gas/body-sheet-metal-except-doors--sunroof,61,DISCOVERED,2026-07-31T23:49:05+00:00
sub-05df1697856188ba12bd5065,challenger-sxt-36-gas,cat-2398da69793984d23efcf885,SUBCATEGORY,Brake Master Cylinder,brake master cylinder,brakes--brake-master-cylinder,https://www.moparamerica.com/v-2017-dodge-challenger--sxt--3-6l-v6-gas/brakes--brake-master-cylinder,62,DISCOVERED,2026-07-31T23:49:05+00:00
sub-18dffe2276f4ffc3c4f8e181,challenger-sxt-36-gas,cat-2398da69793984d23efcf885,SUBCATEGORY,Brake Pedals,brake pedals,brakes--brake-pedals,https://www.moparamerica.com/v-2017-dodge-challenger--sxt--3-6l-v6-gas/brakes--brake-pedals,63,DISCOVERED,2026-07-31T23:49:05+00:00
sub-979e8d2ab467d51e456825c0,challenger-sxt-36-gas,cat-2398da69793984d23efcf885,SUBCATEGORY,Front Brakes,front brakes,brakes--front-brakes,https://www.moparamerica.com/v-2017-dodge-challenger--sxt--3-6l-v6-gas/brakes--front-brakes,64,DISCOVERED,2026-07-31T23:49:05+00:00
sub-d4e20c360a8abed83ccbb526,challenger-sxt-36-gas,cat-2398da69793984d23efcf885,SUBCATEGORY,"Hydraulic Control Unit, Brake Tubes and Hoses","hydraulic control unit, brake tubes and hoses",brakes--hydraulic-control-unit-brake-tubes-and-hoses,https://www.moparamerica.com/v-2017-dodge-challenger--sxt--3-6l-v6-gas/brakes--hydraulic-control-unit-brake-tubes-and-hoses,65,DISCOVERED,2026-07-31T23:49:05+00:00
sub-d8e64779d5bca626fb40d0af,challenger-sxt-36-gas,cat-2398da69793984d23efcf885,SUBCATEGORY,"Parking Brake Lever, Cables, and Rear Disc Park Brake Assembly","parking brake lever, cables, and rear disc park brake assembly",brakes--parking-brake-lever-cables-and-rear-disc-park-brake-assembly,https://www.moparamerica.com/v-2017-dodge-challenger--sxt--3-6l-v6-gas/brakes--parking-brake-lever-cables-and-rear-disc-park-brake-assembly,66,DISCOVERED,2026-07-31T23:49:05+00:00
sub-e31d4757b8afe2df8306bdb8,challenger-sxt-36-gas,cat-2398da69793984d23efcf885,SUBCATEGORY,Power Brake Booster,power brake booster,brakes--power-brake-booster,https://www.moparamerica.com/v-2017-dodge-challenger--sxt--3-6l-v6-gas/brakes--power-brake-booster,67,DISCOVERED,2026-07-31T23:49:05+00:00
cat-2398da69793984d23efcf885,challenger-sxt-36-gas,,CATEGORY,Brakes,brakes,brakes,https://www.moparamerica.com/v-2017-dodge-challenger--sxt--3-6l-v6-gas/brakes,68,DISCOVERED,2026-07-31T23:49:05+00:00
sub-db1da5a5b3d33c940886b6c8,challenger-sxt-36-gas,cat-2398da69793984d23efcf885,SUBCATEGORY,Rear Brakes,rear brakes,brakes--rear-brakes,https://www.moparamerica.com/v-2017-dodge-challenger--sxt--3-6l-v6-gas/brakes--rear-brakes,68,DISCOVERED,2026-07-31T23:49:05+00:00
sub-d6dce933cff36a1514525b82,challenger-sxt-36-gas,cat-3f22d5a65986897fe20cf39e,SUBCATEGORY,Clutch Controls,clutch controls,clutch--clutch-controls,https://www.moparamerica.com/v-2017-dodge-challenger--sxt--3-6l-v6-gas/clutch--clutch-controls,69,DISCOVERED,2026-07-31T23:49:05+00:00
cat-3f22d5a65986897fe20cf39e,challenger-sxt-36-gas,,CATEGORY,Clutch,clutch,clutch,https://www.moparamerica.com/v-2017-dodge-challenger--sxt--3-6l-v6-gas/clutch,70,DISCOVERED,2026-07-31T23:49:05+00:00
sub-3f4f71b7160e020556d1609b,challenger-sxt-36-gas,cat-3f22d5a65986897fe20cf39e,SUBCATEGORY,Clutch Pedals,clutch pedals,clutch--clutch-pedals,https://www.moparamerica.com/v-2017-dodge-challenger--sxt--3-6l-v6-gas/clutch--clutch-pedals,70,DISCOVERED,2026-07-31T23:49:05+00:00
cat-b29e5b9bed0933bc6ec35f75,challenger-sxt-36-gas,,CATEGORY,Conversion And Upfit Packages,conversion and upfit packages,conversion-and-upfit-packages,https://www.moparamerica.com/v-2017-dodge-challenger--sxt--3-6l-v6-gas/conversion-and-upfit-packages,71,DISCOVERED,2026-07-31T23:49:05+00:00
sub-7de619a043788df7b0e9bb85,challenger-sxt-36-gas,cat-b29e5b9bed0933bc6ec35f75,SUBCATEGORY,Exterior,exterior,conversion-and-upfit-packages--exterior,https://www.moparamerica.com/v-2017-dodge-challenger--sxt--3-6l-v6-gas/conversion-and-upfit-packages--exterior,71,DISCOVERED,2026-07-31T23:49:05+00:00
sub-1c5d1994338afc22abaeae12,challenger-sxt-36-gas,cat-37c4108df545ebacdca5516b,SUBCATEGORY,Drive Belts,drive belts,cooling--drive-belts,https://www.moparamerica.com/v-2017-dodge-challenger--sxt--3-6l-v6-gas/cooling--drive-belts,72,DISCOVERED,2026-07-31T23:49:05+00:00
sub-d8231652e8563f6b7d13f0ad,challenger-sxt-36-gas,cat-37c4108df545ebacdca5516b,SUBCATEGORY,Engine Coolant Reservoir (Bottle),engine coolant reservoir (bottle),cooling--engine-coolant-reservoir-bottle,https://www.moparamerica.com/v-2017-dodge-challenger--sxt--3-6l-v6-gas/cooling--engine-coolant-reservoir-bottle,73,DISCOVERED,2026-07-31T23:49:05+00:00
sub-a228084297c412f051159790,challenger-sxt-36-gas,cat-37c4108df545ebacdca5516b,SUBCATEGORY,Pulleys and Related Parts,pulleys and related parts,cooling--pulleys-and-related-parts,https://www.moparamerica.com/v-2017-dodge-challenger--sxt--3-6l-v6-gas/cooling--pulleys-and-related-parts,74,DISCOVERED,2026-07-31T23:49:05+00:00
sub-991d10dd5123baf851526f8a,challenger-sxt-36-gas,cat-37c4108df545ebacdca5516b,SUBCATEGORY,Radiator and Related Parts; Charge Air Cooler,radiator and related parts; charge air cooler,cooling--radiator-and-related-parts-charge-air-cooler,https://www.moparamerica.com/v-2017-dodge-challenger--sxt--3-6l-v6-gas/cooling--radiator-and-related-parts-charge-air-cooler,75,DISCOVERED,2026-07-31T23:49:05+00:00
sub-8dee1b0233aca2be63181f08,challenger-sxt-36-gas,cat-37c4108df545ebacdca5516b,SUBCATEGORY,"Transmission Oil Cooler, and Lines","transmission oil cooler, and lines",cooling--transmission-oil-cooler-and-lines,https://www.moparamerica.com/v-2017-dodge-challenger--sxt--3-6l-v6-gas/cooling--transmission-oil-cooler-and-lines,76,DISCOVERED,2026-07-31T23:49:05+00:00
cat-37c4108df545ebacdca5516b,challenger-sxt-36-gas,,CATEGORY,Cooling,cooling,cooling,https://www.moparamerica.com/v-2017-dodge-challenger--sxt--3-6l-v6-gas/cooling,77,DISCOVERED,2026-07-31T23:49:05+00:00
sub-94c9c340c7f80ac9842d25fd,challenger-sxt-36-gas,cat-37c4108df545ebacdca5516b,SUBCATEGORY,Water Pump and Related Parts,water pump and related parts,cooling--water-pump-and-related-parts,https://www.moparamerica.com/v-2017-dodge-challenger--sxt--3-6l-v6-gas/cooling--water-pump-and-related-parts,77,DISCOVERED,2026-07-31T23:49:05+00:00
cat-664fbd6d15418e2e7f786295,challenger-sxt-36-gas,,CATEGORY,Accessories Crate Engines,accessories crate engines,accessories-crate-engines,https://www.moparamerica.com/v-2017-dodge-challenger--sxt--3-6l-v6-gas/accessories-crate-engines,78,DISCOVERED,2026-07-31T23:49:05+00:00
sub-0829eca52b306ab3a49bb45f,challenger-sxt-36-gas,cat-664fbd6d15418e2e7f786295,SUBCATEGORY,Engines,engines,accessories-crate-engines--engines,https://www.moparamerica.com/v-2017-dodge-challenger--sxt--3-6l-v6-gas/accessories-crate-engines--engines,78,DISCOVERED,2026-07-31T23:49:05+00:00
sub-f5fc1acd8e43b0bae8eed412,challenger-sxt-36-gas,cat-72b6f07439ec5dfd06db93c6,SUBCATEGORY,Exterior Mirror,exterior mirror,doors-door-mirrors-and-related-parts--exterior-mirror,https://www.moparamerica.com/v-2017-dodge-challenger--sxt--3-6l-v6-gas/doors-door-mirrors-and-related-parts--exterior-mirror,79,DISCOVERED,2026-07-31T23:49:05+00:00
sub-bef11eb2172f1efa43884d89,challenger-sxt-36-gas,cat-72b6f07439ec5dfd06db93c6,SUBCATEGORY,Front Door,front door,doors-door-mirrors-and-related-parts--front-door,https://www.moparamerica.com/v-2017-dodge-challenger--sxt--3-6l-v6-gas/doors-door-mirrors-and-related-parts--front-door,80,DISCOVERED,2026-07-31T23:49:05+00:00
cat-72b6f07439ec5dfd06db93c6,challenger-sxt-36-gas,,CATEGORY,Doors Door Mirrors And Related Parts,doors door mirrors and related parts,doors-door-mirrors-and-related-parts,https://www.moparamerica.com/v-2017-dodge-challenger--sxt--3-6l-v6-gas/doors-door-mirrors-and-related-parts,81,DISCOVERED,2026-07-31T23:49:05+00:00
sub-612771968dcf31ae8807c304,challenger-sxt-36-gas,cat-72b6f07439ec5dfd06db93c6,SUBCATEGORY,Weatherstrips and Seals,weatherstrips and seals,doors-door-mirrors-and-related-parts--weatherstrips-and-seals,https://www.moparamerica.com/v-2017-dodge-challenger--sxt--3-6l-v6-gas/doors-door-mirrors-and-related-parts--weatherstrips-and-seals,81,DISCOVERED,2026-07-31T23:49:05+00:00
cat-bb6db40d6900c6f30a62f3f2,challenger-sxt-36-gas,,CATEGORY,Accessories Drag Pak,accessories drag pak,accessories-drag-pak,https://www.moparamerica.com/v-2017-dodge-challenger--sxt--3-6l-v6-gas/accessories-drag-pak,82,DISCOVERED,2026-07-31T23:49:05+00:00
sub-0bae4741a36a110978e58dd4,challenger-sxt-36-gas,cat-bb6db40d6900c6f30a62f3f2,SUBCATEGORY,Race Kits,race kits,accessories-drag-pak--race-kits,https://www.moparamerica.com/v-2017-dodge-challenger--sxt--3-6l-v6-gas/accessories-drag-pak--race-kits,82,DISCOVERED,2026-07-31T23:49:05+00:00
sub-b5ab339df86edc94598e8a64,challenger-sxt-36-gas,cat-a78b55b1705dc96daf2ed01a,SUBCATEGORY,"Battery, Battery Tray and Cables","battery, battery tray and cables",electrical--battery-battery-tray-and-cables,https://www.moparamerica.com/v-2017-dodge-challenger--sxt--3-6l-v6-gas/electrical--battery-battery-tray-and-cables,83,DISCOVERED,2026-07-31T23:49:05+00:00
sub-c399df3c2737697f0bd4cf2d,challenger-sxt-36-gas,cat-a78b55b1705dc96daf2ed01a,SUBCATEGORY,Generators Alternators,generators alternators,electrical--generators-alternators,https://www.moparamerica.com/v-2017-dodge-challenger--sxt--3-6l-v6-gas/electrical--generators-alternators,84,DISCOVERED,2026-07-31T23:49:05+00:00
sub-83b43d3581af4f5927b54eb5,challenger-sxt-36-gas,cat-a78b55b1705dc96daf2ed01a,SUBCATEGORY,Horns,horns,electrical--horns,https://www.moparamerica.com/v-2017-dodge-challenger--sxt--3-6l-v6-gas/electrical--horns,85,DISCOVERED,2026-07-31T23:49:05+00:00
sub-1d8dc9b9f7d0c7d648206f97,challenger-sxt-36-gas,cat-a78b55b1705dc96daf2ed01a,SUBCATEGORY,"Ignition - Spark Plugs, Cables, Coils, and Glow Plugs","ignition - spark plugs, cables, coils, and glow plugs",electrical--ignition-spark-plugs-cables-coils-and-glow-plugs,https://www.moparamerica.com/v-2017-dodge-challenger--sxt--3-6l-v6-gas/electrical--ignition-spark-plugs-cables-coils-and-glow-plugs,86,DISCOVERED,2026-07-31T23:49:05+00:00
sub-67dcd6856e212508d16c7095,challenger-sxt-36-gas,cat-a78b55b1705dc96daf2ed01a,SUBCATEGORY,Instrument Panel Cluster,instrument panel cluster,electrical--instrument-panel-cluster,https://www.moparamerica.com/v-2017-dodge-challenger--sxt--3-6l-v6-gas/electrical--instrument-panel-cluster,87,DISCOVERED,2026-07-31T23:49:05+00:00
sub-065eed186922a797bf8b806b,challenger-sxt-36-gas,cat-a78b55b1705dc96daf2ed01a,SUBCATEGORY,"Keys, Modules and Engine Controllers","keys, modules and engine controllers",electrical--keys-modules-and-engine-controllers,https://www.moparamerica.com/v-2017-dodge-challenger--sxt--3-6l-v6-gas/electrical--keys-modules-and-engine-controllers,88,DISCOVERED,2026-07-31T23:49:05+00:00
sub-e68a00945406ad027541a791,challenger-sxt-36-gas,cat-a78b55b1705dc96daf2ed01a,SUBCATEGORY,Lamps-Interior and Exterior,lamps-interior and exterior,electrical--lamps-interior-and-exterior,https://www.moparamerica.com/v-2017-dodge-challenger--sxt--3-6l-v6-gas/electrical--lamps-interior-and-exterior,89,DISCOVERED,2026-07-31T23:49:05+00:00
sub-2cf9bb9820d73b4c3e552e31,challenger-sxt-36-gas,cat-a78b55b1705dc96daf2ed01a,SUBCATEGORY,Park Assist,park assist,electrical--park-assist,https://www.moparamerica.com/v-2017-dodge-challenger--sxt--3-6l-v6-gas/electrical--park-assist,90,DISCOVERED,2026-07-31T23:49:05+00:00
sub-6423bd6115ed3ce50022b32d,challenger-sxt-36-gas,cat-a78b55b1705dc96daf2ed01a,SUBCATEGORY,"Power Distribution Center, Fuse Block, Junction Block, Relays and Fuses","power distribution center, fuse block, junction block, relays and fuses",electrical--power-distribution-center-fuse-block-junction-block-relays-and-fuses,https://www.moparamerica.com/v-2017-dodge-challenger--sxt--3-6l-v6-gas/electrical--power-distribution-center-fuse-block-junction-block-relays-and-fuses,91,DISCOVERED,2026-07-31T23:49:05+00:00
sub-ea9ff9e32c3080ff9e249356,challenger-sxt-36-gas,cat-a78b55b1705dc96daf2ed01a,SUBCATEGORY,"Radio, Antenna, Speakers, DVD, and Video systems","radio, antenna, speakers, dvd, and video systems",electrical--radio-antenna-speakers-dvd-and-video-systems,https://www.moparamerica.com/v-2017-dodge-challenger--sxt--3-6l-v6-gas/electrical--radio-antenna-speakers-dvd-and-video-systems,92,DISCOVERED,2026-07-31T23:49:05+00:00
sub-3e7edc0a0659779ecb116a77,challenger-sxt-36-gas,cat-a78b55b1705dc96daf2ed01a,SUBCATEGORY,Sensors,sensors,electrical--sensors,https://www.moparamerica.com/v-2017-dodge-challenger--sxt--3-6l-v6-gas/electrical--sensors,93,DISCOVERED,2026-07-31T23:49:05+00:00
sub-fe388f8d4e293a2a0bed087e,challenger-sxt-36-gas,cat-a78b55b1705dc96daf2ed01a,SUBCATEGORY,Speed Control,speed control,electrical--speed-control,https://www.moparamerica.com/v-2017-dodge-challenger--sxt--3-6l-v6-gas/electrical--speed-control,94,DISCOVERED,2026-07-31T23:49:05+00:00
sub-f39f85154eb7ad9601ae5bc6,challenger-sxt-36-gas,cat-a78b55b1705dc96daf2ed01a,SUBCATEGORY,Starters,starters,electrical--starters,https://www.moparamerica.com/v-2017-dodge-challenger--sxt--3-6l-v6-gas/electrical--starters,95,DISCOVERED,2026-07-31T23:49:05+00:00
sub-fc73e816ce49e09a05096709,challenger-sxt-36-gas,cat-a78b55b1705dc96daf2ed01a,SUBCATEGORY,Switches,switches,electrical--switches,https://www.moparamerica.com/v-2017-dodge-challenger--sxt--3-6l-v6-gas/electrical--switches,96,DISCOVERED,2026-07-31T23:49:05+00:00
sub-1944981ed046a198ef548ebe,challenger-sxt-36-gas,cat-a78b55b1705dc96daf2ed01a,SUBCATEGORY,Wiper and Washer System,wiper and washer system,electrical--wiper-and-washer-system,https://www.moparamerica.com/v-2017-dodge-challenger--sxt--3-6l-v6-gas/electrical--wiper-and-washer-system,97,DISCOVERED,2026-07-31T23:49:05+00:00
sub-a05a7a4ef32477d8da587044,challenger-sxt-36-gas,cat-a78b55b1705dc96daf2ed01a,SUBCATEGORY,Wiring-Body and Accessories,wiring-body and accessories,electrical--wiring-body-and-accessories,https://www.moparamerica.com/v-2017-dodge-challenger--sxt--3-6l-v6-gas/electrical--wiring-body-and-accessories,98,DISCOVERED,2026-07-31T23:49:05+00:00
sub-d6c1142e91c903235a3b2bfe,challenger-sxt-36-gas,cat-a78b55b1705dc96daf2ed01a,SUBCATEGORY,Wiring-Headlamp to Dash,wiring-headlamp to dash,electrical--wiring-headlamp-to-dash,https://www.moparamerica.com/v-2017-dodge-challenger--sxt--3-6l-v6-gas/electrical--wiring-headlamp-to-dash,99,DISCOVERED,2026-07-31T23:49:05+00:00
sub-ac92efa0f68ded24d7c3ae2a,challenger-sxt-36-gas,cat-a78b55b1705dc96daf2ed01a,SUBCATEGORY,Wiring-Instrument Panel,wiring-instrument panel,electrical--wiring-instrument-panel,https://www.moparamerica.com/v-2017-dodge-challenger--sxt--3-6l-v6-gas/electrical--wiring-instrument-panel,100,DISCOVERED,2026-07-31T23:49:05+00:00
cat-a78b55b1705dc96daf2ed01a,challenger-sxt-36-gas,,CATEGORY,Electrical,electrical,electrical,https://www.moparamerica.com/v-2017-dodge-challenger--sxt--3-6l-v6-gas/electrical,101,DISCOVERED,2026-07-31T23:49:05+00:00
sub-8d7cb086fc94a0e3b2d80bf3,challenger-sxt-36-gas,cat-a78b55b1705dc96daf2ed01a,SUBCATEGORY,Wiring-Powertrain,wiring-powertrain,electrical--wiring-powertrain,https://www.moparamerica.com/v-2017-dodge-challenger--sxt--3-6l-v6-gas/electrical--wiring-powertrain,101,DISCOVERED,2026-07-31T23:49:05+00:00
sub-7ebf5af225a78751740905fb,challenger-sxt-36-gas,cat-808d9204ac42083506bc749b,SUBCATEGORY,Emission Harness,emission harness,emission-controls--emission-harness,https://www.moparamerica.com/v-2017-dodge-challenger--sxt--3-6l-v6-gas/emission-controls--emission-harness,102,DISCOVERED,2026-07-31T23:49:05+00:00
cat-808d9204ac42083506bc749b,challenger-sxt-36-gas,,CATEGORY,Emission Controls,emission controls,emission-controls,https://www.moparamerica.com/v-2017-dodge-challenger--sxt--3-6l-v6-gas/emission-controls,103,DISCOVERED,2026-07-31T23:49:05+00:00
sub-aefca38647b2aab29a008362,challenger-sxt-36-gas,cat-808d9204ac42083506bc749b,SUBCATEGORY,Vacuum Canister Leak Detection Pump,vacuum canister leak detection pump,emission-controls--vacuum-canister-leak-detection-pump,https://www.moparamerica.com/v-2017-dodge-challenger--sxt--3-6l-v6-gas/emission-controls--vacuum-canister-leak-detection-pump,103,DISCOVERED,2026-07-31T23:49:05+00:00
cat-eb9783160c1bac08355338ed,challenger-sxt-36-gas,,CATEGORY,Exhaust,exhaust,exhaust,https://www.moparamerica.com/v-2017-dodge-challenger--sxt--3-6l-v6-gas/exhaust,104,DISCOVERED,2026-07-31T23:49:05+00:00
sub-b3b914f8fbfac4282ddfcf48,challenger-sxt-36-gas,cat-eb9783160c1bac08355338ed,SUBCATEGORY,Exhaust System,exhaust system,exhaust--exhaust-system,https://www.moparamerica.com/v-2017-dodge-challenger--sxt--3-6l-v6-gas/exhaust--exhaust-system,104,DISCOVERED,2026-07-31T23:49:05+00:00
sub-24eae9d6f39b80064fd67177,challenger-sxt-36-gas,cat-c9008fb1308430701410b8b7,SUBCATEGORY,Exterior Appearance,exterior appearance,accessories-exterior-accessories--exterior-appearance,https://www.moparamerica.com/v-2017-dodge-challenger--sxt--3-6l-v6-gas/accessories-exterior-accessories--exterior-appearance,105,DISCOVERED,2026-07-31T23:49:05+00:00
sub-90e13c314e980c7a1f81f9f7,challenger-sxt-36-gas,cat-c9008fb1308430701410b8b7,SUBCATEGORY,License Plate,license plate,accessories-exterior-accessories--license-plate,https://www.moparamerica.com/v-2017-dodge-challenger--sxt--3-6l-v6-gas/accessories-exterior-accessories--license-plate,106,DISCOVERED,2026-07-31T23:49:05+00:00
sub-43c8bcaeaecde9c7658f171e,challenger-sxt-36-gas,cat-c9008fb1308430701410b8b7,SUBCATEGORY,Locks,locks,accessories-exterior-accessories--locks,https://www.moparamerica.com/v-2017-dodge-challenger--sxt--3-6l-v6-gas/accessories-exterior-accessories--locks,107,DISCOVERED,2026-07-31T23:49:05+00:00
sub-0c4fcdc456d5c284e3e4bf40,challenger-sxt-36-gas,cat-c9008fb1308430701410b8b7,SUBCATEGORY,Protective Guards,protective guards,accessories-exterior-accessories--protective-guards,https://www.moparamerica.com/v-2017-dodge-challenger--sxt--3-6l-v6-gas/accessories-exterior-accessories--protective-guards,108,DISCOVERED,2026-07-31T23:49:05+00:00
sub-898fe6df51a5415ebff59487,challenger-sxt-36-gas,cat-c9008fb1308430701410b8b7,SUBCATEGORY,Splash Guards,splash guards,accessories-exterior-accessories--splash-guards,https://www.moparamerica.com/v-2017-dodge-challenger--sxt--3-6l-v6-gas/accessories-exterior-accessories--splash-guards,109,DISCOVERED,2026-07-31T23:49:05+00:00
cat-c9008fb1308430701410b8b7,challenger-sxt-36-gas,,CATEGORY,Accessories Exterior Accessories,accessories exterior accessories,accessories-exterior-accessories,https://www.moparamerica.com/v-2017-dodge-challenger--sxt--3-6l-v6-gas/accessories-exterior-accessories,110,DISCOVERED,2026-07-31T23:49:05+00:00
sub-0950f777c5f32d892c553986,challenger-sxt-36-gas,cat-c9008fb1308430701410b8b7,SUBCATEGORY,Wheels,wheels,accessories-exterior-accessories--wheels,https://www.moparamerica.com/v-2017-dodge-challenger--sxt--3-6l-v6-gas/accessories-exterior-accessories--wheels,110,DISCOVERED,2026-07-31T23:49:05+00:00
sub-e5d3724e16b102583766ab20,challenger-sxt-36-gas,cat-6d338ee5de4fa609fe88b5a0,SUBCATEGORY,Decals and Tape stripes,decals and tape stripes,exterior-ornamentation--decals-and-tape-stripes,https://www.moparamerica.com/v-2017-dodge-challenger--sxt--3-6l-v6-gas/exterior-ornamentation--decals-and-tape-stripes,111,DISCOVERED,2026-07-31T23:49:05+00:00
sub-98c7cbb706cb9fe0f67c3c28,challenger-sxt-36-gas,cat-6d338ee5de4fa609fe88b5a0,SUBCATEGORY,Grilles,grilles,exterior-ornamentation--grilles,https://www.moparamerica.com/v-2017-dodge-challenger--sxt--3-6l-v6-gas/exterior-ornamentation--grilles,112,DISCOVERED,2026-07-31T23:49:05+00:00
sub-6ba4f3eb25fc6ccebb9694c7,challenger-sxt-36-gas,cat-6d338ee5de4fa609fe88b5a0,SUBCATEGORY,Moldings and Ornamentation,moldings and ornamentation,exterior-ornamentation--moldings-and-ornamentation,https://www.moparamerica.com/v-2017-dodge-challenger--sxt--3-6l-v6-gas/exterior-ornamentation--moldings-and-ornamentation,113,DISCOVERED,2026-07-31T23:49:05+00:00
cat-6d338ee5de4fa609fe88b5a0,challenger-sxt-36-gas,,CATEGORY,Exterior Ornamentation,exterior ornamentation,exterior-ornamentation,https://www.moparamerica.com/v-2017-dodge-challenger--sxt--3-6l-v6-gas/exterior-ornamentation,114,DISCOVERED,2026-07-31T23:49:05+00:00
sub-c52b2f5960157cbd2a3de842,challenger-sxt-36-gas,cat-6d338ee5de4fa609fe88b5a0,SUBCATEGORY,Nameplates,nameplates,exterior-ornamentation--nameplates,https://www.moparamerica.com/v-2017-dodge-challenger--sxt--3-6l-v6-gas/exterior-ornamentation--nameplates,114,DISCOVERED,2026-07-31T23:49:05+00:00
sub-87e428587fd1444dc6e793d4,challenger-sxt-36-gas,cat-c1757a563e773060750e524b,SUBCATEGORY,Frames,frames,frame-bumper-and-fascia--frames,https://www.moparamerica.com/v-2017-dodge-challenger--sxt--3-6l-v6-gas/frame-bumper-and-fascia--frames,115,DISCOVERED,2026-07-31T23:49:05+00:00
sub-1995a2be8b74540bcff1c399,challenger-sxt-36-gas,cat-c1757a563e773060750e524b,SUBCATEGORY,Front Bumper and Fascia,front bumper and fascia,frame-bumper-and-fascia--front-bumper-and-fascia,https://www.moparamerica.com/v-2017-dodge-challenger--sxt--3-6l-v6-gas/frame-bumper-and-fascia--front-bumper-and-fascia,116,DISCOVERED,2026-07-31T23:49:05+00:00
cat-c1757a563e773060750e524b,challenger-sxt-36-gas,,CATEGORY,Frame Bumper And Fascia,frame bumper and fascia,frame-bumper-and-fascia,https://www.moparamerica.com/v-2017-dodge-challenger--sxt--3-6l-v6-gas/frame-bumper-and-fascia,117,DISCOVERED,2026-07-31T23:49:05+00:00
sub-7a1bc93bd01e6024317e08ce,challenger-sxt-36-gas,cat-c1757a563e773060750e524b,SUBCATEGORY,Rear Bumper and Fascia,rear bumper and fascia,frame-bumper-and-fascia--rear-bumper-and-fascia,https://www.moparamerica.com/v-2017-dodge-challenger--sxt--3-6l-v6-gas/frame-bumper-and-fascia--rear-bumper-and-fascia,117,DISCOVERED,2026-07-31T23:49:05+00:00
sub-bd76e7f379f5a8891a1d3978,challenger-sxt-36-gas,cat-5f7848bf2b9e1de13600ee2d,SUBCATEGORY,Front Stabilizer Bar,front stabilizer bar,front-suspension--front-stabilizer-bar,https://www.moparamerica.com/v-2017-dodge-challenger--sxt--3-6l-v6-gas/front-suspension--front-stabilizer-bar,118,DISCOVERED,2026-07-31T23:49:05+00:00
cat-5f7848bf2b9e1de13600ee2d,challenger-sxt-36-gas,,CATEGORY,Front Suspension,front suspension,front-suspension,https://www.moparamerica.com/v-2017-dodge-challenger--sxt--3-6l-v6-gas/front-suspension,119,DISCOVERED,2026-07-31T23:49:05+00:00
sub-b263395055ff61703ba732da,challenger-sxt-36-gas,cat-5f7848bf2b9e1de13600ee2d,SUBCATEGORY,"Front Suspension, Strut and Cradle","front suspension, strut and cradle",front-suspension--front-suspension-strut-and-cradle,https://www.moparamerica.com/v-2017-dodge-challenger--sxt--3-6l-v6-gas/front-suspension--front-suspension-strut-and-cradle,119,DISCOVERED,2026-07-31T23:49:05+00:00
sub-e211098486c87572f2131754,challenger-sxt-36-gas,cat-430462efa0942de168f4f43f,SUBCATEGORY,Accelerator Pedal,accelerator pedal,fuel--accelerator-pedal,https://www.moparamerica.com/v-2017-dodge-challenger--sxt--3-6l-v6-gas/fuel--accelerator-pedal,120,DISCOVERED,2026-07-31T23:49:05+00:00
sub-5e6d25ddfbf56348e0ab9026,challenger-sxt-36-gas,cat-430462efa0942de168f4f43f,SUBCATEGORY,Air Cleaner,air cleaner,fuel--air-cleaner,https://www.moparamerica.com/v-2017-dodge-challenger--sxt--3-6l-v6-gas/fuel--air-cleaner,121,DISCOVERED,2026-07-31T23:49:05+00:00
sub-7a562080b4424ed5229faa04,challenger-sxt-36-gas,cat-430462efa0942de168f4f43f,SUBCATEGORY,Fuel Lines,fuel lines,fuel--fuel-lines,https://www.moparamerica.com/v-2017-dodge-challenger--sxt--3-6l-v6-gas/fuel--fuel-lines,122,DISCOVERED,2026-07-31T23:49:05+00:00
sub-d7b495f752a03d7ee311805e,challenger-sxt-36-gas,cat-430462efa0942de168f4f43f,SUBCATEGORY,Fuel Pump and Sending Unit,fuel pump and sending unit,fuel--fuel-pump-and-sending-unit,https://www.moparamerica.com/v-2017-dodge-challenger--sxt--3-6l-v6-gas/fuel--fuel-pump-and-sending-unit,123,DISCOVERED,2026-07-31T23:49:05+00:00
sub-6fd9dc7c5f5c8bacb4bdd21c,challenger-sxt-36-gas,cat-430462efa0942de168f4f43f,SUBCATEGORY,Fuel Rail and Injectors,fuel rail and injectors,fuel--fuel-rail-and-injectors,https://www.moparamerica.com/v-2017-dodge-challenger--sxt--3-6l-v6-gas/fuel--fuel-rail-and-injectors,124,DISCOVERED,2026-07-31T23:49:05+00:00
sub-543a5c6157c9b393a9de5ac8,challenger-sxt-36-gas,cat-430462efa0942de168f4f43f,SUBCATEGORY,Fuel Tank,fuel tank,fuel--fuel-tank,https://www.moparamerica.com/v-2017-dodge-challenger--sxt--3-6l-v6-gas/fuel--fuel-tank,125,DISCOVERED,2026-07-31T23:49:05+00:00
sub-3736d397cf01593830945123,challenger-sxt-36-gas,cat-430462efa0942de168f4f43f,SUBCATEGORY,Fuel Tank Filler Tube,fuel tank filler tube,fuel--fuel-tank-filler-tube,https://www.moparamerica.com/v-2017-dodge-challenger--sxt--3-6l-v6-gas/fuel--fuel-tank-filler-tube,126,DISCOVERED,2026-07-31T23:49:05+00:00
cat-430462efa0942de168f4f43f,challenger-sxt-36-gas,,CATEGORY,Fuel,fuel,fuel,https://www.moparamerica.com/v-2017-dodge-challenger--sxt--3-6l-v6-gas/fuel,127,DISCOVERED,2026-07-31T23:49:05+00:00
sub-29eb114241d8787461ecd624,challenger-sxt-36-gas,cat-430462efa0942de168f4f43f,SUBCATEGORY,Throttle Body,throttle body,fuel--throttle-body,https://www.moparamerica.com/v-2017-dodge-challenger--sxt--3-6l-v6-gas/fuel--throttle-body,127,DISCOVERED,2026-07-31T23:49:05+00:00
cat-5688fbd948bc82a1a7c8bb50,challenger-sxt-36-gas,,CATEGORY,Glass,glass,glass,https://www.moparamerica.com/v-2017-dodge-challenger--sxt--3-6l-v6-gas/glass,128,DISCOVERED,2026-07-31T23:49:05+00:00
sub-b661c27180b63f687ff4e28e,challenger-sxt-36-gas,cat-5688fbd948bc82a1a7c8bb50,SUBCATEGORY,Glass and Interior Rear View Mirror,glass and interior rear view mirror,glass--glass-and-interior-rear-view-mirror,https://www.moparamerica.com/v-2017-dodge-challenger--sxt--3-6l-v6-gas/glass--glass-and-interior-rear-view-mirror,128,DISCOVERED,2026-07-31T23:49:05+00:00
sub-e3755902b386b169095ef8ea,challenger-sxt-36-gas,cat-a840c20bc7600a4785b590d3,SUBCATEGORY,Air Purification,air purification,accessories-interior-accessories--air-purification,https://www.moparamerica.com/v-2017-dodge-challenger--sxt--3-6l-v6-gas/accessories-interior-accessories--air-purification,129,DISCOVERED,2026-07-31T23:49:05+00:00
sub-b27537d712dadbebcf597818,challenger-sxt-36-gas,cat-a840c20bc7600a4785b590d3,SUBCATEGORY,Cargo Trays & Mats,cargo trays & mats,accessories-interior-accessories--cargo-trays-and-mats,https://www.moparamerica.com/v-2017-dodge-challenger--sxt--3-6l-v6-gas/accessories-interior-accessories--cargo-trays-and-mats,130,DISCOVERED,2026-07-31T23:49:05+00:00
sub-8952039ff49855984e7fe729,challenger-sxt-36-gas,cat-a840c20bc7600a4785b590d3,SUBCATEGORY,Floor Mats,floor mats,accessories-interior-accessories--floor-mats,https://www.moparamerica.com/v-2017-dodge-challenger--sxt--3-6l-v6-gas/accessories-interior-accessories--floor-mats,131,DISCOVERED,2026-07-31T23:49:05+00:00
cat-a840c20bc7600a4785b590d3,challenger-sxt-36-gas,,CATEGORY,Accessories Interior Accessories,accessories interior accessories,accessories-interior-accessories,https://www.moparamerica.com/v-2017-dodge-challenger--sxt--3-6l-v6-gas/accessories-interior-accessories,132,DISCOVERED,2026-07-31T23:49:05+00:00
sub-632cfab95f48570139ac2d35,challenger-sxt-36-gas,cat-a840c20bc7600a4785b590d3,SUBCATEGORY,Interior Appearance,interior appearance,accessories-interior-accessories--interior-appearance,https://www.moparamerica.com/v-2017-dodge-challenger--sxt--3-6l-v6-gas/accessories-interior-accessories--interior-appearance,132,DISCOVERED,2026-07-31T23:49:05+00:00
sub-03d2d04b899c1e617119c9b8,challenger-sxt-36-gas,cat-b1daf1760b51191aa4cfc885,SUBCATEGORY,"Carpets, Floor Mats, Load Floor, and Silencers","carpets, floor mats, load floor, and silencers",interior-trim--carpets-floor-mats-load-floor-and-silencers,https://www.moparamerica.com/v-2017-dodge-challenger--sxt--3-6l-v6-gas/interior-trim--carpets-floor-mats-load-floor-and-silencers,133,DISCOVERED,2026-07-31T23:49:05+00:00
sub-88c36ec122e96e5556865777,challenger-sxt-36-gas,cat-b1daf1760b51191aa4cfc885,SUBCATEGORY,Consoles,consoles,interior-trim--consoles,https://www.moparamerica.com/v-2017-dodge-challenger--sxt--3-6l-v6-gas/interior-trim--consoles,134,DISCOVERED,2026-07-31T23:49:05+00:00
sub-3e49cbbb2929d295ce9446d1,challenger-sxt-36-gas,cat-b1daf1760b51191aa4cfc885,SUBCATEGORY,Door Trim Panels-Front and Rear,door trim panels-front and rear,interior-trim--door-trim-panels-front-and-rear,https://www.moparamerica.com/v-2017-dodge-challenger--sxt--3-6l-v6-gas/interior-trim--door-trim-panels-front-and-rear,135,DISCOVERED,2026-07-31T23:49:05+00:00
sub-53221d7b3473da3a42459d07,challenger-sxt-36-gas,cat-b1daf1760b51191aa4cfc885,SUBCATEGORY,"Front Seats - Adjusters, Recliners, Shields and Risers","front seats - adjusters, recliners, shields and risers",interior-trim--front-seats-adjusters-recliners-shields-and-risers,https://www.moparamerica.com/v-2017-dodge-challenger--sxt--3-6l-v6-gas/interior-trim--front-seats-adjusters-recliners-shields-and-risers,136,DISCOVERED,2026-07-31T23:49:05+00:00
sub-05d7483b4a52e4b06d4a9c22,challenger-sxt-36-gas,cat-b1daf1760b51191aa4cfc885,SUBCATEGORY,Front Seats - First Row,front seats - first row,interior-trim--front-seats-first-row,https://www.moparamerica.com/v-2017-dodge-challenger--sxt--3-6l-v6-gas/interior-trim--front-seats-first-row,137,DISCOVERED,2026-07-31T23:49:05+00:00
sub-cb8450f5c75570d38bb480a4,challenger-sxt-36-gas,cat-b1daf1760b51191aa4cfc885,SUBCATEGORY,Headliners-Visors-Assist Straps,headliners-visors-assist straps,interior-trim--headliners-visors-assist-straps,https://www.moparamerica.com/v-2017-dodge-challenger--sxt--3-6l-v6-gas/interior-trim--headliners-visors-assist-straps,138,DISCOVERED,2026-07-31T23:49:05+00:00
sub-46e97c269ffe9b8712d25cc2,challenger-sxt-36-gas,cat-b1daf1760b51191aa4cfc885,SUBCATEGORY,Instrument Panel,instrument panel,interior-trim--instrument-panel,https://www.moparamerica.com/v-2017-dodge-challenger--sxt--3-6l-v6-gas/interior-trim--instrument-panel,139,DISCOVERED,2026-07-31T23:49:05+00:00
sub-f004fd3c48a37fa80b6447a2,challenger-sxt-36-gas,cat-b1daf1760b51191aa4cfc885,SUBCATEGORY,Panels Moldings Scuff Plates Pillar Cowl 1 4 Panel Trim And Cargo Covers,panels moldings scuff plates pillar cowl 1 4 panel trim and cargo covers,interior-trim--panels-moldings-scuff-plates-pillar-cowl-1-4-panel-trim-and-cargo-covers,https://www.moparamerica.com/v-2017-dodge-challenger--sxt--3-6l-v6-gas/interior-trim--panels-moldings-scuff-plates-pillar-cowl-1-4-panel-trim-and-cargo-covers,140,DISCOVERED,2026-07-31T23:49:05+00:00
sub-5ee1076c8f6706235bce2075,challenger-sxt-36-gas,cat-b1daf1760b51191aa4cfc885,SUBCATEGORY,Rear Seats - Second Row,rear seats - second row,interior-trim--rear-seats-second-row,https://www.moparamerica.com/v-2017-dodge-challenger--sxt--3-6l-v6-gas/interior-trim--rear-seats-second-row,141,DISCOVERED,2026-07-31T23:49:05+00:00
cat-b1daf1760b51191aa4cfc885,challenger-sxt-36-gas,,CATEGORY,Interior Trim,interior trim,interior-trim,https://www.moparamerica.com/v-2017-dodge-challenger--sxt--3-6l-v6-gas/interior-trim,142,DISCOVERED,2026-07-31T23:49:05+00:00
sub-3c56eaeb62bf68b71da633d5,challenger-sxt-36-gas,cat-b1daf1760b51191aa4cfc885,SUBCATEGORY,"Rear Seats - Second Row - Adjusters, Recliners, Shields and Risers","rear seats - second row - adjusters, recliners, shields and risers",interior-trim--rear-seats-second-row-adjusters-recliners-shields-and-risers,https://www.moparamerica.com/v-2017-dodge-challenger--sxt--3-6l-v6-gas/interior-trim--rear-seats-second-row-adjusters-recliners-shields-and-risers,142,DISCOVERED,2026-07-31T23:49:05+00:00
cat-0214c8ddfcb4e25638b84ac5,challenger-sxt-36-gas,,CATEGORY,Labels,labels,labels,https://www.moparamerica.com/v-2017-dodge-challenger--sxt--3-6l-v6-gas/labels,143,DISCOVERED,2026-07-31T23:49:05+00:00
sub-ee9c717db10876f8c403e597,challenger-sxt-36-gas,cat-0214c8ddfcb4e25638b84ac5,SUBCATEGORY,Under Hood,under hood,labels--under-hood,https://www.moparamerica.com/v-2017-dodge-challenger--sxt--3-6l-v6-gas/labels--under-hood,143,DISCOVERED,2026-07-31T23:49:05+00:00
cat-594ef82cb0db46434a8fb455,challenger-sxt-36-gas,,CATEGORY,Accessories Lifestyle And Off Road Accessories,accessories lifestyle and off road accessories,accessories-lifestyle-and-off-road-accessories,https://www.moparamerica.com/v-2017-dodge-challenger--sxt--3-6l-v6-gas/accessories-lifestyle-and-off-road-accessories,144,DISCOVERED,2026-07-31T23:49:05+00:00
sub-98a61528b176f0a1f6dd6455,challenger-sxt-36-gas,cat-594ef82cb0db46434a8fb455,SUBCATEGORY,Safety Kits,safety kits,accessories-lifestyle-and-off-road-accessories--safety-kits,https://www.moparamerica.com/v-2017-dodge-challenger--sxt--3-6l-v6-gas/accessories-lifestyle-and-off-road-accessories--safety-kits,144,DISCOVERED,2026-07-31T23:49:05+00:00
sub-3035d19eff3c0f8ba8c9bcea,challenger-sxt-36-gas,cat-22176099176e01ab4144dcf0,SUBCATEGORY,Charging Unit,charging unit,accessories-lighting-and-electrical-accessories--charging-unit,https://www.moparamerica.com/v-2017-dodge-challenger--sxt--3-6l-v6-gas/accessories-lighting-and-electrical-accessories--charging-unit,145,DISCOVERED,2026-07-31T23:49:05+00:00
cat-22176099176e01ab4144dcf0,challenger-sxt-36-gas,,CATEGORY,Accessories Lighting And Electrical Accessories,accessories lighting and electrical accessories,accessories-lighting-and-electrical-accessories,https://www.moparamerica.com/v-2017-dodge-challenger--sxt--3-6l-v6-gas/accessories-lighting-and-electrical-accessories,146,DISCOVERED,2026-07-31T23:49:05+00:00
sub-5577221ce3571045a5aca07e,challenger-sxt-36-gas,cat-22176099176e01ab4144dcf0,SUBCATEGORY,Lights,lights,accessories-lighting-and-electrical-accessories--lights,https://www.moparamerica.com/v-2017-dodge-challenger--sxt--3-6l-v6-gas/accessories-lighting-and-electrical-accessories--lights,146,DISCOVERED,2026-07-31T23:49:05+00:00
sub-51a04a4dc554cf88ea41f63f,challenger-sxt-36-gas,cat-edee4854d1aef273686a3902,SUBCATEGORY,Engine Parts,engine parts,accessories-modern-performance--engine-parts,https://www.moparamerica.com/v-2017-dodge-challenger--sxt--3-6l-v6-gas/accessories-modern-performance--engine-parts,147,DISCOVERED,2026-07-31T23:49:05+00:00
sub-6b5a60e707a105b71316aed4,challenger-sxt-36-gas,cat-edee4854d1aef273686a3902,SUBCATEGORY,Intake & Air,intake & air,accessories-modern-performance--intake-and-air,https://www.moparamerica.com/v-2017-dodge-challenger--sxt--3-6l-v6-gas/accessories-modern-performance--intake-and-air,148,DISCOVERED,2026-07-31T23:49:05+00:00
cat-edee4854d1aef273686a3902,challenger-sxt-36-gas,,CATEGORY,Accessories Modern Performance,accessories modern performance,accessories-modern-performance,https://www.moparamerica.com/v-2017-dodge-challenger--sxt--3-6l-v6-gas/accessories-modern-performance,149,DISCOVERED,2026-07-31T23:49:05+00:00
sub-6f7372b3d6e1c58b88f5f999,challenger-sxt-36-gas,cat-edee4854d1aef273686a3902,SUBCATEGORY,Suspension,suspension,accessories-modern-performance--suspension,https://www.moparamerica.com/v-2017-dodge-challenger--sxt--3-6l-v6-gas/accessories-modern-performance--suspension,149,DISCOVERED,2026-07-31T23:49:05+00:00
sub-d40361962f2b258da6b4bd17,challenger-sxt-36-gas,cat-02fb31c43e82f35a6915a8a9,SUBCATEGORY,Driving Convenience,driving convenience,mopar-accessories-component-parts--driving-convenience,https://www.moparamerica.com/v-2017-dodge-challenger--sxt--3-6l-v6-gas/mopar-accessories-component-parts--driving-convenience,150,DISCOVERED,2026-07-31T23:49:05+00:00
sub-9365a5a1c6e513453c0ccde8,challenger-sxt-36-gas,cat-02fb31c43e82f35a6915a8a9,SUBCATEGORY,Exterior Appearance,exterior appearance,mopar-accessories-component-parts--exterior-appearance,https://www.moparamerica.com/v-2017-dodge-challenger--sxt--3-6l-v6-gas/mopar-accessories-component-parts--exterior-appearance,151,DISCOVERED,2026-07-31T23:49:05+00:00
sub-4272e5be61b9cc5de4c59fc5,challenger-sxt-36-gas,cat-02fb31c43e82f35a6915a8a9,SUBCATEGORY,Fog Lights & Electrical,fog lights & electrical,mopar-accessories-component-parts--fog-lights-and-electrical,https://www.moparamerica.com/v-2017-dodge-challenger--sxt--3-6l-v6-gas/mopar-accessories-component-parts--fog-lights-and-electrical,152,DISCOVERED,2026-07-31T23:49:05+00:00
sub-52141d5fe9151f9aeb348b4f,challenger-sxt-36-gas,cat-02fb31c43e82f35a6915a8a9,SUBCATEGORY,Interior Protection,interior protection,mopar-accessories-component-parts--interior-protection,https://www.moparamerica.com/v-2017-dodge-challenger--sxt--3-6l-v6-gas/mopar-accessories-component-parts--interior-protection,153,DISCOVERED,2026-07-31T23:49:05+00:00
sub-57ce1236de561aec29e01a1e,challenger-sxt-36-gas,cat-02fb31c43e82f35a6915a8a9,SUBCATEGORY,Lighting and Electrical Accessories,lighting and electrical accessories,mopar-accessories-component-parts--lighting-and-electrical-accessories,https://www.moparamerica.com/v-2017-dodge-challenger--sxt--3-6l-v6-gas/mopar-accessories-component-parts--lighting-and-electrical-accessories,154,DISCOVERED,2026-07-31T23:49:05+00:00
cat-02fb31c43e82f35a6915a8a9,challenger-sxt-36-gas,,CATEGORY,Mopar Accessories Component Parts,mopar accessories component parts,mopar-accessories-component-parts,https://www.moparamerica.com/v-2017-dodge-challenger--sxt--3-6l-v6-gas/mopar-accessories-component-parts,155,DISCOVERED,2026-07-31T23:49:05+00:00
sub-301c6660cc3335919ef6b0a9,challenger-sxt-36-gas,cat-02fb31c43e82f35a6915a8a9,SUBCATEGORY,Powertrain,powertrain,mopar-accessories-component-parts--powertrain,https://www.moparamerica.com/v-2017-dodge-challenger--sxt--3-6l-v6-gas/mopar-accessories-component-parts--powertrain,155,DISCOVERED,2026-07-31T23:49:05+00:00
cat-6c951bd118a8e5a9a68a584a,challenger-sxt-36-gas,,CATEGORY,Accessories Performance,accessories performance,accessories-performance,https://www.moparamerica.com/v-2017-dodge-challenger--sxt--3-6l-v6-gas/accessories-performance,156,DISCOVERED,2026-07-31T23:49:05+00:00
sub-093cf20fb0329d97cf8a5c96,challenger-sxt-36-gas,cat-6c951bd118a8e5a9a68a584a,SUBCATEGORY,Brakes,brakes,accessories-performance--brakes,https://www.moparamerica.com/v-2017-dodge-challenger--sxt--3-6l-v6-gas/accessories-performance--brakes,156,DISCOVERED,2026-07-31T23:49:05+00:00
sub-fe861c0ea2fe106fea6481b9,challenger-sxt-36-gas,cat-9691e9a1163c6f7ca6125bec,SUBCATEGORY,Rear Stabilizer,rear stabilizer,rear-suspension--rear-stabilizer,https://www.moparamerica.com/v-2017-dodge-challenger--sxt--3-6l-v6-gas/rear-suspension--rear-stabilizer,157,DISCOVERED,2026-07-31T23:49:05+00:00
cat-9691e9a1163c6f7ca6125bec,challenger-sxt-36-gas,,CATEGORY,Rear Suspension,rear suspension,rear-suspension,https://www.moparamerica.com/v-2017-dodge-challenger--sxt--3-6l-v6-gas/rear-suspension,158,DISCOVERED,2026-07-31T23:49:05+00:00
sub-25fdfc1993762e1e27bc8265,challenger-sxt-36-gas,cat-9691e9a1163c6f7ca6125bec,SUBCATEGORY,Rear Suspension and Cradle,rear suspension and cradle,rear-suspension--rear-suspension-and-cradle,https://www.moparamerica.com/v-2017-dodge-challenger--sxt--3-6l-v6-gas/rear-suspension--rear-suspension-and-cradle,158,DISCOVERED,2026-07-31T23:49:05+00:00
sub-a2d63edee359d1a3f53bce01,challenger-sxt-36-gas,cat-a1134ec471afcb4a988c2b2e,SUBCATEGORY,Drive Shaft,drive shaft,rear-wheel-drive-differential-and-drive-line--drive-shaft,https://www.moparamerica.com/v-2017-dodge-challenger--sxt--3-6l-v6-gas/rear-wheel-drive-differential-and-drive-line--drive-shaft,159,DISCOVERED,2026-07-31T23:49:05+00:00
sub-44d7ad928aae536187a86e85,challenger-sxt-36-gas,cat-a1134ec471afcb4a988c2b2e,SUBCATEGORY,Rear Axle Assembly,rear axle assembly,rear-wheel-drive-differential-and-drive-line--rear-axle-assembly,https://www.moparamerica.com/v-2017-dodge-challenger--sxt--3-6l-v6-gas/rear-wheel-drive-differential-and-drive-line--rear-axle-assembly,160,DISCOVERED,2026-07-31T23:49:05+00:00
sub-1dda3fc8caadff5adff79993,challenger-sxt-36-gas,cat-a1134ec471afcb4a988c2b2e,SUBCATEGORY,Rear Axle Shafts,rear axle shafts,rear-wheel-drive-differential-and-drive-line--rear-axle-shafts,https://www.moparamerica.com/v-2017-dodge-challenger--sxt--3-6l-v6-gas/rear-wheel-drive-differential-and-drive-line--rear-axle-shafts,161,DISCOVERED,2026-07-31T23:49:05+00:00
cat-a1134ec471afcb4a988c2b2e,challenger-sxt-36-gas,,CATEGORY,Rear Wheel Drive Differential And Drive Line,rear wheel drive differential and drive line,rear-wheel-drive-differential-and-drive-line,https://www.moparamerica.com/v-2017-dodge-challenger--sxt--3-6l-v6-gas/rear-wheel-drive-differential-and-drive-line,162,DISCOVERED,2026-07-31T23:49:05+00:00
sub-92ba9f8be2cf7163e9572a60,challenger-sxt-36-gas,cat-a1134ec471afcb4a988c2b2e,SUBCATEGORY,"Rear Axle; Housing, Differential and Vent","rear axle; housing, differential and vent",rear-wheel-drive-differential-and-drive-line--rear-axle-housing-differential-and-vent,https://www.moparamerica.com/v-2017-dodge-challenger--sxt--3-6l-v6-gas/rear-wheel-drive-differential-and-drive-line--rear-axle-housing-differential-and-vent,162,DISCOVERED,2026-07-31T23:49:05+00:00
sub-855b11a8cf920bb3a7f745a3,challenger-sxt-36-gas,cat-13ef81c230bb151f0dee76dc,SUBCATEGORY,Air Bags,air bags,restraints--air-bags,https://www.moparamerica.com/v-2017-dodge-challenger--sxt--3-6l-v6-gas/restraints--air-bags,163,DISCOVERED,2026-07-31T23:49:05+00:00
cat-13ef81c230bb151f0dee76dc,challenger-sxt-36-gas,,CATEGORY,Restraints,restraints,restraints,https://www.moparamerica.com/v-2017-dodge-challenger--sxt--3-6l-v6-gas/restraints,164,DISCOVERED,2026-07-31T23:49:05+00:00
sub-46342f0540507f080dc7e135,challenger-sxt-36-gas,cat-13ef81c230bb151f0dee76dc,SUBCATEGORY,Seat Belts,seat belts,restraints--seat-belts,https://www.moparamerica.com/v-2017-dodge-challenger--sxt--3-6l-v6-gas/restraints--seat-belts,164,DISCOVERED,2026-07-31T23:49:05+00:00
sub-99089864ad7e833021bd8657,challenger-sxt-36-gas,cat-808be565f71aa0ff341b0b1c,SUBCATEGORY,Power Steering Hoses,power steering hoses,steering--power-steering-hoses,https://www.moparamerica.com/v-2017-dodge-challenger--sxt--3-6l-v6-gas/steering--power-steering-hoses,165,DISCOVERED,2026-07-31T23:49:05+00:00
sub-abb81ef50e9eb7e45ef06dc1,challenger-sxt-36-gas,cat-808be565f71aa0ff341b0b1c,SUBCATEGORY,Steering Column and Intermediate Shaft,steering column and intermediate shaft,steering--steering-column-and-intermediate-shaft,https://www.moparamerica.com/v-2017-dodge-challenger--sxt--3-6l-v6-gas/steering--steering-column-and-intermediate-shaft,166,DISCOVERED,2026-07-31T23:49:05+00:00
sub-5661fda97f81a8d92959853a,challenger-sxt-36-gas,cat-808be565f71aa0ff341b0b1c,SUBCATEGORY,Steering Gear,steering gear,steering--steering-gear,https://www.moparamerica.com/v-2017-dodge-challenger--sxt--3-6l-v6-gas/steering--steering-gear,167,DISCOVERED,2026-07-31T23:49:05+00:00
cat-808be565f71aa0ff341b0b1c,challenger-sxt-36-gas,,CATEGORY,Steering,steering,steering,https://www.moparamerica.com/v-2017-dodge-challenger--sxt--3-6l-v6-gas/steering,168,DISCOVERED,2026-07-31T23:49:05+00:00
sub-ee0b704e746c10cd2bed104f,challenger-sxt-36-gas,cat-808be565f71aa0ff341b0b1c,SUBCATEGORY,Steering Wheel,steering wheel,steering--steering-wheel,https://www.moparamerica.com/v-2017-dodge-challenger--sxt--3-6l-v6-gas/steering--steering-wheel,168,DISCOVERED,2026-07-31T23:49:05+00:00
sub-3239a8f5f496cb6121ff7da3,challenger-sxt-36-gas,cat-8d843e781e0eccc4b4890ff4,SUBCATEGORY,Gearshift Controls and Related Parts,gearshift controls and related parts,tr6060-6-speed-manual-transmission--gearshift-controls-and-related-parts,https://www.moparamerica.com/v-2017-dodge-challenger--sxt--3-6l-v6-gas/tr6060-6-speed-manual-transmission--gearshift-controls-and-related-parts,169,DISCOVERED,2026-07-31T23:49:05+00:00
sub-147e7718e9fb9f0dcb342f35,challenger-sxt-36-gas,cat-8d843e781e0eccc4b4890ff4,SUBCATEGORY,Manual Transmission Transaxle,manual transmission transaxle,tr6060-6-speed-manual-transmission--manual-transmission-transaxle,https://www.moparamerica.com/v-2017-dodge-challenger--sxt--3-6l-v6-gas/tr6060-6-speed-manual-transmission--manual-transmission-transaxle,170,DISCOVERED,2026-07-31T23:49:05+00:00
cat-8d843e781e0eccc4b4890ff4,challenger-sxt-36-gas,,CATEGORY,Tr6060 6 Speed Manual Transmission,tr6060 6 speed manual transmission,tr6060-6-speed-manual-transmission,https://www.moparamerica.com/v-2017-dodge-challenger--sxt--3-6l-v6-gas/tr6060-6-speed-manual-transmission,171,DISCOVERED,2026-07-31T23:49:05+00:00
sub-c0b16e0012244b38ccf33596,challenger-sxt-36-gas,cat-8d843e781e0eccc4b4890ff4,SUBCATEGORY,Mounting and Skid Plate,mounting and skid plate,tr6060-6-speed-manual-transmission--mounting-and-skid-plate,https://www.moparamerica.com/v-2017-dodge-challenger--sxt--3-6l-v6-gas/tr6060-6-speed-manual-transmission--mounting-and-skid-plate,171,DISCOVERED,2026-07-31T23:49:05+00:00
sub-61e428aa993e072a664f5783,challenger-sxt-36-gas,cat-9d0a246ec76f39a761f0a7db,SUBCATEGORY,Mopar,mopar,accessories-vehicle-care-products--mopar,https://www.moparamerica.com/v-2017-dodge-challenger--sxt--3-6l-v6-gas/accessories-vehicle-care-products--mopar,172,DISCOVERED,2026-07-31T23:49:05+00:00
cat-9d0a246ec76f39a761f0a7db,challenger-sxt-36-gas,,CATEGORY,Accessories Vehicle Care Products,accessories vehicle care products,accessories-vehicle-care-products,https://www.moparamerica.com/v-2017-dodge-challenger--sxt--3-6l-v6-gas/accessories-vehicle-care-products,173,DISCOVERED,2026-07-31T23:49:05+00:00
sub-bfd5bbbc0a593a5236d565d6,challenger-sxt-36-gas,cat-9d0a246ec76f39a761f0a7db,SUBCATEGORY,Touch Up Paint,touch up paint,accessories-vehicle-care-products--touch-up-paint,https://www.moparamerica.com/v-2017-dodge-challenger--sxt--3-6l-v6-gas/accessories-vehicle-care-products--touch-up-paint,173,DISCOVERED,2026-07-31T23:49:05+00:00
sub-baf0cd4fffb21ef808811752,challenger-sxt-36-gas,cat-7cf700a7a51d78e09521d1d9,SUBCATEGORY,Emergency Kit,emergency kit,wheels--emergency-kit,https://www.moparamerica.com/v-2017-dodge-challenger--sxt--3-6l-v6-gas/wheels--emergency-kit,174,DISCOVERED,2026-07-31T23:49:05+00:00
sub-e75e0c20175bfeaa8f8bcf76,challenger-sxt-36-gas,cat-7cf700a7a51d78e09521d1d9,SUBCATEGORY,Jack Stowage,jack stowage,wheels--jack-stowage,https://www.moparamerica.com/v-2017-dodge-challenger--sxt--3-6l-v6-gas/wheels--jack-stowage,175,DISCOVERED,2026-07-31T23:49:05+00:00
sub-3bf1f830a60ca987a3488f0c,challenger-sxt-36-gas,cat-7cf700a7a51d78e09521d1d9,SUBCATEGORY,Tire Monitoring System,tire monitoring system,wheels--tire-monitoring-system,https://www.moparamerica.com/v-2017-dodge-challenger--sxt--3-6l-v6-gas/wheels--tire-monitoring-system,176,DISCOVERED,2026-07-31T23:49:05+00:00
sub-3aef7d6195f591329eda0f53,challenger-sxt-36-gas,cat-7cf700a7a51d78e09521d1d9,SUBCATEGORY,Wheel Covers and Center Caps,wheel covers and center caps,wheels--wheel-covers-and-center-caps,https://www.moparamerica.com/v-2017-dodge-challenger--sxt--3-6l-v6-gas/wheels--wheel-covers-and-center-caps,177,DISCOVERED,2026-07-31T23:49:05+00:00
sub-87461c7af2cf93824b755d47,challenger-sxt-36-gas,cat-7cf700a7a51d78e09521d1d9,SUBCATEGORY,Wheel Spare,wheel spare,wheels--wheel-spare,https://www.moparamerica.com/v-2017-dodge-challenger--sxt--3-6l-v6-gas/wheels--wheel-spare,178,DISCOVERED,2026-07-31T23:49:05+00:00
cat-7cf700a7a51d78e09521d1d9,challenger-sxt-36-gas,,CATEGORY,Wheels,wheels,wheels,https://www.moparamerica.com/v-2017-dodge-challenger--sxt--3-6l-v6-gas/wheels,179,DISCOVERED,2026-07-31T23:49:05+00:00
sub-e64a08cb0128d2f99fc7e516,challenger-sxt-36-gas,cat-7cf700a7a51d78e09521d1d9,SUBCATEGORY,"Wheels, Tires and Hardware","wheels, tires and hardware",wheels--wheels-tires-and-hardware,https://www.moparamerica.com/v-2017-dodge-challenger--sxt--3-6l-v6-gas/wheels--wheels-tires-and-hardware,179,DISCOVERED,2026-07-31T23:49:05+00:00
sub-5f3a23e4c4aada5f67592028,chrysler300-c-36-flex,cat-da59fbe882efb19a1f75ac38,SUBCATEGORY,Cylinder Block,cylinder block,3-0l-gas-engine--cylinder-block,https://www.moparamerica.com/v-2017-chrysler-300--c--3-6l-v6-flex/3-0l-gas-engine--cylinder-block,1,DISCOVERED,2026-07-31T23:49:15+00:00
sub-a297db650edf52c492e0dcbf,chrysler300-c-36-flex,cat-da59fbe882efb19a1f75ac38,SUBCATEGORY,Cylinder Head,cylinder head,3-0l-gas-engine--cylinder-head,https://www.moparamerica.com/v-2017-chrysler-300--c--3-6l-v6-flex/3-0l-gas-engine--cylinder-head,2,DISCOVERED,2026-07-31T23:49:15+00:00
sub-35ffada640036edf08fe3ea0,chrysler300-c-36-flex,cat-da59fbe882efb19a1f75ac38,SUBCATEGORY,Engine Mounting,engine mounting,3-0l-gas-engine--engine-mounting,https://www.moparamerica.com/v-2017-chrysler-300--c--3-6l-v6-flex/3-0l-gas-engine--engine-mounting,3,DISCOVERED,2026-07-31T23:49:15+00:00
sub-3523d8b10c2b568e25cdd100,chrysler300-c-36-flex,cat-da59fbe882efb19a1f75ac38,SUBCATEGORY,"Engine Oiling, Oil Pan and Indicator (Dipstick)","engine oiling, oil pan and indicator (dipstick)",3-0l-gas-engine--engine-oiling-oil-pan-and-indicator-dipstick,https://www.moparamerica.com/v-2017-chrysler-300--c--3-6l-v6-flex/3-0l-gas-engine--engine-oiling-oil-pan-and-indicator-dipstick,4,DISCOVERED,2026-07-31T23:49:15+00:00
cat-da59fbe882efb19a1f75ac38,chrysler300-c-36-flex,,CATEGORY,3 0L Gas Engine,3 0l gas engine,3-0l-gas-engine,https://www.moparamerica.com/v-2017-chrysler-300--c--3-6l-v6-flex/3-0l-gas-engine,5,DISCOVERED,2026-07-31T23:49:15+00:00
sub-ddf03682ed5c425b9ed5661e,chrysler300-c-36-flex,cat-da59fbe882efb19a1f75ac38,SUBCATEGORY,Timing Belt Chain And Cover And Balance Shaft,timing belt chain and cover and balance shaft,3-0l-gas-engine--timing-belt-chain-and-cover-and-balance-shaft,https://www.moparamerica.com/v-2017-chrysler-300--c--3-6l-v6-flex/3-0l-gas-engine--timing-belt-chain-and-cover-and-balance-shaft,5,DISCOVERED,2026-07-31T23:49:15+00:00
sub-2e9c7b70e61a95eed0ba7727,chrysler300-c-36-flex,cat-5d70d8198ee912b5c67d8899,SUBCATEGORY,Camshaft and Valve,camshaft and valve,3-6l-gas-engine--camshaft-and-valve,https://www.moparamerica.com/v-2017-chrysler-300--c--3-6l-v6-flex/3-6l-gas-engine--camshaft-and-valve,6,DISCOVERED,2026-07-31T23:49:15+00:00
sub-8a03f388abb94f211cab71e7,chrysler300-c-36-flex,cat-5d70d8198ee912b5c67d8899,SUBCATEGORY,Crankcase Ventilation,crankcase ventilation,3-6l-gas-engine--crankcase-ventilation,https://www.moparamerica.com/v-2017-chrysler-300--c--3-6l-v6-flex/3-6l-gas-engine--crankcase-ventilation,7,DISCOVERED,2026-07-31T23:49:15+00:00
sub-8d358b3dc6f5bea4d2ac5e96,chrysler300-c-36-flex,cat-5d70d8198ee912b5c67d8899,SUBCATEGORY,"Crankshaft, Piston, Drive Plate, Flywheel, and Damper","crankshaft, piston, drive plate, flywheel, and damper",3-6l-gas-engine--crankshaft-piston-drive-plate-flywheel-and-damper,https://www.moparamerica.com/v-2017-chrysler-300--c--3-6l-v6-flex/3-6l-gas-engine--crankshaft-piston-drive-plate-flywheel-and-damper,8,DISCOVERED,2026-07-31T23:49:15+00:00
sub-5927092657cf01c60ebeefb1,chrysler300-c-36-flex,cat-5d70d8198ee912b5c67d8899,SUBCATEGORY,Cylinder Block,cylinder block,3-6l-gas-engine--cylinder-block,https://www.moparamerica.com/v-2017-chrysler-300--c--3-6l-v6-flex/3-6l-gas-engine--cylinder-block,9,DISCOVERED,2026-07-31T23:49:15+00:00
sub-1098aa4776e1044a079af2c8,chrysler300-c-36-flex,cat-5d70d8198ee912b5c67d8899,SUBCATEGORY,Cylinder Head,cylinder head,3-6l-gas-engine--cylinder-head,https://www.moparamerica.com/v-2017-chrysler-300--c--3-6l-v6-flex/3-6l-gas-engine--cylinder-head,10,DISCOVERED,2026-07-31T23:49:15+00:00
sub-95b9e921e18cca37d9a2e94e,chrysler300-c-36-flex,cat-5d70d8198ee912b5c67d8899,SUBCATEGORY,"Engine Identification, Service Engines & Engine Service Kits","engine identification, service engines & engine service kits",3-6l-gas-engine--engine-identification-service-engines-and-engine-service-kits,https://www.moparamerica.com/v-2017-chrysler-300--c--3-6l-v6-flex/3-6l-gas-engine--engine-identification-service-engines-and-engine-service-kits,11,DISCOVERED,2026-07-31T23:49:15+00:00
sub-2b0201191781642fbab4d451,chrysler300-c-36-flex,cat-5d70d8198ee912b5c67d8899,SUBCATEGORY,Engine Mounting,engine mounting,3-6l-gas-engine--engine-mounting,https://www.moparamerica.com/v-2017-chrysler-300--c--3-6l-v6-flex/3-6l-gas-engine--engine-mounting,12,DISCOVERED,2026-07-31T23:49:15+00:00
sub-120a5307adb694e6df07694f,chrysler300-c-36-flex,cat-5d70d8198ee912b5c67d8899,SUBCATEGORY,"Engine Oiling, Oil Pan and Indicator (Dipstick)","engine oiling, oil pan and indicator (dipstick)",3-6l-gas-engine--engine-oiling-oil-pan-and-indicator-dipstick,https://www.moparamerica.com/v-2017-chrysler-300--c--3-6l-v6-flex/3-6l-gas-engine--engine-oiling-oil-pan-and-indicator-dipstick,13,DISCOVERED,2026-07-31T23:49:15+00:00
sub-6c91d89b6b875a32570f4295,chrysler300-c-36-flex,cat-5d70d8198ee912b5c67d8899,SUBCATEGORY,Manifolds and Vacuum Fittings,manifolds and vacuum fittings,3-6l-gas-engine--manifolds-and-vacuum-fittings,https://www.moparamerica.com/v-2017-chrysler-300--c--3-6l-v6-flex/3-6l-gas-engine--manifolds-and-vacuum-fittings,14,DISCOVERED,2026-07-31T23:49:15+00:00
cat-5d70d8198ee912b5c67d8899,chrysler300-c-36-flex,,CATEGORY,3 6L Gas Engine,3 6l gas engine,3-6l-gas-engine,https://www.moparamerica.com/v-2017-chrysler-300--c--3-6l-v6-flex/3-6l-gas-engine,15,DISCOVERED,2026-07-31T23:49:15+00:00
sub-35333c52b39cfde52fd824a3,chrysler300-c-36-flex,cat-5d70d8198ee912b5c67d8899,SUBCATEGORY,Timing Belt Chain And Cover And Balance Shaft,timing belt chain and cover and balance shaft,3-6l-gas-engine--timing-belt-chain-and-cover-and-balance-shaft,https://www.moparamerica.com/v-2017-chrysler-300--c--3-6l-v6-flex/3-6l-gas-engine--timing-belt-chain-and-cover-and-balance-shaft,15,DISCOVERED,2026-07-31T23:49:15+00:00
sub-2d70115db0662256a853714d,chrysler300-c-36-flex,cat-09b00964cce2055bb5d7f4bc,SUBCATEGORY,Camshaft and Valve,camshaft and valve,5-7l-gas-engine--camshaft-and-valve,https://www.moparamerica.com/v-2017-chrysler-300--c--3-6l-v6-flex/5-7l-gas-engine--camshaft-and-valve,16,DISCOVERED,2026-07-31T23:49:15+00:00
sub-4e9e524537cfb4abb8761d49,chrysler300-c-36-flex,cat-09b00964cce2055bb5d7f4bc,SUBCATEGORY,Engine Mounting,engine mounting,5-7l-gas-engine--engine-mounting,https://www.moparamerica.com/v-2017-chrysler-300--c--3-6l-v6-flex/5-7l-gas-engine--engine-mounting,17,DISCOVERED,2026-07-31T23:49:15+00:00
cat-09b00964cce2055bb5d7f4bc,chrysler300-c-36-flex,,CATEGORY,5 7L Gas Engine,5 7l gas engine,5-7l-gas-engine,https://www.moparamerica.com/v-2017-chrysler-300--c--3-6l-v6-flex/5-7l-gas-engine,18,DISCOVERED,2026-07-31T23:49:15+00:00
sub-6ae68f55816abfd9d0ada141,chrysler300-c-36-flex,cat-09b00964cce2055bb5d7f4bc,SUBCATEGORY,"Engine Oiling, Oil Pan and Indicator (Dipstick)","engine oiling, oil pan and indicator (dipstick)",5-7l-gas-engine--engine-oiling-oil-pan-and-indicator-dipstick,https://www.moparamerica.com/v-2017-chrysler-300--c--3-6l-v6-flex/5-7l-gas-engine--engine-oiling-oil-pan-and-indicator-dipstick,18,DISCOVERED,2026-07-31T23:49:15+00:00
sub-e2c67b84af6dc0a68894de15,chrysler300-c-36-flex,cat-d40c7a0606cf9a6ea0a904a3,SUBCATEGORY,Camshaft and Valve,camshaft and valve,6-4l-gas-engine--camshaft-and-valve,https://www.moparamerica.com/v-2017-chrysler-300--c--3-6l-v6-flex/6-4l-gas-engine--camshaft-and-valve,19,DISCOVERED,2026-07-31T23:49:15+00:00
sub-443e788ebc2dadcbe2f1c674,chrysler300-c-36-flex,cat-d40c7a0606cf9a6ea0a904a3,SUBCATEGORY,Engine Mounting,engine mounting,6-4l-gas-engine--engine-mounting,https://www.moparamerica.com/v-2017-chrysler-300--c--3-6l-v6-flex/6-4l-gas-engine--engine-mounting,20,DISCOVERED,2026-07-31T23:49:15+00:00
cat-d40c7a0606cf9a6ea0a904a3,chrysler300-c-36-flex,,CATEGORY,6 4L Gas Engine,6 4l gas engine,6-4l-gas-engine,https://www.moparamerica.com/v-2017-chrysler-300--c--3-6l-v6-flex/6-4l-gas-engine,21,DISCOVERED,2026-07-31T23:49:15+00:00
sub-9b827a32abcc1113689fcd13,chrysler300-c-36-flex,cat-d40c7a0606cf9a6ea0a904a3,SUBCATEGORY,"Engine Oiling, Oil Pan and Indicator (Dipstick)","engine oiling, oil pan and indicator (dipstick)",6-4l-gas-engine--engine-oiling-oil-pan-and-indicator-dipstick,https://www.moparamerica.com/v-2017-chrysler-300--c--3-6l-v6-flex/6-4l-gas-engine--engine-oiling-oil-pan-and-indicator-dipstick,21,DISCOVERED,2026-07-31T23:49:15+00:00
sub-e2143523ebd3856d3e865f57,chrysler300-c-36-flex,cat-cd54e78a2f423a7bac532906,SUBCATEGORY,Automatic Transmission Transaxle And Torque Converter,automatic transmission transaxle and torque converter,845re-8-speed-automatic-transmission--automatic-transmission-transaxle-and-torque-converter,https://www.moparamerica.com/v-2017-chrysler-300--c--3-6l-v6-flex/845re-8-speed-automatic-transmission--automatic-transmission-transaxle-and-torque-converter,22,DISCOVERED,2026-07-31T23:49:15+00:00
sub-91465005bfadb1d3238bd4bd,chrysler300-c-36-flex,cat-cd54e78a2f423a7bac532906,SUBCATEGORY,"Case, Extension, Oil Pan, and Indicator (Dipstick)","case, extension, oil pan, and indicator (dipstick)",845re-8-speed-automatic-transmission--case-extension-oil-pan-and-indicator-dipstick,https://www.moparamerica.com/v-2017-chrysler-300--c--3-6l-v6-flex/845re-8-speed-automatic-transmission--case-extension-oil-pan-and-indicator-dipstick,23,DISCOVERED,2026-07-31T23:49:15+00:00
sub-6469ebdcee17b52502d0e541,chrysler300-c-36-flex,cat-cd54e78a2f423a7bac532906,SUBCATEGORY,Gearshift Controls and Related Parts,gearshift controls and related parts,845re-8-speed-automatic-transmission--gearshift-controls-and-related-parts,https://www.moparamerica.com/v-2017-chrysler-300--c--3-6l-v6-flex/845re-8-speed-automatic-transmission--gearshift-controls-and-related-parts,24,DISCOVERED,2026-07-31T23:49:15+00:00
sub-be4a7fc5f2c4ea169aa263f4,chrysler300-c-36-flex,cat-cd54e78a2f423a7bac532906,SUBCATEGORY,Mounting and Skid Plate,mounting and skid plate,845re-8-speed-automatic-transmission--mounting-and-skid-plate,https://www.moparamerica.com/v-2017-chrysler-300--c--3-6l-v6-flex/845re-8-speed-automatic-transmission--mounting-and-skid-plate,25,DISCOVERED,2026-07-31T23:49:15+00:00
sub-743c17391fb4c8340b5b00c7,chrysler300-c-36-flex,cat-cd54e78a2f423a7bac532906,SUBCATEGORY,Oil Pump,oil pump,845re-8-speed-automatic-transmission--oil-pump,https://www.moparamerica.com/v-2017-chrysler-300--c--3-6l-v6-flex/845re-8-speed-automatic-transmission--oil-pump,26,DISCOVERED,2026-07-31T23:49:15+00:00
cat-cd54e78a2f423a7bac532906,chrysler300-c-36-flex,,CATEGORY,845Re 8 Speed Automatic Transmission,845re 8 speed automatic transmission,845re-8-speed-automatic-transmission,https://www.moparamerica.com/v-2017-chrysler-300--c--3-6l-v6-flex/845re-8-speed-automatic-transmission,27,DISCOVERED,2026-07-31T23:49:15+00:00
sub-46c30a6a127d979b0694c697,chrysler300-c-36-flex,cat-cd54e78a2f423a7bac532906,SUBCATEGORY,"Valve Body, Accumulator, Solenoid and Parking Sprag","valve body, accumulator, solenoid and parking sprag",845re-8-speed-automatic-transmission--valve-body-accumulator-solenoid-and-parking-sprag,https://www.moparamerica.com/v-2017-chrysler-300--c--3-6l-v6-flex/845re-8-speed-automatic-transmission--valve-body-accumulator-solenoid-and-parking-sprag,27,DISCOVERED,2026-07-31T23:49:15+00:00
sub-44ad7ee134af520d403dd2c3,chrysler300-c-36-flex,cat-76159b70a300ceb9d25b29d4,SUBCATEGORY,Automatic Transmission Transaxle And Torque Converter,automatic transmission transaxle and torque converter,8hp70-8-speed-automatic-transmission--automatic-transmission-transaxle-and-torque-converter,https://www.moparamerica.com/v-2017-chrysler-300--c--3-6l-v6-flex/8hp70-8-speed-automatic-transmission--automatic-transmission-transaxle-and-torque-converter,28,DISCOVERED,2026-07-31T23:49:15+00:00
sub-d5cde875164ebeefa7b7918e,chrysler300-c-36-flex,cat-76159b70a300ceb9d25b29d4,SUBCATEGORY,Gearshift Controls and Related Parts,gearshift controls and related parts,8hp70-8-speed-automatic-transmission--gearshift-controls-and-related-parts,https://www.moparamerica.com/v-2017-chrysler-300--c--3-6l-v6-flex/8hp70-8-speed-automatic-transmission--gearshift-controls-and-related-parts,29,DISCOVERED,2026-07-31T23:49:15+00:00
cat-76159b70a300ceb9d25b29d4,chrysler300-c-36-flex,,CATEGORY,8Hp70 8 Speed Automatic Transmission,8hp70 8 speed automatic transmission,8hp70-8-speed-automatic-transmission,https://www.moparamerica.com/v-2017-chrysler-300--c--3-6l-v6-flex/8hp70-8-speed-automatic-transmission,30,DISCOVERED,2026-07-31T23:49:15+00:00
sub-df494a4470775decfdd4a696,chrysler300-c-36-flex,cat-76159b70a300ceb9d25b29d4,SUBCATEGORY,Mounting and Skid Plate,mounting and skid plate,8hp70-8-speed-automatic-transmission--mounting-and-skid-plate,https://www.moparamerica.com/v-2017-chrysler-300--c--3-6l-v6-flex/8hp70-8-speed-automatic-transmission--mounting-and-skid-plate,30,DISCOVERED,2026-07-31T23:49:15+00:00
sub-abb4aef893921a23ef0c03b7,chrysler300-c-36-flex,cat-5bc104a47557eaf731ad49ca,SUBCATEGORY,Air Conditioner and Heater Controls,air conditioner and heater controls,air-conditioners-and-heaters--air-conditioner-and-heater-controls,https://www.moparamerica.com/v-2017-chrysler-300--c--3-6l-v6-flex/air-conditioners-and-heaters--air-conditioner-and-heater-controls,31,DISCOVERED,2026-07-31T23:49:15+00:00
sub-fb14b106f40cc6506880a89f,chrysler300-c-36-flex,cat-5bc104a47557eaf731ad49ca,SUBCATEGORY,Air Conditioner and Heater Plumbing,air conditioner and heater plumbing,air-conditioners-and-heaters--air-conditioner-and-heater-plumbing,https://www.moparamerica.com/v-2017-chrysler-300--c--3-6l-v6-flex/air-conditioners-and-heaters--air-conditioner-and-heater-plumbing,32,DISCOVERED,2026-07-31T23:49:15+00:00
sub-d1c33e6235dfe6efe3ce8607,chrysler300-c-36-flex,cat-5bc104a47557eaf731ad49ca,SUBCATEGORY,Air Conditioner and Heater Units,air conditioner and heater units,air-conditioners-and-heaters--air-conditioner-and-heater-units,https://www.moparamerica.com/v-2017-chrysler-300--c--3-6l-v6-flex/air-conditioners-and-heaters--air-conditioner-and-heater-units,33,DISCOVERED,2026-07-31T23:49:15+00:00
sub-acba04483a14a537bb7ee0aa,chrysler300-c-36-flex,cat-5bc104a47557eaf731ad49ca,SUBCATEGORY,Air Conditioner Compressor and Mounting,air conditioner compressor and mounting,air-conditioners-and-heaters--air-conditioner-compressor-and-mounting,https://www.moparamerica.com/v-2017-chrysler-300--c--3-6l-v6-flex/air-conditioners-and-heaters--air-conditioner-compressor-and-mounting,34,DISCOVERED,2026-07-31T23:49:15+00:00
cat-5bc104a47557eaf731ad49ca,chrysler300-c-36-flex,,CATEGORY,Air Conditioners And Heaters,air conditioners and heaters,air-conditioners-and-heaters,https://www.moparamerica.com/v-2017-chrysler-300--c--3-6l-v6-flex/air-conditioners-and-heaters,35,DISCOVERED,2026-07-31T23:49:15+00:00
sub-ba575b85dcb3e93b0c7e24a3,chrysler300-c-36-flex,cat-5bc104a47557eaf731ad49ca,SUBCATEGORY,Air Ducts,air ducts,air-conditioners-and-heaters--air-ducts,https://www.moparamerica.com/v-2017-chrysler-300--c--3-6l-v6-flex/air-conditioners-and-heaters--air-ducts,35,DISCOVERED,2026-07-31T23:49:15+00:00
sub-a66a6813e87664c4cf1eb297,chrysler300-c-36-flex,cat-f4019fa9885e2d9f9729dc64,SUBCATEGORY,Drive Shaft,drive shaft,all-wheel-drive-differential-and-drive-line--drive-shaft,https://www.moparamerica.com/v-2017-chrysler-300--c--3-6l-v6-flex/all-wheel-drive-differential-and-drive-line--drive-shaft,36,DISCOVERED,2026-07-31T23:49:15+00:00
sub-55545853fd19201ca50cbe0e,chrysler300-c-36-flex,cat-f4019fa9885e2d9f9729dc64,SUBCATEGORY,Front Axle Assembly,front axle assembly,all-wheel-drive-differential-and-drive-line--front-axle-assembly,https://www.moparamerica.com/v-2017-chrysler-300--c--3-6l-v6-flex/all-wheel-drive-differential-and-drive-line--front-axle-assembly,37,DISCOVERED,2026-07-31T23:49:15+00:00
sub-0cb7dbf729016eb7a6f4924d,chrysler300-c-36-flex,cat-f4019fa9885e2d9f9729dc64,SUBCATEGORY,Front Axle Drive Shafts,front axle drive shafts,all-wheel-drive-differential-and-drive-line--front-axle-drive-shafts,https://www.moparamerica.com/v-2017-chrysler-300--c--3-6l-v6-flex/all-wheel-drive-differential-and-drive-line--front-axle-drive-shafts,38,DISCOVERED,2026-07-31T23:49:15+00:00
sub-f94f4c9724963f1f26ee15a7,chrysler300-c-36-flex,cat-f4019fa9885e2d9f9729dc64,SUBCATEGORY,Rear Axle Assembly,rear axle assembly,all-wheel-drive-differential-and-drive-line--rear-axle-assembly,https://www.moparamerica.com/v-2017-chrysler-300--c--3-6l-v6-flex/all-wheel-drive-differential-and-drive-line--rear-axle-assembly,39,DISCOVERED,2026-07-31T23:49:15+00:00
sub-de4a90e593fdd02b8cfde2d6,chrysler300-c-36-flex,cat-f4019fa9885e2d9f9729dc64,SUBCATEGORY,Rear Axle Shafts,rear axle shafts,all-wheel-drive-differential-and-drive-line--rear-axle-shafts,https://www.moparamerica.com/v-2017-chrysler-300--c--3-6l-v6-flex/all-wheel-drive-differential-and-drive-line--rear-axle-shafts,40,DISCOVERED,2026-07-31T23:49:15+00:00
cat-f4019fa9885e2d9f9729dc64,chrysler300-c-36-flex,,CATEGORY,All Wheel Drive Differential And Drive Line,all wheel drive differential and drive line,all-wheel-drive-differential-and-drive-line,https://www.moparamerica.com/v-2017-chrysler-300--c--3-6l-v6-flex/all-wheel-drive-differential-and-drive-line,41,DISCOVERED,2026-07-31T23:49:15+00:00
sub-012762c65cb7a0e49d285f01,chrysler300-c-36-flex,cat-f4019fa9885e2d9f9729dc64,SUBCATEGORY,"Rear Axle; Housing, Differential and Vent","rear axle; housing, differential and vent",all-wheel-drive-differential-and-drive-line--rear-axle-housing-differential-and-vent,https://www.moparamerica.com/v-2017-chrysler-300--c--3-6l-v6-flex/all-wheel-drive-differential-and-drive-line--rear-axle-housing-differential-and-vent,41,DISCOVERED,2026-07-31T23:49:15+00:00
sub-e36a97c2fce115f33aa33d3b,chrysler300-c-36-flex,cat-ff2e404166e78d854f1df5f2,SUBCATEGORY,Charging Unit,charging unit,accessories-audio-video-and-electronics-accessories--charging-unit,https://www.moparamerica.com/v-2017-chrysler-300--c--3-6l-v6-flex/accessories-audio-video-and-electronics-accessories--charging-unit,42,DISCOVERED,2026-07-31T23:49:15+00:00
sub-dac25b3c47c8ff97bcf7b2dc,chrysler300-c-36-flex,cat-ff2e404166e78d854f1df5f2,SUBCATEGORY,Remote Start,remote start,accessories-audio-video-and-electronics-accessories--remote-start,https://www.moparamerica.com/v-2017-chrysler-300--c--3-6l-v6-flex/accessories-audio-video-and-electronics-accessories--remote-start,43,DISCOVERED,2026-07-31T23:49:15+00:00
cat-ff2e404166e78d854f1df5f2,chrysler300-c-36-flex,,CATEGORY,Accessories Audio Video And Electronics Accessories,accessories audio video and electronics accessories,accessories-audio-video-and-electronics-accessories,https://www.moparamerica.com/v-2017-chrysler-300--c--3-6l-v6-flex/accessories-audio-video-and-electronics-accessories,44,DISCOVERED,2026-07-31T23:49:15+00:00
sub-b3202730034e5613bbc85d89,chrysler300-c-36-flex,cat-ff2e404166e78d854f1df5f2,SUBCATEGORY,Security,security,accessories-audio-video-and-electronics-accessories--security,https://www.moparamerica.com/v-2017-chrysler-300--c--3-6l-v6-flex/accessories-audio-video-and-electronics-accessories--security,44,DISCOVERED,2026-07-31T23:49:15+00:00
sub-b89c27f66d471654727a8930,chrysler300-c-36-flex,cat-e4e8ec3776341c9efdfe4cd8,SUBCATEGORY,Aperture Panel and Pillar Supports,aperture panel and pillar supports,body-sheet-metal-except-doors--aperture-panel-and-pillar-supports,https://www.moparamerica.com/v-2017-chrysler-300--c--3-6l-v6-flex/body-sheet-metal-except-doors--aperture-panel-and-pillar-supports,45,DISCOVERED,2026-07-31T23:49:15+00:00
sub-8642d90a99101df0fddfef5f,chrysler300-c-36-flex,cat-e4e8ec3776341c9efdfe4cd8,SUBCATEGORY,Cowl and Dash Panel,cowl and dash panel,body-sheet-metal-except-doors--cowl-and-dash-panel,https://www.moparamerica.com/v-2017-chrysler-300--c--3-6l-v6-flex/body-sheet-metal-except-doors--cowl-and-dash-panel,46,DISCOVERED,2026-07-31T23:49:15+00:00
sub-92989ee4d31d8901c21ac3c6,chrysler300-c-36-flex,cat-e4e8ec3776341c9efdfe4cd8,SUBCATEGORY,Deck Lid,deck lid,body-sheet-metal-except-doors--deck-lid,https://www.moparamerica.com/v-2017-chrysler-300--c--3-6l-v6-flex/body-sheet-metal-except-doors--deck-lid,47,DISCOVERED,2026-07-31T23:49:15+00:00
sub-e82a91b0c5da15724fe3ae1a,chrysler300-c-36-flex,cat-e4e8ec3776341c9efdfe4cd8,SUBCATEGORY,Fenders,fenders,body-sheet-metal-except-doors--fenders,https://www.moparamerica.com/v-2017-chrysler-300--c--3-6l-v6-flex/body-sheet-metal-except-doors--fenders,48,DISCOVERED,2026-07-31T23:49:15+00:00
sub-2dfeb5aa1c32e98d9a238286,chrysler300-c-36-flex,cat-e4e8ec3776341c9efdfe4cd8,SUBCATEGORY,Floor Pans,floor pans,body-sheet-metal-except-doors--floor-pans,https://www.moparamerica.com/v-2017-chrysler-300--c--3-6l-v6-flex/body-sheet-metal-except-doors--floor-pans,49,DISCOVERED,2026-07-31T23:49:15+00:00
sub-5dcb6b06af8fd0f58848f850,chrysler300-c-36-flex,cat-e4e8ec3776341c9efdfe4cd8,SUBCATEGORY,Hood and Hood Release,hood and hood release,body-sheet-metal-except-doors--hood-and-hood-release,https://www.moparamerica.com/v-2017-chrysler-300--c--3-6l-v6-flex/body-sheet-metal-except-doors--hood-and-hood-release,50,DISCOVERED,2026-07-31T23:49:15+00:00
sub-bd399a497511b0fb89876168,chrysler300-c-36-flex,cat-e4e8ec3776341c9efdfe4cd8,SUBCATEGORY,Pick-up Box and Fuel Filler Door,pick-up box and fuel filler door,body-sheet-metal-except-doors--pick-up-box-and-fuel-filler-door,https://www.moparamerica.com/v-2017-chrysler-300--c--3-6l-v6-flex/body-sheet-metal-except-doors--pick-up-box-and-fuel-filler-door,51,DISCOVERED,2026-07-31T23:49:15+00:00
sub-b06907f5dd55aa53642a71ec,chrysler300-c-36-flex,cat-e4e8ec3776341c9efdfe4cd8,SUBCATEGORY,Plugs,plugs,body-sheet-metal-except-doors--plugs,https://www.moparamerica.com/v-2017-chrysler-300--c--3-6l-v6-flex/body-sheet-metal-except-doors--plugs,52,DISCOVERED,2026-07-31T23:49:15+00:00
sub-9d55a086048f576823bfdf70,chrysler300-c-36-flex,cat-e4e8ec3776341c9efdfe4cd8,SUBCATEGORY,Roof,roof,body-sheet-metal-except-doors--roof,https://www.moparamerica.com/v-2017-chrysler-300--c--3-6l-v6-flex/body-sheet-metal-except-doors--roof,53,DISCOVERED,2026-07-31T23:49:15+00:00
sub-8371bb758742bb58da744867,chrysler300-c-36-flex,cat-e4e8ec3776341c9efdfe4cd8,SUBCATEGORY,Shelf Panel,shelf panel,body-sheet-metal-except-doors--shelf-panel,https://www.moparamerica.com/v-2017-chrysler-300--c--3-6l-v6-flex/body-sheet-metal-except-doors--shelf-panel,54,DISCOVERED,2026-07-31T23:49:15+00:00
cat-e4e8ec3776341c9efdfe4cd8,chrysler300-c-36-flex,,CATEGORY,Body Sheet Metal Except Doors,body sheet metal except doors,body-sheet-metal-except-doors,https://www.moparamerica.com/v-2017-chrysler-300--c--3-6l-v6-flex/body-sheet-metal-except-doors,55,DISCOVERED,2026-07-31T23:49:15+00:00
sub-2a275dc199dc81e6888ff9c5,chrysler300-c-36-flex,cat-e4e8ec3776341c9efdfe4cd8,SUBCATEGORY,Sunroof,sunroof,body-sheet-metal-except-doors--sunroof,https://www.moparamerica.com/v-2017-chrysler-300--c--3-6l-v6-flex/body-sheet-metal-except-doors--sunroof,55,DISCOVERED,2026-07-31T23:49:15+00:00
sub-515eae24c31b6d683ca2a034,chrysler300-c-36-flex,cat-c5c36100630d8ccf1a2f4bc3,SUBCATEGORY,Brake Master Cylinder,brake master cylinder,brakes--brake-master-cylinder,https://www.moparamerica.com/v-2017-chrysler-300--c--3-6l-v6-flex/brakes--brake-master-cylinder,56,DISCOVERED,2026-07-31T23:49:15+00:00
sub-9b69917d9aba23dc0204b96c,chrysler300-c-36-flex,cat-c5c36100630d8ccf1a2f4bc3,SUBCATEGORY,Brake Pedals,brake pedals,brakes--brake-pedals,https://www.moparamerica.com/v-2017-chrysler-300--c--3-6l-v6-flex/brakes--brake-pedals,57,DISCOVERED,2026-07-31T23:49:15+00:00
sub-c1e1c106abb6dcf12d8e1f1a,chrysler300-c-36-flex,cat-c5c36100630d8ccf1a2f4bc3,SUBCATEGORY,Front Brakes,front brakes,brakes--front-brakes,https://www.moparamerica.com/v-2017-chrysler-300--c--3-6l-v6-flex/brakes--front-brakes,58,DISCOVERED,2026-07-31T23:49:15+00:00
sub-d60e9224d5fd91e0447970a1,chrysler300-c-36-flex,cat-c5c36100630d8ccf1a2f4bc3,SUBCATEGORY,"Hydraulic Control Unit, Brake Tubes and Hoses","hydraulic control unit, brake tubes and hoses",brakes--hydraulic-control-unit-brake-tubes-and-hoses,https://www.moparamerica.com/v-2017-chrysler-300--c--3-6l-v6-flex/brakes--hydraulic-control-unit-brake-tubes-and-hoses,59,DISCOVERED,2026-07-31T23:49:15+00:00
sub-921b00d20949a2aca696cd9b,chrysler300-c-36-flex,cat-c5c36100630d8ccf1a2f4bc3,SUBCATEGORY,"Parking Brake Lever, Cables, and Rear Disc Park Brake Assembly","parking brake lever, cables, and rear disc park brake assembly",brakes--parking-brake-lever-cables-and-rear-disc-park-brake-assembly,https://www.moparamerica.com/v-2017-chrysler-300--c--3-6l-v6-flex/brakes--parking-brake-lever-cables-and-rear-disc-park-brake-assembly,60,DISCOVERED,2026-07-31T23:49:15+00:00
sub-21efa642b0bd0a84aeb7919f,chrysler300-c-36-flex,cat-c5c36100630d8ccf1a2f4bc3,SUBCATEGORY,Power Brake Booster,power brake booster,brakes--power-brake-booster,https://www.moparamerica.com/v-2017-chrysler-300--c--3-6l-v6-flex/brakes--power-brake-booster,61,DISCOVERED,2026-07-31T23:49:15+00:00
cat-c5c36100630d8ccf1a2f4bc3,chrysler300-c-36-flex,,CATEGORY,Brakes,brakes,brakes,https://www.moparamerica.com/v-2017-chrysler-300--c--3-6l-v6-flex/brakes,62,DISCOVERED,2026-07-31T23:49:15+00:00
sub-7c35d7ab1de2df5956fbeb80,chrysler300-c-36-flex,cat-c5c36100630d8ccf1a2f4bc3,SUBCATEGORY,Rear Brakes,rear brakes,brakes--rear-brakes,https://www.moparamerica.com/v-2017-chrysler-300--c--3-6l-v6-flex/brakes--rear-brakes,62,DISCOVERED,2026-07-31T23:49:15+00:00
sub-ade0db77138d4f10426a9c64,chrysler300-c-36-flex,cat-a540ca2f57ef3657330e4ed5,SUBCATEGORY,Drive Belts,drive belts,cooling--drive-belts,https://www.moparamerica.com/v-2017-chrysler-300--c--3-6l-v6-flex/cooling--drive-belts,63,DISCOVERED,2026-07-31T23:49:15+00:00
sub-4932b7b3787cd2b3e3142f80,chrysler300-c-36-flex,cat-a540ca2f57ef3657330e4ed5,SUBCATEGORY,Engine Coolant Reservoir (Bottle),engine coolant reservoir (bottle),cooling--engine-coolant-reservoir-bottle,https://www.moparamerica.com/v-2017-chrysler-300--c--3-6l-v6-flex/cooling--engine-coolant-reservoir-bottle,64,DISCOVERED,2026-07-31T23:49:15+00:00
sub-c4e42bf80240c2d5fbb501d3,chrysler300-c-36-flex,cat-a540ca2f57ef3657330e4ed5,SUBCATEGORY,Pulleys and Related Parts,pulleys and related parts,cooling--pulleys-and-related-parts,https://www.moparamerica.com/v-2017-chrysler-300--c--3-6l-v6-flex/cooling--pulleys-and-related-parts,65,DISCOVERED,2026-07-31T23:49:15+00:00
sub-135ac2419a7ff48febd45a63,chrysler300-c-36-flex,cat-a540ca2f57ef3657330e4ed5,SUBCATEGORY,Radiator and Related Parts; Charge Air Cooler,radiator and related parts; charge air cooler,cooling--radiator-and-related-parts-charge-air-cooler,https://www.moparamerica.com/v-2017-chrysler-300--c--3-6l-v6-flex/cooling--radiator-and-related-parts-charge-air-cooler,66,DISCOVERED,2026-07-31T23:49:15+00:00
sub-f4393131f5f8528074580dee,chrysler300-c-36-flex,cat-a540ca2f57ef3657330e4ed5,SUBCATEGORY,"Transmission Oil Cooler, and Lines","transmission oil cooler, and lines",cooling--transmission-oil-cooler-and-lines,https://www.moparamerica.com/v-2017-chrysler-300--c--3-6l-v6-flex/cooling--transmission-oil-cooler-and-lines,67,DISCOVERED,2026-07-31T23:49:15+00:00
cat-a540ca2f57ef3657330e4ed5,chrysler300-c-36-flex,,CATEGORY,Cooling,cooling,cooling,https://www.moparamerica.com/v-2017-chrysler-300--c--3-6l-v6-flex/cooling,68,DISCOVERED,2026-07-31T23:49:15+00:00
sub-49faa7d9d7e79ddf92eb90be,chrysler300-c-36-flex,cat-a540ca2f57ef3657330e4ed5,SUBCATEGORY,Water Pump and Related Parts,water pump and related parts,cooling--water-pump-and-related-parts,https://www.moparamerica.com/v-2017-chrysler-300--c--3-6l-v6-flex/cooling--water-pump-and-related-parts,68,DISCOVERED,2026-07-31T23:49:15+00:00
sub-ad27765888c2c3e22ea2c35d,chrysler300-c-36-flex,cat-0a92d1bf05b8710818569d47,SUBCATEGORY,Exterior Mirror,exterior mirror,doors-door-mirrors-and-related-parts--exterior-mirror,https://www.moparamerica.com/v-2017-chrysler-300--c--3-6l-v6-flex/doors-door-mirrors-and-related-parts--exterior-mirror,69,DISCOVERED,2026-07-31T23:49:15+00:00
sub-4e2581b60924afb0f74feb6d,chrysler300-c-36-flex,cat-0a92d1bf05b8710818569d47,SUBCATEGORY,Front Door,front door,doors-door-mirrors-and-related-parts--front-door,https://www.moparamerica.com/v-2017-chrysler-300--c--3-6l-v6-flex/doors-door-mirrors-and-related-parts--front-door,70,DISCOVERED,2026-07-31T23:49:15+00:00
sub-6f9c245b5dd6ff66b6a1e434,chrysler300-c-36-flex,cat-0a92d1bf05b8710818569d47,SUBCATEGORY,Rear Door,rear door,doors-door-mirrors-and-related-parts--rear-door,https://www.moparamerica.com/v-2017-chrysler-300--c--3-6l-v6-flex/doors-door-mirrors-and-related-parts--rear-door,71,DISCOVERED,2026-07-31T23:49:15+00:00
cat-0a92d1bf05b8710818569d47,chrysler300-c-36-flex,,CATEGORY,Doors Door Mirrors And Related Parts,doors door mirrors and related parts,doors-door-mirrors-and-related-parts,https://www.moparamerica.com/v-2017-chrysler-300--c--3-6l-v6-flex/doors-door-mirrors-and-related-parts,72,DISCOVERED,2026-07-31T23:49:15+00:00
sub-c4a2ca77c3769fbb7b3080ad,chrysler300-c-36-flex,cat-0a92d1bf05b8710818569d47,SUBCATEGORY,Weatherstrips and Seals,weatherstrips and seals,doors-door-mirrors-and-related-parts--weatherstrips-and-seals,https://www.moparamerica.com/v-2017-chrysler-300--c--3-6l-v6-flex/doors-door-mirrors-and-related-parts--weatherstrips-and-seals,72,DISCOVERED,2026-07-31T23:49:15+00:00
sub-f2f1aaba0a7ea9d822a33ec1,chrysler300-c-36-flex,cat-a1f1fe4770957a436679c3d8,SUBCATEGORY,"Battery, Battery Tray and Cables","battery, battery tray and cables",electrical--battery-battery-tray-and-cables,https://www.moparamerica.com/v-2017-chrysler-300--c--3-6l-v6-flex/electrical--battery-battery-tray-and-cables,73,DISCOVERED,2026-07-31T23:49:15+00:00
sub-d71565303d1e524454c1808f,chrysler300-c-36-flex,cat-a1f1fe4770957a436679c3d8,SUBCATEGORY,Generators Alternators,generators alternators,electrical--generators-alternators,https://www.moparamerica.com/v-2017-chrysler-300--c--3-6l-v6-flex/electrical--generators-alternators,74,DISCOVERED,2026-07-31T23:49:15+00:00
sub-0bbeae15dd80f69c6be9012e,chrysler300-c-36-flex,cat-a1f1fe4770957a436679c3d8,SUBCATEGORY,Horns,horns,electrical--horns,https://www.moparamerica.com/v-2017-chrysler-300--c--3-6l-v6-flex/electrical--horns,75,DISCOVERED,2026-07-31T23:49:15+00:00
sub-2a94422de44fcb8a83518da4,chrysler300-c-36-flex,cat-a1f1fe4770957a436679c3d8,SUBCATEGORY,"Ignition - Spark Plugs, Cables, Coils, and Glow Plugs","ignition - spark plugs, cables, coils, and glow plugs",electrical--ignition-spark-plugs-cables-coils-and-glow-plugs,https://www.moparamerica.com/v-2017-chrysler-300--c--3-6l-v6-flex/electrical--ignition-spark-plugs-cables-coils-and-glow-plugs,76,DISCOVERED,2026-07-31T23:49:15+00:00
sub-c290c49b22fe24aff7cd7f1f,chrysler300-c-36-flex,cat-a1f1fe4770957a436679c3d8,SUBCATEGORY,Instrument Panel Cluster,instrument panel cluster,electrical--instrument-panel-cluster,https://www.moparamerica.com/v-2017-chrysler-300--c--3-6l-v6-flex/electrical--instrument-panel-cluster,77,DISCOVERED,2026-07-31T23:49:15+00:00
sub-68482cbb5e6970479f0a4e5a,chrysler300-c-36-flex,cat-a1f1fe4770957a436679c3d8,SUBCATEGORY,"Keys, Modules and Engine Controllers","keys, modules and engine controllers",electrical--keys-modules-and-engine-controllers,https://www.moparamerica.com/v-2017-chrysler-300--c--3-6l-v6-flex/electrical--keys-modules-and-engine-controllers,78,DISCOVERED,2026-07-31T23:49:15+00:00
sub-62803de9acf25c5da30cfcb6,chrysler300-c-36-flex,cat-a1f1fe4770957a436679c3d8,SUBCATEGORY,Lamps-Interior and Exterior,lamps-interior and exterior,electrical--lamps-interior-and-exterior,https://www.moparamerica.com/v-2017-chrysler-300--c--3-6l-v6-flex/electrical--lamps-interior-and-exterior,79,DISCOVERED,2026-07-31T23:49:15+00:00
sub-d7b687a8cc1d341e6701e2eb,chrysler300-c-36-flex,cat-a1f1fe4770957a436679c3d8,SUBCATEGORY,Park Assist,park assist,electrical--park-assist,https://www.moparamerica.com/v-2017-chrysler-300--c--3-6l-v6-flex/electrical--park-assist,80,DISCOVERED,2026-07-31T23:49:15+00:00
sub-18c58bbe1cbdf05ca7f8df78,chrysler300-c-36-flex,cat-a1f1fe4770957a436679c3d8,SUBCATEGORY,"Power Distribution Center, Fuse Block, Junction Block, Relays and Fuses","power distribution center, fuse block, junction block, relays and fuses",electrical--power-distribution-center-fuse-block-junction-block-relays-and-fuses,https://www.moparamerica.com/v-2017-chrysler-300--c--3-6l-v6-flex/electrical--power-distribution-center-fuse-block-junction-block-relays-and-fuses,81,DISCOVERED,2026-07-31T23:49:15+00:00
sub-b350c3fc9bdb550bc7c65d46,chrysler300-c-36-flex,cat-a1f1fe4770957a436679c3d8,SUBCATEGORY,"Radio, Antenna, Speakers, DVD, and Video systems","radio, antenna, speakers, dvd, and video systems",electrical--radio-antenna-speakers-dvd-and-video-systems,https://www.moparamerica.com/v-2017-chrysler-300--c--3-6l-v6-flex/electrical--radio-antenna-speakers-dvd-and-video-systems,82,DISCOVERED,2026-07-31T23:49:15+00:00
sub-0ed3ebc5b5e73918dbebcfe2,chrysler300-c-36-flex,cat-a1f1fe4770957a436679c3d8,SUBCATEGORY,Sensors,sensors,electrical--sensors,https://www.moparamerica.com/v-2017-chrysler-300--c--3-6l-v6-flex/electrical--sensors,83,DISCOVERED,2026-07-31T23:49:15+00:00
sub-beadd5ed036ed536e22c15ee,chrysler300-c-36-flex,cat-a1f1fe4770957a436679c3d8,SUBCATEGORY,Speed Control,speed control,electrical--speed-control,https://www.moparamerica.com/v-2017-chrysler-300--c--3-6l-v6-flex/electrical--speed-control,84,DISCOVERED,2026-07-31T23:49:15+00:00
sub-f68aa169421b180ac09bf81d,chrysler300-c-36-flex,cat-a1f1fe4770957a436679c3d8,SUBCATEGORY,Starters,starters,electrical--starters,https://www.moparamerica.com/v-2017-chrysler-300--c--3-6l-v6-flex/electrical--starters,85,DISCOVERED,2026-07-31T23:49:15+00:00
sub-89896a4a0802d21b2d0758e4,chrysler300-c-36-flex,cat-a1f1fe4770957a436679c3d8,SUBCATEGORY,Switches,switches,electrical--switches,https://www.moparamerica.com/v-2017-chrysler-300--c--3-6l-v6-flex/electrical--switches,86,DISCOVERED,2026-07-31T23:49:15+00:00
sub-175f234e69e5ccfa0d7d5dd8,chrysler300-c-36-flex,cat-a1f1fe4770957a436679c3d8,SUBCATEGORY,Wiper and Washer System,wiper and washer system,electrical--wiper-and-washer-system,https://www.moparamerica.com/v-2017-chrysler-300--c--3-6l-v6-flex/electrical--wiper-and-washer-system,87,DISCOVERED,2026-07-31T23:49:15+00:00
sub-ce64c8f4cf28289887940bab,chrysler300-c-36-flex,cat-a1f1fe4770957a436679c3d8,SUBCATEGORY,Wiring-Body and Accessories,wiring-body and accessories,electrical--wiring-body-and-accessories,https://www.moparamerica.com/v-2017-chrysler-300--c--3-6l-v6-flex/electrical--wiring-body-and-accessories,88,DISCOVERED,2026-07-31T23:49:15+00:00
sub-5d835d768c781edb320c5ce3,chrysler300-c-36-flex,cat-a1f1fe4770957a436679c3d8,SUBCATEGORY,Wiring-Headlamp to Dash,wiring-headlamp to dash,electrical--wiring-headlamp-to-dash,https://www.moparamerica.com/v-2017-chrysler-300--c--3-6l-v6-flex/electrical--wiring-headlamp-to-dash,89,DISCOVERED,2026-07-31T23:49:15+00:00
sub-5701aab6bcba027365562bfb,chrysler300-c-36-flex,cat-a1f1fe4770957a436679c3d8,SUBCATEGORY,Wiring-Instrument Panel,wiring-instrument panel,electrical--wiring-instrument-panel,https://www.moparamerica.com/v-2017-chrysler-300--c--3-6l-v6-flex/electrical--wiring-instrument-panel,90,DISCOVERED,2026-07-31T23:49:15+00:00
cat-a1f1fe4770957a436679c3d8,chrysler300-c-36-flex,,CATEGORY,Electrical,electrical,electrical,https://www.moparamerica.com/v-2017-chrysler-300--c--3-6l-v6-flex/electrical,91,DISCOVERED,2026-07-31T23:49:15+00:00
sub-6c82f871d8fa5d9e83937d3d,chrysler300-c-36-flex,cat-a1f1fe4770957a436679c3d8,SUBCATEGORY,Wiring-Powertrain,wiring-powertrain,electrical--wiring-powertrain,https://www.moparamerica.com/v-2017-chrysler-300--c--3-6l-v6-flex/electrical--wiring-powertrain,91,DISCOVERED,2026-07-31T23:49:15+00:00
sub-14032643234494847e1c1b0a,chrysler300-c-36-flex,cat-d723b3d4e6a8620a11e4fe3d,SUBCATEGORY,Emission Harness,emission harness,emission-controls--emission-harness,https://www.moparamerica.com/v-2017-chrysler-300--c--3-6l-v6-flex/emission-controls--emission-harness,92,DISCOVERED,2026-07-31T23:49:15+00:00
cat-d723b3d4e6a8620a11e4fe3d,chrysler300-c-36-flex,,CATEGORY,Emission Controls,emission controls,emission-controls,https://www.moparamerica.com/v-2017-chrysler-300--c--3-6l-v6-flex/emission-controls,93,DISCOVERED,2026-07-31T23:49:15+00:00
sub-6cb288904ba284f11d1dd6cd,chrysler300-c-36-flex,cat-d723b3d4e6a8620a11e4fe3d,SUBCATEGORY,Vacuum Canister Leak Detection Pump,vacuum canister leak detection pump,emission-controls--vacuum-canister-leak-detection-pump,https://www.moparamerica.com/v-2017-chrysler-300--c--3-6l-v6-flex/emission-controls--vacuum-canister-leak-detection-pump,93,DISCOVERED,2026-07-31T23:49:15+00:00
cat-f262a57df1ac94ebd4bfde52,chrysler300-c-36-flex,,CATEGORY,Exhaust,exhaust,exhaust,https://www.moparamerica.com/v-2017-chrysler-300--c--3-6l-v6-flex/exhaust,94,DISCOVERED,2026-07-31T23:49:15+00:00
sub-f3ec38c4812c39a1d37b44e8,chrysler300-c-36-flex,cat-f262a57df1ac94ebd4bfde52,SUBCATEGORY,Exhaust System,exhaust system,exhaust--exhaust-system,https://www.moparamerica.com/v-2017-chrysler-300--c--3-6l-v6-flex/exhaust--exhaust-system,94,DISCOVERED,2026-07-31T23:49:15+00:00
sub-b78a2b69d74698f50d191873,chrysler300-c-36-flex,cat-1351539eb3ee3cd8ed2af01d,SUBCATEGORY,Air Deflectors,air deflectors,accessories-exterior-accessories--air-deflectors,https://www.moparamerica.com/v-2017-chrysler-300--c--3-6l-v6-flex/accessories-exterior-accessories--air-deflectors,95,DISCOVERED,2026-07-31T23:49:15+00:00
sub-f15fe5c329b31a9cdbac7e22,chrysler300-c-36-flex,cat-1351539eb3ee3cd8ed2af01d,SUBCATEGORY,Exterior Appearance,exterior appearance,accessories-exterior-accessories--exterior-appearance,https://www.moparamerica.com/v-2017-chrysler-300--c--3-6l-v6-flex/accessories-exterior-accessories--exterior-appearance,96,DISCOVERED,2026-07-31T23:49:15+00:00
sub-799d63a82c4beb4b365b4673,chrysler300-c-36-flex,cat-1351539eb3ee3cd8ed2af01d,SUBCATEGORY,License Plate,license plate,accessories-exterior-accessories--license-plate,https://www.moparamerica.com/v-2017-chrysler-300--c--3-6l-v6-flex/accessories-exterior-accessories--license-plate,97,DISCOVERED,2026-07-31T23:49:15+00:00
sub-df8d902f65cda88a50790212,chrysler300-c-36-flex,cat-1351539eb3ee3cd8ed2af01d,SUBCATEGORY,Locks,locks,accessories-exterior-accessories--locks,https://www.moparamerica.com/v-2017-chrysler-300--c--3-6l-v6-flex/accessories-exterior-accessories--locks,98,DISCOVERED,2026-07-31T23:49:15+00:00
sub-1124d5b0b36e493e60432092,chrysler300-c-36-flex,cat-1351539eb3ee3cd8ed2af01d,SUBCATEGORY,Protective Guards,protective guards,accessories-exterior-accessories--protective-guards,https://www.moparamerica.com/v-2017-chrysler-300--c--3-6l-v6-flex/accessories-exterior-accessories--protective-guards,99,DISCOVERED,2026-07-31T23:49:15+00:00
sub-6fab5fa541a9023a69d8d1fa,chrysler300-c-36-flex,cat-1351539eb3ee3cd8ed2af01d,SUBCATEGORY,Splash Guards,splash guards,accessories-exterior-accessories--splash-guards,https://www.moparamerica.com/v-2017-chrysler-300--c--3-6l-v6-flex/accessories-exterior-accessories--splash-guards,100,DISCOVERED,2026-07-31T23:49:15+00:00
cat-1351539eb3ee3cd8ed2af01d,chrysler300-c-36-flex,,CATEGORY,Accessories Exterior Accessories,accessories exterior accessories,accessories-exterior-accessories,https://www.moparamerica.com/v-2017-chrysler-300--c--3-6l-v6-flex/accessories-exterior-accessories,101,DISCOVERED,2026-07-31T23:49:15+00:00
sub-f24341bfe13bcfb83bc6fdcf,chrysler300-c-36-flex,cat-1351539eb3ee3cd8ed2af01d,SUBCATEGORY,Wheels,wheels,accessories-exterior-accessories--wheels,https://www.moparamerica.com/v-2017-chrysler-300--c--3-6l-v6-flex/accessories-exterior-accessories--wheels,101,DISCOVERED,2026-07-31T23:49:15+00:00
sub-6c6b8a253b7620318cc7463a,chrysler300-c-36-flex,cat-661b477ed320c317aec82cb1,SUBCATEGORY,Grilles,grilles,exterior-ornamentation--grilles,https://www.moparamerica.com/v-2017-chrysler-300--c--3-6l-v6-flex/exterior-ornamentation--grilles,102,DISCOVERED,2026-07-31T23:49:15+00:00
sub-bb3c52662bdbba867a5b1aff,chrysler300-c-36-flex,cat-661b477ed320c317aec82cb1,SUBCATEGORY,Moldings and Ornamentation,moldings and ornamentation,exterior-ornamentation--moldings-and-ornamentation,https://www.moparamerica.com/v-2017-chrysler-300--c--3-6l-v6-flex/exterior-ornamentation--moldings-and-ornamentation,103,DISCOVERED,2026-07-31T23:49:15+00:00
cat-661b477ed320c317aec82cb1,chrysler300-c-36-flex,,CATEGORY,Exterior Ornamentation,exterior ornamentation,exterior-ornamentation,https://www.moparamerica.com/v-2017-chrysler-300--c--3-6l-v6-flex/exterior-ornamentation,104,DISCOVERED,2026-07-31T23:49:15+00:00
sub-2de6d1b90138cc284e4ba580,chrysler300-c-36-flex,cat-661b477ed320c317aec82cb1,SUBCATEGORY,Nameplates,nameplates,exterior-ornamentation--nameplates,https://www.moparamerica.com/v-2017-chrysler-300--c--3-6l-v6-flex/exterior-ornamentation--nameplates,104,DISCOVERED,2026-07-31T23:49:15+00:00
sub-65fe2936753b66c4bb48b260,chrysler300-c-36-flex,cat-5149dd509e5d17cd55cfae73,SUBCATEGORY,Frames,frames,frame-bumper-and-fascia--frames,https://www.moparamerica.com/v-2017-chrysler-300--c--3-6l-v6-flex/frame-bumper-and-fascia--frames,105,DISCOVERED,2026-07-31T23:49:15+00:00
sub-18cd87da4f0a47ed68201d19,chrysler300-c-36-flex,cat-5149dd509e5d17cd55cfae73,SUBCATEGORY,Front Bumper and Fascia,front bumper and fascia,frame-bumper-and-fascia--front-bumper-and-fascia,https://www.moparamerica.com/v-2017-chrysler-300--c--3-6l-v6-flex/frame-bumper-and-fascia--front-bumper-and-fascia,106,DISCOVERED,2026-07-31T23:49:15+00:00
cat-5149dd509e5d17cd55cfae73,chrysler300-c-36-flex,,CATEGORY,Frame Bumper And Fascia,frame bumper and fascia,frame-bumper-and-fascia,https://www.moparamerica.com/v-2017-chrysler-300--c--3-6l-v6-flex/frame-bumper-and-fascia,107,DISCOVERED,2026-07-31T23:49:15+00:00
sub-8c496c456430279219190c55,chrysler300-c-36-flex,cat-5149dd509e5d17cd55cfae73,SUBCATEGORY,Rear Bumper and Fascia,rear bumper and fascia,frame-bumper-and-fascia--rear-bumper-and-fascia,https://www.moparamerica.com/v-2017-chrysler-300--c--3-6l-v6-flex/frame-bumper-and-fascia--rear-bumper-and-fascia,107,DISCOVERED,2026-07-31T23:49:15+00:00
sub-56e6c174554f231121a15316,chrysler300-c-36-flex,cat-a4e8d7e44e2c90998aa30599,SUBCATEGORY,Front Stabilizer Bar,front stabilizer bar,front-suspension--front-stabilizer-bar,https://www.moparamerica.com/v-2017-chrysler-300--c--3-6l-v6-flex/front-suspension--front-stabilizer-bar,108,DISCOVERED,2026-07-31T23:49:15+00:00
cat-a4e8d7e44e2c90998aa30599,chrysler300-c-36-flex,,CATEGORY,Front Suspension,front suspension,front-suspension,https://www.moparamerica.com/v-2017-chrysler-300--c--3-6l-v6-flex/front-suspension,109,DISCOVERED,2026-07-31T23:49:15+00:00
sub-5b72a25e5196c4bb75323764,chrysler300-c-36-flex,cat-a4e8d7e44e2c90998aa30599,SUBCATEGORY,"Front Suspension, Strut and Cradle","front suspension, strut and cradle",front-suspension--front-suspension-strut-and-cradle,https://www.moparamerica.com/v-2017-chrysler-300--c--3-6l-v6-flex/front-suspension--front-suspension-strut-and-cradle,109,DISCOVERED,2026-07-31T23:49:15+00:00
sub-88a91203e4ddc0f19f72cad4,chrysler300-c-36-flex,cat-ee8fa1e62f46e75fd7214657,SUBCATEGORY,Accelerator Pedal,accelerator pedal,fuel--accelerator-pedal,https://www.moparamerica.com/v-2017-chrysler-300--c--3-6l-v6-flex/fuel--accelerator-pedal,110,DISCOVERED,2026-07-31T23:49:15+00:00
sub-d917e6b6620defd192420a06,chrysler300-c-36-flex,cat-ee8fa1e62f46e75fd7214657,SUBCATEGORY,Air Cleaner,air cleaner,fuel--air-cleaner,https://www.moparamerica.com/v-2017-chrysler-300--c--3-6l-v6-flex/fuel--air-cleaner,111,DISCOVERED,2026-07-31T23:49:15+00:00
sub-b46761929c0702af26f4b5bb,chrysler300-c-36-flex,cat-ee8fa1e62f46e75fd7214657,SUBCATEGORY,Fuel Lines,fuel lines,fuel--fuel-lines,https://www.moparamerica.com/v-2017-chrysler-300--c--3-6l-v6-flex/fuel--fuel-lines,112,DISCOVERED,2026-07-31T23:49:15+00:00
sub-2adb43e613608c55b813bd5f,chrysler300-c-36-flex,cat-ee8fa1e62f46e75fd7214657,SUBCATEGORY,Fuel Pump and Sending Unit,fuel pump and sending unit,fuel--fuel-pump-and-sending-unit,https://www.moparamerica.com/v-2017-chrysler-300--c--3-6l-v6-flex/fuel--fuel-pump-and-sending-unit,113,DISCOVERED,2026-07-31T23:49:15+00:00
sub-52f295c3fedca36424158f48,chrysler300-c-36-flex,cat-ee8fa1e62f46e75fd7214657,SUBCATEGORY,Fuel Rail and Injectors,fuel rail and injectors,fuel--fuel-rail-and-injectors,https://www.moparamerica.com/v-2017-chrysler-300--c--3-6l-v6-flex/fuel--fuel-rail-and-injectors,114,DISCOVERED,2026-07-31T23:49:15+00:00
sub-6eb86e1915a6d19db737a7fc,chrysler300-c-36-flex,cat-ee8fa1e62f46e75fd7214657,SUBCATEGORY,Fuel Tank,fuel tank,fuel--fuel-tank,https://www.moparamerica.com/v-2017-chrysler-300--c--3-6l-v6-flex/fuel--fuel-tank,115,DISCOVERED,2026-07-31T23:49:15+00:00
sub-5b1a197eb64ba8a0a0c0c701,chrysler300-c-36-flex,cat-ee8fa1e62f46e75fd7214657,SUBCATEGORY,Fuel Tank Filler Tube,fuel tank filler tube,fuel--fuel-tank-filler-tube,https://www.moparamerica.com/v-2017-chrysler-300--c--3-6l-v6-flex/fuel--fuel-tank-filler-tube,116,DISCOVERED,2026-07-31T23:49:15+00:00
cat-ee8fa1e62f46e75fd7214657,chrysler300-c-36-flex,,CATEGORY,Fuel,fuel,fuel,https://www.moparamerica.com/v-2017-chrysler-300--c--3-6l-v6-flex/fuel,117,DISCOVERED,2026-07-31T23:49:15+00:00
sub-d21b9f4ae1712f5b3ab0e1af,chrysler300-c-36-flex,cat-ee8fa1e62f46e75fd7214657,SUBCATEGORY,Throttle Body,throttle body,fuel--throttle-body,https://www.moparamerica.com/v-2017-chrysler-300--c--3-6l-v6-flex/fuel--throttle-body,117,DISCOVERED,2026-07-31T23:49:15+00:00
cat-20f546c31d956053dd1a0b75,chrysler300-c-36-flex,,CATEGORY,Glass,glass,glass,https://www.moparamerica.com/v-2017-chrysler-300--c--3-6l-v6-flex/glass,118,DISCOVERED,2026-07-31T23:49:15+00:00
sub-b422a0035db46e3bc538cbfc,chrysler300-c-36-flex,cat-20f546c31d956053dd1a0b75,SUBCATEGORY,Glass and Interior Rear View Mirror,glass and interior rear view mirror,glass--glass-and-interior-rear-view-mirror,https://www.moparamerica.com/v-2017-chrysler-300--c--3-6l-v6-flex/glass--glass-and-interior-rear-view-mirror,118,DISCOVERED,2026-07-31T23:49:15+00:00
sub-9afb186395164390ea2f9b39,chrysler300-c-36-flex,cat-5c7b8d4ff7717194fbd0636a,SUBCATEGORY,Air Purification,air purification,accessories-interior-accessories--air-purification,https://www.moparamerica.com/v-2017-chrysler-300--c--3-6l-v6-flex/accessories-interior-accessories--air-purification,119,DISCOVERED,2026-07-31T23:49:15+00:00
sub-75cce61534186004b24db713,chrysler300-c-36-flex,cat-5c7b8d4ff7717194fbd0636a,SUBCATEGORY,Cargo Trays & Mats,cargo trays & mats,accessories-interior-accessories--cargo-trays-and-mats,https://www.moparamerica.com/v-2017-chrysler-300--c--3-6l-v6-flex/accessories-interior-accessories--cargo-trays-and-mats,120,DISCOVERED,2026-07-31T23:49:15+00:00
sub-931dd06e35a26b67e4e09267,chrysler300-c-36-flex,cat-5c7b8d4ff7717194fbd0636a,SUBCATEGORY,Floor Mats,floor mats,accessories-interior-accessories--floor-mats,https://www.moparamerica.com/v-2017-chrysler-300--c--3-6l-v6-flex/accessories-interior-accessories--floor-mats,121,DISCOVERED,2026-07-31T23:49:15+00:00
cat-5c7b8d4ff7717194fbd0636a,chrysler300-c-36-flex,,CATEGORY,Accessories Interior Accessories,accessories interior accessories,accessories-interior-accessories,https://www.moparamerica.com/v-2017-chrysler-300--c--3-6l-v6-flex/accessories-interior-accessories,122,DISCOVERED,2026-07-31T23:49:15+00:00
sub-e3a39ee5986b61ec763f3a55,chrysler300-c-36-flex,cat-5c7b8d4ff7717194fbd0636a,SUBCATEGORY,Interior Appearance,interior appearance,accessories-interior-accessories--interior-appearance,https://www.moparamerica.com/v-2017-chrysler-300--c--3-6l-v6-flex/accessories-interior-accessories--interior-appearance,122,DISCOVERED,2026-07-31T23:49:15+00:00
sub-a2e93e3f2370cd78f814ce3f,chrysler300-c-36-flex,cat-c06a15f22aaef8a87f93e107,SUBCATEGORY,"Carpets, Floor Mats, Load Floor, and Silencers","carpets, floor mats, load floor, and silencers",interior-trim--carpets-floor-mats-load-floor-and-silencers,https://www.moparamerica.com/v-2017-chrysler-300--c--3-6l-v6-flex/interior-trim--carpets-floor-mats-load-floor-and-silencers,123,DISCOVERED,2026-07-31T23:49:15+00:00
sub-3fb21e6fca09d8156c5868b1,chrysler300-c-36-flex,cat-c06a15f22aaef8a87f93e107,SUBCATEGORY,Consoles,consoles,interior-trim--consoles,https://www.moparamerica.com/v-2017-chrysler-300--c--3-6l-v6-flex/interior-trim--consoles,124,DISCOVERED,2026-07-31T23:49:15+00:00
sub-c5a24355d7547befab14bbcf,chrysler300-c-36-flex,cat-c06a15f22aaef8a87f93e107,SUBCATEGORY,Door Trim Panels-Front and Rear,door trim panels-front and rear,interior-trim--door-trim-panels-front-and-rear,https://www.moparamerica.com/v-2017-chrysler-300--c--3-6l-v6-flex/interior-trim--door-trim-panels-front-and-rear,125,DISCOVERED,2026-07-31T23:49:15+00:00
sub-6f10c8ff0e50f2220fec93aa,chrysler300-c-36-flex,cat-c06a15f22aaef8a87f93e107,SUBCATEGORY,"Front Seats - Adjusters, Recliners, Shields and Risers","front seats - adjusters, recliners, shields and risers",interior-trim--front-seats-adjusters-recliners-shields-and-risers,https://www.moparamerica.com/v-2017-chrysler-300--c--3-6l-v6-flex/interior-trim--front-seats-adjusters-recliners-shields-and-risers,126,DISCOVERED,2026-07-31T23:49:15+00:00
sub-f7fe8e0f7210dc9f183953d7,chrysler300-c-36-flex,cat-c06a15f22aaef8a87f93e107,SUBCATEGORY,Front Seats - First Row,front seats - first row,interior-trim--front-seats-first-row,https://www.moparamerica.com/v-2017-chrysler-300--c--3-6l-v6-flex/interior-trim--front-seats-first-row,127,DISCOVERED,2026-07-31T23:49:15+00:00
sub-71d2a1dfed9257cce1c308fd,chrysler300-c-36-flex,cat-c06a15f22aaef8a87f93e107,SUBCATEGORY,Headliners-Visors-Assist Straps,headliners-visors-assist straps,interior-trim--headliners-visors-assist-straps,https://www.moparamerica.com/v-2017-chrysler-300--c--3-6l-v6-flex/interior-trim--headliners-visors-assist-straps,128,DISCOVERED,2026-07-31T23:49:15+00:00
sub-c9629c72faed3545d31a5594,chrysler300-c-36-flex,cat-c06a15f22aaef8a87f93e107,SUBCATEGORY,Instrument Panel,instrument panel,interior-trim--instrument-panel,https://www.moparamerica.com/v-2017-chrysler-300--c--3-6l-v6-flex/interior-trim--instrument-panel,129,DISCOVERED,2026-07-31T23:49:15+00:00
sub-9a325c2918b2a311944f2cc9,chrysler300-c-36-flex,cat-c06a15f22aaef8a87f93e107,SUBCATEGORY,Panels Moldings Scuff Plates Pillar Cowl 1 4 Panel Trim And Cargo Covers,panels moldings scuff plates pillar cowl 1 4 panel trim and cargo covers,interior-trim--panels-moldings-scuff-plates-pillar-cowl-1-4-panel-trim-and-cargo-covers,https://www.moparamerica.com/v-2017-chrysler-300--c--3-6l-v6-flex/interior-trim--panels-moldings-scuff-plates-pillar-cowl-1-4-panel-trim-and-cargo-covers,130,DISCOVERED,2026-07-31T23:49:15+00:00
sub-b90325b593a9ee3348befee1,chrysler300-c-36-flex,cat-c06a15f22aaef8a87f93e107,SUBCATEGORY,Rear Seats - Second Row,rear seats - second row,interior-trim--rear-seats-second-row,https://www.moparamerica.com/v-2017-chrysler-300--c--3-6l-v6-flex/interior-trim--rear-seats-second-row,131,DISCOVERED,2026-07-31T23:49:15+00:00
cat-c06a15f22aaef8a87f93e107,chrysler300-c-36-flex,,CATEGORY,Interior Trim,interior trim,interior-trim,https://www.moparamerica.com/v-2017-chrysler-300--c--3-6l-v6-flex/interior-trim,132,DISCOVERED,2026-07-31T23:49:15+00:00
sub-8d07458081a2dd3dcbecba4d,chrysler300-c-36-flex,cat-c06a15f22aaef8a87f93e107,SUBCATEGORY,"Rear Seats - Second Row - Adjusters, Recliners, Shields and Risers","rear seats - second row - adjusters, recliners, shields and risers",interior-trim--rear-seats-second-row-adjusters-recliners-shields-and-risers,https://www.moparamerica.com/v-2017-chrysler-300--c--3-6l-v6-flex/interior-trim--rear-seats-second-row-adjusters-recliners-shields-and-risers,132,DISCOVERED,2026-07-31T23:49:15+00:00
sub-713667296c7da5a612d2ed2c,chrysler300-c-36-flex,cat-18daa309a4b5b87a51877a3d,SUBCATEGORY,Exterior,exterior,labels--exterior,https://www.moparamerica.com/v-2017-chrysler-300--c--3-6l-v6-flex/labels--exterior,133,DISCOVERED,2026-07-31T23:49:15+00:00
sub-a17ea9b7d3819b8c1a5f53f7,chrysler300-c-36-flex,cat-18daa309a4b5b87a51877a3d,SUBCATEGORY,Trunk,trunk,labels--trunk,https://www.moparamerica.com/v-2017-chrysler-300--c--3-6l-v6-flex/labels--trunk,134,DISCOVERED,2026-07-31T23:49:15+00:00
cat-18daa309a4b5b87a51877a3d,chrysler300-c-36-flex,,CATEGORY,Labels,labels,labels,https://www.moparamerica.com/v-2017-chrysler-300--c--3-6l-v6-flex/labels,135,DISCOVERED,2026-07-31T23:49:15+00:00
sub-74dd14d8c69ed87820bcdc5d,chrysler300-c-36-flex,cat-18daa309a4b5b87a51877a3d,SUBCATEGORY,Under Hood,under hood,labels--under-hood,https://www.moparamerica.com/v-2017-chrysler-300--c--3-6l-v6-flex/labels--under-hood,135,DISCOVERED,2026-07-31T23:49:15+00:00
cat-9f8bbdc163d32a2bde6be6e8,chrysler300-c-36-flex,,CATEGORY,Accessories Lifestyle And Off Road Accessories,accessories lifestyle and off road accessories,accessories-lifestyle-and-off-road-accessories,https://www.moparamerica.com/v-2017-chrysler-300--c--3-6l-v6-flex/accessories-lifestyle-and-off-road-accessories,136,DISCOVERED,2026-07-31T23:49:15+00:00
sub-5f9db9a4a7e4ac226adf25d8,chrysler300-c-36-flex,cat-9f8bbdc163d32a2bde6be6e8,SUBCATEGORY,Safety Kits,safety kits,accessories-lifestyle-and-off-road-accessories--safety-kits,https://www.moparamerica.com/v-2017-chrysler-300--c--3-6l-v6-flex/accessories-lifestyle-and-off-road-accessories--safety-kits,136,DISCOVERED,2026-07-31T23:49:15+00:00
cat-8836072b34609c50e8cdd613,chrysler300-c-36-flex,,CATEGORY,Accessories Lighting And Electrical Accessories,accessories lighting and electrical accessories,accessories-lighting-and-electrical-accessories,https://www.moparamerica.com/v-2017-chrysler-300--c--3-6l-v6-flex/accessories-lighting-and-electrical-accessories,137,DISCOVERED,2026-07-31T23:49:15+00:00
sub-3d567a038b747c00d57f8805,chrysler300-c-36-flex,cat-8836072b34609c50e8cdd613,SUBCATEGORY,Charging Unit,charging unit,accessories-lighting-and-electrical-accessories--charging-unit,https://www.moparamerica.com/v-2017-chrysler-300--c--3-6l-v6-flex/accessories-lighting-and-electrical-accessories--charging-unit,137,DISCOVERED,2026-07-31T23:49:15+00:00
sub-e086606d0687904de0affbd7,chrysler300-c-36-flex,cat-99feb7b4746eac55002c64bb,SUBCATEGORY,Engine Parts,engine parts,accessories-modern-performance--engine-parts,https://www.moparamerica.com/v-2017-chrysler-300--c--3-6l-v6-flex/accessories-modern-performance--engine-parts,138,DISCOVERED,2026-07-31T23:49:15+00:00
sub-dcf37ac1d5c56953f324fe0c,chrysler300-c-36-flex,cat-99feb7b4746eac55002c64bb,SUBCATEGORY,Intake & Air,intake & air,accessories-modern-performance--intake-and-air,https://www.moparamerica.com/v-2017-chrysler-300--c--3-6l-v6-flex/accessories-modern-performance--intake-and-air,139,DISCOVERED,2026-07-31T23:49:15+00:00
cat-99feb7b4746eac55002c64bb,chrysler300-c-36-flex,,CATEGORY,Accessories Modern Performance,accessories modern performance,accessories-modern-performance,https://www.moparamerica.com/v-2017-chrysler-300--c--3-6l-v6-flex/accessories-modern-performance,140,DISCOVERED,2026-07-31T23:49:15+00:00
sub-e1892bf2d4859557034de006,chrysler300-c-36-flex,cat-99feb7b4746eac55002c64bb,SUBCATEGORY,Suspension,suspension,accessories-modern-performance--suspension,https://www.moparamerica.com/v-2017-chrysler-300--c--3-6l-v6-flex/accessories-modern-performance--suspension,140,DISCOVERED,2026-07-31T23:49:15+00:00
sub-cd4a8ac70bf6871e5c0af25b,chrysler300-c-36-flex,cat-994280dd3dbf37a3005f4f09,SUBCATEGORY,Audio and Electronics,audio and electronics,mopar-accessories-component-parts--audio-and-electronics,https://www.moparamerica.com/v-2017-chrysler-300--c--3-6l-v6-flex/mopar-accessories-component-parts--audio-and-electronics,141,DISCOVERED,2026-07-31T23:49:15+00:00
sub-3a71417a724310845408fb27,chrysler300-c-36-flex,cat-994280dd3dbf37a3005f4f09,SUBCATEGORY,Driver Convenience,driver convenience,mopar-accessories-component-parts--driver-convenience,https://www.moparamerica.com/v-2017-chrysler-300--c--3-6l-v6-flex/mopar-accessories-component-parts--driver-convenience,142,DISCOVERED,2026-07-31T23:49:15+00:00
sub-364f9c6d11b883b0631ea0b4,chrysler300-c-36-flex,cat-994280dd3dbf37a3005f4f09,SUBCATEGORY,Exterior Appearance,exterior appearance,mopar-accessories-component-parts--exterior-appearance,https://www.moparamerica.com/v-2017-chrysler-300--c--3-6l-v6-flex/mopar-accessories-component-parts--exterior-appearance,143,DISCOVERED,2026-07-31T23:49:15+00:00
sub-750e353c20b5a9068cc3096c,chrysler300-c-36-flex,cat-994280dd3dbf37a3005f4f09,SUBCATEGORY,Fog Lights and Electrical,fog lights and electrical,mopar-accessories-component-parts--fog-lights-and-electrical,https://www.moparamerica.com/v-2017-chrysler-300--c--3-6l-v6-flex/mopar-accessories-component-parts--fog-lights-and-electrical,144,DISCOVERED,2026-07-31T23:49:15+00:00
sub-970d398897bbf258e8a9dcaa,chrysler300-c-36-flex,cat-994280dd3dbf37a3005f4f09,SUBCATEGORY,Interior Protection,interior protection,mopar-accessories-component-parts--interior-protection,https://www.moparamerica.com/v-2017-chrysler-300--c--3-6l-v6-flex/mopar-accessories-component-parts--interior-protection,145,DISCOVERED,2026-07-31T23:49:15+00:00
cat-994280dd3dbf37a3005f4f09,chrysler300-c-36-flex,,CATEGORY,Mopar Accessories Component Parts,mopar accessories component parts,mopar-accessories-component-parts,https://www.moparamerica.com/v-2017-chrysler-300--c--3-6l-v6-flex/mopar-accessories-component-parts,146,DISCOVERED,2026-07-31T23:49:15+00:00
sub-6bc803f0dd21b2b5ff9ea1ae,chrysler300-c-36-flex,cat-994280dd3dbf37a3005f4f09,SUBCATEGORY,Powertrain,powertrain,mopar-accessories-component-parts--powertrain,https://www.moparamerica.com/v-2017-chrysler-300--c--3-6l-v6-flex/mopar-accessories-component-parts--powertrain,146,DISCOVERED,2026-07-31T23:49:15+00:00
sub-52cf4c6b34c326781955f856,chrysler300-c-36-flex,cat-85a37965a9a30c32e8dd9f3b,SUBCATEGORY,Brakes,brakes,accessories-performance--brakes,https://www.moparamerica.com/v-2017-chrysler-300--c--3-6l-v6-flex/accessories-performance--brakes,147,DISCOVERED,2026-07-31T23:49:15+00:00
cat-85a37965a9a30c32e8dd9f3b,chrysler300-c-36-flex,,CATEGORY,Accessories Performance,accessories performance,accessories-performance,https://www.moparamerica.com/v-2017-chrysler-300--c--3-6l-v6-flex/accessories-performance,148,DISCOVERED,2026-07-31T23:49:15+00:00
sub-81831495b4023ac8dc40ba4e,chrysler300-c-36-flex,cat-85a37965a9a30c32e8dd9f3b,SUBCATEGORY,Performance Packages,performance packages,accessories-performance--performance-packages,https://www.moparamerica.com/v-2017-chrysler-300--c--3-6l-v6-flex/accessories-performance--performance-packages,148,DISCOVERED,2026-07-31T23:49:15+00:00
sub-367d85a8ecf414a34f9542d8,chrysler300-c-36-flex,cat-c9bb25a96be28021c6044c71,SUBCATEGORY,"Case, and Extension","case, and extension",power-transfer-unit-transfer-case--case-and-extension,https://www.moparamerica.com/v-2017-chrysler-300--c--3-6l-v6-flex/power-transfer-unit-transfer-case--case-and-extension,149,DISCOVERED,2026-07-31T23:49:15+00:00
sub-40845e0df8c6286426da296b,chrysler300-c-36-flex,cat-c9bb25a96be28021c6044c71,SUBCATEGORY,Gear Train,gear train,power-transfer-unit-transfer-case--gear-train,https://www.moparamerica.com/v-2017-chrysler-300--c--3-6l-v6-flex/power-transfer-unit-transfer-case--gear-train,150,DISCOVERED,2026-07-31T23:49:15+00:00
cat-c9bb25a96be28021c6044c71,chrysler300-c-36-flex,,CATEGORY,Power Transfer Unit Transfer Case,power transfer unit transfer case,power-transfer-unit-transfer-case,https://www.moparamerica.com/v-2017-chrysler-300--c--3-6l-v6-flex/power-transfer-unit-transfer-case,151,DISCOVERED,2026-07-31T23:49:15+00:00
sub-bff7ce2b430bbd9be9413bf2,chrysler300-c-36-flex,cat-c9bb25a96be28021c6044c71,SUBCATEGORY,Transfer Case Assembly,transfer case assembly,power-transfer-unit-transfer-case--transfer-case-assembly,https://www.moparamerica.com/v-2017-chrysler-300--c--3-6l-v6-flex/power-transfer-unit-transfer-case--transfer-case-assembly,151,DISCOVERED,2026-07-31T23:49:15+00:00
sub-aba7b343762b2b83f1f1a83e,chrysler300-c-36-flex,cat-6ac52045384d0967f609d34e,SUBCATEGORY,Rear Stabilizer,rear stabilizer,rear-suspension--rear-stabilizer,https://www.moparamerica.com/v-2017-chrysler-300--c--3-6l-v6-flex/rear-suspension--rear-stabilizer,152,DISCOVERED,2026-07-31T23:49:15+00:00
cat-6ac52045384d0967f609d34e,chrysler300-c-36-flex,,CATEGORY,Rear Suspension,rear suspension,rear-suspension,https://www.moparamerica.com/v-2017-chrysler-300--c--3-6l-v6-flex/rear-suspension,153,DISCOVERED,2026-07-31T23:49:15+00:00
sub-b509a0a10896304f08e1476d,chrysler300-c-36-flex,cat-6ac52045384d0967f609d34e,SUBCATEGORY,Rear Suspension and Cradle,rear suspension and cradle,rear-suspension--rear-suspension-and-cradle,https://www.moparamerica.com/v-2017-chrysler-300--c--3-6l-v6-flex/rear-suspension--rear-suspension-and-cradle,153,DISCOVERED,2026-07-31T23:49:15+00:00
sub-495feb94ff8e75496d5d025c,chrysler300-c-36-flex,cat-6f376eb26e32043a14ae6d91,SUBCATEGORY,Drive Shaft,drive shaft,rear-wheel-drive-differential-and-drive-line--drive-shaft,https://www.moparamerica.com/v-2017-chrysler-300--c--3-6l-v6-flex/rear-wheel-drive-differential-and-drive-line--drive-shaft,154,DISCOVERED,2026-07-31T23:49:15+00:00
sub-609708762942e98a72cd09ac,chrysler300-c-36-flex,cat-6f376eb26e32043a14ae6d91,SUBCATEGORY,Rear Axle Assembly,rear axle assembly,rear-wheel-drive-differential-and-drive-line--rear-axle-assembly,https://www.moparamerica.com/v-2017-chrysler-300--c--3-6l-v6-flex/rear-wheel-drive-differential-and-drive-line--rear-axle-assembly,155,DISCOVERED,2026-07-31T23:49:15+00:00
sub-e00b02f86d0c7b38e894d9ab,chrysler300-c-36-flex,cat-6f376eb26e32043a14ae6d91,SUBCATEGORY,Rear Axle Shafts,rear axle shafts,rear-wheel-drive-differential-and-drive-line--rear-axle-shafts,https://www.moparamerica.com/v-2017-chrysler-300--c--3-6l-v6-flex/rear-wheel-drive-differential-and-drive-line--rear-axle-shafts,156,DISCOVERED,2026-07-31T23:49:15+00:00
cat-6f376eb26e32043a14ae6d91,chrysler300-c-36-flex,,CATEGORY,Rear Wheel Drive Differential And Drive Line,rear wheel drive differential and drive line,rear-wheel-drive-differential-and-drive-line,https://www.moparamerica.com/v-2017-chrysler-300--c--3-6l-v6-flex/rear-wheel-drive-differential-and-drive-line,157,DISCOVERED,2026-07-31T23:49:15+00:00
sub-dba91b6efb3d2dfb936e12a7,chrysler300-c-36-flex,cat-6f376eb26e32043a14ae6d91,SUBCATEGORY,"Rear Axle; Housing, Differential and Vent","rear axle; housing, differential and vent",rear-wheel-drive-differential-and-drive-line--rear-axle-housing-differential-and-vent,https://www.moparamerica.com/v-2017-chrysler-300--c--3-6l-v6-flex/rear-wheel-drive-differential-and-drive-line--rear-axle-housing-differential-and-vent,157,DISCOVERED,2026-07-31T23:49:15+00:00
sub-4b839ad588ba443a5aaeebf9,chrysler300-c-36-flex,cat-ee3ddc8a9fea77a9509a3229,SUBCATEGORY,Air Bags,air bags,restraints--air-bags,https://www.moparamerica.com/v-2017-chrysler-300--c--3-6l-v6-flex/restraints--air-bags,158,DISCOVERED,2026-07-31T23:49:15+00:00
cat-ee3ddc8a9fea77a9509a3229,chrysler300-c-36-flex,,CATEGORY,Restraints,restraints,restraints,https://www.moparamerica.com/v-2017-chrysler-300--c--3-6l-v6-flex/restraints,159,DISCOVERED,2026-07-31T23:49:15+00:00
sub-8251e97b511debf813b8a22b,chrysler300-c-36-flex,cat-ee3ddc8a9fea77a9509a3229,SUBCATEGORY,Seat Belts,seat belts,restraints--seat-belts,https://www.moparamerica.com/v-2017-chrysler-300--c--3-6l-v6-flex/restraints--seat-belts,159,DISCOVERED,2026-07-31T23:49:15+00:00
sub-af987045dbcee51479a38334,chrysler300-c-36-flex,cat-8412634b652c4362eb73b14a,SUBCATEGORY,Steering Column and Intermediate Shaft,steering column and intermediate shaft,steering--steering-column-and-intermediate-shaft,https://www.moparamerica.com/v-2017-chrysler-300--c--3-6l-v6-flex/steering--steering-column-and-intermediate-shaft,160,DISCOVERED,2026-07-31T23:49:15+00:00
sub-cd1c35d606dd5ad9e289d1d6,chrysler300-c-36-flex,cat-8412634b652c4362eb73b14a,SUBCATEGORY,Steering Gear,steering gear,steering--steering-gear,https://www.moparamerica.com/v-2017-chrysler-300--c--3-6l-v6-flex/steering--steering-gear,161,DISCOVERED,2026-07-31T23:49:15+00:00
cat-8412634b652c4362eb73b14a,chrysler300-c-36-flex,,CATEGORY,Steering,steering,steering,https://www.moparamerica.com/v-2017-chrysler-300--c--3-6l-v6-flex/steering,162,DISCOVERED,2026-07-31T23:49:15+00:00
sub-7e3abf1db2644407a0b13d22,chrysler300-c-36-flex,cat-8412634b652c4362eb73b14a,SUBCATEGORY,Steering Wheel,steering wheel,steering--steering-wheel,https://www.moparamerica.com/v-2017-chrysler-300--c--3-6l-v6-flex/steering--steering-wheel,162,DISCOVERED,2026-07-31T23:49:15+00:00
sub-02d25aa64309830def4a5e78,chrysler300-c-36-flex,cat-472da7d9ca2d62f41b62e6dd,SUBCATEGORY,Mopar,mopar,accessories-vehicle-care-products--mopar,https://www.moparamerica.com/v-2017-chrysler-300--c--3-6l-v6-flex/accessories-vehicle-care-products--mopar,163,DISCOVERED,2026-07-31T23:49:15+00:00
cat-472da7d9ca2d62f41b62e6dd,chrysler300-c-36-flex,,CATEGORY,Accessories Vehicle Care Products,accessories vehicle care products,accessories-vehicle-care-products,https://www.moparamerica.com/v-2017-chrysler-300--c--3-6l-v6-flex/accessories-vehicle-care-products,164,DISCOVERED,2026-07-31T23:49:15+00:00
sub-c8411538ad1a7a3ef371a601,chrysler300-c-36-flex,cat-472da7d9ca2d62f41b62e6dd,SUBCATEGORY,Touch Up Paint,touch up paint,accessories-vehicle-care-products--touch-up-paint,https://www.moparamerica.com/v-2017-chrysler-300--c--3-6l-v6-flex/accessories-vehicle-care-products--touch-up-paint,164,DISCOVERED,2026-07-31T23:49:15+00:00
sub-00fb81613a5ce56461352ba2,chrysler300-c-36-flex,cat-e2f35f43f5d48300ee1f2839,SUBCATEGORY,Emergency Kit,emergency kit,wheels--emergency-kit,https://www.moparamerica.com/v-2017-chrysler-300--c--3-6l-v6-flex/wheels--emergency-kit,165,DISCOVERED,2026-07-31T23:49:15+00:00
sub-921763cc31981edf064f3d96,chrysler300-c-36-flex,cat-e2f35f43f5d48300ee1f2839,SUBCATEGORY,Jack Stowage,jack stowage,wheels--jack-stowage,https://www.moparamerica.com/v-2017-chrysler-300--c--3-6l-v6-flex/wheels--jack-stowage,166,DISCOVERED,2026-07-31T23:49:15+00:00
sub-6bdf642ee003dd5f2c56e348,chrysler300-c-36-flex,cat-e2f35f43f5d48300ee1f2839,SUBCATEGORY,Tire Monitoring System,tire monitoring system,wheels--tire-monitoring-system,https://www.moparamerica.com/v-2017-chrysler-300--c--3-6l-v6-flex/wheels--tire-monitoring-system,167,DISCOVERED,2026-07-31T23:49:15+00:00
sub-9a59964af5aab47934558ffa,chrysler300-c-36-flex,cat-e2f35f43f5d48300ee1f2839,SUBCATEGORY,Wheel Covers and Center Caps,wheel covers and center caps,wheels--wheel-covers-and-center-caps,https://www.moparamerica.com/v-2017-chrysler-300--c--3-6l-v6-flex/wheels--wheel-covers-and-center-caps,168,DISCOVERED,2026-07-31T23:49:15+00:00
sub-425e7ea84a0f9210ac71d13c,chrysler300-c-36-flex,cat-e2f35f43f5d48300ee1f2839,SUBCATEGORY,Wheel Spare,wheel spare,wheels--wheel-spare,https://www.moparamerica.com/v-2017-chrysler-300--c--3-6l-v6-flex/wheels--wheel-spare,169,DISCOVERED,2026-07-31T23:49:15+00:00
cat-e2f35f43f5d48300ee1f2839,chrysler300-c-36-flex,,CATEGORY,Wheels,wheels,wheels,https://www.moparamerica.com/v-2017-chrysler-300--c--3-6l-v6-flex/wheels,170,DISCOVERED,2026-07-31T23:49:15+00:00
sub-384b4f31adec81fe8b7d8ef8,chrysler300-c-36-flex,cat-e2f35f43f5d48300ee1f2839,SUBCATEGORY,"Wheels, Tires and Hardware","wheels, tires and hardware",wheels--wheels-tires-and-hardware,https://www.moparamerica.com/v-2017-chrysler-300--c--3-6l-v6-flex/wheels--wheels-tires-and-hardware,170,DISCOVERED,2026-07-31T23:49:15+00:00
cat-5042c1f52b42c17861923815,chrysler300-c-36-flex,,CATEGORY,Parts,parts,auto-parts,https://www.moparamerica.com/v-2017-chrysler-300--c--3-6l-v6-flex/auto-parts,171,DISCOVERED,2026-07-31T23:49:15+00:00
cat-13ea9db63f64ed59a9fca71c,chrysler300-c-36-flex,,CATEGORY,Accessories,accessories,accessories,https://www.moparamerica.com/v-2017-chrysler-300--c--3-6l-v6-flex/accessories,172,DISCOVERED,2026-07-31T23:49:15+00:00
cat-5b5cf17f07bdddc192873d66,chrysler300-c-36-gas,,CATEGORY,Parts,parts,auto-parts,https://www.moparamerica.com/v-2017-chrysler-300--c--3-6l-v6-gas/auto-parts,1,DISCOVERED,2026-07-31T23:49:25+00:00
cat-f6cf3e3c9fcea6a37a0e366c,chrysler300-c-36-gas,,CATEGORY,Accessories,accessories,accessories,https://www.moparamerica.com/v-2017-chrysler-300--c--3-6l-v6-gas/accessories,2,DISCOVERED,2026-07-31T23:49:25+00:00
sub-0a0fd7a6aec5a4cb1379b362,chrysler300-c-36-gas,cat-c8c57936d11a514e0609f2e2,SUBCATEGORY,Cylinder Block,cylinder block,3-0l-gas-engine--cylinder-block,https://www.moparamerica.com/v-2017-chrysler-300--c--3-6l-v6-gas/3-0l-gas-engine--cylinder-block,3,DISCOVERED,2026-07-31T23:49:25+00:00
sub-3ddb19ba7c5037f45200d1fa,chrysler300-c-36-gas,cat-c8c57936d11a514e0609f2e2,SUBCATEGORY,Cylinder Head,cylinder head,3-0l-gas-engine--cylinder-head,https://www.moparamerica.com/v-2017-chrysler-300--c--3-6l-v6-gas/3-0l-gas-engine--cylinder-head,4,DISCOVERED,2026-07-31T23:49:25+00:00
sub-ec48367bf5c86230149e71c9,chrysler300-c-36-gas,cat-c8c57936d11a514e0609f2e2,SUBCATEGORY,Engine Mounting,engine mounting,3-0l-gas-engine--engine-mounting,https://www.moparamerica.com/v-2017-chrysler-300--c--3-6l-v6-gas/3-0l-gas-engine--engine-mounting,5,DISCOVERED,2026-07-31T23:49:25+00:00
sub-83b215fdc3b04b52a36d4f81,chrysler300-c-36-gas,cat-c8c57936d11a514e0609f2e2,SUBCATEGORY,"Engine Oiling, Oil Pan and Indicator (Dipstick)","engine oiling, oil pan and indicator (dipstick)",3-0l-gas-engine--engine-oiling-oil-pan-and-indicator-dipstick,https://www.moparamerica.com/v-2017-chrysler-300--c--3-6l-v6-gas/3-0l-gas-engine--engine-oiling-oil-pan-and-indicator-dipstick,6,DISCOVERED,2026-07-31T23:49:25+00:00
cat-c8c57936d11a514e0609f2e2,chrysler300-c-36-gas,,CATEGORY,3 0L Gas Engine,3 0l gas engine,3-0l-gas-engine,https://www.moparamerica.com/v-2017-chrysler-300--c--3-6l-v6-gas/3-0l-gas-engine,7,DISCOVERED,2026-07-31T23:49:25+00:00
sub-45d0a037971ebccc1349a077,chrysler300-c-36-gas,cat-c8c57936d11a514e0609f2e2,SUBCATEGORY,Timing Belt Chain And Cover And Balance Shaft,timing belt chain and cover and balance shaft,3-0l-gas-engine--timing-belt-chain-and-cover-and-balance-shaft,https://www.moparamerica.com/v-2017-chrysler-300--c--3-6l-v6-gas/3-0l-gas-engine--timing-belt-chain-and-cover-and-balance-shaft,7,DISCOVERED,2026-07-31T23:49:25+00:00
sub-084a846c8801b354df6a7977,chrysler300-c-36-gas,cat-0d1d30df79ebf36a37900772,SUBCATEGORY,Camshaft and Valve,camshaft and valve,3-6l-gas-engine--camshaft-and-valve,https://www.moparamerica.com/v-2017-chrysler-300--c--3-6l-v6-gas/3-6l-gas-engine--camshaft-and-valve,8,DISCOVERED,2026-07-31T23:49:25+00:00
sub-38f050db116083986e47b883,chrysler300-c-36-gas,cat-0d1d30df79ebf36a37900772,SUBCATEGORY,Crankcase Ventilation,crankcase ventilation,3-6l-gas-engine--crankcase-ventilation,https://www.moparamerica.com/v-2017-chrysler-300--c--3-6l-v6-gas/3-6l-gas-engine--crankcase-ventilation,9,DISCOVERED,2026-07-31T23:49:25+00:00
sub-d018a7a986a88d215064e8fd,chrysler300-c-36-gas,cat-0d1d30df79ebf36a37900772,SUBCATEGORY,"Crankshaft, Piston, Drive Plate, Flywheel, and Damper","crankshaft, piston, drive plate, flywheel, and damper",3-6l-gas-engine--crankshaft-piston-drive-plate-flywheel-and-damper,https://www.moparamerica.com/v-2017-chrysler-300--c--3-6l-v6-gas/3-6l-gas-engine--crankshaft-piston-drive-plate-flywheel-and-damper,10,DISCOVERED,2026-07-31T23:49:25+00:00
sub-3b48a5bfd420cac4e57fe6d1,chrysler300-c-36-gas,cat-0d1d30df79ebf36a37900772,SUBCATEGORY,Cylinder Block,cylinder block,3-6l-gas-engine--cylinder-block,https://www.moparamerica.com/v-2017-chrysler-300--c--3-6l-v6-gas/3-6l-gas-engine--cylinder-block,11,DISCOVERED,2026-07-31T23:49:25+00:00
sub-f1ddea66290215b9a443de0c,chrysler300-c-36-gas,cat-0d1d30df79ebf36a37900772,SUBCATEGORY,Cylinder Head,cylinder head,3-6l-gas-engine--cylinder-head,https://www.moparamerica.com/v-2017-chrysler-300--c--3-6l-v6-gas/3-6l-gas-engine--cylinder-head,12,DISCOVERED,2026-07-31T23:49:25+00:00
sub-3b96445626f7e0a627bcc023,chrysler300-c-36-gas,cat-0d1d30df79ebf36a37900772,SUBCATEGORY,"Engine Identification, Service Engines & Engine Service Kits","engine identification, service engines & engine service kits",3-6l-gas-engine--engine-identification-service-engines-and-engine-service-kits,https://www.moparamerica.com/v-2017-chrysler-300--c--3-6l-v6-gas/3-6l-gas-engine--engine-identification-service-engines-and-engine-service-kits,13,DISCOVERED,2026-07-31T23:49:25+00:00
sub-0ff15b86c4e5051da8ca4b53,chrysler300-c-36-gas,cat-0d1d30df79ebf36a37900772,SUBCATEGORY,Engine Mounting,engine mounting,3-6l-gas-engine--engine-mounting,https://www.moparamerica.com/v-2017-chrysler-300--c--3-6l-v6-gas/3-6l-gas-engine--engine-mounting,14,DISCOVERED,2026-07-31T23:49:25+00:00
sub-0d0b3d53e4a863add572c4d6,chrysler300-c-36-gas,cat-0d1d30df79ebf36a37900772,SUBCATEGORY,"Engine Oiling, Oil Pan and Indicator (Dipstick)","engine oiling, oil pan and indicator (dipstick)",3-6l-gas-engine--engine-oiling-oil-pan-and-indicator-dipstick,https://www.moparamerica.com/v-2017-chrysler-300--c--3-6l-v6-gas/3-6l-gas-engine--engine-oiling-oil-pan-and-indicator-dipstick,15,DISCOVERED,2026-07-31T23:49:25+00:00
sub-79713e10a86cb6c353ef0bb9,chrysler300-c-36-gas,cat-0d1d30df79ebf36a37900772,SUBCATEGORY,Manifolds and Vacuum Fittings,manifolds and vacuum fittings,3-6l-gas-engine--manifolds-and-vacuum-fittings,https://www.moparamerica.com/v-2017-chrysler-300--c--3-6l-v6-gas/3-6l-gas-engine--manifolds-and-vacuum-fittings,16,DISCOVERED,2026-07-31T23:49:25+00:00
cat-0d1d30df79ebf36a37900772,chrysler300-c-36-gas,,CATEGORY,3 6L Gas Engine,3 6l gas engine,3-6l-gas-engine,https://www.moparamerica.com/v-2017-chrysler-300--c--3-6l-v6-gas/3-6l-gas-engine,17,DISCOVERED,2026-07-31T23:49:25+00:00
sub-20370e1da01bd7c134aaa043,chrysler300-c-36-gas,cat-0d1d30df79ebf36a37900772,SUBCATEGORY,Timing Belt Chain And Cover And Balance Shaft,timing belt chain and cover and balance shaft,3-6l-gas-engine--timing-belt-chain-and-cover-and-balance-shaft,https://www.moparamerica.com/v-2017-chrysler-300--c--3-6l-v6-gas/3-6l-gas-engine--timing-belt-chain-and-cover-and-balance-shaft,17,DISCOVERED,2026-07-31T23:49:25+00:00
sub-b8aff15c4f28e0ca8031b376,chrysler300-c-36-gas,cat-6f2010a9edd9b5d2883de46a,SUBCATEGORY,Camshaft and Valve,camshaft and valve,5-7l-gas-engine--camshaft-and-valve,https://www.moparamerica.com/v-2017-chrysler-300--c--3-6l-v6-gas/5-7l-gas-engine--camshaft-and-valve,18,DISCOVERED,2026-07-31T23:49:25+00:00
sub-8a24e2ac5beab6bb3126c229,chrysler300-c-36-gas,cat-6f2010a9edd9b5d2883de46a,SUBCATEGORY,Engine Mounting,engine mounting,5-7l-gas-engine--engine-mounting,https://www.moparamerica.com/v-2017-chrysler-300--c--3-6l-v6-gas/5-7l-gas-engine--engine-mounting,19,DISCOVERED,2026-07-31T23:49:25+00:00
cat-6f2010a9edd9b5d2883de46a,chrysler300-c-36-gas,,CATEGORY,5 7L Gas Engine,5 7l gas engine,5-7l-gas-engine,https://www.moparamerica.com/v-2017-chrysler-300--c--3-6l-v6-gas/5-7l-gas-engine,20,DISCOVERED,2026-07-31T23:49:25+00:00
sub-156f5b09c1335e055c954b73,chrysler300-c-36-gas,cat-6f2010a9edd9b5d2883de46a,SUBCATEGORY,"Engine Oiling, Oil Pan and Indicator (Dipstick)","engine oiling, oil pan and indicator (dipstick)",5-7l-gas-engine--engine-oiling-oil-pan-and-indicator-dipstick,https://www.moparamerica.com/v-2017-chrysler-300--c--3-6l-v6-gas/5-7l-gas-engine--engine-oiling-oil-pan-and-indicator-dipstick,20,DISCOVERED,2026-07-31T23:49:25+00:00
sub-220cdcc0d4fc7160ab6121f2,chrysler300-c-36-gas,cat-9f3dfca0e221db94d319233a,SUBCATEGORY,Camshaft and Valve,camshaft and valve,6-4l-gas-engine--camshaft-and-valve,https://www.moparamerica.com/v-2017-chrysler-300--c--3-6l-v6-gas/6-4l-gas-engine--camshaft-and-valve,21,DISCOVERED,2026-07-31T23:49:25+00:00
sub-d45df6d7976fd366f812b35e,chrysler300-c-36-gas,cat-9f3dfca0e221db94d319233a,SUBCATEGORY,Engine Mounting,engine mounting,6-4l-gas-engine--engine-mounting,https://www.moparamerica.com/v-2017-chrysler-300--c--3-6l-v6-gas/6-4l-gas-engine--engine-mounting,22,DISCOVERED,2026-07-31T23:49:25+00:00
cat-9f3dfca0e221db94d319233a,chrysler300-c-36-gas,,CATEGORY,6 4L Gas Engine,6 4l gas engine,6-4l-gas-engine,https://www.moparamerica.com/v-2017-chrysler-300--c--3-6l-v6-gas/6-4l-gas-engine,23,DISCOVERED,2026-07-31T23:49:25+00:00
sub-28856f8be82b0fc3820843be,chrysler300-c-36-gas,cat-9f3dfca0e221db94d319233a,SUBCATEGORY,"Engine Oiling, Oil Pan and Indicator (Dipstick)","engine oiling, oil pan and indicator (dipstick)",6-4l-gas-engine--engine-oiling-oil-pan-and-indicator-dipstick,https://www.moparamerica.com/v-2017-chrysler-300--c--3-6l-v6-gas/6-4l-gas-engine--engine-oiling-oil-pan-and-indicator-dipstick,23,DISCOVERED,2026-07-31T23:49:25+00:00
sub-d0bbae35351b04e362dafb05,chrysler300-c-36-gas,cat-2c74fa9a9ade0ac10ef5cf39,SUBCATEGORY,Automatic Transmission Transaxle And Torque Converter,automatic transmission transaxle and torque converter,845re-8-speed-automatic-transmission--automatic-transmission-transaxle-and-torque-converter,https://www.moparamerica.com/v-2017-chrysler-300--c--3-6l-v6-gas/845re-8-speed-automatic-transmission--automatic-transmission-transaxle-and-torque-converter,24,DISCOVERED,2026-07-31T23:49:25+00:00
sub-0cc43fbfce6b41c8cacc30d8,chrysler300-c-36-gas,cat-2c74fa9a9ade0ac10ef5cf39,SUBCATEGORY,"Case, Extension, Oil Pan, and Indicator (Dipstick)","case, extension, oil pan, and indicator (dipstick)",845re-8-speed-automatic-transmission--case-extension-oil-pan-and-indicator-dipstick,https://www.moparamerica.com/v-2017-chrysler-300--c--3-6l-v6-gas/845re-8-speed-automatic-transmission--case-extension-oil-pan-and-indicator-dipstick,25,DISCOVERED,2026-07-31T23:49:25+00:00
sub-519a6b7d2df45d5fee3f6a43,chrysler300-c-36-gas,cat-2c74fa9a9ade0ac10ef5cf39,SUBCATEGORY,Gearshift Controls and Related Parts,gearshift controls and related parts,845re-8-speed-automatic-transmission--gearshift-controls-and-related-parts,https://www.moparamerica.com/v-2017-chrysler-300--c--3-6l-v6-gas/845re-8-speed-automatic-transmission--gearshift-controls-and-related-parts,26,DISCOVERED,2026-07-31T23:49:25+00:00
sub-fae100f773657037afbb56d7,chrysler300-c-36-gas,cat-2c74fa9a9ade0ac10ef5cf39,SUBCATEGORY,Mounting and Skid Plate,mounting and skid plate,845re-8-speed-automatic-transmission--mounting-and-skid-plate,https://www.moparamerica.com/v-2017-chrysler-300--c--3-6l-v6-gas/845re-8-speed-automatic-transmission--mounting-and-skid-plate,27,DISCOVERED,2026-07-31T23:49:25+00:00
sub-b6c47cc71f66444a6e437ff9,chrysler300-c-36-gas,cat-2c74fa9a9ade0ac10ef5cf39,SUBCATEGORY,Oil Pump,oil pump,845re-8-speed-automatic-transmission--oil-pump,https://www.moparamerica.com/v-2017-chrysler-300--c--3-6l-v6-gas/845re-8-speed-automatic-transmission--oil-pump,28,DISCOVERED,2026-07-31T23:49:25+00:00
cat-2c74fa9a9ade0ac10ef5cf39,chrysler300-c-36-gas,,CATEGORY,845Re 8 Speed Automatic Transmission,845re 8 speed automatic transmission,845re-8-speed-automatic-transmission,https://www.moparamerica.com/v-2017-chrysler-300--c--3-6l-v6-gas/845re-8-speed-automatic-transmission,29,DISCOVERED,2026-07-31T23:49:25+00:00
sub-46bc9e6d6d4e7ec1e751504d,chrysler300-c-36-gas,cat-2c74fa9a9ade0ac10ef5cf39,SUBCATEGORY,"Valve Body, Accumulator, Solenoid and Parking Sprag","valve body, accumulator, solenoid and parking sprag",845re-8-speed-automatic-transmission--valve-body-accumulator-solenoid-and-parking-sprag,https://www.moparamerica.com/v-2017-chrysler-300--c--3-6l-v6-gas/845re-8-speed-automatic-transmission--valve-body-accumulator-solenoid-and-parking-sprag,29,DISCOVERED,2026-07-31T23:49:25+00:00
sub-1fbfd4ea6422e6f0afd378db,chrysler300-c-36-gas,cat-ac4eeee542c8c4afae77942f,SUBCATEGORY,Automatic Transmission Transaxle And Torque Converter,automatic transmission transaxle and torque converter,8hp70-8-speed-automatic-transmission--automatic-transmission-transaxle-and-torque-converter,https://www.moparamerica.com/v-2017-chrysler-300--c--3-6l-v6-gas/8hp70-8-speed-automatic-transmission--automatic-transmission-transaxle-and-torque-converter,30,DISCOVERED,2026-07-31T23:49:25+00:00
sub-500b44f6a3eeccb5cd9a1f79,chrysler300-c-36-gas,cat-ac4eeee542c8c4afae77942f,SUBCATEGORY,Gearshift Controls and Related Parts,gearshift controls and related parts,8hp70-8-speed-automatic-transmission--gearshift-controls-and-related-parts,https://www.moparamerica.com/v-2017-chrysler-300--c--3-6l-v6-gas/8hp70-8-speed-automatic-transmission--gearshift-controls-and-related-parts,31,DISCOVERED,2026-07-31T23:49:25+00:00
cat-ac4eeee542c8c4afae77942f,chrysler300-c-36-gas,,CATEGORY,8Hp70 8 Speed Automatic Transmission,8hp70 8 speed automatic transmission,8hp70-8-speed-automatic-transmission,https://www.moparamerica.com/v-2017-chrysler-300--c--3-6l-v6-gas/8hp70-8-speed-automatic-transmission,32,DISCOVERED,2026-07-31T23:49:25+00:00
sub-ad4e9db6a0dec8277ed76e5d,chrysler300-c-36-gas,cat-ac4eeee542c8c4afae77942f,SUBCATEGORY,Mounting and Skid Plate,mounting and skid plate,8hp70-8-speed-automatic-transmission--mounting-and-skid-plate,https://www.moparamerica.com/v-2017-chrysler-300--c--3-6l-v6-gas/8hp70-8-speed-automatic-transmission--mounting-and-skid-plate,32,DISCOVERED,2026-07-31T23:49:25+00:00
sub-afb9e95ddf752c3954f8d6b5,chrysler300-c-36-gas,cat-a931e3843bee7f3da85c5b15,SUBCATEGORY,Air Conditioner and Heater Controls,air conditioner and heater controls,air-conditioners-and-heaters--air-conditioner-and-heater-controls,https://www.moparamerica.com/v-2017-chrysler-300--c--3-6l-v6-gas/air-conditioners-and-heaters--air-conditioner-and-heater-controls,33,DISCOVERED,2026-07-31T23:49:25+00:00
sub-d4940b28f31fcb92cc407b72,chrysler300-c-36-gas,cat-a931e3843bee7f3da85c5b15,SUBCATEGORY,Air Conditioner and Heater Plumbing,air conditioner and heater plumbing,air-conditioners-and-heaters--air-conditioner-and-heater-plumbing,https://www.moparamerica.com/v-2017-chrysler-300--c--3-6l-v6-gas/air-conditioners-and-heaters--air-conditioner-and-heater-plumbing,34,DISCOVERED,2026-07-31T23:49:25+00:00
sub-735846ac2ed6ca5b93f7b27e,chrysler300-c-36-gas,cat-a931e3843bee7f3da85c5b15,SUBCATEGORY,Air Conditioner and Heater Units,air conditioner and heater units,air-conditioners-and-heaters--air-conditioner-and-heater-units,https://www.moparamerica.com/v-2017-chrysler-300--c--3-6l-v6-gas/air-conditioners-and-heaters--air-conditioner-and-heater-units,35,DISCOVERED,2026-07-31T23:49:25+00:00
sub-1faddfb4a24a7b0bd21e188c,chrysler300-c-36-gas,cat-a931e3843bee7f3da85c5b15,SUBCATEGORY,Air Conditioner Compressor and Mounting,air conditioner compressor and mounting,air-conditioners-and-heaters--air-conditioner-compressor-and-mounting,https://www.moparamerica.com/v-2017-chrysler-300--c--3-6l-v6-gas/air-conditioners-and-heaters--air-conditioner-compressor-and-mounting,36,DISCOVERED,2026-07-31T23:49:25+00:00
cat-a931e3843bee7f3da85c5b15,chrysler300-c-36-gas,,CATEGORY,Air Conditioners And Heaters,air conditioners and heaters,air-conditioners-and-heaters,https://www.moparamerica.com/v-2017-chrysler-300--c--3-6l-v6-gas/air-conditioners-and-heaters,37,DISCOVERED,2026-07-31T23:49:25+00:00
sub-8bbd800dd1005d78ea38387e,chrysler300-c-36-gas,cat-a931e3843bee7f3da85c5b15,SUBCATEGORY,Air Ducts,air ducts,air-conditioners-and-heaters--air-ducts,https://www.moparamerica.com/v-2017-chrysler-300--c--3-6l-v6-gas/air-conditioners-and-heaters--air-ducts,37,DISCOVERED,2026-07-31T23:49:25+00:00
sub-63333f7f900b62031fc3958b,chrysler300-c-36-gas,cat-5e2fedaf79f092504f47fc76,SUBCATEGORY,Drive Shaft,drive shaft,all-wheel-drive-differential-and-drive-line--drive-shaft,https://www.moparamerica.com/v-2017-chrysler-300--c--3-6l-v6-gas/all-wheel-drive-differential-and-drive-line--drive-shaft,38,DISCOVERED,2026-07-31T23:49:25+00:00
sub-e81ab9fdd340796ffb88f108,chrysler300-c-36-gas,cat-5e2fedaf79f092504f47fc76,SUBCATEGORY,Front Axle Assembly,front axle assembly,all-wheel-drive-differential-and-drive-line--front-axle-assembly,https://www.moparamerica.com/v-2017-chrysler-300--c--3-6l-v6-gas/all-wheel-drive-differential-and-drive-line--front-axle-assembly,39,DISCOVERED,2026-07-31T23:49:25+00:00
sub-8efdac87671bfb14f80397bb,chrysler300-c-36-gas,cat-5e2fedaf79f092504f47fc76,SUBCATEGORY,Front Axle Drive Shafts,front axle drive shafts,all-wheel-drive-differential-and-drive-line--front-axle-drive-shafts,https://www.moparamerica.com/v-2017-chrysler-300--c--3-6l-v6-gas/all-wheel-drive-differential-and-drive-line--front-axle-drive-shafts,40,DISCOVERED,2026-07-31T23:49:25+00:00
sub-e2181ccd2d5d9453157e4a6b,chrysler300-c-36-gas,cat-5e2fedaf79f092504f47fc76,SUBCATEGORY,Rear Axle Assembly,rear axle assembly,all-wheel-drive-differential-and-drive-line--rear-axle-assembly,https://www.moparamerica.com/v-2017-chrysler-300--c--3-6l-v6-gas/all-wheel-drive-differential-and-drive-line--rear-axle-assembly,41,DISCOVERED,2026-07-31T23:49:25+00:00
sub-a002e776d0a1b34a631ed796,chrysler300-c-36-gas,cat-5e2fedaf79f092504f47fc76,SUBCATEGORY,Rear Axle Shafts,rear axle shafts,all-wheel-drive-differential-and-drive-line--rear-axle-shafts,https://www.moparamerica.com/v-2017-chrysler-300--c--3-6l-v6-gas/all-wheel-drive-differential-and-drive-line--rear-axle-shafts,42,DISCOVERED,2026-07-31T23:49:25+00:00
cat-5e2fedaf79f092504f47fc76,chrysler300-c-36-gas,,CATEGORY,All Wheel Drive Differential And Drive Line,all wheel drive differential and drive line,all-wheel-drive-differential-and-drive-line,https://www.moparamerica.com/v-2017-chrysler-300--c--3-6l-v6-gas/all-wheel-drive-differential-and-drive-line,43,DISCOVERED,2026-07-31T23:49:25+00:00
sub-9a333d5eff65d0ed7d4aaa69,chrysler300-c-36-gas,cat-5e2fedaf79f092504f47fc76,SUBCATEGORY,"Rear Axle; Housing, Differential and Vent","rear axle; housing, differential and vent",all-wheel-drive-differential-and-drive-line--rear-axle-housing-differential-and-vent,https://www.moparamerica.com/v-2017-chrysler-300--c--3-6l-v6-gas/all-wheel-drive-differential-and-drive-line--rear-axle-housing-differential-and-vent,43,DISCOVERED,2026-07-31T23:49:25+00:00
sub-6cf8d9bbc588c3510741a22d,chrysler300-c-36-gas,cat-1edc6ffacd9d4d5ca9214802,SUBCATEGORY,Charging Unit,charging unit,accessories-audio-video-and-electronics-accessories--charging-unit,https://www.moparamerica.com/v-2017-chrysler-300--c--3-6l-v6-gas/accessories-audio-video-and-electronics-accessories--charging-unit,44,DISCOVERED,2026-07-31T23:49:25+00:00
sub-14af951758084f6eeac73528,chrysler300-c-36-gas,cat-1edc6ffacd9d4d5ca9214802,SUBCATEGORY,Remote Start,remote start,accessories-audio-video-and-electronics-accessories--remote-start,https://www.moparamerica.com/v-2017-chrysler-300--c--3-6l-v6-gas/accessories-audio-video-and-electronics-accessories--remote-start,45,DISCOVERED,2026-07-31T23:49:25+00:00
cat-1edc6ffacd9d4d5ca9214802,chrysler300-c-36-gas,,CATEGORY,Accessories Audio Video And Electronics Accessories,accessories audio video and electronics accessories,accessories-audio-video-and-electronics-accessories,https://www.moparamerica.com/v-2017-chrysler-300--c--3-6l-v6-gas/accessories-audio-video-and-electronics-accessories,46,DISCOVERED,2026-07-31T23:49:25+00:00
sub-57a5eb2590f4a87e96bd63d5,chrysler300-c-36-gas,cat-1edc6ffacd9d4d5ca9214802,SUBCATEGORY,Security,security,accessories-audio-video-and-electronics-accessories--security,https://www.moparamerica.com/v-2017-chrysler-300--c--3-6l-v6-gas/accessories-audio-video-and-electronics-accessories--security,46,DISCOVERED,2026-07-31T23:49:25+00:00
sub-d337a22d4d5822319343b4e6,chrysler300-c-36-gas,cat-b23dd58073a8178f51c69689,SUBCATEGORY,Aperture Panel and Pillar Supports,aperture panel and pillar supports,body-sheet-metal-except-doors--aperture-panel-and-pillar-supports,https://www.moparamerica.com/v-2017-chrysler-300--c--3-6l-v6-gas/body-sheet-metal-except-doors--aperture-panel-and-pillar-supports,47,DISCOVERED,2026-07-31T23:49:25+00:00
sub-107589d7c1fe958f1b7f7fe5,chrysler300-c-36-gas,cat-b23dd58073a8178f51c69689,SUBCATEGORY,Cowl and Dash Panel,cowl and dash panel,body-sheet-metal-except-doors--cowl-and-dash-panel,https://www.moparamerica.com/v-2017-chrysler-300--c--3-6l-v6-gas/body-sheet-metal-except-doors--cowl-and-dash-panel,48,DISCOVERED,2026-07-31T23:49:25+00:00
sub-2bc6bea1fedadcd475c0a412,chrysler300-c-36-gas,cat-b23dd58073a8178f51c69689,SUBCATEGORY,Deck Lid,deck lid,body-sheet-metal-except-doors--deck-lid,https://www.moparamerica.com/v-2017-chrysler-300--c--3-6l-v6-gas/body-sheet-metal-except-doors--deck-lid,49,DISCOVERED,2026-07-31T23:49:25+00:00
sub-125cce127832dd4ac9385f64,chrysler300-c-36-gas,cat-b23dd58073a8178f51c69689,SUBCATEGORY,Fenders,fenders,body-sheet-metal-except-doors--fenders,https://www.moparamerica.com/v-2017-chrysler-300--c--3-6l-v6-gas/body-sheet-metal-except-doors--fenders,50,DISCOVERED,2026-07-31T23:49:25+00:00
sub-c91261f548c9087be474943a,chrysler300-c-36-gas,cat-b23dd58073a8178f51c69689,SUBCATEGORY,Floor Pans,floor pans,body-sheet-metal-except-doors--floor-pans,https://www.moparamerica.com/v-2017-chrysler-300--c--3-6l-v6-gas/body-sheet-metal-except-doors--floor-pans,51,DISCOVERED,2026-07-31T23:49:25+00:00
sub-c82495875effbe2bdac96753,chrysler300-c-36-gas,cat-b23dd58073a8178f51c69689,SUBCATEGORY,Hood and Hood Release,hood and hood release,body-sheet-metal-except-doors--hood-and-hood-release,https://www.moparamerica.com/v-2017-chrysler-300--c--3-6l-v6-gas/body-sheet-metal-except-doors--hood-and-hood-release,52,DISCOVERED,2026-07-31T23:49:25+00:00
sub-90524cbf5b23272cb8c0265f,chrysler300-c-36-gas,cat-b23dd58073a8178f51c69689,SUBCATEGORY,Pick-up Box and Fuel Filler Door,pick-up box and fuel filler door,body-sheet-metal-except-doors--pick-up-box-and-fuel-filler-door,https://www.moparamerica.com/v-2017-chrysler-300--c--3-6l-v6-gas/body-sheet-metal-except-doors--pick-up-box-and-fuel-filler-door,53,DISCOVERED,2026-07-31T23:49:25+00:00
sub-30aef0d4cecaba3594d64591,chrysler300-c-36-gas,cat-b23dd58073a8178f51c69689,SUBCATEGORY,Plugs,plugs,body-sheet-metal-except-doors--plugs,https://www.moparamerica.com/v-2017-chrysler-300--c--3-6l-v6-gas/body-sheet-metal-except-doors--plugs,54,DISCOVERED,2026-07-31T23:49:25+00:00
sub-149cbe3a628459f6ca4a73a8,chrysler300-c-36-gas,cat-b23dd58073a8178f51c69689,SUBCATEGORY,Roof,roof,body-sheet-metal-except-doors--roof,https://www.moparamerica.com/v-2017-chrysler-300--c--3-6l-v6-gas/body-sheet-metal-except-doors--roof,55,DISCOVERED,2026-07-31T23:49:25+00:00
sub-0464a8cc81f42049cca1419c,chrysler300-c-36-gas,cat-b23dd58073a8178f51c69689,SUBCATEGORY,Shelf Panel,shelf panel,body-sheet-metal-except-doors--shelf-panel,https://www.moparamerica.com/v-2017-chrysler-300--c--3-6l-v6-gas/body-sheet-metal-except-doors--shelf-panel,56,DISCOVERED,2026-07-31T23:49:25+00:00
cat-b23dd58073a8178f51c69689,chrysler300-c-36-gas,,CATEGORY,Body Sheet Metal Except Doors,body sheet metal except doors,body-sheet-metal-except-doors,https://www.moparamerica.com/v-2017-chrysler-300--c--3-6l-v6-gas/body-sheet-metal-except-doors,57,DISCOVERED,2026-07-31T23:49:25+00:00
sub-6f13b085e1434bbe24c6a041,chrysler300-c-36-gas,cat-b23dd58073a8178f51c69689,SUBCATEGORY,Sunroof,sunroof,body-sheet-metal-except-doors--sunroof,https://www.moparamerica.com/v-2017-chrysler-300--c--3-6l-v6-gas/body-sheet-metal-except-doors--sunroof,57,DISCOVERED,2026-07-31T23:49:25+00:00
sub-3c1d07f46feddbd7c8b33a2e,chrysler300-c-36-gas,cat-fd38bf0005dfebebdf2ae121,SUBCATEGORY,Brake Master Cylinder,brake master cylinder,brakes--brake-master-cylinder,https://www.moparamerica.com/v-2017-chrysler-300--c--3-6l-v6-gas/brakes--brake-master-cylinder,58,DISCOVERED,2026-07-31T23:49:25+00:00
sub-a3c716e75294ef11d1cd9097,chrysler300-c-36-gas,cat-fd38bf0005dfebebdf2ae121,SUBCATEGORY,Brake Pedals,brake pedals,brakes--brake-pedals,https://www.moparamerica.com/v-2017-chrysler-300--c--3-6l-v6-gas/brakes--brake-pedals,59,DISCOVERED,2026-07-31T23:49:25+00:00
sub-2e78f465383a76127caed29b,chrysler300-c-36-gas,cat-fd38bf0005dfebebdf2ae121,SUBCATEGORY,Front Brakes,front brakes,brakes--front-brakes,https://www.moparamerica.com/v-2017-chrysler-300--c--3-6l-v6-gas/brakes--front-brakes,60,DISCOVERED,2026-07-31T23:49:25+00:00
sub-e67b4fdde7165dc3218c1286,chrysler300-c-36-gas,cat-fd38bf0005dfebebdf2ae121,SUBCATEGORY,"Hydraulic Control Unit, Brake Tubes and Hoses","hydraulic control unit, brake tubes and hoses",brakes--hydraulic-control-unit-brake-tubes-and-hoses,https://www.moparamerica.com/v-2017-chrysler-300--c--3-6l-v6-gas/brakes--hydraulic-control-unit-brake-tubes-and-hoses,61,DISCOVERED,2026-07-31T23:49:25+00:00
sub-53d5a8c7c9c456d3f90b13e1,chrysler300-c-36-gas,cat-fd38bf0005dfebebdf2ae121,SUBCATEGORY,"Parking Brake Lever, Cables, and Rear Disc Park Brake Assembly","parking brake lever, cables, and rear disc park brake assembly",brakes--parking-brake-lever-cables-and-rear-disc-park-brake-assembly,https://www.moparamerica.com/v-2017-chrysler-300--c--3-6l-v6-gas/brakes--parking-brake-lever-cables-and-rear-disc-park-brake-assembly,62,DISCOVERED,2026-07-31T23:49:25+00:00
sub-5d36eb50dbdffeb567d25727,chrysler300-c-36-gas,cat-fd38bf0005dfebebdf2ae121,SUBCATEGORY,Power Brake Booster,power brake booster,brakes--power-brake-booster,https://www.moparamerica.com/v-2017-chrysler-300--c--3-6l-v6-gas/brakes--power-brake-booster,63,DISCOVERED,2026-07-31T23:49:25+00:00
cat-fd38bf0005dfebebdf2ae121,chrysler300-c-36-gas,,CATEGORY,Brakes,brakes,brakes,https://www.moparamerica.com/v-2017-chrysler-300--c--3-6l-v6-gas/brakes,64,DISCOVERED,2026-07-31T23:49:25+00:00
sub-372814dad81d4847610dbe04,chrysler300-c-36-gas,cat-fd38bf0005dfebebdf2ae121,SUBCATEGORY,Rear Brakes,rear brakes,brakes--rear-brakes,https://www.moparamerica.com/v-2017-chrysler-300--c--3-6l-v6-gas/brakes--rear-brakes,64,DISCOVERED,2026-07-31T23:49:25+00:00
sub-38c188d0ec7d636ae46134aa,chrysler300-c-36-gas,cat-79ae608ca00538b2a35c2659,SUBCATEGORY,Drive Belts,drive belts,cooling--drive-belts,https://www.moparamerica.com/v-2017-chrysler-300--c--3-6l-v6-gas/cooling--drive-belts,65,DISCOVERED,2026-07-31T23:49:25+00:00
sub-141ed1bf5793ffef93227dce,chrysler300-c-36-gas,cat-79ae608ca00538b2a35c2659,SUBCATEGORY,Engine Coolant Reservoir (Bottle),engine coolant reservoir (bottle),cooling--engine-coolant-reservoir-bottle,https://www.moparamerica.com/v-2017-chrysler-300--c--3-6l-v6-gas/cooling--engine-coolant-reservoir-bottle,66,DISCOVERED,2026-07-31T23:49:25+00:00
sub-a69318f5a9cc026826c81e40,chrysler300-c-36-gas,cat-79ae608ca00538b2a35c2659,SUBCATEGORY,Pulleys and Related Parts,pulleys and related parts,cooling--pulleys-and-related-parts,https://www.moparamerica.com/v-2017-chrysler-300--c--3-6l-v6-gas/cooling--pulleys-and-related-parts,67,DISCOVERED,2026-07-31T23:49:25+00:00
sub-8a081ffe8501142e0aeacd4b,chrysler300-c-36-gas,cat-79ae608ca00538b2a35c2659,SUBCATEGORY,Radiator and Related Parts; Charge Air Cooler,radiator and related parts; charge air cooler,cooling--radiator-and-related-parts-charge-air-cooler,https://www.moparamerica.com/v-2017-chrysler-300--c--3-6l-v6-gas/cooling--radiator-and-related-parts-charge-air-cooler,68,DISCOVERED,2026-07-31T23:49:25+00:00
sub-13ce2a9c88fd3aa48a5b2cf9,chrysler300-c-36-gas,cat-79ae608ca00538b2a35c2659,SUBCATEGORY,"Transmission Oil Cooler, and Lines","transmission oil cooler, and lines",cooling--transmission-oil-cooler-and-lines,https://www.moparamerica.com/v-2017-chrysler-300--c--3-6l-v6-gas/cooling--transmission-oil-cooler-and-lines,69,DISCOVERED,2026-07-31T23:49:25+00:00
cat-79ae608ca00538b2a35c2659,chrysler300-c-36-gas,,CATEGORY,Cooling,cooling,cooling,https://www.moparamerica.com/v-2017-chrysler-300--c--3-6l-v6-gas/cooling,70,DISCOVERED,2026-07-31T23:49:25+00:00
sub-a5077a29a5aabf253f3b2982,chrysler300-c-36-gas,cat-79ae608ca00538b2a35c2659,SUBCATEGORY,Water Pump and Related Parts,water pump and related parts,cooling--water-pump-and-related-parts,https://www.moparamerica.com/v-2017-chrysler-300--c--3-6l-v6-gas/cooling--water-pump-and-related-parts,70,DISCOVERED,2026-07-31T23:49:25+00:00
sub-df3f79b69553dde932c79984,chrysler300-c-36-gas,cat-c10964f3ebf56a55b8f2b6eb,SUBCATEGORY,Exterior Mirror,exterior mirror,doors-door-mirrors-and-related-parts--exterior-mirror,https://www.moparamerica.com/v-2017-chrysler-300--c--3-6l-v6-gas/doors-door-mirrors-and-related-parts--exterior-mirror,71,DISCOVERED,2026-07-31T23:49:25+00:00
sub-3893edcf16c15336fe35f657,chrysler300-c-36-gas,cat-c10964f3ebf56a55b8f2b6eb,SUBCATEGORY,Front Door,front door,doors-door-mirrors-and-related-parts--front-door,https://www.moparamerica.com/v-2017-chrysler-300--c--3-6l-v6-gas/doors-door-mirrors-and-related-parts--front-door,72,DISCOVERED,2026-07-31T23:49:25+00:00
sub-45b490f00860becb5f6ea26d,chrysler300-c-36-gas,cat-c10964f3ebf56a55b8f2b6eb,SUBCATEGORY,Rear Door,rear door,doors-door-mirrors-and-related-parts--rear-door,https://www.moparamerica.com/v-2017-chrysler-300--c--3-6l-v6-gas/doors-door-mirrors-and-related-parts--rear-door,73,DISCOVERED,2026-07-31T23:49:25+00:00
cat-c10964f3ebf56a55b8f2b6eb,chrysler300-c-36-gas,,CATEGORY,Doors Door Mirrors And Related Parts,doors door mirrors and related parts,doors-door-mirrors-and-related-parts,https://www.moparamerica.com/v-2017-chrysler-300--c--3-6l-v6-gas/doors-door-mirrors-and-related-parts,74,DISCOVERED,2026-07-31T23:49:25+00:00
sub-29cb587ec33b98fe63ce4319,chrysler300-c-36-gas,cat-c10964f3ebf56a55b8f2b6eb,SUBCATEGORY,Weatherstrips and Seals,weatherstrips and seals,doors-door-mirrors-and-related-parts--weatherstrips-and-seals,https://www.moparamerica.com/v-2017-chrysler-300--c--3-6l-v6-gas/doors-door-mirrors-and-related-parts--weatherstrips-and-seals,74,DISCOVERED,2026-07-31T23:49:25+00:00
sub-160757a2b7129aaf0942b485,chrysler300-c-36-gas,cat-723ea89293a491b6ee2e071a,SUBCATEGORY,"Battery, Battery Tray and Cables","battery, battery tray and cables",electrical--battery-battery-tray-and-cables,https://www.moparamerica.com/v-2017-chrysler-300--c--3-6l-v6-gas/electrical--battery-battery-tray-and-cables,75,DISCOVERED,2026-07-31T23:49:25+00:00
sub-d14586bc6733de8dffdb78bf,chrysler300-c-36-gas,cat-723ea89293a491b6ee2e071a,SUBCATEGORY,Generators Alternators,generators alternators,electrical--generators-alternators,https://www.moparamerica.com/v-2017-chrysler-300--c--3-6l-v6-gas/electrical--generators-alternators,76,DISCOVERED,2026-07-31T23:49:25+00:00
sub-ad6c126c63bd7873ed1c407f,chrysler300-c-36-gas,cat-723ea89293a491b6ee2e071a,SUBCATEGORY,Horns,horns,electrical--horns,https://www.moparamerica.com/v-2017-chrysler-300--c--3-6l-v6-gas/electrical--horns,77,DISCOVERED,2026-07-31T23:49:25+00:00
sub-9205862558ed236715ee55cb,chrysler300-c-36-gas,cat-723ea89293a491b6ee2e071a,SUBCATEGORY,"Ignition - Spark Plugs, Cables, Coils, and Glow Plugs","ignition - spark plugs, cables, coils, and glow plugs",electrical--ignition-spark-plugs-cables-coils-and-glow-plugs,https://www.moparamerica.com/v-2017-chrysler-300--c--3-6l-v6-gas/electrical--ignition-spark-plugs-cables-coils-and-glow-plugs,78,DISCOVERED,2026-07-31T23:49:25+00:00
sub-b38e882e8c40b871b4b9af8e,chrysler300-c-36-gas,cat-723ea89293a491b6ee2e071a,SUBCATEGORY,Instrument Panel Cluster,instrument panel cluster,electrical--instrument-panel-cluster,https://www.moparamerica.com/v-2017-chrysler-300--c--3-6l-v6-gas/electrical--instrument-panel-cluster,79,DISCOVERED,2026-07-31T23:49:25+00:00
sub-0e0b0ca2d3d10eba7697b304,chrysler300-c-36-gas,cat-723ea89293a491b6ee2e071a,SUBCATEGORY,"Keys, Modules and Engine Controllers","keys, modules and engine controllers",electrical--keys-modules-and-engine-controllers,https://www.moparamerica.com/v-2017-chrysler-300--c--3-6l-v6-gas/electrical--keys-modules-and-engine-controllers,80,DISCOVERED,2026-07-31T23:49:25+00:00
sub-50bd197c4b0283779f462b0f,chrysler300-c-36-gas,cat-723ea89293a491b6ee2e071a,SUBCATEGORY,Lamps-Interior and Exterior,lamps-interior and exterior,electrical--lamps-interior-and-exterior,https://www.moparamerica.com/v-2017-chrysler-300--c--3-6l-v6-gas/electrical--lamps-interior-and-exterior,81,DISCOVERED,2026-07-31T23:49:25+00:00
sub-ef92fb632b7051f1546a599f,chrysler300-c-36-gas,cat-723ea89293a491b6ee2e071a,SUBCATEGORY,Park Assist,park assist,electrical--park-assist,https://www.moparamerica.com/v-2017-chrysler-300--c--3-6l-v6-gas/electrical--park-assist,82,DISCOVERED,2026-07-31T23:49:25+00:00
sub-14033bcde57cedde23265d30,chrysler300-c-36-gas,cat-723ea89293a491b6ee2e071a,SUBCATEGORY,"Power Distribution Center, Fuse Block, Junction Block, Relays and Fuses","power distribution center, fuse block, junction block, relays and fuses",electrical--power-distribution-center-fuse-block-junction-block-relays-and-fuses,https://www.moparamerica.com/v-2017-chrysler-300--c--3-6l-v6-gas/electrical--power-distribution-center-fuse-block-junction-block-relays-and-fuses,83,DISCOVERED,2026-07-31T23:49:25+00:00
sub-8978700f63346ac7ec99812a,chrysler300-c-36-gas,cat-723ea89293a491b6ee2e071a,SUBCATEGORY,"Radio, Antenna, Speakers, DVD, and Video systems","radio, antenna, speakers, dvd, and video systems",electrical--radio-antenna-speakers-dvd-and-video-systems,https://www.moparamerica.com/v-2017-chrysler-300--c--3-6l-v6-gas/electrical--radio-antenna-speakers-dvd-and-video-systems,84,DISCOVERED,2026-07-31T23:49:25+00:00
sub-7b09164c1e9af9ae9e125da2,chrysler300-c-36-gas,cat-723ea89293a491b6ee2e071a,SUBCATEGORY,Sensors,sensors,electrical--sensors,https://www.moparamerica.com/v-2017-chrysler-300--c--3-6l-v6-gas/electrical--sensors,85,DISCOVERED,2026-07-31T23:49:25+00:00
sub-374829ac5025059a9f7d5ec9,chrysler300-c-36-gas,cat-723ea89293a491b6ee2e071a,SUBCATEGORY,Speed Control,speed control,electrical--speed-control,https://www.moparamerica.com/v-2017-chrysler-300--c--3-6l-v6-gas/electrical--speed-control,86,DISCOVERED,2026-07-31T23:49:25+00:00
sub-354c72bba7ff579754313fe3,chrysler300-c-36-gas,cat-723ea89293a491b6ee2e071a,SUBCATEGORY,Starters,starters,electrical--starters,https://www.moparamerica.com/v-2017-chrysler-300--c--3-6l-v6-gas/electrical--starters,87,DISCOVERED,2026-07-31T23:49:25+00:00
sub-86035dc85e6d91b8654c4f57,chrysler300-c-36-gas,cat-723ea89293a491b6ee2e071a,SUBCATEGORY,Switches,switches,electrical--switches,https://www.moparamerica.com/v-2017-chrysler-300--c--3-6l-v6-gas/electrical--switches,88,DISCOVERED,2026-07-31T23:49:25+00:00
sub-52c634de009dd0d9b617b42a,chrysler300-c-36-gas,cat-723ea89293a491b6ee2e071a,SUBCATEGORY,Wiper and Washer System,wiper and washer system,electrical--wiper-and-washer-system,https://www.moparamerica.com/v-2017-chrysler-300--c--3-6l-v6-gas/electrical--wiper-and-washer-system,89,DISCOVERED,2026-07-31T23:49:25+00:00
sub-9a0e201d8142d59767adf8ca,chrysler300-c-36-gas,cat-723ea89293a491b6ee2e071a,SUBCATEGORY,Wiring-Body and Accessories,wiring-body and accessories,electrical--wiring-body-and-accessories,https://www.moparamerica.com/v-2017-chrysler-300--c--3-6l-v6-gas/electrical--wiring-body-and-accessories,90,DISCOVERED,2026-07-31T23:49:25+00:00
sub-fdb05451a267f7eea960cfe0,chrysler300-c-36-gas,cat-723ea89293a491b6ee2e071a,SUBCATEGORY,Wiring-Headlamp to Dash,wiring-headlamp to dash,electrical--wiring-headlamp-to-dash,https://www.moparamerica.com/v-2017-chrysler-300--c--3-6l-v6-gas/electrical--wiring-headlamp-to-dash,91,DISCOVERED,2026-07-31T23:49:25+00:00
sub-a1893dab9690ce7db3a2c3d0,chrysler300-c-36-gas,cat-723ea89293a491b6ee2e071a,SUBCATEGORY,Wiring-Instrument Panel,wiring-instrument panel,electrical--wiring-instrument-panel,https://www.moparamerica.com/v-2017-chrysler-300--c--3-6l-v6-gas/electrical--wiring-instrument-panel,92,DISCOVERED,2026-07-31T23:49:25+00:00
cat-723ea89293a491b6ee2e071a,chrysler300-c-36-gas,,CATEGORY,Electrical,electrical,electrical,https://www.moparamerica.com/v-2017-chrysler-300--c--3-6l-v6-gas/electrical,93,DISCOVERED,2026-07-31T23:49:25+00:00
sub-91a2bfd90325c3c9a62a0914,chrysler300-c-36-gas,cat-723ea89293a491b6ee2e071a,SUBCATEGORY,Wiring-Powertrain,wiring-powertrain,electrical--wiring-powertrain,https://www.moparamerica.com/v-2017-chrysler-300--c--3-6l-v6-gas/electrical--wiring-powertrain,93,DISCOVERED,2026-07-31T23:49:25+00:00
sub-c6d00a366ba86a198ba6cf17,chrysler300-c-36-gas,cat-66b1e4e3a4b21243ba7a2309,SUBCATEGORY,Emission Harness,emission harness,emission-controls--emission-harness,https://www.moparamerica.com/v-2017-chrysler-300--c--3-6l-v6-gas/emission-controls--emission-harness,94,DISCOVERED,2026-07-31T23:49:25+00:00
cat-66b1e4e3a4b21243ba7a2309,chrysler300-c-36-gas,,CATEGORY,Emission Controls,emission controls,emission-controls,https://www.moparamerica.com/v-2017-chrysler-300--c--3-6l-v6-gas/emission-controls,95,DISCOVERED,2026-07-31T23:49:25+00:00
sub-87b18911e93af452674e594c,chrysler300-c-36-gas,cat-66b1e4e3a4b21243ba7a2309,SUBCATEGORY,Vacuum Canister Leak Detection Pump,vacuum canister leak detection pump,emission-controls--vacuum-canister-leak-detection-pump,https://www.moparamerica.com/v-2017-chrysler-300--c--3-6l-v6-gas/emission-controls--vacuum-canister-leak-detection-pump,95,DISCOVERED,2026-07-31T23:49:25+00:00
cat-78fc7d78da768c7605699720,chrysler300-c-36-gas,,CATEGORY,Exhaust,exhaust,exhaust,https://www.moparamerica.com/v-2017-chrysler-300--c--3-6l-v6-gas/exhaust,96,DISCOVERED,2026-07-31T23:49:25+00:00
sub-baefce9a3d26b6da53ac609a,chrysler300-c-36-gas,cat-78fc7d78da768c7605699720,SUBCATEGORY,Exhaust System,exhaust system,exhaust--exhaust-system,https://www.moparamerica.com/v-2017-chrysler-300--c--3-6l-v6-gas/exhaust--exhaust-system,96,DISCOVERED,2026-07-31T23:49:25+00:00
sub-4021dc5c63b3e89e97237b52,chrysler300-c-36-gas,cat-ab0900394d66a8dde903b15b,SUBCATEGORY,Air Deflectors,air deflectors,accessories-exterior-accessories--air-deflectors,https://www.moparamerica.com/v-2017-chrysler-300--c--3-6l-v6-gas/accessories-exterior-accessories--air-deflectors,97,DISCOVERED,2026-07-31T23:49:25+00:00
sub-d0e999d5531b5878f4074811,chrysler300-c-36-gas,cat-ab0900394d66a8dde903b15b,SUBCATEGORY,Exterior Appearance,exterior appearance,accessories-exterior-accessories--exterior-appearance,https://www.moparamerica.com/v-2017-chrysler-300--c--3-6l-v6-gas/accessories-exterior-accessories--exterior-appearance,98,DISCOVERED,2026-07-31T23:49:25+00:00
sub-8304fbd0c09b12e5e51cee87,chrysler300-c-36-gas,cat-ab0900394d66a8dde903b15b,SUBCATEGORY,License Plate,license plate,accessories-exterior-accessories--license-plate,https://www.moparamerica.com/v-2017-chrysler-300--c--3-6l-v6-gas/accessories-exterior-accessories--license-plate,99,DISCOVERED,2026-07-31T23:49:25+00:00
sub-6814688156765b130e3ff5e8,chrysler300-c-36-gas,cat-ab0900394d66a8dde903b15b,SUBCATEGORY,Locks,locks,accessories-exterior-accessories--locks,https://www.moparamerica.com/v-2017-chrysler-300--c--3-6l-v6-gas/accessories-exterior-accessories--locks,100,DISCOVERED,2026-07-31T23:49:25+00:00
sub-4c9e919a423e756a42f72af4,chrysler300-c-36-gas,cat-ab0900394d66a8dde903b15b,SUBCATEGORY,Protective Guards,protective guards,accessories-exterior-accessories--protective-guards,https://www.moparamerica.com/v-2017-chrysler-300--c--3-6l-v6-gas/accessories-exterior-accessories--protective-guards,101,DISCOVERED,2026-07-31T23:49:25+00:00
sub-c5f5f9c36f48960561c4e8c6,chrysler300-c-36-gas,cat-ab0900394d66a8dde903b15b,SUBCATEGORY,Splash Guards,splash guards,accessories-exterior-accessories--splash-guards,https://www.moparamerica.com/v-2017-chrysler-300--c--3-6l-v6-gas/accessories-exterior-accessories--splash-guards,102,DISCOVERED,2026-07-31T23:49:25+00:00
cat-ab0900394d66a8dde903b15b,chrysler300-c-36-gas,,CATEGORY,Accessories Exterior Accessories,accessories exterior accessories,accessories-exterior-accessories,https://www.moparamerica.com/v-2017-chrysler-300--c--3-6l-v6-gas/accessories-exterior-accessories,103,DISCOVERED,2026-07-31T23:49:25+00:00
sub-4e38164c6d3858dbe490a159,chrysler300-c-36-gas,cat-ab0900394d66a8dde903b15b,SUBCATEGORY,Wheels,wheels,accessories-exterior-accessories--wheels,https://www.moparamerica.com/v-2017-chrysler-300--c--3-6l-v6-gas/accessories-exterior-accessories--wheels,103,DISCOVERED,2026-07-31T23:49:25+00:00
sub-234a697381d1a7712e3853db,chrysler300-c-36-gas,cat-2d53a5e3c668ab5b33ee1b33,SUBCATEGORY,Grilles,grilles,exterior-ornamentation--grilles,https://www.moparamerica.com/v-2017-chrysler-300--c--3-6l-v6-gas/exterior-ornamentation--grilles,104,DISCOVERED,2026-07-31T23:49:25+00:00
sub-0cc1b699bbc628d49299c0a9,chrysler300-c-36-gas,cat-2d53a5e3c668ab5b33ee1b33,SUBCATEGORY,Moldings and Ornamentation,moldings and ornamentation,exterior-ornamentation--moldings-and-ornamentation,https://www.moparamerica.com/v-2017-chrysler-300--c--3-6l-v6-gas/exterior-ornamentation--moldings-and-ornamentation,105,DISCOVERED,2026-07-31T23:49:25+00:00
cat-2d53a5e3c668ab5b33ee1b33,chrysler300-c-36-gas,,CATEGORY,Exterior Ornamentation,exterior ornamentation,exterior-ornamentation,https://www.moparamerica.com/v-2017-chrysler-300--c--3-6l-v6-gas/exterior-ornamentation,106,DISCOVERED,2026-07-31T23:49:25+00:00
sub-a666fe33d8d3abebd9bd6ad0,chrysler300-c-36-gas,cat-2d53a5e3c668ab5b33ee1b33,SUBCATEGORY,Nameplates,nameplates,exterior-ornamentation--nameplates,https://www.moparamerica.com/v-2017-chrysler-300--c--3-6l-v6-gas/exterior-ornamentation--nameplates,106,DISCOVERED,2026-07-31T23:49:25+00:00
sub-ceb948673f97eaf522273afa,chrysler300-c-36-gas,cat-18f29c62a42b8be332bcb7cc,SUBCATEGORY,Frames,frames,frame-bumper-and-fascia--frames,https://www.moparamerica.com/v-2017-chrysler-300--c--3-6l-v6-gas/frame-bumper-and-fascia--frames,107,DISCOVERED,2026-07-31T23:49:25+00:00
sub-491d769d9e2a5059925ccf52,chrysler300-c-36-gas,cat-18f29c62a42b8be332bcb7cc,SUBCATEGORY,Front Bumper and Fascia,front bumper and fascia,frame-bumper-and-fascia--front-bumper-and-fascia,https://www.moparamerica.com/v-2017-chrysler-300--c--3-6l-v6-gas/frame-bumper-and-fascia--front-bumper-and-fascia,108,DISCOVERED,2026-07-31T23:49:25+00:00
cat-18f29c62a42b8be332bcb7cc,chrysler300-c-36-gas,,CATEGORY,Frame Bumper And Fascia,frame bumper and fascia,frame-bumper-and-fascia,https://www.moparamerica.com/v-2017-chrysler-300--c--3-6l-v6-gas/frame-bumper-and-fascia,109,DISCOVERED,2026-07-31T23:49:25+00:00
sub-589ef6daface1fc84f5a2aef,chrysler300-c-36-gas,cat-18f29c62a42b8be332bcb7cc,SUBCATEGORY,Rear Bumper and Fascia,rear bumper and fascia,frame-bumper-and-fascia--rear-bumper-and-fascia,https://www.moparamerica.com/v-2017-chrysler-300--c--3-6l-v6-gas/frame-bumper-and-fascia--rear-bumper-and-fascia,109,DISCOVERED,2026-07-31T23:49:25+00:00
sub-83afd13e46ee8d917944bdf0,chrysler300-c-36-gas,cat-f13abbe64f321156a92ad5e4,SUBCATEGORY,Front Stabilizer Bar,front stabilizer bar,front-suspension--front-stabilizer-bar,https://www.moparamerica.com/v-2017-chrysler-300--c--3-6l-v6-gas/front-suspension--front-stabilizer-bar,110,DISCOVERED,2026-07-31T23:49:25+00:00
cat-f13abbe64f321156a92ad5e4,chrysler300-c-36-gas,,CATEGORY,Front Suspension,front suspension,front-suspension,https://www.moparamerica.com/v-2017-chrysler-300--c--3-6l-v6-gas/front-suspension,111,DISCOVERED,2026-07-31T23:49:25+00:00
sub-a0b0ef5684787a9555dc76f3,chrysler300-c-36-gas,cat-f13abbe64f321156a92ad5e4,SUBCATEGORY,"Front Suspension, Strut and Cradle","front suspension, strut and cradle",front-suspension--front-suspension-strut-and-cradle,https://www.moparamerica.com/v-2017-chrysler-300--c--3-6l-v6-gas/front-suspension--front-suspension-strut-and-cradle,111,DISCOVERED,2026-07-31T23:49:25+00:00
sub-50bfc11144721ea416601a63,chrysler300-c-36-gas,cat-5a0af9b1a7b8ae63404389bb,SUBCATEGORY,Accelerator Pedal,accelerator pedal,fuel--accelerator-pedal,https://www.moparamerica.com/v-2017-chrysler-300--c--3-6l-v6-gas/fuel--accelerator-pedal,112,DISCOVERED,2026-07-31T23:49:25+00:00
sub-e6af2e96f05b8a9a35507b53,chrysler300-c-36-gas,cat-5a0af9b1a7b8ae63404389bb,SUBCATEGORY,Air Cleaner,air cleaner,fuel--air-cleaner,https://www.moparamerica.com/v-2017-chrysler-300--c--3-6l-v6-gas/fuel--air-cleaner,113,DISCOVERED,2026-07-31T23:49:25+00:00
sub-c90f4801e3475d5577375322,chrysler300-c-36-gas,cat-5a0af9b1a7b8ae63404389bb,SUBCATEGORY,Fuel Lines,fuel lines,fuel--fuel-lines,https://www.moparamerica.com/v-2017-chrysler-300--c--3-6l-v6-gas/fuel--fuel-lines,114,DISCOVERED,2026-07-31T23:49:25+00:00
sub-558eed2cde371ae6381ebc45,chrysler300-c-36-gas,cat-5a0af9b1a7b8ae63404389bb,SUBCATEGORY,Fuel Pump and Sending Unit,fuel pump and sending unit,fuel--fuel-pump-and-sending-unit,https://www.moparamerica.com/v-2017-chrysler-300--c--3-6l-v6-gas/fuel--fuel-pump-and-sending-unit,115,DISCOVERED,2026-07-31T23:49:25+00:00
sub-6a1f09716ac5ff8a9df8f2c2,chrysler300-c-36-gas,cat-5a0af9b1a7b8ae63404389bb,SUBCATEGORY,Fuel Rail and Injectors,fuel rail and injectors,fuel--fuel-rail-and-injectors,https://www.moparamerica.com/v-2017-chrysler-300--c--3-6l-v6-gas/fuel--fuel-rail-and-injectors,116,DISCOVERED,2026-07-31T23:49:25+00:00
sub-0fcf64b4d6443fd4512cd5ac,chrysler300-c-36-gas,cat-5a0af9b1a7b8ae63404389bb,SUBCATEGORY,Fuel Tank,fuel tank,fuel--fuel-tank,https://www.moparamerica.com/v-2017-chrysler-300--c--3-6l-v6-gas/fuel--fuel-tank,117,DISCOVERED,2026-07-31T23:49:25+00:00
sub-2e292972d6c0d29d24bea296,chrysler300-c-36-gas,cat-5a0af9b1a7b8ae63404389bb,SUBCATEGORY,Fuel Tank Filler Tube,fuel tank filler tube,fuel--fuel-tank-filler-tube,https://www.moparamerica.com/v-2017-chrysler-300--c--3-6l-v6-gas/fuel--fuel-tank-filler-tube,118,DISCOVERED,2026-07-31T23:49:25+00:00
cat-5a0af9b1a7b8ae63404389bb,chrysler300-c-36-gas,,CATEGORY,Fuel,fuel,fuel,https://www.moparamerica.com/v-2017-chrysler-300--c--3-6l-v6-gas/fuel,119,DISCOVERED,2026-07-31T23:49:25+00:00
sub-bb7801956663f6703663cf60,chrysler300-c-36-gas,cat-5a0af9b1a7b8ae63404389bb,SUBCATEGORY,Throttle Body,throttle body,fuel--throttle-body,https://www.moparamerica.com/v-2017-chrysler-300--c--3-6l-v6-gas/fuel--throttle-body,119,DISCOVERED,2026-07-31T23:49:25+00:00
cat-26190d30d1ae2e0a129a4ff7,chrysler300-c-36-gas,,CATEGORY,Glass,glass,glass,https://www.moparamerica.com/v-2017-chrysler-300--c--3-6l-v6-gas/glass,120,DISCOVERED,2026-07-31T23:49:25+00:00
sub-fd832792d71fc7c2437f742a,chrysler300-c-36-gas,cat-26190d30d1ae2e0a129a4ff7,SUBCATEGORY,Glass and Interior Rear View Mirror,glass and interior rear view mirror,glass--glass-and-interior-rear-view-mirror,https://www.moparamerica.com/v-2017-chrysler-300--c--3-6l-v6-gas/glass--glass-and-interior-rear-view-mirror,120,DISCOVERED,2026-07-31T23:49:25+00:00
sub-8620355aa148ea1e0599cb0f,chrysler300-c-36-gas,cat-7b0a3ac57de9b8e41754cb28,SUBCATEGORY,Air Purification,air purification,accessories-interior-accessories--air-purification,https://www.moparamerica.com/v-2017-chrysler-300--c--3-6l-v6-gas/accessories-interior-accessories--air-purification,121,DISCOVERED,2026-07-31T23:49:25+00:00
sub-5def3025f993e01f8ab1a7ec,chrysler300-c-36-gas,cat-7b0a3ac57de9b8e41754cb28,SUBCATEGORY,Cargo Trays & Mats,cargo trays & mats,accessories-interior-accessories--cargo-trays-and-mats,https://www.moparamerica.com/v-2017-chrysler-300--c--3-6l-v6-gas/accessories-interior-accessories--cargo-trays-and-mats,122,DISCOVERED,2026-07-31T23:49:25+00:00
sub-1232b2a41d29e206cdd25540,chrysler300-c-36-gas,cat-7b0a3ac57de9b8e41754cb28,SUBCATEGORY,Floor Mats,floor mats,accessories-interior-accessories--floor-mats,https://www.moparamerica.com/v-2017-chrysler-300--c--3-6l-v6-gas/accessories-interior-accessories--floor-mats,123,DISCOVERED,2026-07-31T23:49:25+00:00
cat-7b0a3ac57de9b8e41754cb28,chrysler300-c-36-gas,,CATEGORY,Accessories Interior Accessories,accessories interior accessories,accessories-interior-accessories,https://www.moparamerica.com/v-2017-chrysler-300--c--3-6l-v6-gas/accessories-interior-accessories,124,DISCOVERED,2026-07-31T23:49:25+00:00
sub-93bc493558a2bdb28e6064e8,chrysler300-c-36-gas,cat-7b0a3ac57de9b8e41754cb28,SUBCATEGORY,Interior Appearance,interior appearance,accessories-interior-accessories--interior-appearance,https://www.moparamerica.com/v-2017-chrysler-300--c--3-6l-v6-gas/accessories-interior-accessories--interior-appearance,124,DISCOVERED,2026-07-31T23:49:25+00:00
sub-4d668b45dcadcb0b24f21db7,chrysler300-c-36-gas,cat-5fd047cf45ebec03ba4e1889,SUBCATEGORY,"Carpets, Floor Mats, Load Floor, and Silencers","carpets, floor mats, load floor, and silencers",interior-trim--carpets-floor-mats-load-floor-and-silencers,https://www.moparamerica.com/v-2017-chrysler-300--c--3-6l-v6-gas/interior-trim--carpets-floor-mats-load-floor-and-silencers,125,DISCOVERED,2026-07-31T23:49:25+00:00
sub-ff7eacc493b25eff17768a76,chrysler300-c-36-gas,cat-5fd047cf45ebec03ba4e1889,SUBCATEGORY,Consoles,consoles,interior-trim--consoles,https://www.moparamerica.com/v-2017-chrysler-300--c--3-6l-v6-gas/interior-trim--consoles,126,DISCOVERED,2026-07-31T23:49:25+00:00
sub-26ed739e84ff224e4bd62db6,chrysler300-c-36-gas,cat-5fd047cf45ebec03ba4e1889,SUBCATEGORY,Door Trim Panels-Front and Rear,door trim panels-front and rear,interior-trim--door-trim-panels-front-and-rear,https://www.moparamerica.com/v-2017-chrysler-300--c--3-6l-v6-gas/interior-trim--door-trim-panels-front-and-rear,127,DISCOVERED,2026-07-31T23:49:25+00:00
sub-714983cb30054bb177a00a3d,chrysler300-c-36-gas,cat-5fd047cf45ebec03ba4e1889,SUBCATEGORY,"Front Seats - Adjusters, Recliners, Shields and Risers","front seats - adjusters, recliners, shields and risers",interior-trim--front-seats-adjusters-recliners-shields-and-risers,https://www.moparamerica.com/v-2017-chrysler-300--c--3-6l-v6-gas/interior-trim--front-seats-adjusters-recliners-shields-and-risers,128,DISCOVERED,2026-07-31T23:49:25+00:00
sub-b03b2f17928a106d107e421e,chrysler300-c-36-gas,cat-5fd047cf45ebec03ba4e1889,SUBCATEGORY,Front Seats - First Row,front seats - first row,interior-trim--front-seats-first-row,https://www.moparamerica.com/v-2017-chrysler-300--c--3-6l-v6-gas/interior-trim--front-seats-first-row,129,DISCOVERED,2026-07-31T23:49:25+00:00
sub-79ba071564118fa1d9bc3432,chrysler300-c-36-gas,cat-5fd047cf45ebec03ba4e1889,SUBCATEGORY,Headliners-Visors-Assist Straps,headliners-visors-assist straps,interior-trim--headliners-visors-assist-straps,https://www.moparamerica.com/v-2017-chrysler-300--c--3-6l-v6-gas/interior-trim--headliners-visors-assist-straps,130,DISCOVERED,2026-07-31T23:49:25+00:00
sub-1c90cf2beffb6e98d60508a9,chrysler300-c-36-gas,cat-5fd047cf45ebec03ba4e1889,SUBCATEGORY,Instrument Panel,instrument panel,interior-trim--instrument-panel,https://www.moparamerica.com/v-2017-chrysler-300--c--3-6l-v6-gas/interior-trim--instrument-panel,131,DISCOVERED,2026-07-31T23:49:25+00:00
sub-52e26cbffe032a488177ec6c,chrysler300-c-36-gas,cat-5fd047cf45ebec03ba4e1889,SUBCATEGORY,Panels Moldings Scuff Plates Pillar Cowl 1 4 Panel Trim And Cargo Covers,panels moldings scuff plates pillar cowl 1 4 panel trim and cargo covers,interior-trim--panels-moldings-scuff-plates-pillar-cowl-1-4-panel-trim-and-cargo-covers,https://www.moparamerica.com/v-2017-chrysler-300--c--3-6l-v6-gas/interior-trim--panels-moldings-scuff-plates-pillar-cowl-1-4-panel-trim-and-cargo-covers,132,DISCOVERED,2026-07-31T23:49:25+00:00
sub-1e7ca298c65a04b5edd7d7b1,chrysler300-c-36-gas,cat-5fd047cf45ebec03ba4e1889,SUBCATEGORY,Rear Seats - Second Row,rear seats - second row,interior-trim--rear-seats-second-row,https://www.moparamerica.com/v-2017-chrysler-300--c--3-6l-v6-gas/interior-trim--rear-seats-second-row,133,DISCOVERED,2026-07-31T23:49:25+00:00
cat-5fd047cf45ebec03ba4e1889,chrysler300-c-36-gas,,CATEGORY,Interior Trim,interior trim,interior-trim,https://www.moparamerica.com/v-2017-chrysler-300--c--3-6l-v6-gas/interior-trim,134,DISCOVERED,2026-07-31T23:49:25+00:00
sub-65190ef47600f7d284f76706,chrysler300-c-36-gas,cat-5fd047cf45ebec03ba4e1889,SUBCATEGORY,"Rear Seats - Second Row - Adjusters, Recliners, Shields and Risers","rear seats - second row - adjusters, recliners, shields and risers",interior-trim--rear-seats-second-row-adjusters-recliners-shields-and-risers,https://www.moparamerica.com/v-2017-chrysler-300--c--3-6l-v6-gas/interior-trim--rear-seats-second-row-adjusters-recliners-shields-and-risers,134,DISCOVERED,2026-07-31T23:49:25+00:00
sub-185713c362e9d56163ec77d5,chrysler300-c-36-gas,cat-e145790142bcadfa391a91b9,SUBCATEGORY,Exterior,exterior,labels--exterior,https://www.moparamerica.com/v-2017-chrysler-300--c--3-6l-v6-gas/labels--exterior,135,DISCOVERED,2026-07-31T23:49:25+00:00
sub-13b64810315bf4d6b3352c2b,chrysler300-c-36-gas,cat-e145790142bcadfa391a91b9,SUBCATEGORY,Trunk,trunk,labels--trunk,https://www.moparamerica.com/v-2017-chrysler-300--c--3-6l-v6-gas/labels--trunk,136,DISCOVERED,2026-07-31T23:49:25+00:00
cat-e145790142bcadfa391a91b9,chrysler300-c-36-gas,,CATEGORY,Labels,labels,labels,https://www.moparamerica.com/v-2017-chrysler-300--c--3-6l-v6-gas/labels,137,DISCOVERED,2026-07-31T23:49:25+00:00
sub-b7b600d826bdae83d0cca68c,chrysler300-c-36-gas,cat-e145790142bcadfa391a91b9,SUBCATEGORY,Under Hood,under hood,labels--under-hood,https://www.moparamerica.com/v-2017-chrysler-300--c--3-6l-v6-gas/labels--under-hood,137,DISCOVERED,2026-07-31T23:49:25+00:00
cat-b8835a61cb70abe11bfe3150,chrysler300-c-36-gas,,CATEGORY,Accessories Lifestyle And Off Road Accessories,accessories lifestyle and off road accessories,accessories-lifestyle-and-off-road-accessories,https://www.moparamerica.com/v-2017-chrysler-300--c--3-6l-v6-gas/accessories-lifestyle-and-off-road-accessories,138,DISCOVERED,2026-07-31T23:49:25+00:00
sub-f861d6f7bfe8a712192a1844,chrysler300-c-36-gas,cat-b8835a61cb70abe11bfe3150,SUBCATEGORY,Safety Kits,safety kits,accessories-lifestyle-and-off-road-accessories--safety-kits,https://www.moparamerica.com/v-2017-chrysler-300--c--3-6l-v6-gas/accessories-lifestyle-and-off-road-accessories--safety-kits,138,DISCOVERED,2026-07-31T23:49:25+00:00
cat-91832ba0b25e17fd3ec88f55,chrysler300-c-36-gas,,CATEGORY,Accessories Lighting And Electrical Accessories,accessories lighting and electrical accessories,accessories-lighting-and-electrical-accessories,https://www.moparamerica.com/v-2017-chrysler-300--c--3-6l-v6-gas/accessories-lighting-and-electrical-accessories,139,DISCOVERED,2026-07-31T23:49:25+00:00
sub-286bb001ed938b08d45c764d,chrysler300-c-36-gas,cat-91832ba0b25e17fd3ec88f55,SUBCATEGORY,Charging Unit,charging unit,accessories-lighting-and-electrical-accessories--charging-unit,https://www.moparamerica.com/v-2017-chrysler-300--c--3-6l-v6-gas/accessories-lighting-and-electrical-accessories--charging-unit,139,DISCOVERED,2026-07-31T23:49:25+00:00
sub-9fcda0648d39aa949a5e0882,chrysler300-c-36-gas,cat-f90778a5160ba97c1a785c85,SUBCATEGORY,Engine Parts,engine parts,accessories-modern-performance--engine-parts,https://www.moparamerica.com/v-2017-chrysler-300--c--3-6l-v6-gas/accessories-modern-performance--engine-parts,140,DISCOVERED,2026-07-31T23:49:25+00:00
sub-2bac6cd6df1799396664d653,chrysler300-c-36-gas,cat-f90778a5160ba97c1a785c85,SUBCATEGORY,Intake & Air,intake & air,accessories-modern-performance--intake-and-air,https://www.moparamerica.com/v-2017-chrysler-300--c--3-6l-v6-gas/accessories-modern-performance--intake-and-air,141,DISCOVERED,2026-07-31T23:49:25+00:00
cat-f90778a5160ba97c1a785c85,chrysler300-c-36-gas,,CATEGORY,Accessories Modern Performance,accessories modern performance,accessories-modern-performance,https://www.moparamerica.com/v-2017-chrysler-300--c--3-6l-v6-gas/accessories-modern-performance,142,DISCOVERED,2026-07-31T23:49:25+00:00
sub-e89802908a6c095c58320d85,chrysler300-c-36-gas,cat-f90778a5160ba97c1a785c85,SUBCATEGORY,Suspension,suspension,accessories-modern-performance--suspension,https://www.moparamerica.com/v-2017-chrysler-300--c--3-6l-v6-gas/accessories-modern-performance--suspension,142,DISCOVERED,2026-07-31T23:49:25+00:00
sub-a6cbdb03aa12a25dbbddc173,chrysler300-c-36-gas,cat-4f390367bf3946da5a1c733f,SUBCATEGORY,Audio and Electronics,audio and electronics,mopar-accessories-component-parts--audio-and-electronics,https://www.moparamerica.com/v-2017-chrysler-300--c--3-6l-v6-gas/mopar-accessories-component-parts--audio-and-electronics,143,DISCOVERED,2026-07-31T23:49:25+00:00
sub-f7eec61f4b9db63037c742ec,chrysler300-c-36-gas,cat-4f390367bf3946da5a1c733f,SUBCATEGORY,Driver Convenience,driver convenience,mopar-accessories-component-parts--driver-convenience,https://www.moparamerica.com/v-2017-chrysler-300--c--3-6l-v6-gas/mopar-accessories-component-parts--driver-convenience,144,DISCOVERED,2026-07-31T23:49:25+00:00
sub-7aa0077c913504fb330c288a,chrysler300-c-36-gas,cat-4f390367bf3946da5a1c733f,SUBCATEGORY,Exterior Appearance,exterior appearance,mopar-accessories-component-parts--exterior-appearance,https://www.moparamerica.com/v-2017-chrysler-300--c--3-6l-v6-gas/mopar-accessories-component-parts--exterior-appearance,145,DISCOVERED,2026-07-31T23:49:25+00:00
sub-f4f12ce22ae0177ca1daab90,chrysler300-c-36-gas,cat-4f390367bf3946da5a1c733f,SUBCATEGORY,Fog Lights and Electrical,fog lights and electrical,mopar-accessories-component-parts--fog-lights-and-electrical,https://www.moparamerica.com/v-2017-chrysler-300--c--3-6l-v6-gas/mopar-accessories-component-parts--fog-lights-and-electrical,146,DISCOVERED,2026-07-31T23:49:25+00:00
sub-8cec97c2c3dc55a9a6736d86,chrysler300-c-36-gas,cat-4f390367bf3946da5a1c733f,SUBCATEGORY,Interior Protection,interior protection,mopar-accessories-component-parts--interior-protection,https://www.moparamerica.com/v-2017-chrysler-300--c--3-6l-v6-gas/mopar-accessories-component-parts--interior-protection,147,DISCOVERED,2026-07-31T23:49:25+00:00
cat-4f390367bf3946da5a1c733f,chrysler300-c-36-gas,,CATEGORY,Mopar Accessories Component Parts,mopar accessories component parts,mopar-accessories-component-parts,https://www.moparamerica.com/v-2017-chrysler-300--c--3-6l-v6-gas/mopar-accessories-component-parts,148,DISCOVERED,2026-07-31T23:49:25+00:00
sub-8576a18b07b48a4c7f8972d8,chrysler300-c-36-gas,cat-4f390367bf3946da5a1c733f,SUBCATEGORY,Powertrain,powertrain,mopar-accessories-component-parts--powertrain,https://www.moparamerica.com/v-2017-chrysler-300--c--3-6l-v6-gas/mopar-accessories-component-parts--powertrain,148,DISCOVERED,2026-07-31T23:49:25+00:00
sub-7f887bd4fdd6870b42f3ae23,chrysler300-c-36-gas,cat-5b809115f3bac6e990eb3e87,SUBCATEGORY,Brakes,brakes,accessories-performance--brakes,https://www.moparamerica.com/v-2017-chrysler-300--c--3-6l-v6-gas/accessories-performance--brakes,149,DISCOVERED,2026-07-31T23:49:25+00:00
cat-5b809115f3bac6e990eb3e87,chrysler300-c-36-gas,,CATEGORY,Accessories Performance,accessories performance,accessories-performance,https://www.moparamerica.com/v-2017-chrysler-300--c--3-6l-v6-gas/accessories-performance,150,DISCOVERED,2026-07-31T23:49:25+00:00
sub-75ea26ff1b275a27ec6acf22,chrysler300-c-36-gas,cat-5b809115f3bac6e990eb3e87,SUBCATEGORY,Performance Packages,performance packages,accessories-performance--performance-packages,https://www.moparamerica.com/v-2017-chrysler-300--c--3-6l-v6-gas/accessories-performance--performance-packages,150,DISCOVERED,2026-07-31T23:49:25+00:00
sub-e9af104eabd5a0e14ee769e1,chrysler300-c-36-gas,cat-eff5d5b26c2f893a0b71506e,SUBCATEGORY,"Case, and Extension","case, and extension",power-transfer-unit-transfer-case--case-and-extension,https://www.moparamerica.com/v-2017-chrysler-300--c--3-6l-v6-gas/power-transfer-unit-transfer-case--case-and-extension,151,DISCOVERED,2026-07-31T23:49:25+00:00
sub-3a59328c01073ce5fd193838,chrysler300-c-36-gas,cat-eff5d5b26c2f893a0b71506e,SUBCATEGORY,Gear Train,gear train,power-transfer-unit-transfer-case--gear-train,https://www.moparamerica.com/v-2017-chrysler-300--c--3-6l-v6-gas/power-transfer-unit-transfer-case--gear-train,152,DISCOVERED,2026-07-31T23:49:25+00:00
cat-eff5d5b26c2f893a0b71506e,chrysler300-c-36-gas,,CATEGORY,Power Transfer Unit Transfer Case,power transfer unit transfer case,power-transfer-unit-transfer-case,https://www.moparamerica.com/v-2017-chrysler-300--c--3-6l-v6-gas/power-transfer-unit-transfer-case,153,DISCOVERED,2026-07-31T23:49:25+00:00
sub-0d0cbd3bd42bc6dc36651d0c,chrysler300-c-36-gas,cat-eff5d5b26c2f893a0b71506e,SUBCATEGORY,Transfer Case Assembly,transfer case assembly,power-transfer-unit-transfer-case--transfer-case-assembly,https://www.moparamerica.com/v-2017-chrysler-300--c--3-6l-v6-gas/power-transfer-unit-transfer-case--transfer-case-assembly,153,DISCOVERED,2026-07-31T23:49:25+00:00
sub-733aea1749c38b36740574c6,chrysler300-c-36-gas,cat-31c5782323437160c96ce7d2,SUBCATEGORY,Rear Stabilizer,rear stabilizer,rear-suspension--rear-stabilizer,https://www.moparamerica.com/v-2017-chrysler-300--c--3-6l-v6-gas/rear-suspension--rear-stabilizer,154,DISCOVERED,2026-07-31T23:49:25+00:00
cat-31c5782323437160c96ce7d2,chrysler300-c-36-gas,,CATEGORY,Rear Suspension,rear suspension,rear-suspension,https://www.moparamerica.com/v-2017-chrysler-300--c--3-6l-v6-gas/rear-suspension,155,DISCOVERED,2026-07-31T23:49:25+00:00
sub-c4772a2055cea5858b30e892,chrysler300-c-36-gas,cat-31c5782323437160c96ce7d2,SUBCATEGORY,Rear Suspension and Cradle,rear suspension and cradle,rear-suspension--rear-suspension-and-cradle,https://www.moparamerica.com/v-2017-chrysler-300--c--3-6l-v6-gas/rear-suspension--rear-suspension-and-cradle,155,DISCOVERED,2026-07-31T23:49:25+00:00
sub-56a59c69e97180ced914f272,chrysler300-c-36-gas,cat-1f113d1c221ac5c22cf54048,SUBCATEGORY,Drive Shaft,drive shaft,rear-wheel-drive-differential-and-drive-line--drive-shaft,https://www.moparamerica.com/v-2017-chrysler-300--c--3-6l-v6-gas/rear-wheel-drive-differential-and-drive-line--drive-shaft,156,DISCOVERED,2026-07-31T23:49:25+00:00
sub-74d8de6d3e27fe9574c7f491,chrysler300-c-36-gas,cat-1f113d1c221ac5c22cf54048,SUBCATEGORY,Rear Axle Assembly,rear axle assembly,rear-wheel-drive-differential-and-drive-line--rear-axle-assembly,https://www.moparamerica.com/v-2017-chrysler-300--c--3-6l-v6-gas/rear-wheel-drive-differential-and-drive-line--rear-axle-assembly,157,DISCOVERED,2026-07-31T23:49:25+00:00
sub-9dbadd81283b7b17e6903183,chrysler300-c-36-gas,cat-1f113d1c221ac5c22cf54048,SUBCATEGORY,Rear Axle Shafts,rear axle shafts,rear-wheel-drive-differential-and-drive-line--rear-axle-shafts,https://www.moparamerica.com/v-2017-chrysler-300--c--3-6l-v6-gas/rear-wheel-drive-differential-and-drive-line--rear-axle-shafts,158,DISCOVERED,2026-07-31T23:49:25+00:00
cat-1f113d1c221ac5c22cf54048,chrysler300-c-36-gas,,CATEGORY,Rear Wheel Drive Differential And Drive Line,rear wheel drive differential and drive line,rear-wheel-drive-differential-and-drive-line,https://www.moparamerica.com/v-2017-chrysler-300--c--3-6l-v6-gas/rear-wheel-drive-differential-and-drive-line,159,DISCOVERED,2026-07-31T23:49:25+00:00
sub-af6d1f0dfdb40a9a5a3f19f6,chrysler300-c-36-gas,cat-1f113d1c221ac5c22cf54048,SUBCATEGORY,"Rear Axle; Housing, Differential and Vent","rear axle; housing, differential and vent",rear-wheel-drive-differential-and-drive-line--rear-axle-housing-differential-and-vent,https://www.moparamerica.com/v-2017-chrysler-300--c--3-6l-v6-gas/rear-wheel-drive-differential-and-drive-line--rear-axle-housing-differential-and-vent,159,DISCOVERED,2026-07-31T23:49:25+00:00
sub-73657495b7e5d586afa6782c,chrysler300-c-36-gas,cat-3920f57d3e6c8b4bccc77557,SUBCATEGORY,Air Bags,air bags,restraints--air-bags,https://www.moparamerica.com/v-2017-chrysler-300--c--3-6l-v6-gas/restraints--air-bags,160,DISCOVERED,2026-07-31T23:49:25+00:00
cat-3920f57d3e6c8b4bccc77557,chrysler300-c-36-gas,,CATEGORY,Restraints,restraints,restraints,https://www.moparamerica.com/v-2017-chrysler-300--c--3-6l-v6-gas/restraints,161,DISCOVERED,2026-07-31T23:49:25+00:00
sub-e383d5e33b55e7ad81504f12,chrysler300-c-36-gas,cat-3920f57d3e6c8b4bccc77557,SUBCATEGORY,Seat Belts,seat belts,restraints--seat-belts,https://www.moparamerica.com/v-2017-chrysler-300--c--3-6l-v6-gas/restraints--seat-belts,161,DISCOVERED,2026-07-31T23:49:25+00:00
sub-ee9c1c4f5aaef86a21f5e5ee,chrysler300-c-36-gas,cat-7940d1a03f7a50ec4db66c1e,SUBCATEGORY,Steering Column and Intermediate Shaft,steering column and intermediate shaft,steering--steering-column-and-intermediate-shaft,https://www.moparamerica.com/v-2017-chrysler-300--c--3-6l-v6-gas/steering--steering-column-and-intermediate-shaft,162,DISCOVERED,2026-07-31T23:49:25+00:00
sub-1d9f751b42f47c541b72c6f9,chrysler300-c-36-gas,cat-7940d1a03f7a50ec4db66c1e,SUBCATEGORY,Steering Gear,steering gear,steering--steering-gear,https://www.moparamerica.com/v-2017-chrysler-300--c--3-6l-v6-gas/steering--steering-gear,163,DISCOVERED,2026-07-31T23:49:25+00:00
cat-7940d1a03f7a50ec4db66c1e,chrysler300-c-36-gas,,CATEGORY,Steering,steering,steering,https://www.moparamerica.com/v-2017-chrysler-300--c--3-6l-v6-gas/steering,164,DISCOVERED,2026-07-31T23:49:25+00:00
sub-c6ce79e0ddfe92e6aa1430ef,chrysler300-c-36-gas,cat-7940d1a03f7a50ec4db66c1e,SUBCATEGORY,Steering Wheel,steering wheel,steering--steering-wheel,https://www.moparamerica.com/v-2017-chrysler-300--c--3-6l-v6-gas/steering--steering-wheel,164,DISCOVERED,2026-07-31T23:49:25+00:00
sub-f7c4e20bfa9f02e72561acaa,chrysler300-c-36-gas,cat-c5e01ac5b9fcc229c7bfa604,SUBCATEGORY,Mopar,mopar,accessories-vehicle-care-products--mopar,https://www.moparamerica.com/v-2017-chrysler-300--c--3-6l-v6-gas/accessories-vehicle-care-products--mopar,165,DISCOVERED,2026-07-31T23:49:25+00:00
cat-c5e01ac5b9fcc229c7bfa604,chrysler300-c-36-gas,,CATEGORY,Accessories Vehicle Care Products,accessories vehicle care products,accessories-vehicle-care-products,https://www.moparamerica.com/v-2017-chrysler-300--c--3-6l-v6-gas/accessories-vehicle-care-products,166,DISCOVERED,2026-07-31T23:49:25+00:00
sub-17998790c357e5cf4ff45046,chrysler300-c-36-gas,cat-c5e01ac5b9fcc229c7bfa604,SUBCATEGORY,Touch Up Paint,touch up paint,accessories-vehicle-care-products--touch-up-paint,https://www.moparamerica.com/v-2017-chrysler-300--c--3-6l-v6-gas/accessories-vehicle-care-products--touch-up-paint,166,DISCOVERED,2026-07-31T23:49:25+00:00
sub-00d54360427f2a87d80c69f3,chrysler300-c-36-gas,cat-fa52d80e22bc836ca33d78b0,SUBCATEGORY,Emergency Kit,emergency kit,wheels--emergency-kit,https://www.moparamerica.com/v-2017-chrysler-300--c--3-6l-v6-gas/wheels--emergency-kit,167,DISCOVERED,2026-07-31T23:49:25+00:00
sub-4794014d8f6d357230095d08,chrysler300-c-36-gas,cat-fa52d80e22bc836ca33d78b0,SUBCATEGORY,Jack Stowage,jack stowage,wheels--jack-stowage,https://www.moparamerica.com/v-2017-chrysler-300--c--3-6l-v6-gas/wheels--jack-stowage,168,DISCOVERED,2026-07-31T23:49:25+00:00
sub-caa0d03f18cf01895d70297a,chrysler300-c-36-gas,cat-fa52d80e22bc836ca33d78b0,SUBCATEGORY,Tire Monitoring System,tire monitoring system,wheels--tire-monitoring-system,https://www.moparamerica.com/v-2017-chrysler-300--c--3-6l-v6-gas/wheels--tire-monitoring-system,169,DISCOVERED,2026-07-31T23:49:25+00:00
sub-d4929e0d0600d517c5ef9527,chrysler300-c-36-gas,cat-fa52d80e22bc836ca33d78b0,SUBCATEGORY,Wheel Covers and Center Caps,wheel covers and center caps,wheels--wheel-covers-and-center-caps,https://www.moparamerica.com/v-2017-chrysler-300--c--3-6l-v6-gas/wheels--wheel-covers-and-center-caps,170,DISCOVERED,2026-07-31T23:49:25+00:00
sub-45b56abf1d856f95bf4d7cf3,chrysler300-c-36-gas,cat-fa52d80e22bc836ca33d78b0,SUBCATEGORY,Wheel Spare,wheel spare,wheels--wheel-spare,https://www.moparamerica.com/v-2017-chrysler-300--c--3-6l-v6-gas/wheels--wheel-spare,171,DISCOVERED,2026-07-31T23:49:25+00:00
cat-fa52d80e22bc836ca33d78b0,chrysler300-c-36-gas,,CATEGORY,Wheels,wheels,wheels,https://www.moparamerica.com/v-2017-chrysler-300--c--3-6l-v6-gas/wheels,172,DISCOVERED,2026-07-31T23:49:25+00:00
sub-81a59769419921586cf039e0,chrysler300-c-36-gas,cat-fa52d80e22bc836ca33d78b0,SUBCATEGORY,"Wheels, Tires and Hardware","wheels, tires and hardware",wheels--wheels-tires-and-hardware,https://www.moparamerica.com/v-2017-chrysler-300--c--3-6l-v6-gas/wheels--wheels-tires-and-hardware,172,DISCOVERED,2026-07-31T23:49:25+00:00
sub-a00acb0321f525089c399835,chrysler300-c-57-gas,cat-a3b738b77cd5af98f386baa9,SUBCATEGORY,Engine Mounting,engine mounting,3-0l-gas-engine--engine-mounting,https://www.moparamerica.com/v-2017-chrysler-300--c--5-7l-v8-gas/3-0l-gas-engine--engine-mounting,1,DISCOVERED,2026-07-31T23:49:35+00:00
sub-be05f786d9120f660c68ac6b,chrysler300-c-57-gas,cat-a3b738b77cd5af98f386baa9,SUBCATEGORY,"Engine Oiling, Oil Pan and Indicator (Dipstick)","engine oiling, oil pan and indicator (dipstick)",3-0l-gas-engine--engine-oiling-oil-pan-and-indicator-dipstick,https://www.moparamerica.com/v-2017-chrysler-300--c--5-7l-v8-gas/3-0l-gas-engine--engine-oiling-oil-pan-and-indicator-dipstick,2,DISCOVERED,2026-07-31T23:49:35+00:00
cat-a3b738b77cd5af98f386baa9,chrysler300-c-57-gas,,CATEGORY,3 0L Gas Engine,3 0l gas engine,3-0l-gas-engine,https://www.moparamerica.com/v-2017-chrysler-300--c--5-7l-v8-gas/3-0l-gas-engine,3,DISCOVERED,2026-07-31T23:49:35+00:00
sub-e053dea051465d5baaa30d74,chrysler300-c-57-gas,cat-a3b738b77cd5af98f386baa9,SUBCATEGORY,Timing Belt Chain And Cover And Balance Shaft,timing belt chain and cover and balance shaft,3-0l-gas-engine--timing-belt-chain-and-cover-and-balance-shaft,https://www.moparamerica.com/v-2017-chrysler-300--c--5-7l-v8-gas/3-0l-gas-engine--timing-belt-chain-and-cover-and-balance-shaft,3,DISCOVERED,2026-07-31T23:49:35+00:00
sub-fb522b369233da1aaef312da,chrysler300-c-57-gas,cat-8046463ef326ce5d7bf9b364,SUBCATEGORY,Engine Mounting,engine mounting,3-6l-gas-engine--engine-mounting,https://www.moparamerica.com/v-2017-chrysler-300--c--5-7l-v8-gas/3-6l-gas-engine--engine-mounting,4,DISCOVERED,2026-07-31T23:49:35+00:00
sub-8b26ebe88e2ce95703c91455,chrysler300-c-57-gas,cat-8046463ef326ce5d7bf9b364,SUBCATEGORY,"Engine Oiling, Oil Pan and Indicator (Dipstick)","engine oiling, oil pan and indicator (dipstick)",3-6l-gas-engine--engine-oiling-oil-pan-and-indicator-dipstick,https://www.moparamerica.com/v-2017-chrysler-300--c--5-7l-v8-gas/3-6l-gas-engine--engine-oiling-oil-pan-and-indicator-dipstick,5,DISCOVERED,2026-07-31T23:49:35+00:00
cat-8046463ef326ce5d7bf9b364,chrysler300-c-57-gas,,CATEGORY,3 6L Gas Engine,3 6l gas engine,3-6l-gas-engine,https://www.moparamerica.com/v-2017-chrysler-300--c--5-7l-v8-gas/3-6l-gas-engine,6,DISCOVERED,2026-07-31T23:49:35+00:00
sub-6b21aa08656416b9ef05965a,chrysler300-c-57-gas,cat-8046463ef326ce5d7bf9b364,SUBCATEGORY,Timing Belt Chain And Cover And Balance Shaft,timing belt chain and cover and balance shaft,3-6l-gas-engine--timing-belt-chain-and-cover-and-balance-shaft,https://www.moparamerica.com/v-2017-chrysler-300--c--5-7l-v8-gas/3-6l-gas-engine--timing-belt-chain-and-cover-and-balance-shaft,6,DISCOVERED,2026-07-31T23:49:35+00:00
sub-617b3d3c96089d0dcfa3f3c7,chrysler300-c-57-gas,cat-8a6b25f12653f449daf7c877,SUBCATEGORY,Camshaft and Valve,camshaft and valve,5-7l-gas-engine--camshaft-and-valve,https://www.moparamerica.com/v-2017-chrysler-300--c--5-7l-v8-gas/5-7l-gas-engine--camshaft-and-valve,7,DISCOVERED,2026-07-31T23:49:35+00:00
sub-aee713610d2c67e8ef114056,chrysler300-c-57-gas,cat-8a6b25f12653f449daf7c877,SUBCATEGORY,Crankcase Ventilation,crankcase ventilation,5-7l-gas-engine--crankcase-ventilation,https://www.moparamerica.com/v-2017-chrysler-300--c--5-7l-v8-gas/5-7l-gas-engine--crankcase-ventilation,8,DISCOVERED,2026-07-31T23:49:35+00:00
sub-fd44d7bfaa2235c3cfaf7cb7,chrysler300-c-57-gas,cat-8a6b25f12653f449daf7c877,SUBCATEGORY,"Crankshaft, Piston, Drive Plate, Flywheel, and Damper","crankshaft, piston, drive plate, flywheel, and damper",5-7l-gas-engine--crankshaft-piston-drive-plate-flywheel-and-damper,https://www.moparamerica.com/v-2017-chrysler-300--c--5-7l-v8-gas/5-7l-gas-engine--crankshaft-piston-drive-plate-flywheel-and-damper,9,DISCOVERED,2026-07-31T23:49:35+00:00
sub-963db6eb2cf041a49cbb6333,chrysler300-c-57-gas,cat-8a6b25f12653f449daf7c877,SUBCATEGORY,Cylinder Block,cylinder block,5-7l-gas-engine--cylinder-block,https://www.moparamerica.com/v-2017-chrysler-300--c--5-7l-v8-gas/5-7l-gas-engine--cylinder-block,10,DISCOVERED,2026-07-31T23:49:35+00:00
sub-e6538e09bcd081a305128d95,chrysler300-c-57-gas,cat-8a6b25f12653f449daf7c877,SUBCATEGORY,Cylinder Head,cylinder head,5-7l-gas-engine--cylinder-head,https://www.moparamerica.com/v-2017-chrysler-300--c--5-7l-v8-gas/5-7l-gas-engine--cylinder-head,11,DISCOVERED,2026-07-31T23:49:35+00:00
sub-c0cba8602aa67e2031f1d5fa,chrysler300-c-57-gas,cat-8a6b25f12653f449daf7c877,SUBCATEGORY,"Engine Identification, Service Engines & Engine Service Kits","engine identification, service engines & engine service kits",5-7l-gas-engine--engine-identification-service-engines-and-engine-service-kits,https://www.moparamerica.com/v-2017-chrysler-300--c--5-7l-v8-gas/5-7l-gas-engine--engine-identification-service-engines-and-engine-service-kits,12,DISCOVERED,2026-07-31T23:49:35+00:00
sub-309c4c657bcc46f555c1c368,chrysler300-c-57-gas,cat-8a6b25f12653f449daf7c877,SUBCATEGORY,Engine Mounting,engine mounting,5-7l-gas-engine--engine-mounting,https://www.moparamerica.com/v-2017-chrysler-300--c--5-7l-v8-gas/5-7l-gas-engine--engine-mounting,13,DISCOVERED,2026-07-31T23:49:35+00:00
sub-af0020c1b4886213206358f1,chrysler300-c-57-gas,cat-8a6b25f12653f449daf7c877,SUBCATEGORY,"Engine Oiling, Oil Pan and Indicator (Dipstick)","engine oiling, oil pan and indicator (dipstick)",5-7l-gas-engine--engine-oiling-oil-pan-and-indicator-dipstick,https://www.moparamerica.com/v-2017-chrysler-300--c--5-7l-v8-gas/5-7l-gas-engine--engine-oiling-oil-pan-and-indicator-dipstick,14,DISCOVERED,2026-07-31T23:49:35+00:00
sub-edece03799e1dcbfc40f65a1,chrysler300-c-57-gas,cat-8a6b25f12653f449daf7c877,SUBCATEGORY,Manifolds and Vacuum Fittings,manifolds and vacuum fittings,5-7l-gas-engine--manifolds-and-vacuum-fittings,https://www.moparamerica.com/v-2017-chrysler-300--c--5-7l-v8-gas/5-7l-gas-engine--manifolds-and-vacuum-fittings,15,DISCOVERED,2026-07-31T23:49:35+00:00
cat-8a6b25f12653f449daf7c877,chrysler300-c-57-gas,,CATEGORY,5 7L Gas Engine,5 7l gas engine,5-7l-gas-engine,https://www.moparamerica.com/v-2017-chrysler-300--c--5-7l-v8-gas/5-7l-gas-engine,16,DISCOVERED,2026-07-31T23:49:35+00:00
sub-f0827360d6df7d2706c2d5e1,chrysler300-c-57-gas,cat-8a6b25f12653f449daf7c877,SUBCATEGORY,Timing Belt Chain And Cover And Balance Shaft,timing belt chain and cover and balance shaft,5-7l-gas-engine--timing-belt-chain-and-cover-and-balance-shaft,https://www.moparamerica.com/v-2017-chrysler-300--c--5-7l-v8-gas/5-7l-gas-engine--timing-belt-chain-and-cover-and-balance-shaft,16,DISCOVERED,2026-07-31T23:49:35+00:00
sub-758e76d63ecb427681380fce,chrysler300-c-57-gas,cat-f2cfb309e61fa441fd2baa71,SUBCATEGORY,Camshaft and Valve,camshaft and valve,6-4l-gas-engine--camshaft-and-valve,https://www.moparamerica.com/v-2017-chrysler-300--c--5-7l-v8-gas/6-4l-gas-engine--camshaft-and-valve,17,DISCOVERED,2026-07-31T23:49:35+00:00
sub-97e0a738f2710ed4cbffd3d4,chrysler300-c-57-gas,cat-f2cfb309e61fa441fd2baa71,SUBCATEGORY,Cylinder Block,cylinder block,6-4l-gas-engine--cylinder-block,https://www.moparamerica.com/v-2017-chrysler-300--c--5-7l-v8-gas/6-4l-gas-engine--cylinder-block,18,DISCOVERED,2026-07-31T23:49:35+00:00
sub-0c88f1e119e15b2116de58f5,chrysler300-c-57-gas,cat-f2cfb309e61fa441fd2baa71,SUBCATEGORY,Engine Mounting,engine mounting,6-4l-gas-engine--engine-mounting,https://www.moparamerica.com/v-2017-chrysler-300--c--5-7l-v8-gas/6-4l-gas-engine--engine-mounting,19,DISCOVERED,2026-07-31T23:49:35+00:00
sub-c276764fd53a4b7272b51a53,chrysler300-c-57-gas,cat-f2cfb309e61fa441fd2baa71,SUBCATEGORY,Engine Oil Cooler,engine oil cooler,6-4l-gas-engine--engine-oil-cooler,https://www.moparamerica.com/v-2017-chrysler-300--c--5-7l-v8-gas/6-4l-gas-engine--engine-oil-cooler,20,DISCOVERED,2026-07-31T23:49:35+00:00
sub-dc235cfb088f4d40ad2a0158,chrysler300-c-57-gas,cat-f2cfb309e61fa441fd2baa71,SUBCATEGORY,"Engine Oiling, Oil Pan and Indicator (Dipstick)","engine oiling, oil pan and indicator (dipstick)",6-4l-gas-engine--engine-oiling-oil-pan-and-indicator-dipstick,https://www.moparamerica.com/v-2017-chrysler-300--c--5-7l-v8-gas/6-4l-gas-engine--engine-oiling-oil-pan-and-indicator-dipstick,21,DISCOVERED,2026-07-31T23:49:35+00:00
cat-f2cfb309e61fa441fd2baa71,chrysler300-c-57-gas,,CATEGORY,6 4L Gas Engine,6 4l gas engine,6-4l-gas-engine,https://www.moparamerica.com/v-2017-chrysler-300--c--5-7l-v8-gas/6-4l-gas-engine,22,DISCOVERED,2026-07-31T23:49:35+00:00
sub-0084e56c2761a20fb87727de,chrysler300-c-57-gas,cat-f2cfb309e61fa441fd2baa71,SUBCATEGORY,Manifolds and Vacuum Fittings,manifolds and vacuum fittings,6-4l-gas-engine--manifolds-and-vacuum-fittings,https://www.moparamerica.com/v-2017-chrysler-300--c--5-7l-v8-gas/6-4l-gas-engine--manifolds-and-vacuum-fittings,22,DISCOVERED,2026-07-31T23:49:35+00:00
sub-c38b1bb9274f324ec6d483cd,chrysler300-c-57-gas,cat-b6035c74fc299625e1d0a04c,SUBCATEGORY,Automatic Transmission Transaxle And Torque Converter,automatic transmission transaxle and torque converter,845re-8-speed-automatic-transmission--automatic-transmission-transaxle-and-torque-converter,https://www.moparamerica.com/v-2017-chrysler-300--c--5-7l-v8-gas/845re-8-speed-automatic-transmission--automatic-transmission-transaxle-and-torque-converter,23,DISCOVERED,2026-07-31T23:49:35+00:00
sub-d3602bab5699db62609865e1,chrysler300-c-57-gas,cat-b6035c74fc299625e1d0a04c,SUBCATEGORY,Gearshift Controls and Related Parts,gearshift controls and related parts,845re-8-speed-automatic-transmission--gearshift-controls-and-related-parts,https://www.moparamerica.com/v-2017-chrysler-300--c--5-7l-v8-gas/845re-8-speed-automatic-transmission--gearshift-controls-and-related-parts,24,DISCOVERED,2026-07-31T23:49:35+00:00
sub-f142c9d08211182fd93c02c1,chrysler300-c-57-gas,cat-b6035c74fc299625e1d0a04c,SUBCATEGORY,Mounting and Skid Plate,mounting and skid plate,845re-8-speed-automatic-transmission--mounting-and-skid-plate,https://www.moparamerica.com/v-2017-chrysler-300--c--5-7l-v8-gas/845re-8-speed-automatic-transmission--mounting-and-skid-plate,25,DISCOVERED,2026-07-31T23:49:35+00:00
cat-b6035c74fc299625e1d0a04c,chrysler300-c-57-gas,,CATEGORY,845Re 8 Speed Automatic Transmission,845re 8 speed automatic transmission,845re-8-speed-automatic-transmission,https://www.moparamerica.com/v-2017-chrysler-300--c--5-7l-v8-gas/845re-8-speed-automatic-transmission,26,DISCOVERED,2026-07-31T23:49:35+00:00
sub-1f901088ff1e18b7ed945309,chrysler300-c-57-gas,cat-b6035c74fc299625e1d0a04c,SUBCATEGORY,Oil Pump,oil pump,845re-8-speed-automatic-transmission--oil-pump,https://www.moparamerica.com/v-2017-chrysler-300--c--5-7l-v8-gas/845re-8-speed-automatic-transmission--oil-pump,26,DISCOVERED,2026-07-31T23:49:35+00:00
sub-8ddd9dbe8771f74e26fa76e7,chrysler300-c-57-gas,cat-4ce3e2e6e53fb035d2dcb1aa,SUBCATEGORY,Automatic Transmission Transaxle And Torque Converter,automatic transmission transaxle and torque converter,8hp70-8-speed-automatic-transmission--automatic-transmission-transaxle-and-torque-converter,https://www.moparamerica.com/v-2017-chrysler-300--c--5-7l-v8-gas/8hp70-8-speed-automatic-transmission--automatic-transmission-transaxle-and-torque-converter,27,DISCOVERED,2026-07-31T23:49:35+00:00
sub-a197ed9991e8672141b6439b,chrysler300-c-57-gas,cat-4ce3e2e6e53fb035d2dcb1aa,SUBCATEGORY,"Case, Extension, Oil Pan, and Indicator (Dipstick)","case, extension, oil pan, and indicator (dipstick)",8hp70-8-speed-automatic-transmission--case-extension-oil-pan-and-indicator-dipstick,https://www.moparamerica.com/v-2017-chrysler-300--c--5-7l-v8-gas/8hp70-8-speed-automatic-transmission--case-extension-oil-pan-and-indicator-dipstick,28,DISCOVERED,2026-07-31T23:49:35+00:00
sub-5a5b72d30e7ceae74d2e1861,chrysler300-c-57-gas,cat-4ce3e2e6e53fb035d2dcb1aa,SUBCATEGORY,Gearshift Controls and Related Parts,gearshift controls and related parts,8hp70-8-speed-automatic-transmission--gearshift-controls-and-related-parts,https://www.moparamerica.com/v-2017-chrysler-300--c--5-7l-v8-gas/8hp70-8-speed-automatic-transmission--gearshift-controls-and-related-parts,29,DISCOVERED,2026-07-31T23:49:35+00:00
sub-20faee53cfd14a4d4773159e,chrysler300-c-57-gas,cat-4ce3e2e6e53fb035d2dcb1aa,SUBCATEGORY,Mounting and Skid Plate,mounting and skid plate,8hp70-8-speed-automatic-transmission--mounting-and-skid-plate,https://www.moparamerica.com/v-2017-chrysler-300--c--5-7l-v8-gas/8hp70-8-speed-automatic-transmission--mounting-and-skid-plate,30,DISCOVERED,2026-07-31T23:49:35+00:00
sub-30978edbdfb0b267893504ae,chrysler300-c-57-gas,cat-4ce3e2e6e53fb035d2dcb1aa,SUBCATEGORY,Oil Pump,oil pump,8hp70-8-speed-automatic-transmission--oil-pump,https://www.moparamerica.com/v-2017-chrysler-300--c--5-7l-v8-gas/8hp70-8-speed-automatic-transmission--oil-pump,31,DISCOVERED,2026-07-31T23:49:35+00:00
cat-4ce3e2e6e53fb035d2dcb1aa,chrysler300-c-57-gas,,CATEGORY,8Hp70 8 Speed Automatic Transmission,8hp70 8 speed automatic transmission,8hp70-8-speed-automatic-transmission,https://www.moparamerica.com/v-2017-chrysler-300--c--5-7l-v8-gas/8hp70-8-speed-automatic-transmission,32,DISCOVERED,2026-07-31T23:49:35+00:00
sub-44416a44d614d72149bb83c1,chrysler300-c-57-gas,cat-4ce3e2e6e53fb035d2dcb1aa,SUBCATEGORY,"Valve Body, Accumulator, Solenoid and Parking Sprag","valve body, accumulator, solenoid and parking sprag",8hp70-8-speed-automatic-transmission--valve-body-accumulator-solenoid-and-parking-sprag,https://www.moparamerica.com/v-2017-chrysler-300--c--5-7l-v8-gas/8hp70-8-speed-automatic-transmission--valve-body-accumulator-solenoid-and-parking-sprag,32,DISCOVERED,2026-07-31T23:49:35+00:00
sub-9ab57caa428b33b8c28b7195,chrysler300-c-57-gas,cat-462721ebebe2a2e2cb9baafd,SUBCATEGORY,Air Conditioner and Heater Controls,air conditioner and heater controls,air-conditioners-and-heaters--air-conditioner-and-heater-controls,https://www.moparamerica.com/v-2017-chrysler-300--c--5-7l-v8-gas/air-conditioners-and-heaters--air-conditioner-and-heater-controls,33,DISCOVERED,2026-07-31T23:49:35+00:00
sub-f3aa654756c6378c4b2f1f50,chrysler300-c-57-gas,cat-462721ebebe2a2e2cb9baafd,SUBCATEGORY,Air Conditioner and Heater Plumbing,air conditioner and heater plumbing,air-conditioners-and-heaters--air-conditioner-and-heater-plumbing,https://www.moparamerica.com/v-2017-chrysler-300--c--5-7l-v8-gas/air-conditioners-and-heaters--air-conditioner-and-heater-plumbing,34,DISCOVERED,2026-07-31T23:49:35+00:00
sub-9c4bdda49518ef2215f8c04f,chrysler300-c-57-gas,cat-462721ebebe2a2e2cb9baafd,SUBCATEGORY,Air Conditioner and Heater Units,air conditioner and heater units,air-conditioners-and-heaters--air-conditioner-and-heater-units,https://www.moparamerica.com/v-2017-chrysler-300--c--5-7l-v8-gas/air-conditioners-and-heaters--air-conditioner-and-heater-units,35,DISCOVERED,2026-07-31T23:49:35+00:00
sub-621806350782964f1a1ac89e,chrysler300-c-57-gas,cat-462721ebebe2a2e2cb9baafd,SUBCATEGORY,Air Conditioner Compressor and Mounting,air conditioner compressor and mounting,air-conditioners-and-heaters--air-conditioner-compressor-and-mounting,https://www.moparamerica.com/v-2017-chrysler-300--c--5-7l-v8-gas/air-conditioners-and-heaters--air-conditioner-compressor-and-mounting,36,DISCOVERED,2026-07-31T23:49:35+00:00
cat-462721ebebe2a2e2cb9baafd,chrysler300-c-57-gas,,CATEGORY,Air Conditioners And Heaters,air conditioners and heaters,air-conditioners-and-heaters,https://www.moparamerica.com/v-2017-chrysler-300--c--5-7l-v8-gas/air-conditioners-and-heaters,37,DISCOVERED,2026-07-31T23:49:35+00:00
sub-c37d8c6112aed3ff47dbda4f,chrysler300-c-57-gas,cat-462721ebebe2a2e2cb9baafd,SUBCATEGORY,Air Ducts,air ducts,air-conditioners-and-heaters--air-ducts,https://www.moparamerica.com/v-2017-chrysler-300--c--5-7l-v8-gas/air-conditioners-and-heaters--air-ducts,37,DISCOVERED,2026-07-31T23:49:35+00:00
sub-a55d96eaf07dc9bbe608f5b2,chrysler300-c-57-gas,cat-437a531f5ab18e45610e96b2,SUBCATEGORY,Drive Shaft,drive shaft,all-wheel-drive-differential-and-drive-line--drive-shaft,https://www.moparamerica.com/v-2017-chrysler-300--c--5-7l-v8-gas/all-wheel-drive-differential-and-drive-line--drive-shaft,38,DISCOVERED,2026-07-31T23:49:35+00:00
sub-f5823d5a78544b777ce8dc47,chrysler300-c-57-gas,cat-437a531f5ab18e45610e96b2,SUBCATEGORY,Front Axle Assembly,front axle assembly,all-wheel-drive-differential-and-drive-line--front-axle-assembly,https://www.moparamerica.com/v-2017-chrysler-300--c--5-7l-v8-gas/all-wheel-drive-differential-and-drive-line--front-axle-assembly,39,DISCOVERED,2026-07-31T23:49:35+00:00
sub-1e32e3c243a21354d4581cac,chrysler300-c-57-gas,cat-437a531f5ab18e45610e96b2,SUBCATEGORY,Front Axle Drive Shafts,front axle drive shafts,all-wheel-drive-differential-and-drive-line--front-axle-drive-shafts,https://www.moparamerica.com/v-2017-chrysler-300--c--5-7l-v8-gas/all-wheel-drive-differential-and-drive-line--front-axle-drive-shafts,40,DISCOVERED,2026-07-31T23:49:35+00:00
sub-9601ba1212de13d591e59560,chrysler300-c-57-gas,cat-437a531f5ab18e45610e96b2,SUBCATEGORY,Rear Axle Assembly,rear axle assembly,all-wheel-drive-differential-and-drive-line--rear-axle-assembly,https://www.moparamerica.com/v-2017-chrysler-300--c--5-7l-v8-gas/all-wheel-drive-differential-and-drive-line--rear-axle-assembly,41,DISCOVERED,2026-07-31T23:49:35+00:00
cat-437a531f5ab18e45610e96b2,chrysler300-c-57-gas,,CATEGORY,All Wheel Drive Differential And Drive Line,all wheel drive differential and drive line,all-wheel-drive-differential-and-drive-line,https://www.moparamerica.com/v-2017-chrysler-300--c--5-7l-v8-gas/all-wheel-drive-differential-and-drive-line,42,DISCOVERED,2026-07-31T23:49:35+00:00
sub-f2be30a12a8983811e117191,chrysler300-c-57-gas,cat-437a531f5ab18e45610e96b2,SUBCATEGORY,"Rear Axle; Housing, Differential and Vent","rear axle; housing, differential and vent",all-wheel-drive-differential-and-drive-line--rear-axle-housing-differential-and-vent,https://www.moparamerica.com/v-2017-chrysler-300--c--5-7l-v8-gas/all-wheel-drive-differential-and-drive-line--rear-axle-housing-differential-and-vent,42,DISCOVERED,2026-07-31T23:49:35+00:00
sub-fcb0772110156f19db5cdf62,chrysler300-c-57-gas,cat-c78454fe880f69f91bb6dade,SUBCATEGORY,Charging Unit,charging unit,accessories-audio-video-and-electronics-accessories--charging-unit,https://www.moparamerica.com/v-2017-chrysler-300--c--5-7l-v8-gas/accessories-audio-video-and-electronics-accessories--charging-unit,43,DISCOVERED,2026-07-31T23:49:35+00:00
sub-406def760f102c2a65bfde8d,chrysler300-c-57-gas,cat-c78454fe880f69f91bb6dade,SUBCATEGORY,Remote Start,remote start,accessories-audio-video-and-electronics-accessories--remote-start,https://www.moparamerica.com/v-2017-chrysler-300--c--5-7l-v8-gas/accessories-audio-video-and-electronics-accessories--remote-start,44,DISCOVERED,2026-07-31T23:49:35+00:00
cat-c78454fe880f69f91bb6dade,chrysler300-c-57-gas,,CATEGORY,Accessories Audio Video And Electronics Accessories,accessories audio video and electronics accessories,accessories-audio-video-and-electronics-accessories,https://www.moparamerica.com/v-2017-chrysler-300--c--5-7l-v8-gas/accessories-audio-video-and-electronics-accessories,45,DISCOVERED,2026-07-31T23:49:35+00:00
sub-009a7a2a25f104b67637ca8c,chrysler300-c-57-gas,cat-c78454fe880f69f91bb6dade,SUBCATEGORY,Security,security,accessories-audio-video-and-electronics-accessories--security,https://www.moparamerica.com/v-2017-chrysler-300--c--5-7l-v8-gas/accessories-audio-video-and-electronics-accessories--security,45,DISCOVERED,2026-07-31T23:49:35+00:00
sub-6d04cf615aa78051dddf2a4f,chrysler300-c-57-gas,cat-0477265cb939be8ce7d50165,SUBCATEGORY,Aperture Panel and Pillar Supports,aperture panel and pillar supports,body-sheet-metal-except-doors--aperture-panel-and-pillar-supports,https://www.moparamerica.com/v-2017-chrysler-300--c--5-7l-v8-gas/body-sheet-metal-except-doors--aperture-panel-and-pillar-supports,46,DISCOVERED,2026-07-31T23:49:35+00:00
sub-e4be840e1f6a9aefd729158d,chrysler300-c-57-gas,cat-0477265cb939be8ce7d50165,SUBCATEGORY,Cowl and Dash Panel,cowl and dash panel,body-sheet-metal-except-doors--cowl-and-dash-panel,https://www.moparamerica.com/v-2017-chrysler-300--c--5-7l-v8-gas/body-sheet-metal-except-doors--cowl-and-dash-panel,47,DISCOVERED,2026-07-31T23:49:35+00:00
sub-60e95904eedea3657c70b08d,chrysler300-c-57-gas,cat-0477265cb939be8ce7d50165,SUBCATEGORY,Deck Lid,deck lid,body-sheet-metal-except-doors--deck-lid,https://www.moparamerica.com/v-2017-chrysler-300--c--5-7l-v8-gas/body-sheet-metal-except-doors--deck-lid,48,DISCOVERED,2026-07-31T23:49:35+00:00
sub-6d958eb5e6a040e418236eac,chrysler300-c-57-gas,cat-0477265cb939be8ce7d50165,SUBCATEGORY,Fenders,fenders,body-sheet-metal-except-doors--fenders,https://www.moparamerica.com/v-2017-chrysler-300--c--5-7l-v8-gas/body-sheet-metal-except-doors--fenders,49,DISCOVERED,2026-07-31T23:49:35+00:00
sub-621c39ca08b212a256af2208,chrysler300-c-57-gas,cat-0477265cb939be8ce7d50165,SUBCATEGORY,Floor Pans,floor pans,body-sheet-metal-except-doors--floor-pans,https://www.moparamerica.com/v-2017-chrysler-300--c--5-7l-v8-gas/body-sheet-metal-except-doors--floor-pans,50,DISCOVERED,2026-07-31T23:49:35+00:00
sub-bdfce1b23871857f0baefc33,chrysler300-c-57-gas,cat-0477265cb939be8ce7d50165,SUBCATEGORY,Hood and Hood Release,hood and hood release,body-sheet-metal-except-doors--hood-and-hood-release,https://www.moparamerica.com/v-2017-chrysler-300--c--5-7l-v8-gas/body-sheet-metal-except-doors--hood-and-hood-release,51,DISCOVERED,2026-07-31T23:49:35+00:00
sub-d57b6db25b1836797ded60a9,chrysler300-c-57-gas,cat-0477265cb939be8ce7d50165,SUBCATEGORY,Pick-up Box and Fuel Filler Door,pick-up box and fuel filler door,body-sheet-metal-except-doors--pick-up-box-and-fuel-filler-door,https://www.moparamerica.com/v-2017-chrysler-300--c--5-7l-v8-gas/body-sheet-metal-except-doors--pick-up-box-and-fuel-filler-door,52,DISCOVERED,2026-07-31T23:49:35+00:00
sub-c033a1ae9b9629521866bdeb,chrysler300-c-57-gas,cat-0477265cb939be8ce7d50165,SUBCATEGORY,Plugs,plugs,body-sheet-metal-except-doors--plugs,https://www.moparamerica.com/v-2017-chrysler-300--c--5-7l-v8-gas/body-sheet-metal-except-doors--plugs,53,DISCOVERED,2026-07-31T23:49:35+00:00
sub-3efbeaef51e2d9288dfa3334,chrysler300-c-57-gas,cat-0477265cb939be8ce7d50165,SUBCATEGORY,Roof,roof,body-sheet-metal-except-doors--roof,https://www.moparamerica.com/v-2017-chrysler-300--c--5-7l-v8-gas/body-sheet-metal-except-doors--roof,54,DISCOVERED,2026-07-31T23:49:35+00:00
sub-c6cc6a8e0d48bb827ee66078,chrysler300-c-57-gas,cat-0477265cb939be8ce7d50165,SUBCATEGORY,Shelf Panel,shelf panel,body-sheet-metal-except-doors--shelf-panel,https://www.moparamerica.com/v-2017-chrysler-300--c--5-7l-v8-gas/body-sheet-metal-except-doors--shelf-panel,55,DISCOVERED,2026-07-31T23:49:35+00:00
cat-0477265cb939be8ce7d50165,chrysler300-c-57-gas,,CATEGORY,Body Sheet Metal Except Doors,body sheet metal except doors,body-sheet-metal-except-doors,https://www.moparamerica.com/v-2017-chrysler-300--c--5-7l-v8-gas/body-sheet-metal-except-doors,56,DISCOVERED,2026-07-31T23:49:35+00:00
sub-6780eb4758fa58bad8f982d3,chrysler300-c-57-gas,cat-0477265cb939be8ce7d50165,SUBCATEGORY,Sunroof,sunroof,body-sheet-metal-except-doors--sunroof,https://www.moparamerica.com/v-2017-chrysler-300--c--5-7l-v8-gas/body-sheet-metal-except-doors--sunroof,56,DISCOVERED,2026-07-31T23:49:35+00:00
sub-2f7171a00932f51b4c3c5f89,chrysler300-c-57-gas,cat-19ec3f2e92d0b5eaa1804ce9,SUBCATEGORY,Brake Master Cylinder,brake master cylinder,brakes--brake-master-cylinder,https://www.moparamerica.com/v-2017-chrysler-300--c--5-7l-v8-gas/brakes--brake-master-cylinder,57,DISCOVERED,2026-07-31T23:49:35+00:00
sub-4916030db090dd8899afe352,chrysler300-c-57-gas,cat-19ec3f2e92d0b5eaa1804ce9,SUBCATEGORY,Brake Pedals,brake pedals,brakes--brake-pedals,https://www.moparamerica.com/v-2017-chrysler-300--c--5-7l-v8-gas/brakes--brake-pedals,58,DISCOVERED,2026-07-31T23:49:35+00:00
sub-b9eec2bc4b9daa17ce8841b9,chrysler300-c-57-gas,cat-19ec3f2e92d0b5eaa1804ce9,SUBCATEGORY,Front Brakes,front brakes,brakes--front-brakes,https://www.moparamerica.com/v-2017-chrysler-300--c--5-7l-v8-gas/brakes--front-brakes,59,DISCOVERED,2026-07-31T23:49:35+00:00
sub-31d5ea18f8ac4690639a9866,chrysler300-c-57-gas,cat-19ec3f2e92d0b5eaa1804ce9,SUBCATEGORY,"Hydraulic Control Unit, Brake Tubes and Hoses","hydraulic control unit, brake tubes and hoses",brakes--hydraulic-control-unit-brake-tubes-and-hoses,https://www.moparamerica.com/v-2017-chrysler-300--c--5-7l-v8-gas/brakes--hydraulic-control-unit-brake-tubes-and-hoses,60,DISCOVERED,2026-07-31T23:49:35+00:00
sub-7d91a99d76bf9a227abe68a6,chrysler300-c-57-gas,cat-19ec3f2e92d0b5eaa1804ce9,SUBCATEGORY,"Parking Brake Lever, Cables, and Rear Disc Park Brake Assembly","parking brake lever, cables, and rear disc park brake assembly",brakes--parking-brake-lever-cables-and-rear-disc-park-brake-assembly,https://www.moparamerica.com/v-2017-chrysler-300--c--5-7l-v8-gas/brakes--parking-brake-lever-cables-and-rear-disc-park-brake-assembly,61,DISCOVERED,2026-07-31T23:49:35+00:00
sub-940b62d06f9b77c50dc66085,chrysler300-c-57-gas,cat-19ec3f2e92d0b5eaa1804ce9,SUBCATEGORY,Power Brake Booster,power brake booster,brakes--power-brake-booster,https://www.moparamerica.com/v-2017-chrysler-300--c--5-7l-v8-gas/brakes--power-brake-booster,62,DISCOVERED,2026-07-31T23:49:35+00:00
cat-19ec3f2e92d0b5eaa1804ce9,chrysler300-c-57-gas,,CATEGORY,Brakes,brakes,brakes,https://www.moparamerica.com/v-2017-chrysler-300--c--5-7l-v8-gas/brakes,63,DISCOVERED,2026-07-31T23:49:35+00:00
sub-a0a1694d70cad801dff86171,chrysler300-c-57-gas,cat-19ec3f2e92d0b5eaa1804ce9,SUBCATEGORY,Rear Brakes,rear brakes,brakes--rear-brakes,https://www.moparamerica.com/v-2017-chrysler-300--c--5-7l-v8-gas/brakes--rear-brakes,63,DISCOVERED,2026-07-31T23:49:35+00:00
sub-879a3ca69b0c5e8b8d1c3f92,chrysler300-c-57-gas,cat-0e07e04e6e639da3c39b8a34,SUBCATEGORY,Drive Belts,drive belts,cooling--drive-belts,https://www.moparamerica.com/v-2017-chrysler-300--c--5-7l-v8-gas/cooling--drive-belts,64,DISCOVERED,2026-07-31T23:49:35+00:00
sub-57e5d87419557fed5de1fb84,chrysler300-c-57-gas,cat-0e07e04e6e639da3c39b8a34,SUBCATEGORY,Engine Coolant Reservoir (Bottle),engine coolant reservoir (bottle),cooling--engine-coolant-reservoir-bottle,https://www.moparamerica.com/v-2017-chrysler-300--c--5-7l-v8-gas/cooling--engine-coolant-reservoir-bottle,65,DISCOVERED,2026-07-31T23:49:35+00:00
sub-54a84e6451b83bc1fb7d61a2,chrysler300-c-57-gas,cat-0e07e04e6e639da3c39b8a34,SUBCATEGORY,Pulleys and Related Parts,pulleys and related parts,cooling--pulleys-and-related-parts,https://www.moparamerica.com/v-2017-chrysler-300--c--5-7l-v8-gas/cooling--pulleys-and-related-parts,66,DISCOVERED,2026-07-31T23:49:35+00:00
sub-cc546dff8b65ecf5c93242e9,chrysler300-c-57-gas,cat-0e07e04e6e639da3c39b8a34,SUBCATEGORY,Radiator and Related Parts; Charge Air Cooler,radiator and related parts; charge air cooler,cooling--radiator-and-related-parts-charge-air-cooler,https://www.moparamerica.com/v-2017-chrysler-300--c--5-7l-v8-gas/cooling--radiator-and-related-parts-charge-air-cooler,67,DISCOVERED,2026-07-31T23:49:35+00:00
sub-369ff9218061dce23ccd2ef5,chrysler300-c-57-gas,cat-0e07e04e6e639da3c39b8a34,SUBCATEGORY,"Transmission Oil Cooler, and Lines","transmission oil cooler, and lines",cooling--transmission-oil-cooler-and-lines,https://www.moparamerica.com/v-2017-chrysler-300--c--5-7l-v8-gas/cooling--transmission-oil-cooler-and-lines,68,DISCOVERED,2026-07-31T23:49:35+00:00
cat-0e07e04e6e639da3c39b8a34,chrysler300-c-57-gas,,CATEGORY,Cooling,cooling,cooling,https://www.moparamerica.com/v-2017-chrysler-300--c--5-7l-v8-gas/cooling,69,DISCOVERED,2026-07-31T23:49:35+00:00
sub-048032d1a8ca3cb3ff4d9541,chrysler300-c-57-gas,cat-0e07e04e6e639da3c39b8a34,SUBCATEGORY,Water Pump and Related Parts,water pump and related parts,cooling--water-pump-and-related-parts,https://www.moparamerica.com/v-2017-chrysler-300--c--5-7l-v8-gas/cooling--water-pump-and-related-parts,69,DISCOVERED,2026-07-31T23:49:35+00:00
sub-117785912ed23c731085caa8,chrysler300-c-57-gas,cat-6e6e1f9648096f5664a50984,SUBCATEGORY,Exterior Mirror,exterior mirror,doors-door-mirrors-and-related-parts--exterior-mirror,https://www.moparamerica.com/v-2017-chrysler-300--c--5-7l-v8-gas/doors-door-mirrors-and-related-parts--exterior-mirror,70,DISCOVERED,2026-07-31T23:49:35+00:00
sub-3e51590cb96fae2a6c9d1855,chrysler300-c-57-gas,cat-6e6e1f9648096f5664a50984,SUBCATEGORY,Front Door,front door,doors-door-mirrors-and-related-parts--front-door,https://www.moparamerica.com/v-2017-chrysler-300--c--5-7l-v8-gas/doors-door-mirrors-and-related-parts--front-door,71,DISCOVERED,2026-07-31T23:49:35+00:00
sub-1ac644a228b43e89b649d394,chrysler300-c-57-gas,cat-6e6e1f9648096f5664a50984,SUBCATEGORY,Rear Door,rear door,doors-door-mirrors-and-related-parts--rear-door,https://www.moparamerica.com/v-2017-chrysler-300--c--5-7l-v8-gas/doors-door-mirrors-and-related-parts--rear-door,72,DISCOVERED,2026-07-31T23:49:35+00:00
cat-6e6e1f9648096f5664a50984,chrysler300-c-57-gas,,CATEGORY,Doors Door Mirrors And Related Parts,doors door mirrors and related parts,doors-door-mirrors-and-related-parts,https://www.moparamerica.com/v-2017-chrysler-300--c--5-7l-v8-gas/doors-door-mirrors-and-related-parts,73,DISCOVERED,2026-07-31T23:49:35+00:00
sub-5484a2d2063ea9d39d9e5b4c,chrysler300-c-57-gas,cat-6e6e1f9648096f5664a50984,SUBCATEGORY,Weatherstrips and Seals,weatherstrips and seals,doors-door-mirrors-and-related-parts--weatherstrips-and-seals,https://www.moparamerica.com/v-2017-chrysler-300--c--5-7l-v8-gas/doors-door-mirrors-and-related-parts--weatherstrips-and-seals,73,DISCOVERED,2026-07-31T23:49:35+00:00
sub-3b0f091f5c409aee58937446,chrysler300-c-57-gas,cat-505f6d3d321ce23c45263ba3,SUBCATEGORY,"Battery, Battery Tray and Cables","battery, battery tray and cables",electrical--battery-battery-tray-and-cables,https://www.moparamerica.com/v-2017-chrysler-300--c--5-7l-v8-gas/electrical--battery-battery-tray-and-cables,74,DISCOVERED,2026-07-31T23:49:35+00:00
sub-fe9994be06001a839926f32c,chrysler300-c-57-gas,cat-505f6d3d321ce23c45263ba3,SUBCATEGORY,Generators Alternators,generators alternators,electrical--generators-alternators,https://www.moparamerica.com/v-2017-chrysler-300--c--5-7l-v8-gas/electrical--generators-alternators,75,DISCOVERED,2026-07-31T23:49:35+00:00
sub-a55c6ec2e559f13a273e28cf,chrysler300-c-57-gas,cat-505f6d3d321ce23c45263ba3,SUBCATEGORY,Horns,horns,electrical--horns,https://www.moparamerica.com/v-2017-chrysler-300--c--5-7l-v8-gas/electrical--horns,76,DISCOVERED,2026-07-31T23:49:35+00:00
sub-d40f242384ceb8f4443a5671,chrysler300-c-57-gas,cat-505f6d3d321ce23c45263ba3,SUBCATEGORY,"Ignition - Spark Plugs, Cables, Coils, and Glow Plugs","ignition - spark plugs, cables, coils, and glow plugs",electrical--ignition-spark-plugs-cables-coils-and-glow-plugs,https://www.moparamerica.com/v-2017-chrysler-300--c--5-7l-v8-gas/electrical--ignition-spark-plugs-cables-coils-and-glow-plugs,77,DISCOVERED,2026-07-31T23:49:35+00:00
sub-3bc2b35d3bb1b87bd5086046,chrysler300-c-57-gas,cat-505f6d3d321ce23c45263ba3,SUBCATEGORY,Instrument Panel Cluster,instrument panel cluster,electrical--instrument-panel-cluster,https://www.moparamerica.com/v-2017-chrysler-300--c--5-7l-v8-gas/electrical--instrument-panel-cluster,78,DISCOVERED,2026-07-31T23:49:35+00:00
sub-8ea01e71f4f8df7891a2d795,chrysler300-c-57-gas,cat-505f6d3d321ce23c45263ba3,SUBCATEGORY,"Keys, Modules and Engine Controllers","keys, modules and engine controllers",electrical--keys-modules-and-engine-controllers,https://www.moparamerica.com/v-2017-chrysler-300--c--5-7l-v8-gas/electrical--keys-modules-and-engine-controllers,79,DISCOVERED,2026-07-31T23:49:35+00:00
sub-195177194c98aeba53b771c0,chrysler300-c-57-gas,cat-505f6d3d321ce23c45263ba3,SUBCATEGORY,Lamps-Interior and Exterior,lamps-interior and exterior,electrical--lamps-interior-and-exterior,https://www.moparamerica.com/v-2017-chrysler-300--c--5-7l-v8-gas/electrical--lamps-interior-and-exterior,80,DISCOVERED,2026-07-31T23:49:35+00:00
sub-f96c8ced59ed9b417e93bbbe,chrysler300-c-57-gas,cat-505f6d3d321ce23c45263ba3,SUBCATEGORY,Park Assist,park assist,electrical--park-assist,https://www.moparamerica.com/v-2017-chrysler-300--c--5-7l-v8-gas/electrical--park-assist,81,DISCOVERED,2026-07-31T23:49:35+00:00
sub-36a2305f7e04c026dbc3a8a9,chrysler300-c-57-gas,cat-505f6d3d321ce23c45263ba3,SUBCATEGORY,"Power Distribution Center, Fuse Block, Junction Block, Relays and Fuses","power distribution center, fuse block, junction block, relays and fuses",electrical--power-distribution-center-fuse-block-junction-block-relays-and-fuses,https://www.moparamerica.com/v-2017-chrysler-300--c--5-7l-v8-gas/electrical--power-distribution-center-fuse-block-junction-block-relays-and-fuses,82,DISCOVERED,2026-07-31T23:49:35+00:00
sub-d2a9254d6da1dfde2a674d4e,chrysler300-c-57-gas,cat-505f6d3d321ce23c45263ba3,SUBCATEGORY,"Radio, Antenna, Speakers, DVD, and Video systems","radio, antenna, speakers, dvd, and video systems",electrical--radio-antenna-speakers-dvd-and-video-systems,https://www.moparamerica.com/v-2017-chrysler-300--c--5-7l-v8-gas/electrical--radio-antenna-speakers-dvd-and-video-systems,83,DISCOVERED,2026-07-31T23:49:35+00:00
sub-15ec961de4c393c0b23cc7aa,chrysler300-c-57-gas,cat-505f6d3d321ce23c45263ba3,SUBCATEGORY,Sensors,sensors,electrical--sensors,https://www.moparamerica.com/v-2017-chrysler-300--c--5-7l-v8-gas/electrical--sensors,84,DISCOVERED,2026-07-31T23:49:35+00:00
sub-10a97e78b4337e79d07b0ed3,chrysler300-c-57-gas,cat-505f6d3d321ce23c45263ba3,SUBCATEGORY,Speed Control,speed control,electrical--speed-control,https://www.moparamerica.com/v-2017-chrysler-300--c--5-7l-v8-gas/electrical--speed-control,85,DISCOVERED,2026-07-31T23:49:35+00:00
sub-ea0790ccb7847cd3fae69bdc,chrysler300-c-57-gas,cat-505f6d3d321ce23c45263ba3,SUBCATEGORY,Starters,starters,electrical--starters,https://www.moparamerica.com/v-2017-chrysler-300--c--5-7l-v8-gas/electrical--starters,86,DISCOVERED,2026-07-31T23:49:35+00:00
sub-b8b7a8de71856b270a7a6eb1,chrysler300-c-57-gas,cat-505f6d3d321ce23c45263ba3,SUBCATEGORY,Switches,switches,electrical--switches,https://www.moparamerica.com/v-2017-chrysler-300--c--5-7l-v8-gas/electrical--switches,87,DISCOVERED,2026-07-31T23:49:35+00:00
sub-ea3c265c033c5be22dab4c79,chrysler300-c-57-gas,cat-505f6d3d321ce23c45263ba3,SUBCATEGORY,Wiper and Washer System,wiper and washer system,electrical--wiper-and-washer-system,https://www.moparamerica.com/v-2017-chrysler-300--c--5-7l-v8-gas/electrical--wiper-and-washer-system,88,DISCOVERED,2026-07-31T23:49:35+00:00
sub-f1e96bcba44795a645ea5736,chrysler300-c-57-gas,cat-505f6d3d321ce23c45263ba3,SUBCATEGORY,Wiring-Body and Accessories,wiring-body and accessories,electrical--wiring-body-and-accessories,https://www.moparamerica.com/v-2017-chrysler-300--c--5-7l-v8-gas/electrical--wiring-body-and-accessories,89,DISCOVERED,2026-07-31T23:49:35+00:00
sub-a4af7421035d202d5c621cb6,chrysler300-c-57-gas,cat-505f6d3d321ce23c45263ba3,SUBCATEGORY,Wiring-Headlamp to Dash,wiring-headlamp to dash,electrical--wiring-headlamp-to-dash,https://www.moparamerica.com/v-2017-chrysler-300--c--5-7l-v8-gas/electrical--wiring-headlamp-to-dash,90,DISCOVERED,2026-07-31T23:49:35+00:00
sub-38aaad243ebd8646b997e276,chrysler300-c-57-gas,cat-505f6d3d321ce23c45263ba3,SUBCATEGORY,Wiring-Instrument Panel,wiring-instrument panel,electrical--wiring-instrument-panel,https://www.moparamerica.com/v-2017-chrysler-300--c--5-7l-v8-gas/electrical--wiring-instrument-panel,91,DISCOVERED,2026-07-31T23:49:35+00:00
cat-505f6d3d321ce23c45263ba3,chrysler300-c-57-gas,,CATEGORY,Electrical,electrical,electrical,https://www.moparamerica.com/v-2017-chrysler-300--c--5-7l-v8-gas/electrical,92,DISCOVERED,2026-07-31T23:49:35+00:00
sub-5ad19c91f75a93a96ab478ec,chrysler300-c-57-gas,cat-505f6d3d321ce23c45263ba3,SUBCATEGORY,Wiring-Powertrain,wiring-powertrain,electrical--wiring-powertrain,https://www.moparamerica.com/v-2017-chrysler-300--c--5-7l-v8-gas/electrical--wiring-powertrain,92,DISCOVERED,2026-07-31T23:49:35+00:00
sub-72a3f1aa611acecbdc57bcdc,chrysler300-c-57-gas,cat-543fdf4e8428dfe9344f488f,SUBCATEGORY,Emission Harness,emission harness,emission-controls--emission-harness,https://www.moparamerica.com/v-2017-chrysler-300--c--5-7l-v8-gas/emission-controls--emission-harness,93,DISCOVERED,2026-07-31T23:49:35+00:00
cat-543fdf4e8428dfe9344f488f,chrysler300-c-57-gas,,CATEGORY,Emission Controls,emission controls,emission-controls,https://www.moparamerica.com/v-2017-chrysler-300--c--5-7l-v8-gas/emission-controls,94,DISCOVERED,2026-07-31T23:49:35+00:00
sub-2d839e9b499373e163d45b5c,chrysler300-c-57-gas,cat-543fdf4e8428dfe9344f488f,SUBCATEGORY,Vacuum Canister Leak Detection Pump,vacuum canister leak detection pump,emission-controls--vacuum-canister-leak-detection-pump,https://www.moparamerica.com/v-2017-chrysler-300--c--5-7l-v8-gas/emission-controls--vacuum-canister-leak-detection-pump,94,DISCOVERED,2026-07-31T23:49:35+00:00
cat-18d44be6fef8a5c49f867ea9,chrysler300-c-57-gas,,CATEGORY,Exhaust,exhaust,exhaust,https://www.moparamerica.com/v-2017-chrysler-300--c--5-7l-v8-gas/exhaust,95,DISCOVERED,2026-07-31T23:49:35+00:00
sub-b42d1c759e0b2b4826fb013f,chrysler300-c-57-gas,cat-18d44be6fef8a5c49f867ea9,SUBCATEGORY,Exhaust System,exhaust system,exhaust--exhaust-system,https://www.moparamerica.com/v-2017-chrysler-300--c--5-7l-v8-gas/exhaust--exhaust-system,95,DISCOVERED,2026-07-31T23:49:35+00:00
sub-2cb4b991e2e696063725b889,chrysler300-c-57-gas,cat-32c3bec8a094013109fa9833,SUBCATEGORY,Air Deflectors,air deflectors,accessories-exterior-accessories--air-deflectors,https://www.moparamerica.com/v-2017-chrysler-300--c--5-7l-v8-gas/accessories-exterior-accessories--air-deflectors,96,DISCOVERED,2026-07-31T23:49:35+00:00
sub-7dfaaf81d3e8c3925191fc7e,chrysler300-c-57-gas,cat-32c3bec8a094013109fa9833,SUBCATEGORY,Exterior Appearance,exterior appearance,accessories-exterior-accessories--exterior-appearance,https://www.moparamerica.com/v-2017-chrysler-300--c--5-7l-v8-gas/accessories-exterior-accessories--exterior-appearance,97,DISCOVERED,2026-07-31T23:49:35+00:00
sub-7c53be743902b7e9992d9f67,chrysler300-c-57-gas,cat-32c3bec8a094013109fa9833,SUBCATEGORY,License Plate,license plate,accessories-exterior-accessories--license-plate,https://www.moparamerica.com/v-2017-chrysler-300--c--5-7l-v8-gas/accessories-exterior-accessories--license-plate,98,DISCOVERED,2026-07-31T23:49:35+00:00
sub-bbed22556e4031905738a167,chrysler300-c-57-gas,cat-32c3bec8a094013109fa9833,SUBCATEGORY,Locks,locks,accessories-exterior-accessories--locks,https://www.moparamerica.com/v-2017-chrysler-300--c--5-7l-v8-gas/accessories-exterior-accessories--locks,99,DISCOVERED,2026-07-31T23:49:35+00:00
sub-d79cb24148432992740282ea,chrysler300-c-57-gas,cat-32c3bec8a094013109fa9833,SUBCATEGORY,Protective Guards,protective guards,accessories-exterior-accessories--protective-guards,https://www.moparamerica.com/v-2017-chrysler-300--c--5-7l-v8-gas/accessories-exterior-accessories--protective-guards,100,DISCOVERED,2026-07-31T23:49:35+00:00
sub-c0387bbbaf8823c0813da77a,chrysler300-c-57-gas,cat-32c3bec8a094013109fa9833,SUBCATEGORY,Splash Guards,splash guards,accessories-exterior-accessories--splash-guards,https://www.moparamerica.com/v-2017-chrysler-300--c--5-7l-v8-gas/accessories-exterior-accessories--splash-guards,101,DISCOVERED,2026-07-31T23:49:35+00:00
cat-32c3bec8a094013109fa9833,chrysler300-c-57-gas,,CATEGORY,Accessories Exterior Accessories,accessories exterior accessories,accessories-exterior-accessories,https://www.moparamerica.com/v-2017-chrysler-300--c--5-7l-v8-gas/accessories-exterior-accessories,102,DISCOVERED,2026-07-31T23:49:35+00:00
sub-60990a3be1d6d1bb106f821f,chrysler300-c-57-gas,cat-32c3bec8a094013109fa9833,SUBCATEGORY,Wheels,wheels,accessories-exterior-accessories--wheels,https://www.moparamerica.com/v-2017-chrysler-300--c--5-7l-v8-gas/accessories-exterior-accessories--wheels,102,DISCOVERED,2026-07-31T23:49:35+00:00
sub-7f7a48c56437aec63dded0dd,chrysler300-c-57-gas,cat-52801c0e2aa358018f4ccd86,SUBCATEGORY,Grilles,grilles,exterior-ornamentation--grilles,https://www.moparamerica.com/v-2017-chrysler-300--c--5-7l-v8-gas/exterior-ornamentation--grilles,103,DISCOVERED,2026-07-31T23:49:35+00:00
sub-9d8f2d3971fb4fc940a6b2a8,chrysler300-c-57-gas,cat-52801c0e2aa358018f4ccd86,SUBCATEGORY,Moldings and Ornamentation,moldings and ornamentation,exterior-ornamentation--moldings-and-ornamentation,https://www.moparamerica.com/v-2017-chrysler-300--c--5-7l-v8-gas/exterior-ornamentation--moldings-and-ornamentation,104,DISCOVERED,2026-07-31T23:49:35+00:00
cat-52801c0e2aa358018f4ccd86,chrysler300-c-57-gas,,CATEGORY,Exterior Ornamentation,exterior ornamentation,exterior-ornamentation,https://www.moparamerica.com/v-2017-chrysler-300--c--5-7l-v8-gas/exterior-ornamentation,105,DISCOVERED,2026-07-31T23:49:35+00:00
sub-9e205d17efac5036f1d73fa1,chrysler300-c-57-gas,cat-52801c0e2aa358018f4ccd86,SUBCATEGORY,Nameplates,nameplates,exterior-ornamentation--nameplates,https://www.moparamerica.com/v-2017-chrysler-300--c--5-7l-v8-gas/exterior-ornamentation--nameplates,105,DISCOVERED,2026-07-31T23:49:35+00:00
sub-b1be3a32a5be0523afac0d28,chrysler300-c-57-gas,cat-19e8e5a9d176a41ab1a14476,SUBCATEGORY,Frames,frames,frame-bumper-and-fascia--frames,https://www.moparamerica.com/v-2017-chrysler-300--c--5-7l-v8-gas/frame-bumper-and-fascia--frames,106,DISCOVERED,2026-07-31T23:49:35+00:00
sub-59da518b63b5b40ad57db4e4,chrysler300-c-57-gas,cat-19e8e5a9d176a41ab1a14476,SUBCATEGORY,Front Bumper and Fascia,front bumper and fascia,frame-bumper-and-fascia--front-bumper-and-fascia,https://www.moparamerica.com/v-2017-chrysler-300--c--5-7l-v8-gas/frame-bumper-and-fascia--front-bumper-and-fascia,107,DISCOVERED,2026-07-31T23:49:35+00:00
cat-19e8e5a9d176a41ab1a14476,chrysler300-c-57-gas,,CATEGORY,Frame Bumper And Fascia,frame bumper and fascia,frame-bumper-and-fascia,https://www.moparamerica.com/v-2017-chrysler-300--c--5-7l-v8-gas/frame-bumper-and-fascia,108,DISCOVERED,2026-07-31T23:49:35+00:00
sub-deee3c213b099ea1d23b1716,chrysler300-c-57-gas,cat-19e8e5a9d176a41ab1a14476,SUBCATEGORY,Rear Bumper and Fascia,rear bumper and fascia,frame-bumper-and-fascia--rear-bumper-and-fascia,https://www.moparamerica.com/v-2017-chrysler-300--c--5-7l-v8-gas/frame-bumper-and-fascia--rear-bumper-and-fascia,108,DISCOVERED,2026-07-31T23:49:35+00:00
sub-71f008a2008d02cbe18f942a,chrysler300-c-57-gas,cat-090b670e7b3a8359534af6a6,SUBCATEGORY,Front Stabilizer Bar,front stabilizer bar,front-suspension--front-stabilizer-bar,https://www.moparamerica.com/v-2017-chrysler-300--c--5-7l-v8-gas/front-suspension--front-stabilizer-bar,109,DISCOVERED,2026-07-31T23:49:35+00:00
cat-090b670e7b3a8359534af6a6,chrysler300-c-57-gas,,CATEGORY,Front Suspension,front suspension,front-suspension,https://www.moparamerica.com/v-2017-chrysler-300--c--5-7l-v8-gas/front-suspension,110,DISCOVERED,2026-07-31T23:49:35+00:00
sub-b012fdcaa97a99b0ba6021fd,chrysler300-c-57-gas,cat-090b670e7b3a8359534af6a6,SUBCATEGORY,"Front Suspension, Strut and Cradle","front suspension, strut and cradle",front-suspension--front-suspension-strut-and-cradle,https://www.moparamerica.com/v-2017-chrysler-300--c--5-7l-v8-gas/front-suspension--front-suspension-strut-and-cradle,110,DISCOVERED,2026-07-31T23:49:35+00:00
sub-d9a43e91bd3b4c28fdc97c3e,chrysler300-c-57-gas,cat-d06b51b8e08a4b0d3cce5ec8,SUBCATEGORY,Accelerator Pedal,accelerator pedal,fuel--accelerator-pedal,https://www.moparamerica.com/v-2017-chrysler-300--c--5-7l-v8-gas/fuel--accelerator-pedal,111,DISCOVERED,2026-07-31T23:49:35+00:00
sub-3e514a3490831f66b3cf9872,chrysler300-c-57-gas,cat-d06b51b8e08a4b0d3cce5ec8,SUBCATEGORY,Air Cleaner,air cleaner,fuel--air-cleaner,https://www.moparamerica.com/v-2017-chrysler-300--c--5-7l-v8-gas/fuel--air-cleaner,112,DISCOVERED,2026-07-31T23:49:35+00:00
sub-c6211ab55b319e24d96aa023,chrysler300-c-57-gas,cat-d06b51b8e08a4b0d3cce5ec8,SUBCATEGORY,Fuel Lines,fuel lines,fuel--fuel-lines,https://www.moparamerica.com/v-2017-chrysler-300--c--5-7l-v8-gas/fuel--fuel-lines,113,DISCOVERED,2026-07-31T23:49:35+00:00
sub-fc5444fa4b360e3b916aa04e,chrysler300-c-57-gas,cat-d06b51b8e08a4b0d3cce5ec8,SUBCATEGORY,Fuel Pump and Sending Unit,fuel pump and sending unit,fuel--fuel-pump-and-sending-unit,https://www.moparamerica.com/v-2017-chrysler-300--c--5-7l-v8-gas/fuel--fuel-pump-and-sending-unit,114,DISCOVERED,2026-07-31T23:49:35+00:00
sub-c6ccc86ffa9dfcacb666e92d,chrysler300-c-57-gas,cat-d06b51b8e08a4b0d3cce5ec8,SUBCATEGORY,Fuel Rail and Injectors,fuel rail and injectors,fuel--fuel-rail-and-injectors,https://www.moparamerica.com/v-2017-chrysler-300--c--5-7l-v8-gas/fuel--fuel-rail-and-injectors,115,DISCOVERED,2026-07-31T23:49:35+00:00
sub-7be7bdf59ea4b234d94ac2f4,chrysler300-c-57-gas,cat-d06b51b8e08a4b0d3cce5ec8,SUBCATEGORY,Fuel Tank,fuel tank,fuel--fuel-tank,https://www.moparamerica.com/v-2017-chrysler-300--c--5-7l-v8-gas/fuel--fuel-tank,116,DISCOVERED,2026-07-31T23:49:35+00:00
sub-90fc639d0187ff38c8b6ea7f,chrysler300-c-57-gas,cat-d06b51b8e08a4b0d3cce5ec8,SUBCATEGORY,Fuel Tank Filler Tube,fuel tank filler tube,fuel--fuel-tank-filler-tube,https://www.moparamerica.com/v-2017-chrysler-300--c--5-7l-v8-gas/fuel--fuel-tank-filler-tube,117,DISCOVERED,2026-07-31T23:49:35+00:00
cat-d06b51b8e08a4b0d3cce5ec8,chrysler300-c-57-gas,,CATEGORY,Fuel,fuel,fuel,https://www.moparamerica.com/v-2017-chrysler-300--c--5-7l-v8-gas/fuel,118,DISCOVERED,2026-07-31T23:49:35+00:00
sub-c9563da85f0da779122830b2,chrysler300-c-57-gas,cat-d06b51b8e08a4b0d3cce5ec8,SUBCATEGORY,Throttle Body,throttle body,fuel--throttle-body,https://www.moparamerica.com/v-2017-chrysler-300--c--5-7l-v8-gas/fuel--throttle-body,118,DISCOVERED,2026-07-31T23:49:35+00:00
cat-a3e5e3b317b9c74271596a34,chrysler300-c-57-gas,,CATEGORY,Glass,glass,glass,https://www.moparamerica.com/v-2017-chrysler-300--c--5-7l-v8-gas/glass,119,DISCOVERED,2026-07-31T23:49:35+00:00
sub-fabe565800600740a7bdd104,chrysler300-c-57-gas,cat-a3e5e3b317b9c74271596a34,SUBCATEGORY,Glass and Interior Rear View Mirror,glass and interior rear view mirror,glass--glass-and-interior-rear-view-mirror,https://www.moparamerica.com/v-2017-chrysler-300--c--5-7l-v8-gas/glass--glass-and-interior-rear-view-mirror,119,DISCOVERED,2026-07-31T23:49:35+00:00
sub-d43a927317b448deccc0f033,chrysler300-c-57-gas,cat-4cfdda4932905bb831562d2b,SUBCATEGORY,Air Purification,air purification,accessories-interior-accessories--air-purification,https://www.moparamerica.com/v-2017-chrysler-300--c--5-7l-v8-gas/accessories-interior-accessories--air-purification,120,DISCOVERED,2026-07-31T23:49:35+00:00
sub-e2f651bf8598a2a3861a1237,chrysler300-c-57-gas,cat-4cfdda4932905bb831562d2b,SUBCATEGORY,Cargo Trays & Mats,cargo trays & mats,accessories-interior-accessories--cargo-trays-and-mats,https://www.moparamerica.com/v-2017-chrysler-300--c--5-7l-v8-gas/accessories-interior-accessories--cargo-trays-and-mats,121,DISCOVERED,2026-07-31T23:49:35+00:00
sub-c5fe72b8dc5a2876c2569dde,chrysler300-c-57-gas,cat-4cfdda4932905bb831562d2b,SUBCATEGORY,Floor Mats,floor mats,accessories-interior-accessories--floor-mats,https://www.moparamerica.com/v-2017-chrysler-300--c--5-7l-v8-gas/accessories-interior-accessories--floor-mats,122,DISCOVERED,2026-07-31T23:49:35+00:00
cat-4cfdda4932905bb831562d2b,chrysler300-c-57-gas,,CATEGORY,Accessories Interior Accessories,accessories interior accessories,accessories-interior-accessories,https://www.moparamerica.com/v-2017-chrysler-300--c--5-7l-v8-gas/accessories-interior-accessories,123,DISCOVERED,2026-07-31T23:49:35+00:00
sub-7e918fad4ede47ae7805fb31,chrysler300-c-57-gas,cat-4cfdda4932905bb831562d2b,SUBCATEGORY,Interior Appearance,interior appearance,accessories-interior-accessories--interior-appearance,https://www.moparamerica.com/v-2017-chrysler-300--c--5-7l-v8-gas/accessories-interior-accessories--interior-appearance,123,DISCOVERED,2026-07-31T23:49:35+00:00
sub-d0326595b39916bd3a3b5b95,chrysler300-c-57-gas,cat-9392a16ed36d188143483951,SUBCATEGORY,"Carpets, Floor Mats, Load Floor, and Silencers","carpets, floor mats, load floor, and silencers",interior-trim--carpets-floor-mats-load-floor-and-silencers,https://www.moparamerica.com/v-2017-chrysler-300--c--5-7l-v8-gas/interior-trim--carpets-floor-mats-load-floor-and-silencers,124,DISCOVERED,2026-07-31T23:49:35+00:00
sub-2257ca091fada50cfce53d33,chrysler300-c-57-gas,cat-9392a16ed36d188143483951,SUBCATEGORY,Consoles,consoles,interior-trim--consoles,https://www.moparamerica.com/v-2017-chrysler-300--c--5-7l-v8-gas/interior-trim--consoles,125,DISCOVERED,2026-07-31T23:49:35+00:00
sub-f5c7288cf107396396a97afa,chrysler300-c-57-gas,cat-9392a16ed36d188143483951,SUBCATEGORY,Door Trim Panels-Front and Rear,door trim panels-front and rear,interior-trim--door-trim-panels-front-and-rear,https://www.moparamerica.com/v-2017-chrysler-300--c--5-7l-v8-gas/interior-trim--door-trim-panels-front-and-rear,126,DISCOVERED,2026-07-31T23:49:35+00:00
sub-d0cc1d19627014dc10862b81,chrysler300-c-57-gas,cat-9392a16ed36d188143483951,SUBCATEGORY,"Front Seats - Adjusters, Recliners, Shields and Risers","front seats - adjusters, recliners, shields and risers",interior-trim--front-seats-adjusters-recliners-shields-and-risers,https://www.moparamerica.com/v-2017-chrysler-300--c--5-7l-v8-gas/interior-trim--front-seats-adjusters-recliners-shields-and-risers,127,DISCOVERED,2026-07-31T23:49:35+00:00
sub-475a51e19114bad670dc6853,chrysler300-c-57-gas,cat-9392a16ed36d188143483951,SUBCATEGORY,Front Seats - First Row,front seats - first row,interior-trim--front-seats-first-row,https://www.moparamerica.com/v-2017-chrysler-300--c--5-7l-v8-gas/interior-trim--front-seats-first-row,128,DISCOVERED,2026-07-31T23:49:35+00:00
sub-4243850415ae08710d36a463,chrysler300-c-57-gas,cat-9392a16ed36d188143483951,SUBCATEGORY,Headliners-Visors-Assist Straps,headliners-visors-assist straps,interior-trim--headliners-visors-assist-straps,https://www.moparamerica.com/v-2017-chrysler-300--c--5-7l-v8-gas/interior-trim--headliners-visors-assist-straps,129,DISCOVERED,2026-07-31T23:49:35+00:00
sub-8224b36d0845282ebc06ad30,chrysler300-c-57-gas,cat-9392a16ed36d188143483951,SUBCATEGORY,Instrument Panel,instrument panel,interior-trim--instrument-panel,https://www.moparamerica.com/v-2017-chrysler-300--c--5-7l-v8-gas/interior-trim--instrument-panel,130,DISCOVERED,2026-07-31T23:49:35+00:00
sub-d572a50d5edb4b337dc69e99,chrysler300-c-57-gas,cat-9392a16ed36d188143483951,SUBCATEGORY,Panels Moldings Scuff Plates Pillar Cowl 1 4 Panel Trim And Cargo Covers,panels moldings scuff plates pillar cowl 1 4 panel trim and cargo covers,interior-trim--panels-moldings-scuff-plates-pillar-cowl-1-4-panel-trim-and-cargo-covers,https://www.moparamerica.com/v-2017-chrysler-300--c--5-7l-v8-gas/interior-trim--panels-moldings-scuff-plates-pillar-cowl-1-4-panel-trim-and-cargo-covers,131,DISCOVERED,2026-07-31T23:49:35+00:00
sub-4f2e332bde895be91fb85d00,chrysler300-c-57-gas,cat-9392a16ed36d188143483951,SUBCATEGORY,Rear Seats - Second Row,rear seats - second row,interior-trim--rear-seats-second-row,https://www.moparamerica.com/v-2017-chrysler-300--c--5-7l-v8-gas/interior-trim--rear-seats-second-row,132,DISCOVERED,2026-07-31T23:49:35+00:00
cat-9392a16ed36d188143483951,chrysler300-c-57-gas,,CATEGORY,Interior Trim,interior trim,interior-trim,https://www.moparamerica.com/v-2017-chrysler-300--c--5-7l-v8-gas/interior-trim,133,DISCOVERED,2026-07-31T23:49:35+00:00
sub-fa6dd84221e5f9bb6928ec70,chrysler300-c-57-gas,cat-9392a16ed36d188143483951,SUBCATEGORY,"Rear Seats - Second Row - Adjusters, Recliners, Shields and Risers","rear seats - second row - adjusters, recliners, shields and risers",interior-trim--rear-seats-second-row-adjusters-recliners-shields-and-risers,https://www.moparamerica.com/v-2017-chrysler-300--c--5-7l-v8-gas/interior-trim--rear-seats-second-row-adjusters-recliners-shields-and-risers,133,DISCOVERED,2026-07-31T23:49:35+00:00
sub-63b27a1044aed8a3035bc58c,chrysler300-c-57-gas,cat-fabc6290ddd4b213a74ee818,SUBCATEGORY,Trunk,trunk,labels--trunk,https://www.moparamerica.com/v-2017-chrysler-300--c--5-7l-v8-gas/labels--trunk,134,DISCOVERED,2026-07-31T23:49:35+00:00
cat-fabc6290ddd4b213a74ee818,chrysler300-c-57-gas,,CATEGORY,Labels,labels,labels,https://www.moparamerica.com/v-2017-chrysler-300--c--5-7l-v8-gas/labels,135,DISCOVERED,2026-07-31T23:49:35+00:00
sub-eb5e69356d4125065504788f,chrysler300-c-57-gas,cat-fabc6290ddd4b213a74ee818,SUBCATEGORY,Under Hood,under hood,labels--under-hood,https://www.moparamerica.com/v-2017-chrysler-300--c--5-7l-v8-gas/labels--under-hood,135,DISCOVERED,2026-07-31T23:49:35+00:00
cat-faaf617565b298d7e1746ad1,chrysler300-c-57-gas,,CATEGORY,Accessories Lifestyle And Off Road Accessories,accessories lifestyle and off road accessories,accessories-lifestyle-and-off-road-accessories,https://www.moparamerica.com/v-2017-chrysler-300--c--5-7l-v8-gas/accessories-lifestyle-and-off-road-accessories,136,DISCOVERED,2026-07-31T23:49:35+00:00
sub-f034411945c9fd7f913327c3,chrysler300-c-57-gas,cat-faaf617565b298d7e1746ad1,SUBCATEGORY,Safety Kits,safety kits,accessories-lifestyle-and-off-road-accessories--safety-kits,https://www.moparamerica.com/v-2017-chrysler-300--c--5-7l-v8-gas/accessories-lifestyle-and-off-road-accessories--safety-kits,136,DISCOVERED,2026-07-31T23:49:35+00:00
cat-334406042a2d2ef4475f1eef,chrysler300-c-57-gas,,CATEGORY,Accessories Lighting And Electrical Accessories,accessories lighting and electrical accessories,accessories-lighting-and-electrical-accessories,https://www.moparamerica.com/v-2017-chrysler-300--c--5-7l-v8-gas/accessories-lighting-and-electrical-accessories,137,DISCOVERED,2026-07-31T23:49:35+00:00
sub-3537f921b71c4c089a7a7440,chrysler300-c-57-gas,cat-334406042a2d2ef4475f1eef,SUBCATEGORY,Charging Unit,charging unit,accessories-lighting-and-electrical-accessories--charging-unit,https://www.moparamerica.com/v-2017-chrysler-300--c--5-7l-v8-gas/accessories-lighting-and-electrical-accessories--charging-unit,137,DISCOVERED,2026-07-31T23:49:35+00:00
sub-53acfbd6790aef4f341a6308,chrysler300-c-57-gas,cat-ae4cb82e2fca13082fe6d7b3,SUBCATEGORY,Engine Parts,engine parts,accessories-modern-performance--engine-parts,https://www.moparamerica.com/v-2017-chrysler-300--c--5-7l-v8-gas/accessories-modern-performance--engine-parts,138,DISCOVERED,2026-07-31T23:49:35+00:00
sub-cf6a9e85b459d5ed6c3c7d88,chrysler300-c-57-gas,cat-ae4cb82e2fca13082fe6d7b3,SUBCATEGORY,Intake & Air,intake & air,accessories-modern-performance--intake-and-air,https://www.moparamerica.com/v-2017-chrysler-300--c--5-7l-v8-gas/accessories-modern-performance--intake-and-air,139,DISCOVERED,2026-07-31T23:49:35+00:00
cat-ae4cb82e2fca13082fe6d7b3,chrysler300-c-57-gas,,CATEGORY,Accessories Modern Performance,accessories modern performance,accessories-modern-performance,https://www.moparamerica.com/v-2017-chrysler-300--c--5-7l-v8-gas/accessories-modern-performance,140,DISCOVERED,2026-07-31T23:49:35+00:00
sub-444ff3f30dcb1eb276174abb,chrysler300-c-57-gas,cat-ae4cb82e2fca13082fe6d7b3,SUBCATEGORY,Suspension,suspension,accessories-modern-performance--suspension,https://www.moparamerica.com/v-2017-chrysler-300--c--5-7l-v8-gas/accessories-modern-performance--suspension,140,DISCOVERED,2026-07-31T23:49:35+00:00
sub-9e60d4707c1338d76f5dd888,chrysler300-c-57-gas,cat-e5d9cced61a14231216a705a,SUBCATEGORY,Audio and Electronics,audio and electronics,mopar-accessories-component-parts--audio-and-electronics,https://www.moparamerica.com/v-2017-chrysler-300--c--5-7l-v8-gas/mopar-accessories-component-parts--audio-and-electronics,141,DISCOVERED,2026-07-31T23:49:35+00:00
sub-a4cddf11791e9d33c0e66228,chrysler300-c-57-gas,cat-e5d9cced61a14231216a705a,SUBCATEGORY,Driver Convenience,driver convenience,mopar-accessories-component-parts--driver-convenience,https://www.moparamerica.com/v-2017-chrysler-300--c--5-7l-v8-gas/mopar-accessories-component-parts--driver-convenience,142,DISCOVERED,2026-07-31T23:49:35+00:00
sub-796d0317029343fac86ca7b4,chrysler300-c-57-gas,cat-e5d9cced61a14231216a705a,SUBCATEGORY,Exterior Appearance,exterior appearance,mopar-accessories-component-parts--exterior-appearance,https://www.moparamerica.com/v-2017-chrysler-300--c--5-7l-v8-gas/mopar-accessories-component-parts--exterior-appearance,143,DISCOVERED,2026-07-31T23:49:35+00:00
sub-b4952cfc65f6db8f90f8b157,chrysler300-c-57-gas,cat-e5d9cced61a14231216a705a,SUBCATEGORY,Fog Lights and Electrical,fog lights and electrical,mopar-accessories-component-parts--fog-lights-and-electrical,https://www.moparamerica.com/v-2017-chrysler-300--c--5-7l-v8-gas/mopar-accessories-component-parts--fog-lights-and-electrical,144,DISCOVERED,2026-07-31T23:49:35+00:00
sub-a35badc0f3b02a4d2ac05084,chrysler300-c-57-gas,cat-e5d9cced61a14231216a705a,SUBCATEGORY,Interior Protection,interior protection,mopar-accessories-component-parts--interior-protection,https://www.moparamerica.com/v-2017-chrysler-300--c--5-7l-v8-gas/mopar-accessories-component-parts--interior-protection,145,DISCOVERED,2026-07-31T23:49:35+00:00
cat-e5d9cced61a14231216a705a,chrysler300-c-57-gas,,CATEGORY,Mopar Accessories Component Parts,mopar accessories component parts,mopar-accessories-component-parts,https://www.moparamerica.com/v-2017-chrysler-300--c--5-7l-v8-gas/mopar-accessories-component-parts,146,DISCOVERED,2026-07-31T23:49:35+00:00
sub-be2ee5535b49d0120b552ad5,chrysler300-c-57-gas,cat-e5d9cced61a14231216a705a,SUBCATEGORY,Powertrain,powertrain,mopar-accessories-component-parts--powertrain,https://www.moparamerica.com/v-2017-chrysler-300--c--5-7l-v8-gas/mopar-accessories-component-parts--powertrain,146,DISCOVERED,2026-07-31T23:49:35+00:00
sub-f1e98ceaf7c76584e91ae843,chrysler300-c-57-gas,cat-8886dac4ed22ba112e08ca7e,SUBCATEGORY,Brakes,brakes,accessories-performance--brakes,https://www.moparamerica.com/v-2017-chrysler-300--c--5-7l-v8-gas/accessories-performance--brakes,147,DISCOVERED,2026-07-31T23:49:35+00:00
cat-8886dac4ed22ba112e08ca7e,chrysler300-c-57-gas,,CATEGORY,Accessories Performance,accessories performance,accessories-performance,https://www.moparamerica.com/v-2017-chrysler-300--c--5-7l-v8-gas/accessories-performance,148,DISCOVERED,2026-07-31T23:49:35+00:00
sub-def017e5e505e6602f563abd,chrysler300-c-57-gas,cat-8886dac4ed22ba112e08ca7e,SUBCATEGORY,Performance Packages,performance packages,accessories-performance--performance-packages,https://www.moparamerica.com/v-2017-chrysler-300--c--5-7l-v8-gas/accessories-performance--performance-packages,148,DISCOVERED,2026-07-31T23:49:35+00:00
cat-8478cd447d9de0bcd474a291,chrysler300-c-57-gas,,CATEGORY,Power Transfer Unit Transfer Case,power transfer unit transfer case,power-transfer-unit-transfer-case,https://www.moparamerica.com/v-2017-chrysler-300--c--5-7l-v8-gas/power-transfer-unit-transfer-case,149,DISCOVERED,2026-07-31T23:49:35+00:00
sub-123cfcf052e7632b280793d0,chrysler300-c-57-gas,cat-8478cd447d9de0bcd474a291,SUBCATEGORY,"Case, and Extension","case, and extension",power-transfer-unit-transfer-case--case-and-extension,https://www.moparamerica.com/v-2017-chrysler-300--c--5-7l-v8-gas/power-transfer-unit-transfer-case--case-and-extension,149,DISCOVERED,2026-07-31T23:49:35+00:00
sub-50b7841d78a97292007dce33,chrysler300-c-57-gas,cat-e532ed5bbb6a5df35506a557,SUBCATEGORY,Rear Stabilizer,rear stabilizer,rear-suspension--rear-stabilizer,https://www.moparamerica.com/v-2017-chrysler-300--c--5-7l-v8-gas/rear-suspension--rear-stabilizer,150,DISCOVERED,2026-07-31T23:49:35+00:00
cat-e532ed5bbb6a5df35506a557,chrysler300-c-57-gas,,CATEGORY,Rear Suspension,rear suspension,rear-suspension,https://www.moparamerica.com/v-2017-chrysler-300--c--5-7l-v8-gas/rear-suspension,151,DISCOVERED,2026-07-31T23:49:35+00:00
sub-9526dd6bb438a2c47fabaaa3,chrysler300-c-57-gas,cat-e532ed5bbb6a5df35506a557,SUBCATEGORY,Rear Suspension and Cradle,rear suspension and cradle,rear-suspension--rear-suspension-and-cradle,https://www.moparamerica.com/v-2017-chrysler-300--c--5-7l-v8-gas/rear-suspension--rear-suspension-and-cradle,151,DISCOVERED,2026-07-31T23:49:35+00:00
sub-814c367015e479399cc35570,chrysler300-c-57-gas,cat-ec693ed5229750ff2c4479d7,SUBCATEGORY,Drive Shaft,drive shaft,rear-wheel-drive-differential-and-drive-line--drive-shaft,https://www.moparamerica.com/v-2017-chrysler-300--c--5-7l-v8-gas/rear-wheel-drive-differential-and-drive-line--drive-shaft,152,DISCOVERED,2026-07-31T23:49:35+00:00
sub-3044e51d9c384a7d8f19cd43,chrysler300-c-57-gas,cat-ec693ed5229750ff2c4479d7,SUBCATEGORY,Rear Axle Assembly,rear axle assembly,rear-wheel-drive-differential-and-drive-line--rear-axle-assembly,https://www.moparamerica.com/v-2017-chrysler-300--c--5-7l-v8-gas/rear-wheel-drive-differential-and-drive-line--rear-axle-assembly,153,DISCOVERED,2026-07-31T23:49:35+00:00
sub-750d7f77e92354c0e1efb309,chrysler300-c-57-gas,cat-ec693ed5229750ff2c4479d7,SUBCATEGORY,Rear Axle Shafts,rear axle shafts,rear-wheel-drive-differential-and-drive-line--rear-axle-shafts,https://www.moparamerica.com/v-2017-chrysler-300--c--5-7l-v8-gas/rear-wheel-drive-differential-and-drive-line--rear-axle-shafts,154,DISCOVERED,2026-07-31T23:49:35+00:00
cat-ec693ed5229750ff2c4479d7,chrysler300-c-57-gas,,CATEGORY,Rear Wheel Drive Differential And Drive Line,rear wheel drive differential and drive line,rear-wheel-drive-differential-and-drive-line,https://www.moparamerica.com/v-2017-chrysler-300--c--5-7l-v8-gas/rear-wheel-drive-differential-and-drive-line,155,DISCOVERED,2026-07-31T23:49:35+00:00
sub-eca315b2e9d5f3a0eb624ce8,chrysler300-c-57-gas,cat-ec693ed5229750ff2c4479d7,SUBCATEGORY,"Rear Axle; Housing, Differential and Vent","rear axle; housing, differential and vent",rear-wheel-drive-differential-and-drive-line--rear-axle-housing-differential-and-vent,https://www.moparamerica.com/v-2017-chrysler-300--c--5-7l-v8-gas/rear-wheel-drive-differential-and-drive-line--rear-axle-housing-differential-and-vent,155,DISCOVERED,2026-07-31T23:49:35+00:00
sub-b5ce798151fee680d5417074,chrysler300-c-57-gas,cat-5f4bfe88138b5522b6db5a10,SUBCATEGORY,Air Bags,air bags,restraints--air-bags,https://www.moparamerica.com/v-2017-chrysler-300--c--5-7l-v8-gas/restraints--air-bags,156,DISCOVERED,2026-07-31T23:49:35+00:00
cat-5f4bfe88138b5522b6db5a10,chrysler300-c-57-gas,,CATEGORY,Restraints,restraints,restraints,https://www.moparamerica.com/v-2017-chrysler-300--c--5-7l-v8-gas/restraints,157,DISCOVERED,2026-07-31T23:49:35+00:00
sub-943fbf3e9ff6d43f1fb26c05,chrysler300-c-57-gas,cat-5f4bfe88138b5522b6db5a10,SUBCATEGORY,Seat Belts,seat belts,restraints--seat-belts,https://www.moparamerica.com/v-2017-chrysler-300--c--5-7l-v8-gas/restraints--seat-belts,157,DISCOVERED,2026-07-31T23:49:35+00:00
sub-369efe18092242346b940085,chrysler300-c-57-gas,cat-9d87e37f8a857c8e9d52dfc3,SUBCATEGORY,Steering Column and Intermediate Shaft,steering column and intermediate shaft,steering--steering-column-and-intermediate-shaft,https://www.moparamerica.com/v-2017-chrysler-300--c--5-7l-v8-gas/steering--steering-column-and-intermediate-shaft,158,DISCOVERED,2026-07-31T23:49:35+00:00
sub-5e525e6b722efb06808b938a,chrysler300-c-57-gas,cat-9d87e37f8a857c8e9d52dfc3,SUBCATEGORY,Steering Gear,steering gear,steering--steering-gear,https://www.moparamerica.com/v-2017-chrysler-300--c--5-7l-v8-gas/steering--steering-gear,159,DISCOVERED,2026-07-31T23:49:35+00:00
cat-9d87e37f8a857c8e9d52dfc3,chrysler300-c-57-gas,,CATEGORY,Steering,steering,steering,https://www.moparamerica.com/v-2017-chrysler-300--c--5-7l-v8-gas/steering,160,DISCOVERED,2026-07-31T23:49:35+00:00
sub-da414a6a8c692af5d5ad31d2,chrysler300-c-57-gas,cat-9d87e37f8a857c8e9d52dfc3,SUBCATEGORY,Steering Wheel,steering wheel,steering--steering-wheel,https://www.moparamerica.com/v-2017-chrysler-300--c--5-7l-v8-gas/steering--steering-wheel,160,DISCOVERED,2026-07-31T23:49:35+00:00
sub-319c0e2847d89084500a1196,chrysler300-c-57-gas,cat-2601e75fd1d3a854fb40d4aa,SUBCATEGORY,Mopar,mopar,accessories-vehicle-care-products--mopar,https://www.moparamerica.com/v-2017-chrysler-300--c--5-7l-v8-gas/accessories-vehicle-care-products--mopar,161,DISCOVERED,2026-07-31T23:49:35+00:00
cat-2601e75fd1d3a854fb40d4aa,chrysler300-c-57-gas,,CATEGORY,Accessories Vehicle Care Products,accessories vehicle care products,accessories-vehicle-care-products,https://www.moparamerica.com/v-2017-chrysler-300--c--5-7l-v8-gas/accessories-vehicle-care-products,162,DISCOVERED,2026-07-31T23:49:35+00:00
sub-f915bc5ba540ecfe444728b1,chrysler300-c-57-gas,cat-2601e75fd1d3a854fb40d4aa,SUBCATEGORY,Touch Up Paint,touch up paint,accessories-vehicle-care-products--touch-up-paint,https://www.moparamerica.com/v-2017-chrysler-300--c--5-7l-v8-gas/accessories-vehicle-care-products--touch-up-paint,162,DISCOVERED,2026-07-31T23:49:35+00:00
sub-521f0f019d32a28c0b3475da,chrysler300-c-57-gas,cat-f09c8e7ac9c390e87a4173e4,SUBCATEGORY,Emergency Kit,emergency kit,wheels--emergency-kit,https://www.moparamerica.com/v-2017-chrysler-300--c--5-7l-v8-gas/wheels--emergency-kit,163,DISCOVERED,2026-07-31T23:49:35+00:00
sub-ebaf1c86555a7c89a260ee47,chrysler300-c-57-gas,cat-f09c8e7ac9c390e87a4173e4,SUBCATEGORY,Jack Stowage,jack stowage,wheels--jack-stowage,https://www.moparamerica.com/v-2017-chrysler-300--c--5-7l-v8-gas/wheels--jack-stowage,164,DISCOVERED,2026-07-31T23:49:35+00:00
sub-8d0c290e0f3e7e6480f15881,chrysler300-c-57-gas,cat-f09c8e7ac9c390e87a4173e4,SUBCATEGORY,Tire Monitoring System,tire monitoring system,wheels--tire-monitoring-system,https://www.moparamerica.com/v-2017-chrysler-300--c--5-7l-v8-gas/wheels--tire-monitoring-system,165,DISCOVERED,2026-07-31T23:49:35+00:00
sub-89a1accb9c1aa20b112192ca,chrysler300-c-57-gas,cat-f09c8e7ac9c390e87a4173e4,SUBCATEGORY,Wheel Covers and Center Caps,wheel covers and center caps,wheels--wheel-covers-and-center-caps,https://www.moparamerica.com/v-2017-chrysler-300--c--5-7l-v8-gas/wheels--wheel-covers-and-center-caps,166,DISCOVERED,2026-07-31T23:49:35+00:00
sub-2a53c0ce1f069a40d7cc2723,chrysler300-c-57-gas,cat-f09c8e7ac9c390e87a4173e4,SUBCATEGORY,Wheel Spare,wheel spare,wheels--wheel-spare,https://www.moparamerica.com/v-2017-chrysler-300--c--5-7l-v8-gas/wheels--wheel-spare,167,DISCOVERED,2026-07-31T23:49:35+00:00
cat-f09c8e7ac9c390e87a4173e4,chrysler300-c-57-gas,,CATEGORY,Wheels,wheels,wheels,https://www.moparamerica.com/v-2017-chrysler-300--c--5-7l-v8-gas/wheels,168,DISCOVERED,2026-07-31T23:49:35+00:00
sub-25d82f9ef3e509cd20b24f4a,chrysler300-c-57-gas,cat-f09c8e7ac9c390e87a4173e4,SUBCATEGORY,"Wheels, Tires and Hardware","wheels, tires and hardware",wheels--wheels-tires-and-hardware,https://www.moparamerica.com/v-2017-chrysler-300--c--5-7l-v8-gas/wheels--wheels-tires-and-hardware,168,DISCOVERED,2026-07-31T23:49:35+00:00
cat-c1b56dfbba34de4e8ef63cdc,chrysler300-c-57-gas,,CATEGORY,Parts,parts,auto-parts,https://www.moparamerica.com/v-2017-chrysler-300--c--5-7l-v8-gas/auto-parts,169,DISCOVERED,2026-07-31T23:49:35+00:00
cat-a02db646d064e36877b76389,chrysler300-c-57-gas,,CATEGORY,Accessories,accessories,accessories,https://www.moparamerica.com/v-2017-chrysler-300--c--5-7l-v8-gas/accessories,170,DISCOVERED,2026-07-31T23:49:35+00:00
