model,trim,slug,category,source_url,normalized_part_number,part_number,description,detail,part_url
Challenger,SXT 3.6L,v-2017-dodge-challenger--sxt--3-6l-v6-gas,front-door,https://www.moparamerica.com/v-2017-dodge-challenger--sxt--3-6l-v6-gas/doors-door-mirrors-and-related-parts--front-door,68184930AA,68184930AA,"Door Handle Bracket, Right",Inside Release.,https://www.moparamerica.com/oem-parts/mopar-door-handle-bracket-right-68184930aa
Challenger,SXT 3.6L,v-2017-dodge-challenger--sxt--3-6l-v6-gas,front-door,https://www.moparamerica.com/v-2017-dodge-challenger--sxt--3-6l-v6-gas/doors-door-mirrors-and-related-parts--front-door,68195666AA,68195666AA,Window Motor Screw,,https://www.moparamerica.com/oem-parts/mopar-window-motor-screw-68195666aa
Challenger,SXT 3.6L,v-2017-dodge-challenger--sxt--3-6l-v6-gas,front-door,https://www.moparamerica.com/v-2017-dodge-challenger--sxt--3-6l-v6-gas/doors-door-mirrors-and-related-parts--front-door,68184931AA,68184931AA,"Door Handle Bracket, Left",Inside Release.,https://www.moparamerica.com/oem-parts/mopar-door-handle-bracket-left-68184931aa
Challenger,SXT 3.6L,v-2017-dodge-challenger--sxt--3-6l-v6-gas,front-door,https://www.moparamerica.com/v-2017-dodge-challenger--sxt--3-6l-v6-gas/doors-door-mirrors-and-related-parts--front-door,55276821AA,55276821AA,Round Black Tape,Front Door Mirror Flag. Latch Adjustment Hole. O/S Handle Attach Access Hole. Pinch Sensor Holes. Door Handle Access Hole. Latch Adjustment Plug. A-Pillar Door Inner Panel 19mm Diameter. Drain Hole Patch.,https://www.moparamerica.com/oem-parts/mopar-round-black-tape-55276821aa
Challenger,SXT 3.6L,v-2017-dodge-challenger--sxt--3-6l-v6-gas,front-door,https://www.moparamerica.com/v-2017-dodge-challenger--sxt--3-6l-v6-gas/doors-door-mirrors-and-related-parts--front-door,1MZ84KBXAM,1MZ84KBXAM,"Front Door Exterior Handle, Right",FRONT DOOR EXTERIOR,https://www.moparamerica.com/oem-parts/mopar-front-door-exterior-handle-right-1mz84kbxam
Challenger,SXT 3.6L,v-2017-dodge-challenger--sxt--3-6l-v6-gas,front-door,https://www.moparamerica.com/v-2017-dodge-challenger--sxt--3-6l-v6-gas/doors-door-mirrors-and-related-parts--front-door,1MZ85RY4AM,1MZ85RY4AM,"Front Door Exterior Handle, Left",,https://www.moparamerica.com/oem-parts/mopar-front-door-exterior-handle-left-1mz85ry4am
Challenger,SXT 3.6L,v-2017-dodge-challenger--sxt--3-6l-v6-gas,front-door,https://www.moparamerica.com/v-2017-dodge-challenger--sxt--3-6l-v6-gas/doors-door-mirrors-and-related-parts--front-door,1MZ85PDNAM,1MZ85PDNAM,2014-2021 Mopar Front Door Exterior Handle Left,,https://www.moparamerica.com/oem-parts/mopar-2014-2021-mopar-front-door-exterior-handle-left-1mz85pdnam
Challenger,SXT 3.6L,v-2017-dodge-challenger--sxt--3-6l-v6-gas,front-door,https://www.moparamerica.com/v-2017-dodge-challenger--sxt--3-6l-v6-gas/doors-door-mirrors-and-related-parts--front-door,1MZ84MGMAM,1MZ84MGMAM,"Front Door Exterior Handle, Right",,https://www.moparamerica.com/oem-parts/mopar-front-door-exterior-handle-right-1mz84mgmam
Challenger,SXT 3.6L,v-2017-dodge-challenger--sxt--3-6l-v6-gas,front-door,https://www.moparamerica.com/v-2017-dodge-challenger--sxt--3-6l-v6-gas/doors-door-mirrors-and-related-parts--front-door,1MZ85JRYAM,1MZ85JRYAM,"Front Door Exterior Handle, Left",FRONT DOOR EXTERIOR,https://www.moparamerica.com/oem-parts/mopar-front-door-exterior-handle-left-1mz85jryam
Challenger,SXT 3.6L,v-2017-dodge-challenger--sxt--3-6l-v6-gas,front-door,https://www.moparamerica.com/v-2017-dodge-challenger--sxt--3-6l-v6-gas/doors-door-mirrors-and-related-parts--front-door,1MZ84KARAM,1MZ84KARAM,2011-2021 Mopar Front Door Exterior Handle Right,FRONT DOOR EXTERIOR,https://www.moparamerica.com/oem-parts/mopar-2011-2021-mopar-front-door-exterior-handle-right-1mz84karam
Challenger,SXT 3.6L,v-2017-dodge-challenger--sxt--3-6l-v6-gas,front-door,https://www.moparamerica.com/v-2017-dodge-challenger--sxt--3-6l-v6-gas/doors-door-mirrors-and-related-parts--front-door,1MZ85NRVAM,1MZ85NRVAM,2020 2021 Dodge Challenger - Front Door Exterior Handle Left,,https://www.moparamerica.com/oem-parts/mopar-2020-2021-dodge-challenger-front-door-exterior-handle-left-1mz85nrvam
Challenger,SXT 3.6L,v-2017-dodge-challenger--sxt--3-6l-v6-gas,front-door,https://www.moparamerica.com/v-2017-dodge-challenger--sxt--3-6l-v6-gas/doors-door-mirrors-and-related-parts--front-door,1MZ85KARAM,1MZ85KARAM,2011-2021 Mopar Front Door Exterior Handle Left,FRONT DOOR EXTERIOR,https://www.moparamerica.com/oem-parts/mopar-2011-2021-mopar-front-door-exterior-handle-left-1mz85karam
Challenger,SXT 3.6L,v-2017-dodge-challenger--sxt--3-6l-v6-gas,front-door,https://www.moparamerica.com/v-2017-dodge-challenger--sxt--3-6l-v6-gas/doors-door-mirrors-and-related-parts--front-door,1MZ85MGMAJ,1MZ85MGMAJ,"Front Door Exterior Handle, Left",,https://www.moparamerica.com/oem-parts/mopar-front-door-exterior-handle-left-1mz85mgmaj
Challenger,SXT 3.6L,v-2017-dodge-challenger--sxt--3-6l-v6-gas,front-door,https://www.moparamerica.com/v-2017-dodge-challenger--sxt--3-6l-v6-gas/doors-door-mirrors-and-related-parts--front-door,1MZ84DX8AM,1MZ84DX8AM,2013-2021 Mopar Front Door Exterior Handle Right,FRONT DOOR EXTERIOR,https://www.moparamerica.com/oem-parts/mopar-2013-2021-mopar-front-door-exterior-handle-right-1mz84dx8am
Challenger,SXT 3.6L,v-2017-dodge-challenger--sxt--3-6l-v6-gas,front-door,https://www.moparamerica.com/v-2017-dodge-challenger--sxt--3-6l-v6-gas/doors-door-mirrors-and-related-parts--front-door,1MZ85JSCAM,1MZ85JSCAM,2011-2021 Mopar Front Door Exterior Handle Left,FRONT DOOR EXTERIOR,https://www.moparamerica.com/oem-parts/mopar-2011-2021-mopar-front-door-exterior-handle-left-1mz85jscam
Challenger,SXT 3.6L,v-2017-dodge-challenger--sxt--3-6l-v6-gas,front-door,https://www.moparamerica.com/v-2017-dodge-challenger--sxt--3-6l-v6-gas/doors-door-mirrors-and-related-parts--front-door,1MZ85KBXAM,1MZ85KBXAM,2013-2018 Mopar Front Door Exterior Handle Left,FRONT DOOR EXTERIOR,https://www.moparamerica.com/oem-parts/mopar-2013-2018-mopar-front-door-exterior-handle-left-1mz85kbxam
Challenger,SXT 3.6L,v-2017-dodge-challenger--sxt--3-6l-v6-gas,front-door,https://www.moparamerica.com/v-2017-dodge-challenger--sxt--3-6l-v6-gas/doors-door-mirrors-and-related-parts--front-door,1MZ84RY4AM,1MZ84RY4AM,"Front Door Exterior Handle, Right",,https://www.moparamerica.com/oem-parts/mopar-front-door-exterior-handle-right-1mz84ry4am
Challenger,SXT 3.6L,v-2017-dodge-challenger--sxt--3-6l-v6-gas,front-door,https://www.moparamerica.com/v-2017-dodge-challenger--sxt--3-6l-v6-gas/doors-door-mirrors-and-related-parts--front-door,1MZ84GW7AM,1MZ84GW7AM,2020 2021 Dodge Challenger - Front Door Exterior Handle Right,FRONT DOOR EXTERIOR,https://www.moparamerica.com/oem-parts/mopar-2020-2021-dodge-challenger-front-door-exterior-handle-right-1mz84gw7am
Challenger,SXT 3.6L,v-2017-dodge-challenger--sxt--3-6l-v6-gas,front-door,https://www.moparamerica.com/v-2017-dodge-challenger--sxt--3-6l-v6-gas/doors-door-mirrors-and-related-parts--front-door,1MZ84NRVAM,1MZ84NRVAM,2014-2021 Mopar Front Door Exterior Handle Right,,https://www.moparamerica.com/oem-parts/mopar-2014-2021-mopar-front-door-exterior-handle-right-1mz84nrvam
Challenger,SXT 3.6L,v-2017-dodge-challenger--sxt--3-6l-v6-gas,front-door,https://www.moparamerica.com/v-2017-dodge-challenger--sxt--3-6l-v6-gas/doors-door-mirrors-and-related-parts--front-door,1MZ84JRYAJ,1MZ84JRYAJ,"Front Door Exterior Handle, Right",FRONT DOOR EXTERIOR,https://www.moparamerica.com/oem-parts/mopar-front-door-exterior-handle-right-1mz84jryaj
Challenger,SXT 3.6L,v-2017-dodge-challenger--sxt--3-6l-v6-gas,front-door,https://www.moparamerica.com/v-2017-dodge-challenger--sxt--3-6l-v6-gas/doors-door-mirrors-and-related-parts--front-door,1MZ84JSCAJ,1MZ84JSCAJ,"Front Door Exterior Handle, Right",,https://www.moparamerica.com/oem-parts/mopar-front-door-exterior-handle-right-1mz84jscaj
Challenger,SXT 3.6L,v-2017-dodge-challenger--sxt--3-6l-v6-gas,front-door,https://www.moparamerica.com/v-2017-dodge-challenger--sxt--3-6l-v6-gas/doors-door-mirrors-and-related-parts--front-door,1MZ84ZR3AM,1MZ84ZR3AM,2013-2021 Mopar Front Door Exterior Handle Right,FRONT DOOR EXTERIOR,https://www.moparamerica.com/oem-parts/mopar-2013-2021-mopar-front-door-exterior-handle-right-1mz84zr3am
Challenger,SXT 3.6L,v-2017-dodge-challenger--sxt--3-6l-v6-gas,front-door,https://www.moparamerica.com/v-2017-dodge-challenger--sxt--3-6l-v6-gas/doors-door-mirrors-and-related-parts--front-door,1MZ85DX8AM,1MZ85DX8AM,2013-2021 Mopar Front Door Exterior Handle Left,FRONT DOOR EXTERIOR,https://www.moparamerica.com/oem-parts/mopar-2013-2021-mopar-front-door-exterior-handle-left-1mz85dx8am
Challenger,SXT 3.6L,v-2017-dodge-challenger--sxt--3-6l-v6-gas,front-door,https://www.moparamerica.com/v-2017-dodge-challenger--sxt--3-6l-v6-gas/doors-door-mirrors-and-related-parts--front-door,1MZ85NVPAM,1MZ85NVPAM,2015-2021 Mopar Front Door Exterior Handle Left,FRONT DOOR EXTERIOR,https://www.moparamerica.com/oem-parts/mopar-2015-2021-mopar-front-door-exterior-handle-left-1mz85nvpam
Challenger,SXT 3.6L,v-2017-dodge-challenger--sxt--3-6l-v6-gas,front-door,https://www.moparamerica.com/v-2017-dodge-challenger--sxt--3-6l-v6-gas/doors-door-mirrors-and-related-parts--front-door,1MZ84NVPAM,1MZ84NVPAM,2020 2021 Dodge Challenger - Front Door Exterior Handle Right,FRONT DOOR EXTERIOR,https://www.moparamerica.com/oem-parts/mopar-2020-2021-dodge-challenger-front-door-exterior-handle-right-1mz84nvpam
Challenger,SXT 3.6L,v-2017-dodge-challenger--sxt--3-6l-v6-gas,front-door,https://www.moparamerica.com/v-2017-dodge-challenger--sxt--3-6l-v6-gas/doors-door-mirrors-and-related-parts--front-door,1MZ84LAUAM,1MZ84LAUAM,2013-2021 Mopar Front Door Exterior Handle Right,FRONT DOOR EXTERIOR,https://www.moparamerica.com/oem-parts/mopar-2013-2021-mopar-front-door-exterior-handle-right-1mz84lauam
Challenger,SXT 3.6L,v-2017-dodge-challenger--sxt--3-6l-v6-gas,front-door,https://www.moparamerica.com/v-2017-dodge-challenger--sxt--3-6l-v6-gas/doors-door-mirrors-and-related-parts--front-door,1MZ84PDNAM,1MZ84PDNAM,2014-2021 Mopar Front Door Exterior Handle Right,,https://www.moparamerica.com/oem-parts/mopar-2014-2021-mopar-front-door-exterior-handle-right-1mz84pdnam
Challenger,SXT 3.6L,v-2017-dodge-challenger--sxt--3-6l-v6-gas,front-door,https://www.moparamerica.com/v-2017-dodge-challenger--sxt--3-6l-v6-gas/doors-door-mirrors-and-related-parts--front-door,1MZ85LAUAM,1MZ85LAUAM,2013-2021 Mopar Front Door Exterior Handle Left,FRONT DOOR EXTERIOR,https://www.moparamerica.com/oem-parts/mopar-2013-2021-mopar-front-door-exterior-handle-left-1mz85lauam
Challenger,SXT 3.6L,v-2017-dodge-challenger--sxt--3-6l-v6-gas,front-door,https://www.moparamerica.com/v-2017-dodge-challenger--sxt--3-6l-v6-gas/doors-door-mirrors-and-related-parts--front-door,1MZ85ZR3AM,1MZ85ZR3AM,2013-2021 Mopar Front Door Exterior Handle Left,FRONT DOOR EXTERIOR,https://www.moparamerica.com/oem-parts/mopar-2013-2021-mopar-front-door-exterior-handle-left-1mz85zr3am
Challenger,SXT 3.6L,v-2017-dodge-challenger--sxt--3-6l-v6-gas,front-door,https://www.moparamerica.com/v-2017-dodge-challenger--sxt--3-6l-v6-gas/doors-door-mirrors-and-related-parts--front-door,1MZ85GW7AM,1MZ85GW7AM,2020 2021 Dodge Challenger - Front Door Exterior Handle Left,FRONT DOOR EXTERIOR,https://www.moparamerica.com/oem-parts/mopar-2020-2021-dodge-challenger-front-door-exterior-handle-left-1mz85gw7am
Challenger,SXT 3.6L,v-2017-dodge-challenger--sxt--3-6l-v6-gas,front-door,https://www.moparamerica.com/v-2017-dodge-challenger--sxt--3-6l-v6-gas/doors-door-mirrors-and-related-parts--front-door,68066174AJ,68066174AJ,"Door Handle Bracket, Right",DOOR HANDLE,https://www.moparamerica.com/oem-parts/mopar-door-handle-bracket-right-68066174aj
Challenger,SXT 3.6L,v-2017-dodge-challenger--sxt--3-6l-v6-gas,front-door,https://www.moparamerica.com/v-2017-dodge-challenger--sxt--3-6l-v6-gas/doors-door-mirrors-and-related-parts--front-door,68066175AK,68066175AK,"Door Handle Bracket, Left",DOOR HANDLE,https://www.moparamerica.com/oem-parts/mopar-door-handle-bracket-left-68066175ak
Challenger,SXT 3.6L,v-2017-dodge-challenger--sxt--3-6l-v6-gas,front-door,https://www.moparamerica.com/v-2017-dodge-challenger--sxt--3-6l-v6-gas/doors-door-mirrors-and-related-parts--front-door,68174640AH,68174640AH,"Front Door Latch, Right",FRONT DOOR,https://www.moparamerica.com/oem-parts/mopar-front-door-latch-right-68174640ah
Challenger,SXT 3.6L,v-2017-dodge-challenger--sxt--3-6l-v6-gas,front-door,https://www.moparamerica.com/v-2017-dodge-challenger--sxt--3-6l-v6-gas/doors-door-mirrors-and-related-parts--front-door,68174641AH,68174641AH,"Front Door Latch, Left",FRONT DOOR,https://www.moparamerica.com/oem-parts/mopar-front-door-latch-left-68174641ah
Challenger,SXT 3.6L,v-2017-dodge-challenger--sxt--3-6l-v6-gas,front-door,https://www.moparamerica.com/v-2017-dodge-challenger--sxt--3-6l-v6-gas/doors-door-mirrors-and-related-parts--front-door,6036651AA,6036651AA,Tapping Screw,M6.3x1.8x38.1. Latch.,https://www.moparamerica.com/oem-parts/mopar-tapping-screw-6036651aa
Challenger,SXT 3.6L,v-2017-dodge-challenger--sxt--3-6l-v6-gas,front-door,https://www.moparamerica.com/v-2017-dodge-challenger--sxt--3-6l-v6-gas/doors-door-mirrors-and-related-parts--front-door,68043885AA,68043885AA,"Front Door Window Regulator, Left",,https://www.moparamerica.com/oem-parts/mopar-front-door-window-regulator-left-68043885aa
Challenger,SXT 3.6L,v-2017-dodge-challenger--sxt--3-6l-v6-gas,front-door,https://www.moparamerica.com/v-2017-dodge-challenger--sxt--3-6l-v6-gas/doors-door-mirrors-and-related-parts--front-door,68043884AA,68043884AA,"Front Door Window Regulator, Right",,https://www.moparamerica.com/oem-parts/mopar-front-door-window-regulator-right-68043884aa
Challenger,SXT 3.6L,v-2017-dodge-challenger--sxt--3-6l-v6-gas,front-door,https://www.moparamerica.com/v-2017-dodge-challenger--sxt--3-6l-v6-gas/doors-door-mirrors-and-related-parts--front-door,6509482AA,6509482AA,"Hex Head Screw And Washer, Right",Regulator To Glass.,https://www.moparamerica.com/oem-parts/mopar-hex-head-screw-and-washer-right-6509482aa
Challenger,SXT 3.6L,v-2017-dodge-challenger--sxt--3-6l-v6-gas,front-door,https://www.moparamerica.com/v-2017-dodge-challenger--sxt--3-6l-v6-gas/doors-door-mirrors-and-related-parts--front-door,68376200AA,68376200AA,2018-2021 Dodge Challenger - Window Regulator Motor Right,Front Door.,https://www.moparamerica.com/oem-parts/mopar-2018-2021-dodge-challenger-window-regulator-motor-right-68376200aa
Challenger,SXT 3.6L,v-2017-dodge-challenger--sxt--3-6l-v6-gas,front-door,https://www.moparamerica.com/v-2017-dodge-challenger--sxt--3-6l-v6-gas/doors-door-mirrors-and-related-parts--front-door,68043882AA,68043882AA,"Window Regulator Motor, Right",Front Door.,https://www.moparamerica.com/oem-parts/mopar-window-regulator-motor-right-68043882aa
Challenger,SXT 3.6L,v-2017-dodge-challenger--sxt--3-6l-v6-gas,front-door,https://www.moparamerica.com/v-2017-dodge-challenger--sxt--3-6l-v6-gas/doors-door-mirrors-and-related-parts--front-door,68376201AA,68376201AA,2018-2021 Dodge Challenger - Window Regulator Motor Left,Front Door.,https://www.moparamerica.com/oem-parts/mopar-2018-2021-dodge-challenger-window-regulator-motor-left-68376201aa
Challenger,SXT 3.6L,v-2017-dodge-challenger--sxt--3-6l-v6-gas,front-door,https://www.moparamerica.com/v-2017-dodge-challenger--sxt--3-6l-v6-gas/doors-door-mirrors-and-related-parts--front-door,68043883AA,68043883AA,"Window Regulator Motor, Left",Front Door.,https://www.moparamerica.com/oem-parts/mopar-window-regulator-motor-left-68043883aa
Challenger,SXT 3.6L,v-2017-dodge-challenger--sxt--3-6l-v6-gas,front-door,https://www.moparamerica.com/v-2017-dodge-challenger--sxt--3-6l-v6-gas/doors-door-mirrors-and-related-parts--front-door,6104725AA,06104725AA,Hex Nut,,https://www.moparamerica.com/oem-parts/mopar-hex-nut-6104725aa
Challenger,SXT 3.6L,v-2017-dodge-challenger--sxt--3-6l-v6-gas,front-door,https://www.moparamerica.com/v-2017-dodge-challenger--sxt--3-6l-v6-gas/doors-door-mirrors-and-related-parts--front-door,68066169AA,68066169AA,Key Cylinder To Latch Link,,https://www.moparamerica.com/oem-parts/mopar-key-cylinder-to-latch-link-68066169aa
Challenger,SXT 3.6L,v-2017-dodge-challenger--sxt--3-6l-v6-gas,front-door,https://www.moparamerica.com/v-2017-dodge-challenger--sxt--3-6l-v6-gas/doors-door-mirrors-and-related-parts--front-door,5UV45SZ6AB,5UV45SZ6AB,"Door Latch Knob And Link, Left",,https://www.moparamerica.com/oem-parts/mopar-door-latch-knob-and-link-left-5uv45sz6ab
Challenger,SXT 3.6L,v-2017-dodge-challenger--sxt--3-6l-v6-gas,front-door,https://www.moparamerica.com/v-2017-dodge-challenger--sxt--3-6l-v6-gas/doors-door-mirrors-and-related-parts--front-door,5UV44SZ6AB,5UV44SZ6AB,"Door Latch Knob And Link, Right",,https://www.moparamerica.com/oem-parts/mopar-door-latch-knob-and-link-right-5uv44sz6ab
Challenger,SXT 3.6L,v-2017-dodge-challenger--sxt--3-6l-v6-gas,front-door,https://www.moparamerica.com/v-2017-dodge-challenger--sxt--3-6l-v6-gas/doors-door-mirrors-and-related-parts--front-door,68359597AD,68359597AD,"Outside Handle Cable, Right",OUTSIDE HANDLE,https://www.moparamerica.com/oem-parts/mopar-outside-handle-cable-right-68359597ad
Challenger,SXT 3.6L,v-2017-dodge-challenger--sxt--3-6l-v6-gas,front-door,https://www.moparamerica.com/v-2017-dodge-challenger--sxt--3-6l-v6-gas/doors-door-mirrors-and-related-parts--front-door,68185764AD,68185764AD,"Inside Handle To Latch Cable, Right",Front Door.,https://www.moparamerica.com/oem-parts/mopar-inside-handle-to-latch-cable-right-68185764ad
Challenger,SXT 3.6L,v-2017-dodge-challenger--sxt--3-6l-v6-gas,front-door,https://www.moparamerica.com/v-2017-dodge-challenger--sxt--3-6l-v6-gas/doors-door-mirrors-and-related-parts--front-door,5056272AF,5056272AF,2020 2021 Dodge Challenger - Front Door Watershield Right,FRONT DOOR,https://www.moparamerica.com/oem-parts/mopar-2020-2021-dodge-challenger-front-door-watershield-right-5056272af
Challenger,SXT 3.6L,v-2017-dodge-challenger--sxt--3-6l-v6-gas,front-door,https://www.moparamerica.com/v-2017-dodge-challenger--sxt--3-6l-v6-gas/doors-door-mirrors-and-related-parts--front-door,5056273AF,5056273AF,2020 2021 Dodge Challenger - Front Door Watershield Left,FRONT DOOR,https://www.moparamerica.com/oem-parts/mopar-2020-2021-dodge-challenger-front-door-watershield-left-5056273af
Challenger,SXT 3.6L,v-2017-dodge-challenger--sxt--3-6l-v6-gas,front-door,https://www.moparamerica.com/v-2017-dodge-challenger--sxt--3-6l-v6-gas/doors-door-mirrors-and-related-parts--front-door,68183719AC,68183719AC,Door Pull Cup Bracket,,https://www.moparamerica.com/oem-parts/mopar-door-pull-cup-bracket-68183719ac
Challenger,SXT 3.6L,v-2017-dodge-challenger--sxt--3-6l-v6-gas,front-door,https://www.moparamerica.com/v-2017-dodge-challenger--sxt--3-6l-v6-gas/doors-door-mirrors-and-related-parts--front-door,6032723,6032723,Self Tapping Screw,,https://www.moparamerica.com/oem-parts/mopar-self-tapping-screw-6032723
Challenger,SXT 3.6L,v-2017-dodge-challenger--sxt--3-6l-v6-gas,front-door,https://www.moparamerica.com/v-2017-dodge-challenger--sxt--3-6l-v6-gas/doors-door-mirrors-and-related-parts--front-door,4784033AA,4784033AA,Door Trim Panel Plug,Large.,https://www.moparamerica.com/oem-parts/mopar-door-trim-panel-plug-4784033aa
Challenger,SXT 3.6L,v-2017-dodge-challenger--sxt--3-6l-v6-gas,front-door,https://www.moparamerica.com/v-2017-dodge-challenger--sxt--3-6l-v6-gas/doors-door-mirrors-and-related-parts--front-door,4784018AA,4784018AA,"Plug, Right",Grommet Snaps Into Door. Door Trim Panel.,https://www.moparamerica.com/oem-parts/mopar-plug-right-4784018aa
Challenger,SXT 3.6L,v-2017-dodge-challenger--sxt--3-6l-v6-gas,front-door,https://www.moparamerica.com/v-2017-dodge-challenger--sxt--3-6l-v6-gas/doors-door-mirrors-and-related-parts--front-door,4373728,4373728,"Plug, Antenna Hole","Lower Plenum, Left. Cowl. Below Latch.",https://www.moparamerica.com/oem-parts/mopar-plug-antenna-hole-4373728
Challenger,SXT 3.6L,v-2017-dodge-challenger--sxt--3-6l-v6-gas,front-door,https://www.moparamerica.com/v-2017-dodge-challenger--sxt--3-6l-v6-gas/doors-door-mirrors-and-related-parts--front-door,1MZ84KBXAM,1MZ84KBXAM,Right,,https://www.moparamerica.com/oem-parts/mopar-front-door-exterior-handle-right-1mz84kbxam
Challenger,SXT 3.6L,v-2017-dodge-challenger--sxt--3-6l-v6-gas,front-door,https://www.moparamerica.com/v-2017-dodge-challenger--sxt--3-6l-v6-gas/doors-door-mirrors-and-related-parts--front-door,1MZ85RY4AM,1MZ85RY4AM,Left,,https://www.moparamerica.com/oem-parts/mopar-front-door-exterior-handle-left-1mz85ry4am
Challenger,SXT 3.6L,v-2017-dodge-challenger--sxt--3-6l-v6-gas,front-door,https://www.moparamerica.com/v-2017-dodge-challenger--sxt--3-6l-v6-gas/doors-door-mirrors-and-related-parts--front-door,1MZ85PDNAM,1MZ85PDNAM,Left,,https://www.moparamerica.com/oem-parts/mopar-2014-2021-mopar-front-door-exterior-handle-left-1mz85pdnam
Challenger,SXT 3.6L,v-2017-dodge-challenger--sxt--3-6l-v6-gas,front-door,https://www.moparamerica.com/v-2017-dodge-challenger--sxt--3-6l-v6-gas/doors-door-mirrors-and-related-parts--front-door,1MZ84MGMAM,1MZ84MGMAM,Right,,https://www.moparamerica.com/oem-parts/mopar-front-door-exterior-handle-right-1mz84mgmam
Challenger,SXT 3.6L,v-2017-dodge-challenger--sxt--3-6l-v6-gas,front-door,https://www.moparamerica.com/v-2017-dodge-challenger--sxt--3-6l-v6-gas/doors-door-mirrors-and-related-parts--front-door,1MZ85JRYAM,1MZ85JRYAM,Left,,https://www.moparamerica.com/oem-parts/mopar-front-door-exterior-handle-left-1mz85jryam
Challenger,SXT 3.6L,v-2017-dodge-challenger--sxt--3-6l-v6-gas,front-door,https://www.moparamerica.com/v-2017-dodge-challenger--sxt--3-6l-v6-gas/doors-door-mirrors-and-related-parts--front-door,68066169AA,68066169AA,Link,,https://www.moparamerica.com/oem-parts/mopar-key-cylinder-to-latch-link-68066169aa
Challenger,SXT 3.6L,v-2017-dodge-challenger--sxt--3-6l-v6-gas,front-door,https://www.moparamerica.com/v-2017-dodge-challenger--sxt--3-6l-v6-gas/doors-door-mirrors-and-related-parts--front-door,5UV45SZ6AB,5UV45SZ6AB,Left,,https://www.moparamerica.com/oem-parts/mopar-door-latch-knob-and-link-left-5uv45sz6ab
Challenger,SXT 3.6L,v-2017-dodge-challenger--sxt--3-6l-v6-gas,front-door,https://www.moparamerica.com/v-2017-dodge-challenger--sxt--3-6l-v6-gas/doors-door-mirrors-and-related-parts--front-door,5UV44SZ6AB,5UV44SZ6AB,Right,,https://www.moparamerica.com/oem-parts/mopar-door-latch-knob-and-link-right-5uv44sz6ab
Challenger,SXT 3.6L,v-2017-dodge-challenger--sxt--3-6l-v6-gas,front-door,https://www.moparamerica.com/v-2017-dodge-challenger--sxt--3-6l-v6-gas/doors-door-mirrors-and-related-parts--front-door,68359597AD,68359597AD,Cable,,https://www.moparamerica.com/oem-parts/mopar-outside-handle-cable-right-68359597ad
Challenger,SXT 3.6L,v-2017-dodge-challenger--sxt--3-6l-v6-gas,front-door,https://www.moparamerica.com/v-2017-dodge-challenger--sxt--3-6l-v6-gas/doors-door-mirrors-and-related-parts--front-door,68185764AD,68185764AD,Cable,,https://www.moparamerica.com/oem-parts/mopar-inside-handle-to-latch-cable-right-68185764ad
Challenger,SXT 3.6L,v-2017-dodge-challenger--sxt--3-6l-v6-gas,front-door,https://www.moparamerica.com/v-2017-dodge-challenger--sxt--3-6l-v6-gas/doors-door-mirrors-and-related-parts--front-door,5056272AF,5056272AF,Right,,https://www.moparamerica.com/oem-parts/mopar-2020-2021-dodge-challenger-front-door-watershield-right-5056272af
Challenger,SXT 3.6L,v-2017-dodge-challenger--sxt--3-6l-v6-gas,front-door,https://www.moparamerica.com/v-2017-dodge-challenger--sxt--3-6l-v6-gas/doors-door-mirrors-and-related-parts--front-door,5056273AF,5056273AF,Left,,https://www.moparamerica.com/oem-parts/mopar-2020-2021-dodge-challenger-front-door-watershield-left-5056273af
Challenger,SXT 3.6L,v-2017-dodge-challenger--sxt--3-6l-v6-gas,front-door,https://www.moparamerica.com/v-2017-dodge-challenger--sxt--3-6l-v6-gas/doors-door-mirrors-and-related-parts--front-door,68183719AC,68183719AC,Bracket,,https://www.moparamerica.com/oem-parts/mopar-door-pull-cup-bracket-68183719ac
Challenger,SXT 3.6L,v-2017-dodge-challenger--sxt--3-6l-v6-gas,front-door,https://www.moparamerica.com/v-2017-dodge-challenger--sxt--3-6l-v6-gas/doors-door-mirrors-and-related-parts--front-door,6032723,6032723,Screw,,https://www.moparamerica.com/oem-parts/mopar-self-tapping-screw-6032723
Challenger,SXT 3.6L,v-2017-dodge-challenger--sxt--3-6l-v6-gas,front-door,https://www.moparamerica.com/v-2017-dodge-challenger--sxt--3-6l-v6-gas/doors-door-mirrors-and-related-parts--front-door,4784033AA,4784033AA,Plug,,https://www.moparamerica.com/oem-parts/mopar-door-trim-panel-plug-4784033aa
Challenger,SXT 3.6L,v-2017-dodge-challenger--sxt--3-6l-v6-gas,front-door,https://www.moparamerica.com/v-2017-dodge-challenger--sxt--3-6l-v6-gas/doors-door-mirrors-and-related-parts--front-door,4784018AA,4784018AA,Plug,,https://www.moparamerica.com/oem-parts/mopar-plug-right-4784018aa
Challenger,SXT 3.6L,v-2017-dodge-challenger--sxt--3-6l-v6-gas,front-door,https://www.moparamerica.com/v-2017-dodge-challenger--sxt--3-6l-v6-gas/doors-door-mirrors-and-related-parts--front-door,4373728,4373728,Plug,,https://www.moparamerica.com/oem-parts/mopar-plug-antenna-hole-4373728
Challenger,SXT 3.6L,v-2017-dodge-challenger--sxt--3-6l-v6-gas,front-door,https://www.moparamerica.com/v-2017-dodge-challenger--sxt--3-6l-v6-gas/doors-door-mirrors-and-related-parts--front-door,68066174AJ,68066174AJ,Right,,https://www.moparamerica.com/oem-parts/mopar-door-handle-bracket-right-68066174aj
Challenger,SXT 3.6L,v-2017-dodge-challenger--sxt--3-6l-v6-gas,front-door,https://www.moparamerica.com/v-2017-dodge-challenger--sxt--3-6l-v6-gas/doors-door-mirrors-and-related-parts--front-door,68066175AK,68066175AK,Left,,https://www.moparamerica.com/oem-parts/mopar-door-handle-bracket-left-68066175ak
Challenger,SXT 3.6L,v-2017-dodge-challenger--sxt--3-6l-v6-gas,front-door,https://www.moparamerica.com/v-2017-dodge-challenger--sxt--3-6l-v6-gas/doors-door-mirrors-and-related-parts--front-door,68174640AH,68174640AH,Right,,https://www.moparamerica.com/oem-parts/mopar-front-door-latch-right-68174640ah
Challenger,SXT 3.6L,v-2017-dodge-challenger--sxt--3-6l-v6-gas,front-door,https://www.moparamerica.com/v-2017-dodge-challenger--sxt--3-6l-v6-gas/doors-door-mirrors-and-related-parts--front-door,68174641AH,68174641AH,Left,,https://www.moparamerica.com/oem-parts/mopar-front-door-latch-left-68174641ah
Challenger,SXT 3.6L,v-2017-dodge-challenger--sxt--3-6l-v6-gas,front-door,https://www.moparamerica.com/v-2017-dodge-challenger--sxt--3-6l-v6-gas/doors-door-mirrors-and-related-parts--front-door,6036651AA,6036651AA,Screw,,https://www.moparamerica.com/oem-parts/mopar-tapping-screw-6036651aa
Challenger,SXT 3.6L,v-2017-dodge-challenger--sxt--3-6l-v6-gas,front-door,https://www.moparamerica.com/v-2017-dodge-challenger--sxt--3-6l-v6-gas/doors-door-mirrors-and-related-parts--front-door,68043885AA,68043885AA,Left,,https://www.moparamerica.com/oem-parts/mopar-front-door-window-regulator-left-68043885aa
Challenger,SXT 3.6L,v-2017-dodge-challenger--sxt--3-6l-v6-gas,front-door,https://www.moparamerica.com/v-2017-dodge-challenger--sxt--3-6l-v6-gas/doors-door-mirrors-and-related-parts--front-door,68043884AA,68043884AA,Right,,https://www.moparamerica.com/oem-parts/mopar-front-door-window-regulator-right-68043884aa
Challenger,SXT 3.6L,v-2017-dodge-challenger--sxt--3-6l-v6-gas,front-door,https://www.moparamerica.com/v-2017-dodge-challenger--sxt--3-6l-v6-gas/doors-door-mirrors-and-related-parts--front-door,6509482AA,6509482AA,Washer,,https://www.moparamerica.com/oem-parts/mopar-hex-head-screw-and-washer-right-6509482aa
Challenger,SXT 3.6L,v-2017-dodge-challenger--sxt--3-6l-v6-gas,front-door,https://www.moparamerica.com/v-2017-dodge-challenger--sxt--3-6l-v6-gas/doors-door-mirrors-and-related-parts--front-door,68376200AA,68376200AA,Right,,https://www.moparamerica.com/oem-parts/mopar-2018-2021-dodge-challenger-window-regulator-motor-right-68376200aa
Challenger,SXT 3.6L,v-2017-dodge-challenger--sxt--3-6l-v6-gas,front-door,https://www.moparamerica.com/v-2017-dodge-challenger--sxt--3-6l-v6-gas/doors-door-mirrors-and-related-parts--front-door,68043882AA,68043882AA,Right,,https://www.moparamerica.com/oem-parts/mopar-window-regulator-motor-right-68043882aa
Challenger,SXT 3.6L,v-2017-dodge-challenger--sxt--3-6l-v6-gas,front-door,https://www.moparamerica.com/v-2017-dodge-challenger--sxt--3-6l-v6-gas/doors-door-mirrors-and-related-parts--front-door,68376201AA,68376201AA,Left,,https://www.moparamerica.com/oem-parts/mopar-2018-2021-dodge-challenger-window-regulator-motor-left-68376201aa
Challenger,SXT 3.6L,v-2017-dodge-challenger--sxt--3-6l-v6-gas,front-door,https://www.moparamerica.com/v-2017-dodge-challenger--sxt--3-6l-v6-gas/doors-door-mirrors-and-related-parts--front-door,68043883AA,68043883AA,Left,,https://www.moparamerica.com/oem-parts/mopar-window-regulator-motor-left-68043883aa
Challenger,SXT 3.6L,v-2017-dodge-challenger--sxt--3-6l-v6-gas,front-door,https://www.moparamerica.com/v-2017-dodge-challenger--sxt--3-6l-v6-gas/doors-door-mirrors-and-related-parts--front-door,6104725AA,6104725AA,Washer,,https://www.moparamerica.com/oem-parts/mopar-hex-nut-6104725aa
Challenger,R/T 5.7L,v-2017-dodge-challenger--r-t--5-7l-v8-gas,front-door,https://www.moparamerica.com/v-2017-dodge-challenger--r-t--5-7l-v8-gas/doors-door-mirrors-and-related-parts--front-door,68184930AA,68184930AA,"Door Handle Bracket, Right",Inside Release.,https://www.moparamerica.com/oem-parts/mopar-door-handle-bracket-right-68184930aa
Challenger,R/T 5.7L,v-2017-dodge-challenger--r-t--5-7l-v8-gas,front-door,https://www.moparamerica.com/v-2017-dodge-challenger--r-t--5-7l-v8-gas/doors-door-mirrors-and-related-parts--front-door,68195666AA,68195666AA,Window Motor Screw,,https://www.moparamerica.com/oem-parts/mopar-window-motor-screw-68195666aa
Challenger,R/T 5.7L,v-2017-dodge-challenger--r-t--5-7l-v8-gas,front-door,https://www.moparamerica.com/v-2017-dodge-challenger--r-t--5-7l-v8-gas/doors-door-mirrors-and-related-parts--front-door,68184931AA,68184931AA,"Door Handle Bracket, Left",Inside Release.,https://www.moparamerica.com/oem-parts/mopar-door-handle-bracket-left-68184931aa
Challenger,R/T 5.7L,v-2017-dodge-challenger--r-t--5-7l-v8-gas,front-door,https://www.moparamerica.com/v-2017-dodge-challenger--r-t--5-7l-v8-gas/doors-door-mirrors-and-related-parts--front-door,55276821AA,55276821AA,Round Black Tape,Front Door Mirror Flag. Latch Adjustment Hole. O/S Handle Attach Access Hole. Pinch Sensor Holes. Door Handle Access Hole. Latch Adjustment Plug. A-Pillar Door Inner Panel 19mm Diameter. Drain Hole Patch.,https://www.moparamerica.com/oem-parts/mopar-round-black-tape-55276821aa
Challenger,R/T 5.7L,v-2017-dodge-challenger--r-t--5-7l-v8-gas,front-door,https://www.moparamerica.com/v-2017-dodge-challenger--r-t--5-7l-v8-gas/doors-door-mirrors-and-related-parts--front-door,1MZ84KARAM,1MZ84KARAM,2011-2021 Mopar Front Door Exterior Handle Right,FRONT DOOR EXTERIOR,https://www.moparamerica.com/oem-parts/mopar-2011-2021-mopar-front-door-exterior-handle-right-1mz84karam
Challenger,R/T 5.7L,v-2017-dodge-challenger--r-t--5-7l-v8-gas,front-door,https://www.moparamerica.com/v-2017-dodge-challenger--r-t--5-7l-v8-gas/doors-door-mirrors-and-related-parts--front-door,1MZ84JSCAJ,1MZ84JSCAJ,"Front Door Exterior Handle, Right",,https://www.moparamerica.com/oem-parts/mopar-front-door-exterior-handle-right-1mz84jscaj
Challenger,R/T 5.7L,v-2017-dodge-challenger--r-t--5-7l-v8-gas,front-door,https://www.moparamerica.com/v-2017-dodge-challenger--r-t--5-7l-v8-gas/doors-door-mirrors-and-related-parts--front-door,1MZ85PDNAM,1MZ85PDNAM,2014-2021 Mopar Front Door Exterior Handle Left,,https://www.moparamerica.com/oem-parts/mopar-2014-2021-mopar-front-door-exterior-handle-left-1mz85pdnam
Challenger,R/T 5.7L,v-2017-dodge-challenger--r-t--5-7l-v8-gas,front-door,https://www.moparamerica.com/v-2017-dodge-challenger--r-t--5-7l-v8-gas/doors-door-mirrors-and-related-parts--front-door,1MZ85JSCAM,1MZ85JSCAM,2011-2021 Mopar Front Door Exterior Handle Left,FRONT DOOR EXTERIOR,https://www.moparamerica.com/oem-parts/mopar-2011-2021-mopar-front-door-exterior-handle-left-1mz85jscam
Challenger,R/T 5.7L,v-2017-dodge-challenger--r-t--5-7l-v8-gas,front-door,https://www.moparamerica.com/v-2017-dodge-challenger--r-t--5-7l-v8-gas/doors-door-mirrors-and-related-parts--front-door,1MZ85RY4AM,1MZ85RY4AM,"Front Door Exterior Handle, Left",,https://www.moparamerica.com/oem-parts/mopar-front-door-exterior-handle-left-1mz85ry4am
Challenger,R/T 5.7L,v-2017-dodge-challenger--r-t--5-7l-v8-gas,front-door,https://www.moparamerica.com/v-2017-dodge-challenger--r-t--5-7l-v8-gas/doors-door-mirrors-and-related-parts--front-door,1MZ85NVPAM,1MZ85NVPAM,2015-2021 Mopar Front Door Exterior Handle Left,FRONT DOOR EXTERIOR,https://www.moparamerica.com/oem-parts/mopar-2015-2021-mopar-front-door-exterior-handle-left-1mz85nvpam
Challenger,R/T 5.7L,v-2017-dodge-challenger--r-t--5-7l-v8-gas,front-door,https://www.moparamerica.com/v-2017-dodge-challenger--r-t--5-7l-v8-gas/doors-door-mirrors-and-related-parts--front-door,1MZ84KBXAM,1MZ84KBXAM,"Front Door Exterior Handle, Right",FRONT DOOR EXTERIOR,https://www.moparamerica.com/oem-parts/mopar-front-door-exterior-handle-right-1mz84kbxam
Challenger,R/T 5.7L,v-2017-dodge-challenger--r-t--5-7l-v8-gas,front-door,https://www.moparamerica.com/v-2017-dodge-challenger--r-t--5-7l-v8-gas/doors-door-mirrors-and-related-parts--front-door,1MZ84DX8AM,1MZ84DX8AM,2013-2021 Mopar Front Door Exterior Handle Right,FRONT DOOR EXTERIOR,https://www.moparamerica.com/oem-parts/mopar-2013-2021-mopar-front-door-exterior-handle-right-1mz84dx8am
Challenger,R/T 5.7L,v-2017-dodge-challenger--r-t--5-7l-v8-gas,front-door,https://www.moparamerica.com/v-2017-dodge-challenger--r-t--5-7l-v8-gas/doors-door-mirrors-and-related-parts--front-door,1MZ85JRYAM,1MZ85JRYAM,"Front Door Exterior Handle, Left",FRONT DOOR EXTERIOR,https://www.moparamerica.com/oem-parts/mopar-front-door-exterior-handle-left-1mz85jryam
Challenger,R/T 5.7L,v-2017-dodge-challenger--r-t--5-7l-v8-gas,front-door,https://www.moparamerica.com/v-2017-dodge-challenger--r-t--5-7l-v8-gas/doors-door-mirrors-and-related-parts--front-door,1MZ85GW7AM,1MZ85GW7AM,2020 2021 Dodge Challenger - Front Door Exterior Handle Left,FRONT DOOR EXTERIOR,https://www.moparamerica.com/oem-parts/mopar-2020-2021-dodge-challenger-front-door-exterior-handle-left-1mz85gw7am
Challenger,R/T 5.7L,v-2017-dodge-challenger--r-t--5-7l-v8-gas,front-door,https://www.moparamerica.com/v-2017-dodge-challenger--r-t--5-7l-v8-gas/doors-door-mirrors-and-related-parts--front-door,1MZ84LAUAM,1MZ84LAUAM,2013-2021 Mopar Front Door Exterior Handle Right,FRONT DOOR EXTERIOR,https://www.moparamerica.com/oem-parts/mopar-2013-2021-mopar-front-door-exterior-handle-right-1mz84lauam
Challenger,R/T 5.7L,v-2017-dodge-challenger--r-t--5-7l-v8-gas,front-door,https://www.moparamerica.com/v-2017-dodge-challenger--r-t--5-7l-v8-gas/doors-door-mirrors-and-related-parts--front-door,1MZ85DX8AM,1MZ85DX8AM,2013-2021 Mopar Front Door Exterior Handle Left,FRONT DOOR EXTERIOR,https://www.moparamerica.com/oem-parts/mopar-2013-2021-mopar-front-door-exterior-handle-left-1mz85dx8am
Challenger,R/T 5.7L,v-2017-dodge-challenger--r-t--5-7l-v8-gas,front-door,https://www.moparamerica.com/v-2017-dodge-challenger--r-t--5-7l-v8-gas/doors-door-mirrors-and-related-parts--front-door,1MZ84ZR3AM,1MZ84ZR3AM,2013-2021 Mopar Front Door Exterior Handle Right,FRONT DOOR EXTERIOR,https://www.moparamerica.com/oem-parts/mopar-2013-2021-mopar-front-door-exterior-handle-right-1mz84zr3am
Challenger,R/T 5.7L,v-2017-dodge-challenger--r-t--5-7l-v8-gas,front-door,https://www.moparamerica.com/v-2017-dodge-challenger--r-t--5-7l-v8-gas/doors-door-mirrors-and-related-parts--front-door,1MZ84NVPAM,1MZ84NVPAM,2020 2021 Dodge Challenger - Front Door Exterior Handle Right,FRONT DOOR EXTERIOR,https://www.moparamerica.com/oem-parts/mopar-2020-2021-dodge-challenger-front-door-exterior-handle-right-1mz84nvpam
Challenger,R/T 5.7L,v-2017-dodge-challenger--r-t--5-7l-v8-gas,front-door,https://www.moparamerica.com/v-2017-dodge-challenger--r-t--5-7l-v8-gas/doors-door-mirrors-and-related-parts--front-door,1MZ84RY4AM,1MZ84RY4AM,"Front Door Exterior Handle, Right",,https://www.moparamerica.com/oem-parts/mopar-front-door-exterior-handle-right-1mz84ry4am
Challenger,R/T 5.7L,v-2017-dodge-challenger--r-t--5-7l-v8-gas,front-door,https://www.moparamerica.com/v-2017-dodge-challenger--r-t--5-7l-v8-gas/doors-door-mirrors-and-related-parts--front-door,1MZ84NRVAM,1MZ84NRVAM,2014-2021 Mopar Front Door Exterior Handle Right,,https://www.moparamerica.com/oem-parts/mopar-2014-2021-mopar-front-door-exterior-handle-right-1mz84nrvam
Challenger,R/T 5.7L,v-2017-dodge-challenger--r-t--5-7l-v8-gas,front-door,https://www.moparamerica.com/v-2017-dodge-challenger--r-t--5-7l-v8-gas/doors-door-mirrors-and-related-parts--front-door,1MZ84GW7AM,1MZ84GW7AM,2020 2021 Dodge Challenger - Front Door Exterior Handle Right,FRONT DOOR EXTERIOR,https://www.moparamerica.com/oem-parts/mopar-2020-2021-dodge-challenger-front-door-exterior-handle-right-1mz84gw7am
Challenger,R/T 5.7L,v-2017-dodge-challenger--r-t--5-7l-v8-gas,front-door,https://www.moparamerica.com/v-2017-dodge-challenger--r-t--5-7l-v8-gas/doors-door-mirrors-and-related-parts--front-door,1MZ85KBXAM,1MZ85KBXAM,2013-2018 Mopar Front Door Exterior Handle Left,FRONT DOOR EXTERIOR,https://www.moparamerica.com/oem-parts/mopar-2013-2018-mopar-front-door-exterior-handle-left-1mz85kbxam
Challenger,R/T 5.7L,v-2017-dodge-challenger--r-t--5-7l-v8-gas,front-door,https://www.moparamerica.com/v-2017-dodge-challenger--r-t--5-7l-v8-gas/doors-door-mirrors-and-related-parts--front-door,1MZ85NRVAM,1MZ85NRVAM,2020 2021 Dodge Challenger - Front Door Exterior Handle Left,,https://www.moparamerica.com/oem-parts/mopar-2020-2021-dodge-challenger-front-door-exterior-handle-left-1mz85nrvam
Challenger,R/T 5.7L,v-2017-dodge-challenger--r-t--5-7l-v8-gas,front-door,https://www.moparamerica.com/v-2017-dodge-challenger--r-t--5-7l-v8-gas/doors-door-mirrors-and-related-parts--front-door,1MZ85LAUAM,1MZ85LAUAM,2013-2021 Mopar Front Door Exterior Handle Left,FRONT DOOR EXTERIOR,https://www.moparamerica.com/oem-parts/mopar-2013-2021-mopar-front-door-exterior-handle-left-1mz85lauam
Challenger,R/T 5.7L,v-2017-dodge-challenger--r-t--5-7l-v8-gas,front-door,https://www.moparamerica.com/v-2017-dodge-challenger--r-t--5-7l-v8-gas/doors-door-mirrors-and-related-parts--front-door,1MZ84MGMAM,1MZ84MGMAM,"Front Door Exterior Handle, Right",,https://www.moparamerica.com/oem-parts/mopar-front-door-exterior-handle-right-1mz84mgmam
Challenger,R/T 5.7L,v-2017-dodge-challenger--r-t--5-7l-v8-gas,front-door,https://www.moparamerica.com/v-2017-dodge-challenger--r-t--5-7l-v8-gas/doors-door-mirrors-and-related-parts--front-door,1MZ84PDNAM,1MZ84PDNAM,2014-2021 Mopar Front Door Exterior Handle Right,,https://www.moparamerica.com/oem-parts/mopar-2014-2021-mopar-front-door-exterior-handle-right-1mz84pdnam
Challenger,R/T 5.7L,v-2017-dodge-challenger--r-t--5-7l-v8-gas,front-door,https://www.moparamerica.com/v-2017-dodge-challenger--r-t--5-7l-v8-gas/doors-door-mirrors-and-related-parts--front-door,1MZ85ZR3AM,1MZ85ZR3AM,2013-2021 Mopar Front Door Exterior Handle Left,FRONT DOOR EXTERIOR,https://www.moparamerica.com/oem-parts/mopar-2013-2021-mopar-front-door-exterior-handle-left-1mz85zr3am
Challenger,R/T 5.7L,v-2017-dodge-challenger--r-t--5-7l-v8-gas,front-door,https://www.moparamerica.com/v-2017-dodge-challenger--r-t--5-7l-v8-gas/doors-door-mirrors-and-related-parts--front-door,1MZ84JRYAJ,1MZ84JRYAJ,"Front Door Exterior Handle, Right",FRONT DOOR EXTERIOR,https://www.moparamerica.com/oem-parts/mopar-front-door-exterior-handle-right-1mz84jryaj
Challenger,R/T 5.7L,v-2017-dodge-challenger--r-t--5-7l-v8-gas,front-door,https://www.moparamerica.com/v-2017-dodge-challenger--r-t--5-7l-v8-gas/doors-door-mirrors-and-related-parts--front-door,1MZ85KARAM,1MZ85KARAM,2011-2021 Mopar Front Door Exterior Handle Left,FRONT DOOR EXTERIOR,https://www.moparamerica.com/oem-parts/mopar-2011-2021-mopar-front-door-exterior-handle-left-1mz85karam
Challenger,R/T 5.7L,v-2017-dodge-challenger--r-t--5-7l-v8-gas,front-door,https://www.moparamerica.com/v-2017-dodge-challenger--r-t--5-7l-v8-gas/doors-door-mirrors-and-related-parts--front-door,1MZ85MGMAJ,1MZ85MGMAJ,"Front Door Exterior Handle, Left",,https://www.moparamerica.com/oem-parts/mopar-front-door-exterior-handle-left-1mz85mgmaj
Challenger,R/T 5.7L,v-2017-dodge-challenger--r-t--5-7l-v8-gas,front-door,https://www.moparamerica.com/v-2017-dodge-challenger--r-t--5-7l-v8-gas/doors-door-mirrors-and-related-parts--front-door,68066175AK,68066175AK,"Door Handle Bracket, Left",DOOR HANDLE,https://www.moparamerica.com/oem-parts/mopar-door-handle-bracket-left-68066175ak
Challenger,R/T 5.7L,v-2017-dodge-challenger--r-t--5-7l-v8-gas,front-door,https://www.moparamerica.com/v-2017-dodge-challenger--r-t--5-7l-v8-gas/doors-door-mirrors-and-related-parts--front-door,68066174AJ,68066174AJ,"Door Handle Bracket, Right",DOOR HANDLE,https://www.moparamerica.com/oem-parts/mopar-door-handle-bracket-right-68066174aj
Challenger,R/T 5.7L,v-2017-dodge-challenger--r-t--5-7l-v8-gas,front-door,https://www.moparamerica.com/v-2017-dodge-challenger--r-t--5-7l-v8-gas/doors-door-mirrors-and-related-parts--front-door,68174640AH,68174640AH,"Front Door Latch, Right",FRONT DOOR,https://www.moparamerica.com/oem-parts/mopar-front-door-latch-right-68174640ah
Challenger,R/T 5.7L,v-2017-dodge-challenger--r-t--5-7l-v8-gas,front-door,https://www.moparamerica.com/v-2017-dodge-challenger--r-t--5-7l-v8-gas/doors-door-mirrors-and-related-parts--front-door,68174641AH,68174641AH,"Front Door Latch, Left",FRONT DOOR,https://www.moparamerica.com/oem-parts/mopar-front-door-latch-left-68174641ah
Challenger,R/T 5.7L,v-2017-dodge-challenger--r-t--5-7l-v8-gas,front-door,https://www.moparamerica.com/v-2017-dodge-challenger--r-t--5-7l-v8-gas/doors-door-mirrors-and-related-parts--front-door,6036651AA,6036651AA,Tapping Screw,M6.3x1.8x38.1. Latch.,https://www.moparamerica.com/oem-parts/mopar-tapping-screw-6036651aa
Challenger,R/T 5.7L,v-2017-dodge-challenger--r-t--5-7l-v8-gas,front-door,https://www.moparamerica.com/v-2017-dodge-challenger--r-t--5-7l-v8-gas/doors-door-mirrors-and-related-parts--front-door,68043884AA,68043884AA,"Front Door Window Regulator, Right",,https://www.moparamerica.com/oem-parts/mopar-front-door-window-regulator-right-68043884aa
Challenger,R/T 5.7L,v-2017-dodge-challenger--r-t--5-7l-v8-gas,front-door,https://www.moparamerica.com/v-2017-dodge-challenger--r-t--5-7l-v8-gas/doors-door-mirrors-and-related-parts--front-door,68043885AA,68043885AA,"Front Door Window Regulator, Left",,https://www.moparamerica.com/oem-parts/mopar-front-door-window-regulator-left-68043885aa
Challenger,R/T 5.7L,v-2017-dodge-challenger--r-t--5-7l-v8-gas,front-door,https://www.moparamerica.com/v-2017-dodge-challenger--r-t--5-7l-v8-gas/doors-door-mirrors-and-related-parts--front-door,6509482AA,6509482AA,"Hex Head Screw And Washer, Right",Regulator To Glass.,https://www.moparamerica.com/oem-parts/mopar-hex-head-screw-and-washer-right-6509482aa
Challenger,R/T 5.7L,v-2017-dodge-challenger--r-t--5-7l-v8-gas,front-door,https://www.moparamerica.com/v-2017-dodge-challenger--r-t--5-7l-v8-gas/doors-door-mirrors-and-related-parts--front-door,68043883AA,68043883AA,"Window Regulator Motor, Left",Front Door.,https://www.moparamerica.com/oem-parts/mopar-window-regulator-motor-left-68043883aa
Challenger,R/T 5.7L,v-2017-dodge-challenger--r-t--5-7l-v8-gas,front-door,https://www.moparamerica.com/v-2017-dodge-challenger--r-t--5-7l-v8-gas/doors-door-mirrors-and-related-parts--front-door,68043882AA,68043882AA,"Window Regulator Motor, Right",Front Door.,https://www.moparamerica.com/oem-parts/mopar-window-regulator-motor-right-68043882aa
Challenger,R/T 5.7L,v-2017-dodge-challenger--r-t--5-7l-v8-gas,front-door,https://www.moparamerica.com/v-2017-dodge-challenger--r-t--5-7l-v8-gas/doors-door-mirrors-and-related-parts--front-door,68376201AA,68376201AA,2018-2021 Dodge Challenger - Window Regulator Motor Left,Front Door.,https://www.moparamerica.com/oem-parts/mopar-2018-2021-dodge-challenger-window-regulator-motor-left-68376201aa
Challenger,R/T 5.7L,v-2017-dodge-challenger--r-t--5-7l-v8-gas,front-door,https://www.moparamerica.com/v-2017-dodge-challenger--r-t--5-7l-v8-gas/doors-door-mirrors-and-related-parts--front-door,68376200AA,68376200AA,2018-2021 Dodge Challenger - Window Regulator Motor Right,Front Door.,https://www.moparamerica.com/oem-parts/mopar-2018-2021-dodge-challenger-window-regulator-motor-right-68376200aa
Challenger,R/T 5.7L,v-2017-dodge-challenger--r-t--5-7l-v8-gas,front-door,https://www.moparamerica.com/v-2017-dodge-challenger--r-t--5-7l-v8-gas/doors-door-mirrors-and-related-parts--front-door,6104725AA,06104725AA,Hex Nut,,https://www.moparamerica.com/oem-parts/mopar-hex-nut-6104725aa
Challenger,R/T 5.7L,v-2017-dodge-challenger--r-t--5-7l-v8-gas,front-door,https://www.moparamerica.com/v-2017-dodge-challenger--r-t--5-7l-v8-gas/doors-door-mirrors-and-related-parts--front-door,68066169AA,68066169AA,Key Cylinder To Latch Link,,https://www.moparamerica.com/oem-parts/mopar-key-cylinder-to-latch-link-68066169aa
Challenger,R/T 5.7L,v-2017-dodge-challenger--r-t--5-7l-v8-gas,front-door,https://www.moparamerica.com/v-2017-dodge-challenger--r-t--5-7l-v8-gas/doors-door-mirrors-and-related-parts--front-door,5UV45SZ6AB,5UV45SZ6AB,"Door Latch Knob And Link, Left",,https://www.moparamerica.com/oem-parts/mopar-door-latch-knob-and-link-left-5uv45sz6ab
Challenger,R/T 5.7L,v-2017-dodge-challenger--r-t--5-7l-v8-gas,front-door,https://www.moparamerica.com/v-2017-dodge-challenger--r-t--5-7l-v8-gas/doors-door-mirrors-and-related-parts--front-door,5UV44SZ6AB,5UV44SZ6AB,"Door Latch Knob And Link, Right",,https://www.moparamerica.com/oem-parts/mopar-door-latch-knob-and-link-right-5uv44sz6ab
Challenger,R/T 5.7L,v-2017-dodge-challenger--r-t--5-7l-v8-gas,front-door,https://www.moparamerica.com/v-2017-dodge-challenger--r-t--5-7l-v8-gas/doors-door-mirrors-and-related-parts--front-door,68359597AD,68359597AD,"Outside Handle Cable, Right",OUTSIDE HANDLE,https://www.moparamerica.com/oem-parts/mopar-outside-handle-cable-right-68359597ad
Challenger,R/T 5.7L,v-2017-dodge-challenger--r-t--5-7l-v8-gas,front-door,https://www.moparamerica.com/v-2017-dodge-challenger--r-t--5-7l-v8-gas/doors-door-mirrors-and-related-parts--front-door,68185764AD,68185764AD,"Inside Handle To Latch Cable, Right",Front Door.,https://www.moparamerica.com/oem-parts/mopar-inside-handle-to-latch-cable-right-68185764ad
Challenger,R/T 5.7L,v-2017-dodge-challenger--r-t--5-7l-v8-gas,front-door,https://www.moparamerica.com/v-2017-dodge-challenger--r-t--5-7l-v8-gas/doors-door-mirrors-and-related-parts--front-door,5056272AF,5056272AF,2020 2021 Dodge Challenger - Front Door Watershield Right,FRONT DOOR,https://www.moparamerica.com/oem-parts/mopar-2020-2021-dodge-challenger-front-door-watershield-right-5056272af
Challenger,R/T 5.7L,v-2017-dodge-challenger--r-t--5-7l-v8-gas,front-door,https://www.moparamerica.com/v-2017-dodge-challenger--r-t--5-7l-v8-gas/doors-door-mirrors-and-related-parts--front-door,5056273AF,5056273AF,2020 2021 Dodge Challenger - Front Door Watershield Left,FRONT DOOR,https://www.moparamerica.com/oem-parts/mopar-2020-2021-dodge-challenger-front-door-watershield-left-5056273af
Challenger,R/T 5.7L,v-2017-dodge-challenger--r-t--5-7l-v8-gas,front-door,https://www.moparamerica.com/v-2017-dodge-challenger--r-t--5-7l-v8-gas/doors-door-mirrors-and-related-parts--front-door,68183719AC,68183719AC,Door Pull Cup Bracket,,https://www.moparamerica.com/oem-parts/mopar-door-pull-cup-bracket-68183719ac
Challenger,R/T 5.7L,v-2017-dodge-challenger--r-t--5-7l-v8-gas,front-door,https://www.moparamerica.com/v-2017-dodge-challenger--r-t--5-7l-v8-gas/doors-door-mirrors-and-related-parts--front-door,6032723,6032723,Self Tapping Screw,,https://www.moparamerica.com/oem-parts/mopar-self-tapping-screw-6032723
Challenger,R/T 5.7L,v-2017-dodge-challenger--r-t--5-7l-v8-gas,front-door,https://www.moparamerica.com/v-2017-dodge-challenger--r-t--5-7l-v8-gas/doors-door-mirrors-and-related-parts--front-door,4784033AA,4784033AA,Door Trim Panel Plug,Large.,https://www.moparamerica.com/oem-parts/mopar-door-trim-panel-plug-4784033aa
Challenger,R/T 5.7L,v-2017-dodge-challenger--r-t--5-7l-v8-gas,front-door,https://www.moparamerica.com/v-2017-dodge-challenger--r-t--5-7l-v8-gas/doors-door-mirrors-and-related-parts--front-door,4784018AA,4784018AA,"Plug, Right",Grommet Snaps Into Door. Door Trim Panel.,https://www.moparamerica.com/oem-parts/mopar-plug-right-4784018aa
Challenger,R/T 5.7L,v-2017-dodge-challenger--r-t--5-7l-v8-gas,front-door,https://www.moparamerica.com/v-2017-dodge-challenger--r-t--5-7l-v8-gas/doors-door-mirrors-and-related-parts--front-door,4373728,4373728,"Plug, Antenna Hole","Lower Plenum, Left. Cowl. Below Latch.",https://www.moparamerica.com/oem-parts/mopar-plug-antenna-hole-4373728
Challenger,R/T 5.7L,v-2017-dodge-challenger--r-t--5-7l-v8-gas,front-door,https://www.moparamerica.com/v-2017-dodge-challenger--r-t--5-7l-v8-gas/doors-door-mirrors-and-related-parts--front-door,1MZ84KARAM,1MZ84KARAM,Right,,https://www.moparamerica.com/oem-parts/mopar-2011-2021-mopar-front-door-exterior-handle-right-1mz84karam
Challenger,R/T 5.7L,v-2017-dodge-challenger--r-t--5-7l-v8-gas,front-door,https://www.moparamerica.com/v-2017-dodge-challenger--r-t--5-7l-v8-gas/doors-door-mirrors-and-related-parts--front-door,1MZ84JSCAJ,1MZ84JSCAJ,Right,,https://www.moparamerica.com/oem-parts/mopar-front-door-exterior-handle-right-1mz84jscaj
Challenger,R/T 5.7L,v-2017-dodge-challenger--r-t--5-7l-v8-gas,front-door,https://www.moparamerica.com/v-2017-dodge-challenger--r-t--5-7l-v8-gas/doors-door-mirrors-and-related-parts--front-door,1MZ85PDNAM,1MZ85PDNAM,Left,,https://www.moparamerica.com/oem-parts/mopar-2014-2021-mopar-front-door-exterior-handle-left-1mz85pdnam
Challenger,R/T 5.7L,v-2017-dodge-challenger--r-t--5-7l-v8-gas,front-door,https://www.moparamerica.com/v-2017-dodge-challenger--r-t--5-7l-v8-gas/doors-door-mirrors-and-related-parts--front-door,1MZ85JSCAM,1MZ85JSCAM,Left,,https://www.moparamerica.com/oem-parts/mopar-2011-2021-mopar-front-door-exterior-handle-left-1mz85jscam
Challenger,R/T 5.7L,v-2017-dodge-challenger--r-t--5-7l-v8-gas,front-door,https://www.moparamerica.com/v-2017-dodge-challenger--r-t--5-7l-v8-gas/doors-door-mirrors-and-related-parts--front-door,1MZ85RY4AM,1MZ85RY4AM,Left,,https://www.moparamerica.com/oem-parts/mopar-front-door-exterior-handle-left-1mz85ry4am
Challenger,R/T 5.7L,v-2017-dodge-challenger--r-t--5-7l-v8-gas,front-door,https://www.moparamerica.com/v-2017-dodge-challenger--r-t--5-7l-v8-gas/doors-door-mirrors-and-related-parts--front-door,68066169AA,68066169AA,Link,,https://www.moparamerica.com/oem-parts/mopar-key-cylinder-to-latch-link-68066169aa
Challenger,R/T 5.7L,v-2017-dodge-challenger--r-t--5-7l-v8-gas,front-door,https://www.moparamerica.com/v-2017-dodge-challenger--r-t--5-7l-v8-gas/doors-door-mirrors-and-related-parts--front-door,5UV45SZ6AB,5UV45SZ6AB,Left,,https://www.moparamerica.com/oem-parts/mopar-door-latch-knob-and-link-left-5uv45sz6ab
Challenger,R/T 5.7L,v-2017-dodge-challenger--r-t--5-7l-v8-gas,front-door,https://www.moparamerica.com/v-2017-dodge-challenger--r-t--5-7l-v8-gas/doors-door-mirrors-and-related-parts--front-door,5UV44SZ6AB,5UV44SZ6AB,Right,,https://www.moparamerica.com/oem-parts/mopar-door-latch-knob-and-link-right-5uv44sz6ab
Challenger,R/T 5.7L,v-2017-dodge-challenger--r-t--5-7l-v8-gas,front-door,https://www.moparamerica.com/v-2017-dodge-challenger--r-t--5-7l-v8-gas/doors-door-mirrors-and-related-parts--front-door,68359597AD,68359597AD,Cable,,https://www.moparamerica.com/oem-parts/mopar-outside-handle-cable-right-68359597ad
Challenger,R/T 5.7L,v-2017-dodge-challenger--r-t--5-7l-v8-gas,front-door,https://www.moparamerica.com/v-2017-dodge-challenger--r-t--5-7l-v8-gas/doors-door-mirrors-and-related-parts--front-door,68185764AD,68185764AD,Cable,,https://www.moparamerica.com/oem-parts/mopar-inside-handle-to-latch-cable-right-68185764ad
Challenger,R/T 5.7L,v-2017-dodge-challenger--r-t--5-7l-v8-gas,front-door,https://www.moparamerica.com/v-2017-dodge-challenger--r-t--5-7l-v8-gas/doors-door-mirrors-and-related-parts--front-door,5056272AF,5056272AF,Right,,https://www.moparamerica.com/oem-parts/mopar-2020-2021-dodge-challenger-front-door-watershield-right-5056272af
Challenger,R/T 5.7L,v-2017-dodge-challenger--r-t--5-7l-v8-gas,front-door,https://www.moparamerica.com/v-2017-dodge-challenger--r-t--5-7l-v8-gas/doors-door-mirrors-and-related-parts--front-door,5056273AF,5056273AF,Left,,https://www.moparamerica.com/oem-parts/mopar-2020-2021-dodge-challenger-front-door-watershield-left-5056273af
Challenger,R/T 5.7L,v-2017-dodge-challenger--r-t--5-7l-v8-gas,front-door,https://www.moparamerica.com/v-2017-dodge-challenger--r-t--5-7l-v8-gas/doors-door-mirrors-and-related-parts--front-door,68183719AC,68183719AC,Bracket,,https://www.moparamerica.com/oem-parts/mopar-door-pull-cup-bracket-68183719ac
Challenger,R/T 5.7L,v-2017-dodge-challenger--r-t--5-7l-v8-gas,front-door,https://www.moparamerica.com/v-2017-dodge-challenger--r-t--5-7l-v8-gas/doors-door-mirrors-and-related-parts--front-door,6032723,6032723,Screw,,https://www.moparamerica.com/oem-parts/mopar-self-tapping-screw-6032723
Challenger,R/T 5.7L,v-2017-dodge-challenger--r-t--5-7l-v8-gas,front-door,https://www.moparamerica.com/v-2017-dodge-challenger--r-t--5-7l-v8-gas/doors-door-mirrors-and-related-parts--front-door,4784033AA,4784033AA,Plug,,https://www.moparamerica.com/oem-parts/mopar-door-trim-panel-plug-4784033aa
Challenger,R/T 5.7L,v-2017-dodge-challenger--r-t--5-7l-v8-gas,front-door,https://www.moparamerica.com/v-2017-dodge-challenger--r-t--5-7l-v8-gas/doors-door-mirrors-and-related-parts--front-door,4784018AA,4784018AA,Plug,,https://www.moparamerica.com/oem-parts/mopar-plug-right-4784018aa
Challenger,R/T 5.7L,v-2017-dodge-challenger--r-t--5-7l-v8-gas,front-door,https://www.moparamerica.com/v-2017-dodge-challenger--r-t--5-7l-v8-gas/doors-door-mirrors-and-related-parts--front-door,4373728,4373728,Plug,,https://www.moparamerica.com/oem-parts/mopar-plug-antenna-hole-4373728
Challenger,R/T 5.7L,v-2017-dodge-challenger--r-t--5-7l-v8-gas,front-door,https://www.moparamerica.com/v-2017-dodge-challenger--r-t--5-7l-v8-gas/doors-door-mirrors-and-related-parts--front-door,68066175AK,68066175AK,Left,,https://www.moparamerica.com/oem-parts/mopar-door-handle-bracket-left-68066175ak
Challenger,R/T 5.7L,v-2017-dodge-challenger--r-t--5-7l-v8-gas,front-door,https://www.moparamerica.com/v-2017-dodge-challenger--r-t--5-7l-v8-gas/doors-door-mirrors-and-related-parts--front-door,68066174AJ,68066174AJ,Right,,https://www.moparamerica.com/oem-parts/mopar-door-handle-bracket-right-68066174aj
Challenger,R/T 5.7L,v-2017-dodge-challenger--r-t--5-7l-v8-gas,front-door,https://www.moparamerica.com/v-2017-dodge-challenger--r-t--5-7l-v8-gas/doors-door-mirrors-and-related-parts--front-door,68174640AH,68174640AH,Right,,https://www.moparamerica.com/oem-parts/mopar-front-door-latch-right-68174640ah
Challenger,R/T 5.7L,v-2017-dodge-challenger--r-t--5-7l-v8-gas,front-door,https://www.moparamerica.com/v-2017-dodge-challenger--r-t--5-7l-v8-gas/doors-door-mirrors-and-related-parts--front-door,68174641AH,68174641AH,Left,,https://www.moparamerica.com/oem-parts/mopar-front-door-latch-left-68174641ah
Challenger,R/T 5.7L,v-2017-dodge-challenger--r-t--5-7l-v8-gas,front-door,https://www.moparamerica.com/v-2017-dodge-challenger--r-t--5-7l-v8-gas/doors-door-mirrors-and-related-parts--front-door,6036651AA,6036651AA,Screw,,https://www.moparamerica.com/oem-parts/mopar-tapping-screw-6036651aa
Challenger,R/T 5.7L,v-2017-dodge-challenger--r-t--5-7l-v8-gas,front-door,https://www.moparamerica.com/v-2017-dodge-challenger--r-t--5-7l-v8-gas/doors-door-mirrors-and-related-parts--front-door,68043884AA,68043884AA,Right,,https://www.moparamerica.com/oem-parts/mopar-front-door-window-regulator-right-68043884aa
Challenger,R/T 5.7L,v-2017-dodge-challenger--r-t--5-7l-v8-gas,front-door,https://www.moparamerica.com/v-2017-dodge-challenger--r-t--5-7l-v8-gas/doors-door-mirrors-and-related-parts--front-door,68043885AA,68043885AA,Left,,https://www.moparamerica.com/oem-parts/mopar-front-door-window-regulator-left-68043885aa
Challenger,R/T 5.7L,v-2017-dodge-challenger--r-t--5-7l-v8-gas,front-door,https://www.moparamerica.com/v-2017-dodge-challenger--r-t--5-7l-v8-gas/doors-door-mirrors-and-related-parts--front-door,6509482AA,6509482AA,Washer,,https://www.moparamerica.com/oem-parts/mopar-hex-head-screw-and-washer-right-6509482aa
Challenger,R/T 5.7L,v-2017-dodge-challenger--r-t--5-7l-v8-gas,front-door,https://www.moparamerica.com/v-2017-dodge-challenger--r-t--5-7l-v8-gas/doors-door-mirrors-and-related-parts--front-door,68043883AA,68043883AA,Left,,https://www.moparamerica.com/oem-parts/mopar-window-regulator-motor-left-68043883aa
Challenger,R/T 5.7L,v-2017-dodge-challenger--r-t--5-7l-v8-gas,front-door,https://www.moparamerica.com/v-2017-dodge-challenger--r-t--5-7l-v8-gas/doors-door-mirrors-and-related-parts--front-door,68043882AA,68043882AA,Right,,https://www.moparamerica.com/oem-parts/mopar-window-regulator-motor-right-68043882aa
Challenger,R/T 5.7L,v-2017-dodge-challenger--r-t--5-7l-v8-gas,front-door,https://www.moparamerica.com/v-2017-dodge-challenger--r-t--5-7l-v8-gas/doors-door-mirrors-and-related-parts--front-door,68376201AA,68376201AA,Left,,https://www.moparamerica.com/oem-parts/mopar-2018-2021-dodge-challenger-window-regulator-motor-left-68376201aa
Challenger,R/T 5.7L,v-2017-dodge-challenger--r-t--5-7l-v8-gas,front-door,https://www.moparamerica.com/v-2017-dodge-challenger--r-t--5-7l-v8-gas/doors-door-mirrors-and-related-parts--front-door,68376200AA,68376200AA,Right,,https://www.moparamerica.com/oem-parts/mopar-2018-2021-dodge-challenger-window-regulator-motor-right-68376200aa
Challenger,R/T 5.7L,v-2017-dodge-challenger--r-t--5-7l-v8-gas,front-door,https://www.moparamerica.com/v-2017-dodge-challenger--r-t--5-7l-v8-gas/doors-door-mirrors-and-related-parts--front-door,6104725AA,6104725AA,Washer,,https://www.moparamerica.com/oem-parts/mopar-hex-nut-6104725aa
Challenger,R/T Scat Pack 6.4L,v-2017-dodge-challenger--r-t-scat-pack--6-4l-v8-gas,front-door,https://www.moparamerica.com/v-2017-dodge-challenger--r-t-scat-pack--6-4l-v8-gas/doors-door-mirrors-and-related-parts--front-door,68184930AA,68184930AA,"Door Handle Bracket, Right",Inside Release.,https://www.moparamerica.com/oem-parts/mopar-door-handle-bracket-right-68184930aa
Challenger,R/T Scat Pack 6.4L,v-2017-dodge-challenger--r-t-scat-pack--6-4l-v8-gas,front-door,https://www.moparamerica.com/v-2017-dodge-challenger--r-t-scat-pack--6-4l-v8-gas/doors-door-mirrors-and-related-parts--front-door,68184931AA,68184931AA,"Door Handle Bracket, Left",Inside Release.,https://www.moparamerica.com/oem-parts/mopar-door-handle-bracket-left-68184931aa
Challenger,R/T Scat Pack 6.4L,v-2017-dodge-challenger--r-t-scat-pack--6-4l-v8-gas,front-door,https://www.moparamerica.com/v-2017-dodge-challenger--r-t-scat-pack--6-4l-v8-gas/doors-door-mirrors-and-related-parts--front-door,68195666AA,68195666AA,Window Motor Screw,,https://www.moparamerica.com/oem-parts/mopar-window-motor-screw-68195666aa
Challenger,R/T Scat Pack 6.4L,v-2017-dodge-challenger--r-t-scat-pack--6-4l-v8-gas,front-door,https://www.moparamerica.com/v-2017-dodge-challenger--r-t-scat-pack--6-4l-v8-gas/doors-door-mirrors-and-related-parts--front-door,55276821AA,55276821AA,Round Black Tape,Front Door Mirror Flag. Latch Adjustment Hole. O/S Handle Attach Access Hole. Pinch Sensor Holes. Door Handle Access Hole. Latch Adjustment Plug. A-Pillar Door Inner Panel 19mm Diameter. Drain Hole Patch.,https://www.moparamerica.com/oem-parts/mopar-round-black-tape-55276821aa
Challenger,R/T Scat Pack 6.4L,v-2017-dodge-challenger--r-t-scat-pack--6-4l-v8-gas,front-door,https://www.moparamerica.com/v-2017-dodge-challenger--r-t-scat-pack--6-4l-v8-gas/doors-door-mirrors-and-related-parts--front-door,1MZ85NVPAM,1MZ85NVPAM,2015-2021 Mopar Front Door Exterior Handle Left,FRONT DOOR EXTERIOR,https://www.moparamerica.com/oem-parts/mopar-2015-2021-mopar-front-door-exterior-handle-left-1mz85nvpam
Challenger,R/T Scat Pack 6.4L,v-2017-dodge-challenger--r-t-scat-pack--6-4l-v8-gas,front-door,https://www.moparamerica.com/v-2017-dodge-challenger--r-t-scat-pack--6-4l-v8-gas/doors-door-mirrors-and-related-parts--front-door,1MZ85MGMAJ,1MZ85MGMAJ,"Front Door Exterior Handle, Left",,https://www.moparamerica.com/oem-parts/mopar-front-door-exterior-handle-left-1mz85mgmaj
Challenger,R/T Scat Pack 6.4L,v-2017-dodge-challenger--r-t-scat-pack--6-4l-v8-gas,front-door,https://www.moparamerica.com/v-2017-dodge-challenger--r-t-scat-pack--6-4l-v8-gas/doors-door-mirrors-and-related-parts--front-door,1MZ84LAUAM,1MZ84LAUAM,2013-2021 Mopar Front Door Exterior Handle Right,FRONT DOOR EXTERIOR,https://www.moparamerica.com/oem-parts/mopar-2013-2021-mopar-front-door-exterior-handle-right-1mz84lauam
Challenger,R/T Scat Pack 6.4L,v-2017-dodge-challenger--r-t-scat-pack--6-4l-v8-gas,front-door,https://www.moparamerica.com/v-2017-dodge-challenger--r-t-scat-pack--6-4l-v8-gas/doors-door-mirrors-and-related-parts--front-door,1MZ84KBXAM,1MZ84KBXAM,"Front Door Exterior Handle, Right",FRONT DOOR EXTERIOR,https://www.moparamerica.com/oem-parts/mopar-front-door-exterior-handle-right-1mz84kbxam
Challenger,R/T Scat Pack 6.4L,v-2017-dodge-challenger--r-t-scat-pack--6-4l-v8-gas,front-door,https://www.moparamerica.com/v-2017-dodge-challenger--r-t-scat-pack--6-4l-v8-gas/doors-door-mirrors-and-related-parts--front-door,1MZ85GW7AM,1MZ85GW7AM,2020 2021 Dodge Challenger - Front Door Exterior Handle Left,FRONT DOOR EXTERIOR,https://www.moparamerica.com/oem-parts/mopar-2020-2021-dodge-challenger-front-door-exterior-handle-left-1mz85gw7am
Challenger,R/T Scat Pack 6.4L,v-2017-dodge-challenger--r-t-scat-pack--6-4l-v8-gas,front-door,https://www.moparamerica.com/v-2017-dodge-challenger--r-t-scat-pack--6-4l-v8-gas/doors-door-mirrors-and-related-parts--front-door,1MZ84DX8AM,1MZ84DX8AM,2013-2021 Mopar Front Door Exterior Handle Right,FRONT DOOR EXTERIOR,https://www.moparamerica.com/oem-parts/mopar-2013-2021-mopar-front-door-exterior-handle-right-1mz84dx8am
Challenger,R/T Scat Pack 6.4L,v-2017-dodge-challenger--r-t-scat-pack--6-4l-v8-gas,front-door,https://www.moparamerica.com/v-2017-dodge-challenger--r-t-scat-pack--6-4l-v8-gas/doors-door-mirrors-and-related-parts--front-door,1MZ85NRVAM,1MZ85NRVAM,2020 2021 Dodge Challenger - Front Door Exterior Handle Left,,https://www.moparamerica.com/oem-parts/mopar-2020-2021-dodge-challenger-front-door-exterior-handle-left-1mz85nrvam
Challenger,R/T Scat Pack 6.4L,v-2017-dodge-challenger--r-t-scat-pack--6-4l-v8-gas,front-door,https://www.moparamerica.com/v-2017-dodge-challenger--r-t-scat-pack--6-4l-v8-gas/doors-door-mirrors-and-related-parts--front-door,1MZ84GW7AM,1MZ84GW7AM,2020 2021 Dodge Challenger - Front Door Exterior Handle Right,FRONT DOOR EXTERIOR,https://www.moparamerica.com/oem-parts/mopar-2020-2021-dodge-challenger-front-door-exterior-handle-right-1mz84gw7am
Challenger,R/T Scat Pack 6.4L,v-2017-dodge-challenger--r-t-scat-pack--6-4l-v8-gas,front-door,https://www.moparamerica.com/v-2017-dodge-challenger--r-t-scat-pack--6-4l-v8-gas/doors-door-mirrors-and-related-parts--front-door,1MZ84RY4AM,1MZ84RY4AM,"Front Door Exterior Handle, Right",,https://www.moparamerica.com/oem-parts/mopar-front-door-exterior-handle-right-1mz84ry4am
Challenger,R/T Scat Pack 6.4L,v-2017-dodge-challenger--r-t-scat-pack--6-4l-v8-gas,front-door,https://www.moparamerica.com/v-2017-dodge-challenger--r-t-scat-pack--6-4l-v8-gas/doors-door-mirrors-and-related-parts--front-door,1MZ85DX8AM,1MZ85DX8AM,2013-2021 Mopar Front Door Exterior Handle Left,FRONT DOOR EXTERIOR,https://www.moparamerica.com/oem-parts/mopar-2013-2021-mopar-front-door-exterior-handle-left-1mz85dx8am
Challenger,R/T Scat Pack 6.4L,v-2017-dodge-challenger--r-t-scat-pack--6-4l-v8-gas,front-door,https://www.moparamerica.com/v-2017-dodge-challenger--r-t-scat-pack--6-4l-v8-gas/doors-door-mirrors-and-related-parts--front-door,1MZ84PDNAM,1MZ84PDNAM,2014-2021 Mopar Front Door Exterior Handle Right,,https://www.moparamerica.com/oem-parts/mopar-2014-2021-mopar-front-door-exterior-handle-right-1mz84pdnam
Challenger,R/T Scat Pack 6.4L,v-2017-dodge-challenger--r-t-scat-pack--6-4l-v8-gas,front-door,https://www.moparamerica.com/v-2017-dodge-challenger--r-t-scat-pack--6-4l-v8-gas/doors-door-mirrors-and-related-parts--front-door,1MZ85KBXAM,1MZ85KBXAM,2013-2018 Mopar Front Door Exterior Handle Left,FRONT DOOR EXTERIOR,https://www.moparamerica.com/oem-parts/mopar-2013-2018-mopar-front-door-exterior-handle-left-1mz85kbxam
Challenger,R/T Scat Pack 6.4L,v-2017-dodge-challenger--r-t-scat-pack--6-4l-v8-gas,front-door,https://www.moparamerica.com/v-2017-dodge-challenger--r-t-scat-pack--6-4l-v8-gas/doors-door-mirrors-and-related-parts--front-door,1MZ84KARAM,1MZ84KARAM,2011-2021 Mopar Front Door Exterior Handle Right,FRONT DOOR EXTERIOR,https://www.moparamerica.com/oem-parts/mopar-2011-2021-mopar-front-door-exterior-handle-right-1mz84karam
Challenger,R/T Scat Pack 6.4L,v-2017-dodge-challenger--r-t-scat-pack--6-4l-v8-gas,front-door,https://www.moparamerica.com/v-2017-dodge-challenger--r-t-scat-pack--6-4l-v8-gas/doors-door-mirrors-and-related-parts--front-door,1MZ84ZR3AM,1MZ84ZR3AM,2013-2021 Mopar Front Door Exterior Handle Right,FRONT DOOR EXTERIOR,https://www.moparamerica.com/oem-parts/mopar-2013-2021-mopar-front-door-exterior-handle-right-1mz84zr3am
Challenger,R/T Scat Pack 6.4L,v-2017-dodge-challenger--r-t-scat-pack--6-4l-v8-gas,front-door,https://www.moparamerica.com/v-2017-dodge-challenger--r-t-scat-pack--6-4l-v8-gas/doors-door-mirrors-and-related-parts--front-door,1MZ84NVPAM,1MZ84NVPAM,2020 2021 Dodge Challenger - Front Door Exterior Handle Right,FRONT DOOR EXTERIOR,https://www.moparamerica.com/oem-parts/mopar-2020-2021-dodge-challenger-front-door-exterior-handle-right-1mz84nvpam
Challenger,R/T Scat Pack 6.4L,v-2017-dodge-challenger--r-t-scat-pack--6-4l-v8-gas,front-door,https://www.moparamerica.com/v-2017-dodge-challenger--r-t-scat-pack--6-4l-v8-gas/doors-door-mirrors-and-related-parts--front-door,1MZ85LAUAM,1MZ85LAUAM,2013-2021 Mopar Front Door Exterior Handle Left,FRONT DOOR EXTERIOR,https://www.moparamerica.com/oem-parts/mopar-2013-2021-mopar-front-door-exterior-handle-left-1mz85lauam
Challenger,R/T Scat Pack 6.4L,v-2017-dodge-challenger--r-t-scat-pack--6-4l-v8-gas,front-door,https://www.moparamerica.com/v-2017-dodge-challenger--r-t-scat-pack--6-4l-v8-gas/doors-door-mirrors-and-related-parts--front-door,1MZ85KARAM,1MZ85KARAM,2011-2021 Mopar Front Door Exterior Handle Left,FRONT DOOR EXTERIOR,https://www.moparamerica.com/oem-parts/mopar-2011-2021-mopar-front-door-exterior-handle-left-1mz85karam
Challenger,R/T Scat Pack 6.4L,v-2017-dodge-challenger--r-t-scat-pack--6-4l-v8-gas,front-door,https://www.moparamerica.com/v-2017-dodge-challenger--r-t-scat-pack--6-4l-v8-gas/doors-door-mirrors-and-related-parts--front-door,1MZ84JSCAJ,1MZ84JSCAJ,"Front Door Exterior Handle, Right",,https://www.moparamerica.com/oem-parts/mopar-front-door-exterior-handle-right-1mz84jscaj
Challenger,R/T Scat Pack 6.4L,v-2017-dodge-challenger--r-t-scat-pack--6-4l-v8-gas,front-door,https://www.moparamerica.com/v-2017-dodge-challenger--r-t-scat-pack--6-4l-v8-gas/doors-door-mirrors-and-related-parts--front-door,1MZ85JRYAM,1MZ85JRYAM,"Front Door Exterior Handle, Left",FRONT DOOR EXTERIOR,https://www.moparamerica.com/oem-parts/mopar-front-door-exterior-handle-left-1mz85jryam
Challenger,R/T Scat Pack 6.4L,v-2017-dodge-challenger--r-t-scat-pack--6-4l-v8-gas,front-door,https://www.moparamerica.com/v-2017-dodge-challenger--r-t-scat-pack--6-4l-v8-gas/doors-door-mirrors-and-related-parts--front-door,1MZ84NRVAM,1MZ84NRVAM,2014-2021 Mopar Front Door Exterior Handle Right,,https://www.moparamerica.com/oem-parts/mopar-2014-2021-mopar-front-door-exterior-handle-right-1mz84nrvam
Challenger,R/T Scat Pack 6.4L,v-2017-dodge-challenger--r-t-scat-pack--6-4l-v8-gas,front-door,https://www.moparamerica.com/v-2017-dodge-challenger--r-t-scat-pack--6-4l-v8-gas/doors-door-mirrors-and-related-parts--front-door,1MZ85ZR3AM,1MZ85ZR3AM,2013-2021 Mopar Front Door Exterior Handle Left,FRONT DOOR EXTERIOR,https://www.moparamerica.com/oem-parts/mopar-2013-2021-mopar-front-door-exterior-handle-left-1mz85zr3am
Challenger,R/T Scat Pack 6.4L,v-2017-dodge-challenger--r-t-scat-pack--6-4l-v8-gas,front-door,https://www.moparamerica.com/v-2017-dodge-challenger--r-t-scat-pack--6-4l-v8-gas/doors-door-mirrors-and-related-parts--front-door,1MZ84JRYAJ,1MZ84JRYAJ,"Front Door Exterior Handle, Right",FRONT DOOR EXTERIOR,https://www.moparamerica.com/oem-parts/mopar-front-door-exterior-handle-right-1mz84jryaj
Challenger,R/T Scat Pack 6.4L,v-2017-dodge-challenger--r-t-scat-pack--6-4l-v8-gas,front-door,https://www.moparamerica.com/v-2017-dodge-challenger--r-t-scat-pack--6-4l-v8-gas/doors-door-mirrors-and-related-parts--front-door,1MZ85JSCAM,1MZ85JSCAM,2011-2021 Mopar Front Door Exterior Handle Left,FRONT DOOR EXTERIOR,https://www.moparamerica.com/oem-parts/mopar-2011-2021-mopar-front-door-exterior-handle-left-1mz85jscam
Challenger,R/T Scat Pack 6.4L,v-2017-dodge-challenger--r-t-scat-pack--6-4l-v8-gas,front-door,https://www.moparamerica.com/v-2017-dodge-challenger--r-t-scat-pack--6-4l-v8-gas/doors-door-mirrors-and-related-parts--front-door,1MZ85PDNAM,1MZ85PDNAM,2014-2021 Mopar Front Door Exterior Handle Left,,https://www.moparamerica.com/oem-parts/mopar-2014-2021-mopar-front-door-exterior-handle-left-1mz85pdnam
Challenger,R/T Scat Pack 6.4L,v-2017-dodge-challenger--r-t-scat-pack--6-4l-v8-gas,front-door,https://www.moparamerica.com/v-2017-dodge-challenger--r-t-scat-pack--6-4l-v8-gas/doors-door-mirrors-and-related-parts--front-door,1MZ85RY4AM,1MZ85RY4AM,"Front Door Exterior Handle, Left",,https://www.moparamerica.com/oem-parts/mopar-front-door-exterior-handle-left-1mz85ry4am
Challenger,R/T Scat Pack 6.4L,v-2017-dodge-challenger--r-t-scat-pack--6-4l-v8-gas,front-door,https://www.moparamerica.com/v-2017-dodge-challenger--r-t-scat-pack--6-4l-v8-gas/doors-door-mirrors-and-related-parts--front-door,1MZ84MGMAM,1MZ84MGMAM,"Front Door Exterior Handle, Right",,https://www.moparamerica.com/oem-parts/mopar-front-door-exterior-handle-right-1mz84mgmam
Challenger,R/T Scat Pack 6.4L,v-2017-dodge-challenger--r-t-scat-pack--6-4l-v8-gas,front-door,https://www.moparamerica.com/v-2017-dodge-challenger--r-t-scat-pack--6-4l-v8-gas/doors-door-mirrors-and-related-parts--front-door,68066174AJ,68066174AJ,"Door Handle Bracket, Right",DOOR HANDLE,https://www.moparamerica.com/oem-parts/mopar-door-handle-bracket-right-68066174aj
Challenger,R/T Scat Pack 6.4L,v-2017-dodge-challenger--r-t-scat-pack--6-4l-v8-gas,front-door,https://www.moparamerica.com/v-2017-dodge-challenger--r-t-scat-pack--6-4l-v8-gas/doors-door-mirrors-and-related-parts--front-door,68066175AK,68066175AK,"Door Handle Bracket, Left",DOOR HANDLE,https://www.moparamerica.com/oem-parts/mopar-door-handle-bracket-left-68066175ak
Challenger,R/T Scat Pack 6.4L,v-2017-dodge-challenger--r-t-scat-pack--6-4l-v8-gas,front-door,https://www.moparamerica.com/v-2017-dodge-challenger--r-t-scat-pack--6-4l-v8-gas/doors-door-mirrors-and-related-parts--front-door,68174641AH,68174641AH,"Front Door Latch, Left",FRONT DOOR,https://www.moparamerica.com/oem-parts/mopar-front-door-latch-left-68174641ah
Challenger,R/T Scat Pack 6.4L,v-2017-dodge-challenger--r-t-scat-pack--6-4l-v8-gas,front-door,https://www.moparamerica.com/v-2017-dodge-challenger--r-t-scat-pack--6-4l-v8-gas/doors-door-mirrors-and-related-parts--front-door,68174640AH,68174640AH,"Front Door Latch, Right",FRONT DOOR,https://www.moparamerica.com/oem-parts/mopar-front-door-latch-right-68174640ah
Challenger,R/T Scat Pack 6.4L,v-2017-dodge-challenger--r-t-scat-pack--6-4l-v8-gas,front-door,https://www.moparamerica.com/v-2017-dodge-challenger--r-t-scat-pack--6-4l-v8-gas/doors-door-mirrors-and-related-parts--front-door,6036651AA,6036651AA,Tapping Screw,M6.3x1.8x38.1. Latch.,https://www.moparamerica.com/oem-parts/mopar-tapping-screw-6036651aa
Challenger,R/T Scat Pack 6.4L,v-2017-dodge-challenger--r-t-scat-pack--6-4l-v8-gas,front-door,https://www.moparamerica.com/v-2017-dodge-challenger--r-t-scat-pack--6-4l-v8-gas/doors-door-mirrors-and-related-parts--front-door,68043884AA,68043884AA,"Front Door Window Regulator, Right",,https://www.moparamerica.com/oem-parts/mopar-front-door-window-regulator-right-68043884aa
Challenger,R/T Scat Pack 6.4L,v-2017-dodge-challenger--r-t-scat-pack--6-4l-v8-gas,front-door,https://www.moparamerica.com/v-2017-dodge-challenger--r-t-scat-pack--6-4l-v8-gas/doors-door-mirrors-and-related-parts--front-door,68043885AA,68043885AA,"Front Door Window Regulator, Left",,https://www.moparamerica.com/oem-parts/mopar-front-door-window-regulator-left-68043885aa
Challenger,R/T Scat Pack 6.4L,v-2017-dodge-challenger--r-t-scat-pack--6-4l-v8-gas,front-door,https://www.moparamerica.com/v-2017-dodge-challenger--r-t-scat-pack--6-4l-v8-gas/doors-door-mirrors-and-related-parts--front-door,6509482AA,6509482AA,"Hex Head Screw And Washer, Right",Regulator To Glass.,https://www.moparamerica.com/oem-parts/mopar-hex-head-screw-and-washer-right-6509482aa
Challenger,R/T Scat Pack 6.4L,v-2017-dodge-challenger--r-t-scat-pack--6-4l-v8-gas,front-door,https://www.moparamerica.com/v-2017-dodge-challenger--r-t-scat-pack--6-4l-v8-gas/doors-door-mirrors-and-related-parts--front-door,68376201AA,68376201AA,2018-2021 Dodge Challenger - Window Regulator Motor Left,Front Door.,https://www.moparamerica.com/oem-parts/mopar-2018-2021-dodge-challenger-window-regulator-motor-left-68376201aa
Challenger,R/T Scat Pack 6.4L,v-2017-dodge-challenger--r-t-scat-pack--6-4l-v8-gas,front-door,https://www.moparamerica.com/v-2017-dodge-challenger--r-t-scat-pack--6-4l-v8-gas/doors-door-mirrors-and-related-parts--front-door,68043882AA,68043882AA,"Window Regulator Motor, Right",Front Door.,https://www.moparamerica.com/oem-parts/mopar-window-regulator-motor-right-68043882aa
Challenger,R/T Scat Pack 6.4L,v-2017-dodge-challenger--r-t-scat-pack--6-4l-v8-gas,front-door,https://www.moparamerica.com/v-2017-dodge-challenger--r-t-scat-pack--6-4l-v8-gas/doors-door-mirrors-and-related-parts--front-door,68376200AA,68376200AA,2018-2021 Dodge Challenger - Window Regulator Motor Right,Front Door.,https://www.moparamerica.com/oem-parts/mopar-2018-2021-dodge-challenger-window-regulator-motor-right-68376200aa
Challenger,R/T Scat Pack 6.4L,v-2017-dodge-challenger--r-t-scat-pack--6-4l-v8-gas,front-door,https://www.moparamerica.com/v-2017-dodge-challenger--r-t-scat-pack--6-4l-v8-gas/doors-door-mirrors-and-related-parts--front-door,68043883AA,68043883AA,"Window Regulator Motor, Left",Front Door.,https://www.moparamerica.com/oem-parts/mopar-window-regulator-motor-left-68043883aa
Challenger,R/T Scat Pack 6.4L,v-2017-dodge-challenger--r-t-scat-pack--6-4l-v8-gas,front-door,https://www.moparamerica.com/v-2017-dodge-challenger--r-t-scat-pack--6-4l-v8-gas/doors-door-mirrors-and-related-parts--front-door,6104725AA,06104725AA,Hex Nut,,https://www.moparamerica.com/oem-parts/mopar-hex-nut-6104725aa
Challenger,R/T Scat Pack 6.4L,v-2017-dodge-challenger--r-t-scat-pack--6-4l-v8-gas,front-door,https://www.moparamerica.com/v-2017-dodge-challenger--r-t-scat-pack--6-4l-v8-gas/doors-door-mirrors-and-related-parts--front-door,68066169AA,68066169AA,Key Cylinder To Latch Link,,https://www.moparamerica.com/oem-parts/mopar-key-cylinder-to-latch-link-68066169aa
Challenger,R/T Scat Pack 6.4L,v-2017-dodge-challenger--r-t-scat-pack--6-4l-v8-gas,front-door,https://www.moparamerica.com/v-2017-dodge-challenger--r-t-scat-pack--6-4l-v8-gas/doors-door-mirrors-and-related-parts--front-door,5UV44SZ6AB,5UV44SZ6AB,"Door Latch Knob And Link, Right",,https://www.moparamerica.com/oem-parts/mopar-door-latch-knob-and-link-right-5uv44sz6ab
Challenger,R/T Scat Pack 6.4L,v-2017-dodge-challenger--r-t-scat-pack--6-4l-v8-gas,front-door,https://www.moparamerica.com/v-2017-dodge-challenger--r-t-scat-pack--6-4l-v8-gas/doors-door-mirrors-and-related-parts--front-door,5UV45SZ6AB,5UV45SZ6AB,"Door Latch Knob And Link, Left",,https://www.moparamerica.com/oem-parts/mopar-door-latch-knob-and-link-left-5uv45sz6ab
Challenger,R/T Scat Pack 6.4L,v-2017-dodge-challenger--r-t-scat-pack--6-4l-v8-gas,front-door,https://www.moparamerica.com/v-2017-dodge-challenger--r-t-scat-pack--6-4l-v8-gas/doors-door-mirrors-and-related-parts--front-door,68359597AD,68359597AD,"Outside Handle Cable, Right",OUTSIDE HANDLE,https://www.moparamerica.com/oem-parts/mopar-outside-handle-cable-right-68359597ad
Challenger,R/T Scat Pack 6.4L,v-2017-dodge-challenger--r-t-scat-pack--6-4l-v8-gas,front-door,https://www.moparamerica.com/v-2017-dodge-challenger--r-t-scat-pack--6-4l-v8-gas/doors-door-mirrors-and-related-parts--front-door,68185764AD,68185764AD,"Inside Handle To Latch Cable, Right",Front Door.,https://www.moparamerica.com/oem-parts/mopar-inside-handle-to-latch-cable-right-68185764ad
Challenger,R/T Scat Pack 6.4L,v-2017-dodge-challenger--r-t-scat-pack--6-4l-v8-gas,front-door,https://www.moparamerica.com/v-2017-dodge-challenger--r-t-scat-pack--6-4l-v8-gas/doors-door-mirrors-and-related-parts--front-door,5056273AF,5056273AF,2020 2021 Dodge Challenger - Front Door Watershield Left,FRONT DOOR,https://www.moparamerica.com/oem-parts/mopar-2020-2021-dodge-challenger-front-door-watershield-left-5056273af
Challenger,R/T Scat Pack 6.4L,v-2017-dodge-challenger--r-t-scat-pack--6-4l-v8-gas,front-door,https://www.moparamerica.com/v-2017-dodge-challenger--r-t-scat-pack--6-4l-v8-gas/doors-door-mirrors-and-related-parts--front-door,5056272AF,5056272AF,2020 2021 Dodge Challenger - Front Door Watershield Right,FRONT DOOR,https://www.moparamerica.com/oem-parts/mopar-2020-2021-dodge-challenger-front-door-watershield-right-5056272af
Challenger,R/T Scat Pack 6.4L,v-2017-dodge-challenger--r-t-scat-pack--6-4l-v8-gas,front-door,https://www.moparamerica.com/v-2017-dodge-challenger--r-t-scat-pack--6-4l-v8-gas/doors-door-mirrors-and-related-parts--front-door,68183719AC,68183719AC,Door Pull Cup Bracket,,https://www.moparamerica.com/oem-parts/mopar-door-pull-cup-bracket-68183719ac
Challenger,R/T Scat Pack 6.4L,v-2017-dodge-challenger--r-t-scat-pack--6-4l-v8-gas,front-door,https://www.moparamerica.com/v-2017-dodge-challenger--r-t-scat-pack--6-4l-v8-gas/doors-door-mirrors-and-related-parts--front-door,6032723,6032723,Self Tapping Screw,,https://www.moparamerica.com/oem-parts/mopar-self-tapping-screw-6032723
Challenger,R/T Scat Pack 6.4L,v-2017-dodge-challenger--r-t-scat-pack--6-4l-v8-gas,front-door,https://www.moparamerica.com/v-2017-dodge-challenger--r-t-scat-pack--6-4l-v8-gas/doors-door-mirrors-and-related-parts--front-door,4784033AA,4784033AA,Door Trim Panel Plug,Large.,https://www.moparamerica.com/oem-parts/mopar-door-trim-panel-plug-4784033aa
Challenger,R/T Scat Pack 6.4L,v-2017-dodge-challenger--r-t-scat-pack--6-4l-v8-gas,front-door,https://www.moparamerica.com/v-2017-dodge-challenger--r-t-scat-pack--6-4l-v8-gas/doors-door-mirrors-and-related-parts--front-door,4784018AA,4784018AA,"Plug, Right",Grommet Snaps Into Door. Door Trim Panel.,https://www.moparamerica.com/oem-parts/mopar-plug-right-4784018aa
Challenger,R/T Scat Pack 6.4L,v-2017-dodge-challenger--r-t-scat-pack--6-4l-v8-gas,front-door,https://www.moparamerica.com/v-2017-dodge-challenger--r-t-scat-pack--6-4l-v8-gas/doors-door-mirrors-and-related-parts--front-door,4373728,4373728,"Plug, Antenna Hole","Lower Plenum, Left. Cowl. Below Latch.",https://www.moparamerica.com/oem-parts/mopar-plug-antenna-hole-4373728
Challenger,R/T Scat Pack 6.4L,v-2017-dodge-challenger--r-t-scat-pack--6-4l-v8-gas,front-door,https://www.moparamerica.com/v-2017-dodge-challenger--r-t-scat-pack--6-4l-v8-gas/doors-door-mirrors-and-related-parts--front-door,1MZ85NVPAM,1MZ85NVPAM,Left,,https://www.moparamerica.com/oem-parts/mopar-2015-2021-mopar-front-door-exterior-handle-left-1mz85nvpam
Challenger,R/T Scat Pack 6.4L,v-2017-dodge-challenger--r-t-scat-pack--6-4l-v8-gas,front-door,https://www.moparamerica.com/v-2017-dodge-challenger--r-t-scat-pack--6-4l-v8-gas/doors-door-mirrors-and-related-parts--front-door,1MZ85MGMAJ,1MZ85MGMAJ,Left,,https://www.moparamerica.com/oem-parts/mopar-front-door-exterior-handle-left-1mz85mgmaj
Challenger,R/T Scat Pack 6.4L,v-2017-dodge-challenger--r-t-scat-pack--6-4l-v8-gas,front-door,https://www.moparamerica.com/v-2017-dodge-challenger--r-t-scat-pack--6-4l-v8-gas/doors-door-mirrors-and-related-parts--front-door,1MZ84LAUAM,1MZ84LAUAM,Right,,https://www.moparamerica.com/oem-parts/mopar-2013-2021-mopar-front-door-exterior-handle-right-1mz84lauam
Challenger,R/T Scat Pack 6.4L,v-2017-dodge-challenger--r-t-scat-pack--6-4l-v8-gas,front-door,https://www.moparamerica.com/v-2017-dodge-challenger--r-t-scat-pack--6-4l-v8-gas/doors-door-mirrors-and-related-parts--front-door,1MZ84KBXAM,1MZ84KBXAM,Right,,https://www.moparamerica.com/oem-parts/mopar-front-door-exterior-handle-right-1mz84kbxam
Challenger,R/T Scat Pack 6.4L,v-2017-dodge-challenger--r-t-scat-pack--6-4l-v8-gas,front-door,https://www.moparamerica.com/v-2017-dodge-challenger--r-t-scat-pack--6-4l-v8-gas/doors-door-mirrors-and-related-parts--front-door,1MZ85GW7AM,1MZ85GW7AM,Left,,https://www.moparamerica.com/oem-parts/mopar-2020-2021-dodge-challenger-front-door-exterior-handle-left-1mz85gw7am
Challenger,R/T Scat Pack 6.4L,v-2017-dodge-challenger--r-t-scat-pack--6-4l-v8-gas,front-door,https://www.moparamerica.com/v-2017-dodge-challenger--r-t-scat-pack--6-4l-v8-gas/doors-door-mirrors-and-related-parts--front-door,68066169AA,68066169AA,Link,,https://www.moparamerica.com/oem-parts/mopar-key-cylinder-to-latch-link-68066169aa
Challenger,R/T Scat Pack 6.4L,v-2017-dodge-challenger--r-t-scat-pack--6-4l-v8-gas,front-door,https://www.moparamerica.com/v-2017-dodge-challenger--r-t-scat-pack--6-4l-v8-gas/doors-door-mirrors-and-related-parts--front-door,5UV44SZ6AB,5UV44SZ6AB,Right,,https://www.moparamerica.com/oem-parts/mopar-door-latch-knob-and-link-right-5uv44sz6ab
Challenger,R/T Scat Pack 6.4L,v-2017-dodge-challenger--r-t-scat-pack--6-4l-v8-gas,front-door,https://www.moparamerica.com/v-2017-dodge-challenger--r-t-scat-pack--6-4l-v8-gas/doors-door-mirrors-and-related-parts--front-door,5UV45SZ6AB,5UV45SZ6AB,Left,,https://www.moparamerica.com/oem-parts/mopar-door-latch-knob-and-link-left-5uv45sz6ab
Challenger,R/T Scat Pack 6.4L,v-2017-dodge-challenger--r-t-scat-pack--6-4l-v8-gas,front-door,https://www.moparamerica.com/v-2017-dodge-challenger--r-t-scat-pack--6-4l-v8-gas/doors-door-mirrors-and-related-parts--front-door,68359597AD,68359597AD,Cable,,https://www.moparamerica.com/oem-parts/mopar-outside-handle-cable-right-68359597ad
Challenger,R/T Scat Pack 6.4L,v-2017-dodge-challenger--r-t-scat-pack--6-4l-v8-gas,front-door,https://www.moparamerica.com/v-2017-dodge-challenger--r-t-scat-pack--6-4l-v8-gas/doors-door-mirrors-and-related-parts--front-door,68185764AD,68185764AD,Cable,,https://www.moparamerica.com/oem-parts/mopar-inside-handle-to-latch-cable-right-68185764ad
Challenger,R/T Scat Pack 6.4L,v-2017-dodge-challenger--r-t-scat-pack--6-4l-v8-gas,front-door,https://www.moparamerica.com/v-2017-dodge-challenger--r-t-scat-pack--6-4l-v8-gas/doors-door-mirrors-and-related-parts--front-door,5056273AF,5056273AF,Left,,https://www.moparamerica.com/oem-parts/mopar-2020-2021-dodge-challenger-front-door-watershield-left-5056273af
Challenger,R/T Scat Pack 6.4L,v-2017-dodge-challenger--r-t-scat-pack--6-4l-v8-gas,front-door,https://www.moparamerica.com/v-2017-dodge-challenger--r-t-scat-pack--6-4l-v8-gas/doors-door-mirrors-and-related-parts--front-door,5056272AF,5056272AF,Right,,https://www.moparamerica.com/oem-parts/mopar-2020-2021-dodge-challenger-front-door-watershield-right-5056272af
Challenger,R/T Scat Pack 6.4L,v-2017-dodge-challenger--r-t-scat-pack--6-4l-v8-gas,front-door,https://www.moparamerica.com/v-2017-dodge-challenger--r-t-scat-pack--6-4l-v8-gas/doors-door-mirrors-and-related-parts--front-door,68183719AC,68183719AC,Bracket,,https://www.moparamerica.com/oem-parts/mopar-door-pull-cup-bracket-68183719ac
Challenger,R/T Scat Pack 6.4L,v-2017-dodge-challenger--r-t-scat-pack--6-4l-v8-gas,front-door,https://www.moparamerica.com/v-2017-dodge-challenger--r-t-scat-pack--6-4l-v8-gas/doors-door-mirrors-and-related-parts--front-door,6032723,6032723,Screw,,https://www.moparamerica.com/oem-parts/mopar-self-tapping-screw-6032723
Challenger,R/T Scat Pack 6.4L,v-2017-dodge-challenger--r-t-scat-pack--6-4l-v8-gas,front-door,https://www.moparamerica.com/v-2017-dodge-challenger--r-t-scat-pack--6-4l-v8-gas/doors-door-mirrors-and-related-parts--front-door,4784033AA,4784033AA,Plug,,https://www.moparamerica.com/oem-parts/mopar-door-trim-panel-plug-4784033aa
Challenger,R/T Scat Pack 6.4L,v-2017-dodge-challenger--r-t-scat-pack--6-4l-v8-gas,front-door,https://www.moparamerica.com/v-2017-dodge-challenger--r-t-scat-pack--6-4l-v8-gas/doors-door-mirrors-and-related-parts--front-door,4784018AA,4784018AA,Plug,,https://www.moparamerica.com/oem-parts/mopar-plug-right-4784018aa
Challenger,R/T Scat Pack 6.4L,v-2017-dodge-challenger--r-t-scat-pack--6-4l-v8-gas,front-door,https://www.moparamerica.com/v-2017-dodge-challenger--r-t-scat-pack--6-4l-v8-gas/doors-door-mirrors-and-related-parts--front-door,4373728,4373728,Plug,,https://www.moparamerica.com/oem-parts/mopar-plug-antenna-hole-4373728
Challenger,R/T Scat Pack 6.4L,v-2017-dodge-challenger--r-t-scat-pack--6-4l-v8-gas,front-door,https://www.moparamerica.com/v-2017-dodge-challenger--r-t-scat-pack--6-4l-v8-gas/doors-door-mirrors-and-related-parts--front-door,68066174AJ,68066174AJ,Right,,https://www.moparamerica.com/oem-parts/mopar-door-handle-bracket-right-68066174aj
Challenger,R/T Scat Pack 6.4L,v-2017-dodge-challenger--r-t-scat-pack--6-4l-v8-gas,front-door,https://www.moparamerica.com/v-2017-dodge-challenger--r-t-scat-pack--6-4l-v8-gas/doors-door-mirrors-and-related-parts--front-door,68066175AK,68066175AK,Left,,https://www.moparamerica.com/oem-parts/mopar-door-handle-bracket-left-68066175ak
Challenger,R/T Scat Pack 6.4L,v-2017-dodge-challenger--r-t-scat-pack--6-4l-v8-gas,front-door,https://www.moparamerica.com/v-2017-dodge-challenger--r-t-scat-pack--6-4l-v8-gas/doors-door-mirrors-and-related-parts--front-door,68174641AH,68174641AH,Left,,https://www.moparamerica.com/oem-parts/mopar-front-door-latch-left-68174641ah
Challenger,R/T Scat Pack 6.4L,v-2017-dodge-challenger--r-t-scat-pack--6-4l-v8-gas,front-door,https://www.moparamerica.com/v-2017-dodge-challenger--r-t-scat-pack--6-4l-v8-gas/doors-door-mirrors-and-related-parts--front-door,68174640AH,68174640AH,Right,,https://www.moparamerica.com/oem-parts/mopar-front-door-latch-right-68174640ah
Challenger,R/T Scat Pack 6.4L,v-2017-dodge-challenger--r-t-scat-pack--6-4l-v8-gas,front-door,https://www.moparamerica.com/v-2017-dodge-challenger--r-t-scat-pack--6-4l-v8-gas/doors-door-mirrors-and-related-parts--front-door,6036651AA,6036651AA,Screw,,https://www.moparamerica.com/oem-parts/mopar-tapping-screw-6036651aa
Challenger,R/T Scat Pack 6.4L,v-2017-dodge-challenger--r-t-scat-pack--6-4l-v8-gas,front-door,https://www.moparamerica.com/v-2017-dodge-challenger--r-t-scat-pack--6-4l-v8-gas/doors-door-mirrors-and-related-parts--front-door,68043884AA,68043884AA,Right,,https://www.moparamerica.com/oem-parts/mopar-front-door-window-regulator-right-68043884aa
Challenger,R/T Scat Pack 6.4L,v-2017-dodge-challenger--r-t-scat-pack--6-4l-v8-gas,front-door,https://www.moparamerica.com/v-2017-dodge-challenger--r-t-scat-pack--6-4l-v8-gas/doors-door-mirrors-and-related-parts--front-door,68043885AA,68043885AA,Left,,https://www.moparamerica.com/oem-parts/mopar-front-door-window-regulator-left-68043885aa
Challenger,R/T Scat Pack 6.4L,v-2017-dodge-challenger--r-t-scat-pack--6-4l-v8-gas,front-door,https://www.moparamerica.com/v-2017-dodge-challenger--r-t-scat-pack--6-4l-v8-gas/doors-door-mirrors-and-related-parts--front-door,6509482AA,6509482AA,Washer,,https://www.moparamerica.com/oem-parts/mopar-hex-head-screw-and-washer-right-6509482aa
Challenger,R/T Scat Pack 6.4L,v-2017-dodge-challenger--r-t-scat-pack--6-4l-v8-gas,front-door,https://www.moparamerica.com/v-2017-dodge-challenger--r-t-scat-pack--6-4l-v8-gas/doors-door-mirrors-and-related-parts--front-door,68376201AA,68376201AA,Left,,https://www.moparamerica.com/oem-parts/mopar-2018-2021-dodge-challenger-window-regulator-motor-left-68376201aa
Challenger,R/T Scat Pack 6.4L,v-2017-dodge-challenger--r-t-scat-pack--6-4l-v8-gas,front-door,https://www.moparamerica.com/v-2017-dodge-challenger--r-t-scat-pack--6-4l-v8-gas/doors-door-mirrors-and-related-parts--front-door,68043882AA,68043882AA,Right,,https://www.moparamerica.com/oem-parts/mopar-window-regulator-motor-right-68043882aa
Challenger,R/T Scat Pack 6.4L,v-2017-dodge-challenger--r-t-scat-pack--6-4l-v8-gas,front-door,https://www.moparamerica.com/v-2017-dodge-challenger--r-t-scat-pack--6-4l-v8-gas/doors-door-mirrors-and-related-parts--front-door,68376200AA,68376200AA,Right,,https://www.moparamerica.com/oem-parts/mopar-2018-2021-dodge-challenger-window-regulator-motor-right-68376200aa
Challenger,R/T Scat Pack 6.4L,v-2017-dodge-challenger--r-t-scat-pack--6-4l-v8-gas,front-door,https://www.moparamerica.com/v-2017-dodge-challenger--r-t-scat-pack--6-4l-v8-gas/doors-door-mirrors-and-related-parts--front-door,68043883AA,68043883AA,Left,,https://www.moparamerica.com/oem-parts/mopar-window-regulator-motor-left-68043883aa
Challenger,R/T Scat Pack 6.4L,v-2017-dodge-challenger--r-t-scat-pack--6-4l-v8-gas,front-door,https://www.moparamerica.com/v-2017-dodge-challenger--r-t-scat-pack--6-4l-v8-gas/doors-door-mirrors-and-related-parts--front-door,6104725AA,6104725AA,Washer,,https://www.moparamerica.com/oem-parts/mopar-hex-nut-6104725aa
Challenger,SRT 392 6.4L,v-2017-dodge-challenger--srt-392--6-4l-v8-gas,front-door,https://www.moparamerica.com/v-2017-dodge-challenger--srt-392--6-4l-v8-gas/doors-door-mirrors-and-related-parts--front-door,55276821AA,55276821AA,Round Black Tape,Front Door Mirror Flag. Latch Adjustment Hole. O/S Handle Attach Access Hole. Pinch Sensor Holes. Door Handle Access Hole. Latch Adjustment Plug. A-Pillar Door Inner Panel 19mm Diameter. Drain Hole Patch.,https://www.moparamerica.com/oem-parts/mopar-round-black-tape-55276821aa
Challenger,SRT 392 6.4L,v-2017-dodge-challenger--srt-392--6-4l-v8-gas,front-door,https://www.moparamerica.com/v-2017-dodge-challenger--srt-392--6-4l-v8-gas/doors-door-mirrors-and-related-parts--front-door,68184930AA,68184930AA,"Door Handle Bracket, Right",Inside Release.,https://www.moparamerica.com/oem-parts/mopar-door-handle-bracket-right-68184930aa
Challenger,SRT 392 6.4L,v-2017-dodge-challenger--srt-392--6-4l-v8-gas,front-door,https://www.moparamerica.com/v-2017-dodge-challenger--srt-392--6-4l-v8-gas/doors-door-mirrors-and-related-parts--front-door,68195666AA,68195666AA,Window Motor Screw,,https://www.moparamerica.com/oem-parts/mopar-window-motor-screw-68195666aa
Challenger,SRT 392 6.4L,v-2017-dodge-challenger--srt-392--6-4l-v8-gas,front-door,https://www.moparamerica.com/v-2017-dodge-challenger--srt-392--6-4l-v8-gas/doors-door-mirrors-and-related-parts--front-door,68184931AA,68184931AA,"Door Handle Bracket, Left",Inside Release.,https://www.moparamerica.com/oem-parts/mopar-door-handle-bracket-left-68184931aa
Challenger,SRT 392 6.4L,v-2017-dodge-challenger--srt-392--6-4l-v8-gas,front-door,https://www.moparamerica.com/v-2017-dodge-challenger--srt-392--6-4l-v8-gas/doors-door-mirrors-and-related-parts--front-door,1MZ85MGMAJ,1MZ85MGMAJ,"Front Door Exterior Handle, Left",,https://www.moparamerica.com/oem-parts/mopar-front-door-exterior-handle-left-1mz85mgmaj
Challenger,SRT 392 6.4L,v-2017-dodge-challenger--srt-392--6-4l-v8-gas,front-door,https://www.moparamerica.com/v-2017-dodge-challenger--srt-392--6-4l-v8-gas/doors-door-mirrors-and-related-parts--front-door,1MZ85JRYAM,1MZ85JRYAM,"Front Door Exterior Handle, Left",FRONT DOOR EXTERIOR,https://www.moparamerica.com/oem-parts/mopar-front-door-exterior-handle-left-1mz85jryam
Challenger,SRT 392 6.4L,v-2017-dodge-challenger--srt-392--6-4l-v8-gas,front-door,https://www.moparamerica.com/v-2017-dodge-challenger--srt-392--6-4l-v8-gas/doors-door-mirrors-and-related-parts--front-door,1MZ85NRVAM,1MZ85NRVAM,2020 2021 Dodge Challenger - Front Door Exterior Handle Left,,https://www.moparamerica.com/oem-parts/mopar-2020-2021-dodge-challenger-front-door-exterior-handle-left-1mz85nrvam
Challenger,SRT 392 6.4L,v-2017-dodge-challenger--srt-392--6-4l-v8-gas,front-door,https://www.moparamerica.com/v-2017-dodge-challenger--srt-392--6-4l-v8-gas/doors-door-mirrors-and-related-parts--front-door,1MZ85JSCAM,1MZ85JSCAM,2011-2021 Mopar Front Door Exterior Handle Left,FRONT DOOR EXTERIOR,https://www.moparamerica.com/oem-parts/mopar-2011-2021-mopar-front-door-exterior-handle-left-1mz85jscam
Challenger,SRT 392 6.4L,v-2017-dodge-challenger--srt-392--6-4l-v8-gas,front-door,https://www.moparamerica.com/v-2017-dodge-challenger--srt-392--6-4l-v8-gas/doors-door-mirrors-and-related-parts--front-door,1MZ84RY4AM,1MZ84RY4AM,"Front Door Exterior Handle, Right",,https://www.moparamerica.com/oem-parts/mopar-front-door-exterior-handle-right-1mz84ry4am
Challenger,SRT 392 6.4L,v-2017-dodge-challenger--srt-392--6-4l-v8-gas,front-door,https://www.moparamerica.com/v-2017-dodge-challenger--srt-392--6-4l-v8-gas/doors-door-mirrors-and-related-parts--front-door,1MZ85NVPAM,1MZ85NVPAM,2015-2021 Mopar Front Door Exterior Handle Left,FRONT DOOR EXTERIOR,https://www.moparamerica.com/oem-parts/mopar-2015-2021-mopar-front-door-exterior-handle-left-1mz85nvpam
Challenger,SRT 392 6.4L,v-2017-dodge-challenger--srt-392--6-4l-v8-gas,front-door,https://www.moparamerica.com/v-2017-dodge-challenger--srt-392--6-4l-v8-gas/doors-door-mirrors-and-related-parts--front-door,1MZ85LAUAM,1MZ85LAUAM,2013-2021 Mopar Front Door Exterior Handle Left,FRONT DOOR EXTERIOR,https://www.moparamerica.com/oem-parts/mopar-2013-2021-mopar-front-door-exterior-handle-left-1mz85lauam
Challenger,SRT 392 6.4L,v-2017-dodge-challenger--srt-392--6-4l-v8-gas,front-door,https://www.moparamerica.com/v-2017-dodge-challenger--srt-392--6-4l-v8-gas/doors-door-mirrors-and-related-parts--front-door,1MZ84MGMAM,1MZ84MGMAM,"Front Door Exterior Handle, Right",,https://www.moparamerica.com/oem-parts/mopar-front-door-exterior-handle-right-1mz84mgmam
Challenger,SRT 392 6.4L,v-2017-dodge-challenger--srt-392--6-4l-v8-gas,front-door,https://www.moparamerica.com/v-2017-dodge-challenger--srt-392--6-4l-v8-gas/doors-door-mirrors-and-related-parts--front-door,1MZ84GW7AM,1MZ84GW7AM,2020 2021 Dodge Challenger - Front Door Exterior Handle Right,FRONT DOOR EXTERIOR,https://www.moparamerica.com/oem-parts/mopar-2020-2021-dodge-challenger-front-door-exterior-handle-right-1mz84gw7am
Challenger,SRT 392 6.4L,v-2017-dodge-challenger--srt-392--6-4l-v8-gas,front-door,https://www.moparamerica.com/v-2017-dodge-challenger--srt-392--6-4l-v8-gas/doors-door-mirrors-and-related-parts--front-door,1MZ84NVPAM,1MZ84NVPAM,2020 2021 Dodge Challenger - Front Door Exterior Handle Right,FRONT DOOR EXTERIOR,https://www.moparamerica.com/oem-parts/mopar-2020-2021-dodge-challenger-front-door-exterior-handle-right-1mz84nvpam
Challenger,SRT 392 6.4L,v-2017-dodge-challenger--srt-392--6-4l-v8-gas,front-door,https://www.moparamerica.com/v-2017-dodge-challenger--srt-392--6-4l-v8-gas/doors-door-mirrors-and-related-parts--front-door,1MZ84PDNAM,1MZ84PDNAM,2014-2021 Mopar Front Door Exterior Handle Right,,https://www.moparamerica.com/oem-parts/mopar-2014-2021-mopar-front-door-exterior-handle-right-1mz84pdnam
Challenger,SRT 392 6.4L,v-2017-dodge-challenger--srt-392--6-4l-v8-gas,front-door,https://www.moparamerica.com/v-2017-dodge-challenger--srt-392--6-4l-v8-gas/doors-door-mirrors-and-related-parts--front-door,1MZ85DX8AM,1MZ85DX8AM,2013-2021 Mopar Front Door Exterior Handle Left,FRONT DOOR EXTERIOR,https://www.moparamerica.com/oem-parts/mopar-2013-2021-mopar-front-door-exterior-handle-left-1mz85dx8am
Challenger,SRT 392 6.4L,v-2017-dodge-challenger--srt-392--6-4l-v8-gas,front-door,https://www.moparamerica.com/v-2017-dodge-challenger--srt-392--6-4l-v8-gas/doors-door-mirrors-and-related-parts--front-door,1MZ85KARAM,1MZ85KARAM,2011-2021 Mopar Front Door Exterior Handle Left,FRONT DOOR EXTERIOR,https://www.moparamerica.com/oem-parts/mopar-2011-2021-mopar-front-door-exterior-handle-left-1mz85karam
Challenger,SRT 392 6.4L,v-2017-dodge-challenger--srt-392--6-4l-v8-gas,front-door,https://www.moparamerica.com/v-2017-dodge-challenger--srt-392--6-4l-v8-gas/doors-door-mirrors-and-related-parts--front-door,1MZ85RY4AM,1MZ85RY4AM,"Front Door Exterior Handle, Left",,https://www.moparamerica.com/oem-parts/mopar-front-door-exterior-handle-left-1mz85ry4am
Challenger,SRT 392 6.4L,v-2017-dodge-challenger--srt-392--6-4l-v8-gas,front-door,https://www.moparamerica.com/v-2017-dodge-challenger--srt-392--6-4l-v8-gas/doors-door-mirrors-and-related-parts--front-door,1MZ84ZR3AM,1MZ84ZR3AM,2013-2021 Mopar Front Door Exterior Handle Right,FRONT DOOR EXTERIOR,https://www.moparamerica.com/oem-parts/mopar-2013-2021-mopar-front-door-exterior-handle-right-1mz84zr3am
Challenger,SRT 392 6.4L,v-2017-dodge-challenger--srt-392--6-4l-v8-gas,front-door,https://www.moparamerica.com/v-2017-dodge-challenger--srt-392--6-4l-v8-gas/doors-door-mirrors-and-related-parts--front-door,1MZ84KBXAM,1MZ84KBXAM,"Front Door Exterior Handle, Right",FRONT DOOR EXTERIOR,https://www.moparamerica.com/oem-parts/mopar-front-door-exterior-handle-right-1mz84kbxam
Challenger,SRT 392 6.4L,v-2017-dodge-challenger--srt-392--6-4l-v8-gas,front-door,https://www.moparamerica.com/v-2017-dodge-challenger--srt-392--6-4l-v8-gas/doors-door-mirrors-and-related-parts--front-door,1MZ84KARAM,1MZ84KARAM,2011-2021 Mopar Front Door Exterior Handle Right,FRONT DOOR EXTERIOR,https://www.moparamerica.com/oem-parts/mopar-2011-2021-mopar-front-door-exterior-handle-right-1mz84karam
Challenger,SRT 392 6.4L,v-2017-dodge-challenger--srt-392--6-4l-v8-gas,front-door,https://www.moparamerica.com/v-2017-dodge-challenger--srt-392--6-4l-v8-gas/doors-door-mirrors-and-related-parts--front-door,1MZ85ZR3AM,1MZ85ZR3AM,2013-2021 Mopar Front Door Exterior Handle Left,FRONT DOOR EXTERIOR,https://www.moparamerica.com/oem-parts/mopar-2013-2021-mopar-front-door-exterior-handle-left-1mz85zr3am
Challenger,SRT 392 6.4L,v-2017-dodge-challenger--srt-392--6-4l-v8-gas,front-door,https://www.moparamerica.com/v-2017-dodge-challenger--srt-392--6-4l-v8-gas/doors-door-mirrors-and-related-parts--front-door,1MZ85PDNAM,1MZ85PDNAM,2014-2021 Mopar Front Door Exterior Handle Left,,https://www.moparamerica.com/oem-parts/mopar-2014-2021-mopar-front-door-exterior-handle-left-1mz85pdnam
Challenger,SRT 392 6.4L,v-2017-dodge-challenger--srt-392--6-4l-v8-gas,front-door,https://www.moparamerica.com/v-2017-dodge-challenger--srt-392--6-4l-v8-gas/doors-door-mirrors-and-related-parts--front-door,1MZ85GW7AM,1MZ85GW7AM,2020 2021 Dodge Challenger - Front Door Exterior Handle Left,FRONT DOOR EXTERIOR,https://www.moparamerica.com/oem-parts/mopar-2020-2021-dodge-challenger-front-door-exterior-handle-left-1mz85gw7am
Challenger,SRT 392 6.4L,v-2017-dodge-challenger--srt-392--6-4l-v8-gas,front-door,https://www.moparamerica.com/v-2017-dodge-challenger--srt-392--6-4l-v8-gas/doors-door-mirrors-and-related-parts--front-door,1MZ84DX8AM,1MZ84DX8AM,2013-2021 Mopar Front Door Exterior Handle Right,FRONT DOOR EXTERIOR,https://www.moparamerica.com/oem-parts/mopar-2013-2021-mopar-front-door-exterior-handle-right-1mz84dx8am
Challenger,SRT 392 6.4L,v-2017-dodge-challenger--srt-392--6-4l-v8-gas,front-door,https://www.moparamerica.com/v-2017-dodge-challenger--srt-392--6-4l-v8-gas/doors-door-mirrors-and-related-parts--front-door,1MZ84NRVAM,1MZ84NRVAM,2014-2021 Mopar Front Door Exterior Handle Right,,https://www.moparamerica.com/oem-parts/mopar-2014-2021-mopar-front-door-exterior-handle-right-1mz84nrvam
Challenger,SRT 392 6.4L,v-2017-dodge-challenger--srt-392--6-4l-v8-gas,front-door,https://www.moparamerica.com/v-2017-dodge-challenger--srt-392--6-4l-v8-gas/doors-door-mirrors-and-related-parts--front-door,1MZ85KBXAM,1MZ85KBXAM,2013-2018 Mopar Front Door Exterior Handle Left,FRONT DOOR EXTERIOR,https://www.moparamerica.com/oem-parts/mopar-2013-2018-mopar-front-door-exterior-handle-left-1mz85kbxam
Challenger,SRT 392 6.4L,v-2017-dodge-challenger--srt-392--6-4l-v8-gas,front-door,https://www.moparamerica.com/v-2017-dodge-challenger--srt-392--6-4l-v8-gas/doors-door-mirrors-and-related-parts--front-door,1MZ84JRYAJ,1MZ84JRYAJ,"Front Door Exterior Handle, Right",FRONT DOOR EXTERIOR,https://www.moparamerica.com/oem-parts/mopar-front-door-exterior-handle-right-1mz84jryaj
Challenger,SRT 392 6.4L,v-2017-dodge-challenger--srt-392--6-4l-v8-gas,front-door,https://www.moparamerica.com/v-2017-dodge-challenger--srt-392--6-4l-v8-gas/doors-door-mirrors-and-related-parts--front-door,1MZ84LAUAM,1MZ84LAUAM,2013-2021 Mopar Front Door Exterior Handle Right,FRONT DOOR EXTERIOR,https://www.moparamerica.com/oem-parts/mopar-2013-2021-mopar-front-door-exterior-handle-right-1mz84lauam
Challenger,SRT 392 6.4L,v-2017-dodge-challenger--srt-392--6-4l-v8-gas,front-door,https://www.moparamerica.com/v-2017-dodge-challenger--srt-392--6-4l-v8-gas/doors-door-mirrors-and-related-parts--front-door,1MZ84JSCAJ,1MZ84JSCAJ,"Front Door Exterior Handle, Right",,https://www.moparamerica.com/oem-parts/mopar-front-door-exterior-handle-right-1mz84jscaj
Challenger,SRT 392 6.4L,v-2017-dodge-challenger--srt-392--6-4l-v8-gas,front-door,https://www.moparamerica.com/v-2017-dodge-challenger--srt-392--6-4l-v8-gas/doors-door-mirrors-and-related-parts--front-door,68066174AJ,68066174AJ,"Door Handle Bracket, Right",DOOR HANDLE,https://www.moparamerica.com/oem-parts/mopar-door-handle-bracket-right-68066174aj
Challenger,SRT 392 6.4L,v-2017-dodge-challenger--srt-392--6-4l-v8-gas,front-door,https://www.moparamerica.com/v-2017-dodge-challenger--srt-392--6-4l-v8-gas/doors-door-mirrors-and-related-parts--front-door,68066175AK,68066175AK,"Door Handle Bracket, Left",DOOR HANDLE,https://www.moparamerica.com/oem-parts/mopar-door-handle-bracket-left-68066175ak
Challenger,SRT 392 6.4L,v-2017-dodge-challenger--srt-392--6-4l-v8-gas,front-door,https://www.moparamerica.com/v-2017-dodge-challenger--srt-392--6-4l-v8-gas/doors-door-mirrors-and-related-parts--front-door,68174640AH,68174640AH,"Front Door Latch, Right",FRONT DOOR,https://www.moparamerica.com/oem-parts/mopar-front-door-latch-right-68174640ah
Challenger,SRT 392 6.4L,v-2017-dodge-challenger--srt-392--6-4l-v8-gas,front-door,https://www.moparamerica.com/v-2017-dodge-challenger--srt-392--6-4l-v8-gas/doors-door-mirrors-and-related-parts--front-door,68174641AH,68174641AH,"Front Door Latch, Left",FRONT DOOR,https://www.moparamerica.com/oem-parts/mopar-front-door-latch-left-68174641ah
Challenger,SRT 392 6.4L,v-2017-dodge-challenger--srt-392--6-4l-v8-gas,front-door,https://www.moparamerica.com/v-2017-dodge-challenger--srt-392--6-4l-v8-gas/doors-door-mirrors-and-related-parts--front-door,6036651AA,6036651AA,Tapping Screw,M6.3x1.8x38.1. Latch.,https://www.moparamerica.com/oem-parts/mopar-tapping-screw-6036651aa
Challenger,SRT 392 6.4L,v-2017-dodge-challenger--srt-392--6-4l-v8-gas,front-door,https://www.moparamerica.com/v-2017-dodge-challenger--srt-392--6-4l-v8-gas/doors-door-mirrors-and-related-parts--front-door,68043884AA,68043884AA,"Front Door Window Regulator, Right",,https://www.moparamerica.com/oem-parts/mopar-front-door-window-regulator-right-68043884aa
Challenger,SRT 392 6.4L,v-2017-dodge-challenger--srt-392--6-4l-v8-gas,front-door,https://www.moparamerica.com/v-2017-dodge-challenger--srt-392--6-4l-v8-gas/doors-door-mirrors-and-related-parts--front-door,68043885AA,68043885AA,"Front Door Window Regulator, Left",,https://www.moparamerica.com/oem-parts/mopar-front-door-window-regulator-left-68043885aa
Challenger,SRT 392 6.4L,v-2017-dodge-challenger--srt-392--6-4l-v8-gas,front-door,https://www.moparamerica.com/v-2017-dodge-challenger--srt-392--6-4l-v8-gas/doors-door-mirrors-and-related-parts--front-door,6509482AA,6509482AA,"Hex Head Screw And Washer, Right",Regulator To Glass.,https://www.moparamerica.com/oem-parts/mopar-hex-head-screw-and-washer-right-6509482aa
Challenger,SRT 392 6.4L,v-2017-dodge-challenger--srt-392--6-4l-v8-gas,front-door,https://www.moparamerica.com/v-2017-dodge-challenger--srt-392--6-4l-v8-gas/doors-door-mirrors-and-related-parts--front-door,68376200AA,68376200AA,2018-2021 Dodge Challenger - Window Regulator Motor Right,Front Door.,https://www.moparamerica.com/oem-parts/mopar-2018-2021-dodge-challenger-window-regulator-motor-right-68376200aa
Challenger,SRT 392 6.4L,v-2017-dodge-challenger--srt-392--6-4l-v8-gas,front-door,https://www.moparamerica.com/v-2017-dodge-challenger--srt-392--6-4l-v8-gas/doors-door-mirrors-and-related-parts--front-door,68043882AA,68043882AA,"Window Regulator Motor, Right",Front Door.,https://www.moparamerica.com/oem-parts/mopar-window-regulator-motor-right-68043882aa
Challenger,SRT 392 6.4L,v-2017-dodge-challenger--srt-392--6-4l-v8-gas,front-door,https://www.moparamerica.com/v-2017-dodge-challenger--srt-392--6-4l-v8-gas/doors-door-mirrors-and-related-parts--front-door,68043883AA,68043883AA,"Window Regulator Motor, Left",Front Door.,https://www.moparamerica.com/oem-parts/mopar-window-regulator-motor-left-68043883aa
Challenger,SRT 392 6.4L,v-2017-dodge-challenger--srt-392--6-4l-v8-gas,front-door,https://www.moparamerica.com/v-2017-dodge-challenger--srt-392--6-4l-v8-gas/doors-door-mirrors-and-related-parts--front-door,68376201AA,68376201AA,2018-2021 Dodge Challenger - Window Regulator Motor Left,Front Door.,https://www.moparamerica.com/oem-parts/mopar-2018-2021-dodge-challenger-window-regulator-motor-left-68376201aa
Challenger,SRT 392 6.4L,v-2017-dodge-challenger--srt-392--6-4l-v8-gas,front-door,https://www.moparamerica.com/v-2017-dodge-challenger--srt-392--6-4l-v8-gas/doors-door-mirrors-and-related-parts--front-door,6104725AA,06104725AA,Hex Nut,,https://www.moparamerica.com/oem-parts/mopar-hex-nut-6104725aa
Challenger,SRT 392 6.4L,v-2017-dodge-challenger--srt-392--6-4l-v8-gas,front-door,https://www.moparamerica.com/v-2017-dodge-challenger--srt-392--6-4l-v8-gas/doors-door-mirrors-and-related-parts--front-door,68066169AA,68066169AA,Key Cylinder To Latch Link,,https://www.moparamerica.com/oem-parts/mopar-key-cylinder-to-latch-link-68066169aa
Challenger,SRT 392 6.4L,v-2017-dodge-challenger--srt-392--6-4l-v8-gas,front-door,https://www.moparamerica.com/v-2017-dodge-challenger--srt-392--6-4l-v8-gas/doors-door-mirrors-and-related-parts--front-door,5UV44SZ6AB,5UV44SZ6AB,"Door Latch Knob And Link, Right",,https://www.moparamerica.com/oem-parts/mopar-door-latch-knob-and-link-right-5uv44sz6ab
Challenger,SRT 392 6.4L,v-2017-dodge-challenger--srt-392--6-4l-v8-gas,front-door,https://www.moparamerica.com/v-2017-dodge-challenger--srt-392--6-4l-v8-gas/doors-door-mirrors-and-related-parts--front-door,5UV45SZ6AB,5UV45SZ6AB,"Door Latch Knob And Link, Left",,https://www.moparamerica.com/oem-parts/mopar-door-latch-knob-and-link-left-5uv45sz6ab
Challenger,SRT 392 6.4L,v-2017-dodge-challenger--srt-392--6-4l-v8-gas,front-door,https://www.moparamerica.com/v-2017-dodge-challenger--srt-392--6-4l-v8-gas/doors-door-mirrors-and-related-parts--front-door,68359597AD,68359597AD,"Outside Handle Cable, Right",OUTSIDE HANDLE,https://www.moparamerica.com/oem-parts/mopar-outside-handle-cable-right-68359597ad
Challenger,SRT 392 6.4L,v-2017-dodge-challenger--srt-392--6-4l-v8-gas,front-door,https://www.moparamerica.com/v-2017-dodge-challenger--srt-392--6-4l-v8-gas/doors-door-mirrors-and-related-parts--front-door,68185764AD,68185764AD,"Inside Handle To Latch Cable, Right",Front Door.,https://www.moparamerica.com/oem-parts/mopar-inside-handle-to-latch-cable-right-68185764ad
Challenger,SRT 392 6.4L,v-2017-dodge-challenger--srt-392--6-4l-v8-gas,front-door,https://www.moparamerica.com/v-2017-dodge-challenger--srt-392--6-4l-v8-gas/doors-door-mirrors-and-related-parts--front-door,5056273AF,5056273AF,2020 2021 Dodge Challenger - Front Door Watershield Left,FRONT DOOR,https://www.moparamerica.com/oem-parts/mopar-2020-2021-dodge-challenger-front-door-watershield-left-5056273af
Challenger,SRT 392 6.4L,v-2017-dodge-challenger--srt-392--6-4l-v8-gas,front-door,https://www.moparamerica.com/v-2017-dodge-challenger--srt-392--6-4l-v8-gas/doors-door-mirrors-and-related-parts--front-door,5056272AF,5056272AF,2020 2021 Dodge Challenger - Front Door Watershield Right,FRONT DOOR,https://www.moparamerica.com/oem-parts/mopar-2020-2021-dodge-challenger-front-door-watershield-right-5056272af
Challenger,SRT 392 6.4L,v-2017-dodge-challenger--srt-392--6-4l-v8-gas,front-door,https://www.moparamerica.com/v-2017-dodge-challenger--srt-392--6-4l-v8-gas/doors-door-mirrors-and-related-parts--front-door,68183719AC,68183719AC,Door Pull Cup Bracket,,https://www.moparamerica.com/oem-parts/mopar-door-pull-cup-bracket-68183719ac
Challenger,SRT 392 6.4L,v-2017-dodge-challenger--srt-392--6-4l-v8-gas,front-door,https://www.moparamerica.com/v-2017-dodge-challenger--srt-392--6-4l-v8-gas/doors-door-mirrors-and-related-parts--front-door,6032723,6032723,Self Tapping Screw,,https://www.moparamerica.com/oem-parts/mopar-self-tapping-screw-6032723
Challenger,SRT 392 6.4L,v-2017-dodge-challenger--srt-392--6-4l-v8-gas,front-door,https://www.moparamerica.com/v-2017-dodge-challenger--srt-392--6-4l-v8-gas/doors-door-mirrors-and-related-parts--front-door,4784033AA,4784033AA,Door Trim Panel Plug,Large.,https://www.moparamerica.com/oem-parts/mopar-door-trim-panel-plug-4784033aa
Challenger,SRT 392 6.4L,v-2017-dodge-challenger--srt-392--6-4l-v8-gas,front-door,https://www.moparamerica.com/v-2017-dodge-challenger--srt-392--6-4l-v8-gas/doors-door-mirrors-and-related-parts--front-door,4784018AA,4784018AA,"Plug, Right",Grommet Snaps Into Door. Door Trim Panel.,https://www.moparamerica.com/oem-parts/mopar-plug-right-4784018aa
Challenger,SRT 392 6.4L,v-2017-dodge-challenger--srt-392--6-4l-v8-gas,front-door,https://www.moparamerica.com/v-2017-dodge-challenger--srt-392--6-4l-v8-gas/doors-door-mirrors-and-related-parts--front-door,4373728,4373728,"Plug, Antenna Hole","Lower Plenum, Left. Cowl. Below Latch.",https://www.moparamerica.com/oem-parts/mopar-plug-antenna-hole-4373728
Challenger,SRT 392 6.4L,v-2017-dodge-challenger--srt-392--6-4l-v8-gas,front-door,https://www.moparamerica.com/v-2017-dodge-challenger--srt-392--6-4l-v8-gas/doors-door-mirrors-and-related-parts--front-door,1MZ85MGMAJ,1MZ85MGMAJ,Left,,https://www.moparamerica.com/oem-parts/mopar-front-door-exterior-handle-left-1mz85mgmaj
Challenger,SRT 392 6.4L,v-2017-dodge-challenger--srt-392--6-4l-v8-gas,front-door,https://www.moparamerica.com/v-2017-dodge-challenger--srt-392--6-4l-v8-gas/doors-door-mirrors-and-related-parts--front-door,1MZ85JRYAM,1MZ85JRYAM,Left,,https://www.moparamerica.com/oem-parts/mopar-front-door-exterior-handle-left-1mz85jryam
Challenger,SRT 392 6.4L,v-2017-dodge-challenger--srt-392--6-4l-v8-gas,front-door,https://www.moparamerica.com/v-2017-dodge-challenger--srt-392--6-4l-v8-gas/doors-door-mirrors-and-related-parts--front-door,1MZ85NRVAM,1MZ85NRVAM,Left,,https://www.moparamerica.com/oem-parts/mopar-2020-2021-dodge-challenger-front-door-exterior-handle-left-1mz85nrvam
Challenger,SRT 392 6.4L,v-2017-dodge-challenger--srt-392--6-4l-v8-gas,front-door,https://www.moparamerica.com/v-2017-dodge-challenger--srt-392--6-4l-v8-gas/doors-door-mirrors-and-related-parts--front-door,1MZ85JSCAM,1MZ85JSCAM,Left,,https://www.moparamerica.com/oem-parts/mopar-2011-2021-mopar-front-door-exterior-handle-left-1mz85jscam
Challenger,SRT 392 6.4L,v-2017-dodge-challenger--srt-392--6-4l-v8-gas,front-door,https://www.moparamerica.com/v-2017-dodge-challenger--srt-392--6-4l-v8-gas/doors-door-mirrors-and-related-parts--front-door,1MZ84RY4AM,1MZ84RY4AM,Right,,https://www.moparamerica.com/oem-parts/mopar-front-door-exterior-handle-right-1mz84ry4am
Challenger,SRT 392 6.4L,v-2017-dodge-challenger--srt-392--6-4l-v8-gas,front-door,https://www.moparamerica.com/v-2017-dodge-challenger--srt-392--6-4l-v8-gas/doors-door-mirrors-and-related-parts--front-door,68066169AA,68066169AA,Link,,https://www.moparamerica.com/oem-parts/mopar-key-cylinder-to-latch-link-68066169aa
Challenger,SRT 392 6.4L,v-2017-dodge-challenger--srt-392--6-4l-v8-gas,front-door,https://www.moparamerica.com/v-2017-dodge-challenger--srt-392--6-4l-v8-gas/doors-door-mirrors-and-related-parts--front-door,5UV44SZ6AB,5UV44SZ6AB,Right,,https://www.moparamerica.com/oem-parts/mopar-door-latch-knob-and-link-right-5uv44sz6ab
Challenger,SRT 392 6.4L,v-2017-dodge-challenger--srt-392--6-4l-v8-gas,front-door,https://www.moparamerica.com/v-2017-dodge-challenger--srt-392--6-4l-v8-gas/doors-door-mirrors-and-related-parts--front-door,5UV45SZ6AB,5UV45SZ6AB,Left,,https://www.moparamerica.com/oem-parts/mopar-door-latch-knob-and-link-left-5uv45sz6ab
Challenger,SRT 392 6.4L,v-2017-dodge-challenger--srt-392--6-4l-v8-gas,front-door,https://www.moparamerica.com/v-2017-dodge-challenger--srt-392--6-4l-v8-gas/doors-door-mirrors-and-related-parts--front-door,68359597AD,68359597AD,Cable,,https://www.moparamerica.com/oem-parts/mopar-outside-handle-cable-right-68359597ad
Challenger,SRT 392 6.4L,v-2017-dodge-challenger--srt-392--6-4l-v8-gas,front-door,https://www.moparamerica.com/v-2017-dodge-challenger--srt-392--6-4l-v8-gas/doors-door-mirrors-and-related-parts--front-door,68185764AD,68185764AD,Cable,,https://www.moparamerica.com/oem-parts/mopar-inside-handle-to-latch-cable-right-68185764ad
Challenger,SRT 392 6.4L,v-2017-dodge-challenger--srt-392--6-4l-v8-gas,front-door,https://www.moparamerica.com/v-2017-dodge-challenger--srt-392--6-4l-v8-gas/doors-door-mirrors-and-related-parts--front-door,5056273AF,5056273AF,Left,,https://www.moparamerica.com/oem-parts/mopar-2020-2021-dodge-challenger-front-door-watershield-left-5056273af
Challenger,SRT 392 6.4L,v-2017-dodge-challenger--srt-392--6-4l-v8-gas,front-door,https://www.moparamerica.com/v-2017-dodge-challenger--srt-392--6-4l-v8-gas/doors-door-mirrors-and-related-parts--front-door,5056272AF,5056272AF,Right,,https://www.moparamerica.com/oem-parts/mopar-2020-2021-dodge-challenger-front-door-watershield-right-5056272af
Challenger,SRT 392 6.4L,v-2017-dodge-challenger--srt-392--6-4l-v8-gas,front-door,https://www.moparamerica.com/v-2017-dodge-challenger--srt-392--6-4l-v8-gas/doors-door-mirrors-and-related-parts--front-door,68183719AC,68183719AC,Bracket,,https://www.moparamerica.com/oem-parts/mopar-door-pull-cup-bracket-68183719ac
Challenger,SRT 392 6.4L,v-2017-dodge-challenger--srt-392--6-4l-v8-gas,front-door,https://www.moparamerica.com/v-2017-dodge-challenger--srt-392--6-4l-v8-gas/doors-door-mirrors-and-related-parts--front-door,6032723,6032723,Screw,,https://www.moparamerica.com/oem-parts/mopar-self-tapping-screw-6032723
Challenger,SRT 392 6.4L,v-2017-dodge-challenger--srt-392--6-4l-v8-gas,front-door,https://www.moparamerica.com/v-2017-dodge-challenger--srt-392--6-4l-v8-gas/doors-door-mirrors-and-related-parts--front-door,4784033AA,4784033AA,Plug,,https://www.moparamerica.com/oem-parts/mopar-door-trim-panel-plug-4784033aa
Challenger,SRT 392 6.4L,v-2017-dodge-challenger--srt-392--6-4l-v8-gas,front-door,https://www.moparamerica.com/v-2017-dodge-challenger--srt-392--6-4l-v8-gas/doors-door-mirrors-and-related-parts--front-door,4784018AA,4784018AA,Plug,,https://www.moparamerica.com/oem-parts/mopar-plug-right-4784018aa
Challenger,SRT 392 6.4L,v-2017-dodge-challenger--srt-392--6-4l-v8-gas,front-door,https://www.moparamerica.com/v-2017-dodge-challenger--srt-392--6-4l-v8-gas/doors-door-mirrors-and-related-parts--front-door,4373728,4373728,Plug,,https://www.moparamerica.com/oem-parts/mopar-plug-antenna-hole-4373728
Challenger,SRT 392 6.4L,v-2017-dodge-challenger--srt-392--6-4l-v8-gas,front-door,https://www.moparamerica.com/v-2017-dodge-challenger--srt-392--6-4l-v8-gas/doors-door-mirrors-and-related-parts--front-door,68066174AJ,68066174AJ,Right,,https://www.moparamerica.com/oem-parts/mopar-door-handle-bracket-right-68066174aj
Challenger,SRT 392 6.4L,v-2017-dodge-challenger--srt-392--6-4l-v8-gas,front-door,https://www.moparamerica.com/v-2017-dodge-challenger--srt-392--6-4l-v8-gas/doors-door-mirrors-and-related-parts--front-door,68066175AK,68066175AK,Left,,https://www.moparamerica.com/oem-parts/mopar-door-handle-bracket-left-68066175ak
Challenger,SRT 392 6.4L,v-2017-dodge-challenger--srt-392--6-4l-v8-gas,front-door,https://www.moparamerica.com/v-2017-dodge-challenger--srt-392--6-4l-v8-gas/doors-door-mirrors-and-related-parts--front-door,68174640AH,68174640AH,Right,,https://www.moparamerica.com/oem-parts/mopar-front-door-latch-right-68174640ah
Challenger,SRT 392 6.4L,v-2017-dodge-challenger--srt-392--6-4l-v8-gas,front-door,https://www.moparamerica.com/v-2017-dodge-challenger--srt-392--6-4l-v8-gas/doors-door-mirrors-and-related-parts--front-door,68174641AH,68174641AH,Left,,https://www.moparamerica.com/oem-parts/mopar-front-door-latch-left-68174641ah
Challenger,SRT 392 6.4L,v-2017-dodge-challenger--srt-392--6-4l-v8-gas,front-door,https://www.moparamerica.com/v-2017-dodge-challenger--srt-392--6-4l-v8-gas/doors-door-mirrors-and-related-parts--front-door,6036651AA,6036651AA,Screw,,https://www.moparamerica.com/oem-parts/mopar-tapping-screw-6036651aa
Challenger,SRT 392 6.4L,v-2017-dodge-challenger--srt-392--6-4l-v8-gas,front-door,https://www.moparamerica.com/v-2017-dodge-challenger--srt-392--6-4l-v8-gas/doors-door-mirrors-and-related-parts--front-door,68043884AA,68043884AA,Right,,https://www.moparamerica.com/oem-parts/mopar-front-door-window-regulator-right-68043884aa
Challenger,SRT 392 6.4L,v-2017-dodge-challenger--srt-392--6-4l-v8-gas,front-door,https://www.moparamerica.com/v-2017-dodge-challenger--srt-392--6-4l-v8-gas/doors-door-mirrors-and-related-parts--front-door,68043885AA,68043885AA,Left,,https://www.moparamerica.com/oem-parts/mopar-front-door-window-regulator-left-68043885aa
Challenger,SRT 392 6.4L,v-2017-dodge-challenger--srt-392--6-4l-v8-gas,front-door,https://www.moparamerica.com/v-2017-dodge-challenger--srt-392--6-4l-v8-gas/doors-door-mirrors-and-related-parts--front-door,6509482AA,6509482AA,Washer,,https://www.moparamerica.com/oem-parts/mopar-hex-head-screw-and-washer-right-6509482aa
Challenger,SRT 392 6.4L,v-2017-dodge-challenger--srt-392--6-4l-v8-gas,front-door,https://www.moparamerica.com/v-2017-dodge-challenger--srt-392--6-4l-v8-gas/doors-door-mirrors-and-related-parts--front-door,68376200AA,68376200AA,Right,,https://www.moparamerica.com/oem-parts/mopar-2018-2021-dodge-challenger-window-regulator-motor-right-68376200aa
Challenger,SRT 392 6.4L,v-2017-dodge-challenger--srt-392--6-4l-v8-gas,front-door,https://www.moparamerica.com/v-2017-dodge-challenger--srt-392--6-4l-v8-gas/doors-door-mirrors-and-related-parts--front-door,68043882AA,68043882AA,Right,,https://www.moparamerica.com/oem-parts/mopar-window-regulator-motor-right-68043882aa
Challenger,SRT 392 6.4L,v-2017-dodge-challenger--srt-392--6-4l-v8-gas,front-door,https://www.moparamerica.com/v-2017-dodge-challenger--srt-392--6-4l-v8-gas/doors-door-mirrors-and-related-parts--front-door,68043883AA,68043883AA,Left,,https://www.moparamerica.com/oem-parts/mopar-window-regulator-motor-left-68043883aa
Challenger,SRT 392 6.4L,v-2017-dodge-challenger--srt-392--6-4l-v8-gas,front-door,https://www.moparamerica.com/v-2017-dodge-challenger--srt-392--6-4l-v8-gas/doors-door-mirrors-and-related-parts--front-door,68376201AA,68376201AA,Left,,https://www.moparamerica.com/oem-parts/mopar-2018-2021-dodge-challenger-window-regulator-motor-left-68376201aa
Challenger,SRT 392 6.4L,v-2017-dodge-challenger--srt-392--6-4l-v8-gas,front-door,https://www.moparamerica.com/v-2017-dodge-challenger--srt-392--6-4l-v8-gas/doors-door-mirrors-and-related-parts--front-door,6104725AA,6104725AA,Washer,,https://www.moparamerica.com/oem-parts/mopar-hex-nut-6104725aa
Charger,R/T 5.7L,v-2017-dodge-charger--r-t--5-7l-v8-gas,front-door,https://www.moparamerica.com/v-2017-dodge-charger--r-t--5-7l-v8-gas/doors-door-mirrors-and-related-parts--front-door,5PF62DX9AF,5PF62DX9AF,"Inside Remote Control Handle, Right",INSIDE RELEASE,https://www.moparamerica.com/oem-parts/mopar-inside-remote-control-handle-right-5pf62dx9af
Charger,R/T 5.7L,v-2017-dodge-charger--r-t--5-7l-v8-gas,front-door,https://www.moparamerica.com/v-2017-dodge-charger--r-t--5-7l-v8-gas/doors-door-mirrors-and-related-parts--front-door,6510049AA,6510049AA,Screw,M6x2.14.00x29.55. Outside Handle Chassis to Door Inner. O/S Handle Bracket To Door. Handle Bracket To Door Inner.,https://www.moparamerica.com/oem-parts/mopar-screw-6510049aa
Charger,R/T 5.7L,v-2017-dodge-charger--r-t--5-7l-v8-gas,front-door,https://www.moparamerica.com/v-2017-dodge-charger--r-t--5-7l-v8-gas/doors-door-mirrors-and-related-parts--front-door,68104014AA,68104014AA,"Access Door Trim Cover, Right",Door Larch Access. Door Latch.,https://www.moparamerica.com/oem-parts/mopar-access-door-trim-cover-right-68104014aa
Charger,R/T 5.7L,v-2017-dodge-charger--r-t--5-7l-v8-gas,front-door,https://www.moparamerica.com/v-2017-dodge-charger--r-t--5-7l-v8-gas/doors-door-mirrors-and-related-parts--front-door,55276821AA,55276821AA,Round Black Tape,Front Door Mirror Flag. Latch Adjustment Hole. O/S Handle Attach Access Hole. Pinch Sensor Holes. Door Handle Access Hole. Latch Adjustment Plug. A-Pillar Door Inner Panel 19mm Diameter. Drain Hole Patch.,https://www.moparamerica.com/oem-parts/mopar-round-black-tape-55276821aa
Charger,R/T 5.7L,v-2017-dodge-charger--r-t--5-7l-v8-gas,front-door,https://www.moparamerica.com/v-2017-dodge-charger--r-t--5-7l-v8-gas/doors-door-mirrors-and-related-parts--front-door,5PF63DX9AF,5PF63DX9AF,"Inside Remote Control Handle, Left",INSIDE RELEASE,https://www.moparamerica.com/oem-parts/mopar-inside-remote-control-handle-left-5pf63dx9af
Charger,R/T 5.7L,v-2017-dodge-charger--r-t--5-7l-v8-gas,front-door,https://www.moparamerica.com/v-2017-dodge-charger--r-t--5-7l-v8-gas/doors-door-mirrors-and-related-parts--front-door,5PF65DX9AF,5PF65DX9AF,"Inside Remote Control Handle, Left",INSIDE REMOTE CONTROL,https://www.moparamerica.com/oem-parts/mopar-inside-remote-control-handle-left-5pf65dx9af
Charger,R/T 5.7L,v-2017-dodge-charger--r-t--5-7l-v8-gas,front-door,https://www.moparamerica.com/v-2017-dodge-charger--r-t--5-7l-v8-gas/doors-door-mirrors-and-related-parts--front-door,6505026AA,6505026AA,"Pan Head Screw, Right",M8. Powertrain module and bracket attaching. M5x16. Weatherstrip Attaching. Dowel Receiver Attaching. Handle to Door. A-Pillar Retainer Attaching.,https://www.moparamerica.com/oem-parts/mopar-pan-head-screw-right-6505026aa
Charger,R/T 5.7L,v-2017-dodge-charger--r-t--5-7l-v8-gas,front-door,https://www.moparamerica.com/v-2017-dodge-charger--r-t--5-7l-v8-gas/doors-door-mirrors-and-related-parts--front-door,6510299AA,6510299AA,"Hex Head Locking Screw And Washer, Right",Division Bar Lower to Door. M6x1.00x25.00. Hardware Module to Door. Division Bar Attaching. Pull Cup Attaching.,https://www.moparamerica.com/oem-parts/mopar-hex-head-locking-screw-and-washer-right-6510299aa
Charger,R/T 5.7L,v-2017-dodge-charger--r-t--5-7l-v8-gas,front-door,https://www.moparamerica.com/v-2017-dodge-charger--r-t--5-7l-v8-gas/doors-door-mirrors-and-related-parts--front-door,1MZ85JSCAM,1MZ85JSCAM,2011-2021 Mopar Front Door Exterior Handle Left,FRONT DOOR EXTERIOR,https://www.moparamerica.com/oem-parts/mopar-2011-2021-mopar-front-door-exterior-handle-left-1mz85jscam
Charger,R/T 5.7L,v-2017-dodge-charger--r-t--5-7l-v8-gas,front-door,https://www.moparamerica.com/v-2017-dodge-charger--r-t--5-7l-v8-gas/doors-door-mirrors-and-related-parts--front-door,1MZ84JRYAJ,1MZ84JRYAJ,"Front Door Exterior Handle, Right",FRONT DOOR EXTERIOR,https://www.moparamerica.com/oem-parts/mopar-front-door-exterior-handle-right-1mz84jryaj
Charger,R/T 5.7L,v-2017-dodge-charger--r-t--5-7l-v8-gas,front-door,https://www.moparamerica.com/v-2017-dodge-charger--r-t--5-7l-v8-gas/doors-door-mirrors-and-related-parts--front-door,1MZ84LAUAM,1MZ84LAUAM,2013-2021 Mopar Front Door Exterior Handle Right,FRONT DOOR EXTERIOR,https://www.moparamerica.com/oem-parts/mopar-2013-2021-mopar-front-door-exterior-handle-right-1mz84lauam
Charger,R/T 5.7L,v-2017-dodge-charger--r-t--5-7l-v8-gas,front-door,https://www.moparamerica.com/v-2017-dodge-charger--r-t--5-7l-v8-gas/doors-door-mirrors-and-related-parts--front-door,1MZ84RY4AM,1MZ84RY4AM,"Front Door Exterior Handle, Right",,https://www.moparamerica.com/oem-parts/mopar-front-door-exterior-handle-right-1mz84ry4am
Charger,R/T 5.7L,v-2017-dodge-charger--r-t--5-7l-v8-gas,front-door,https://www.moparamerica.com/v-2017-dodge-charger--r-t--5-7l-v8-gas/doors-door-mirrors-and-related-parts--front-door,1MZ84NVPAM,1MZ84NVPAM,2020 2021 Dodge Challenger - Front Door Exterior Handle Right,FRONT DOOR EXTERIOR,https://www.moparamerica.com/oem-parts/mopar-2020-2021-dodge-challenger-front-door-exterior-handle-right-1mz84nvpam
Charger,R/T 5.7L,v-2017-dodge-charger--r-t--5-7l-v8-gas,front-door,https://www.moparamerica.com/v-2017-dodge-charger--r-t--5-7l-v8-gas/doors-door-mirrors-and-related-parts--front-door,1MZ85KBXAM,1MZ85KBXAM,2013-2018 Mopar Front Door Exterior Handle Left,FRONT DOOR EXTERIOR,https://www.moparamerica.com/oem-parts/mopar-2013-2018-mopar-front-door-exterior-handle-left-1mz85kbxam
Charger,R/T 5.7L,v-2017-dodge-charger--r-t--5-7l-v8-gas,front-door,https://www.moparamerica.com/v-2017-dodge-charger--r-t--5-7l-v8-gas/doors-door-mirrors-and-related-parts--front-door,1MZ84ZR3AM,1MZ84ZR3AM,2013-2021 Mopar Front Door Exterior Handle Right,FRONT DOOR EXTERIOR,https://www.moparamerica.com/oem-parts/mopar-2013-2021-mopar-front-door-exterior-handle-right-1mz84zr3am
Charger,R/T 5.7L,v-2017-dodge-charger--r-t--5-7l-v8-gas,front-door,https://www.moparamerica.com/v-2017-dodge-charger--r-t--5-7l-v8-gas/doors-door-mirrors-and-related-parts--front-door,1MZ85JRYAM,1MZ85JRYAM,"Front Door Exterior Handle, Left",FRONT DOOR EXTERIOR,https://www.moparamerica.com/oem-parts/mopar-front-door-exterior-handle-left-1mz85jryam
Charger,R/T 5.7L,v-2017-dodge-charger--r-t--5-7l-v8-gas,front-door,https://www.moparamerica.com/v-2017-dodge-charger--r-t--5-7l-v8-gas/doors-door-mirrors-and-related-parts--front-door,1MZ84KBXAM,1MZ84KBXAM,"Front Door Exterior Handle, Right",FRONT DOOR EXTERIOR,https://www.moparamerica.com/oem-parts/mopar-front-door-exterior-handle-right-1mz84kbxam
Charger,R/T 5.7L,v-2017-dodge-charger--r-t--5-7l-v8-gas,front-door,https://www.moparamerica.com/v-2017-dodge-charger--r-t--5-7l-v8-gas/doors-door-mirrors-and-related-parts--front-door,1MZ84MGMAM,1MZ84MGMAM,"Front Door Exterior Handle, Right",,https://www.moparamerica.com/oem-parts/mopar-front-door-exterior-handle-right-1mz84mgmam
Charger,R/T 5.7L,v-2017-dodge-charger--r-t--5-7l-v8-gas,front-door,https://www.moparamerica.com/v-2017-dodge-charger--r-t--5-7l-v8-gas/doors-door-mirrors-and-related-parts--front-door,1MZ85DX8AM,1MZ85DX8AM,2013-2021 Mopar Front Door Exterior Handle Left,FRONT DOOR EXTERIOR,https://www.moparamerica.com/oem-parts/mopar-2013-2021-mopar-front-door-exterior-handle-left-1mz85dx8am
Charger,R/T 5.7L,v-2017-dodge-charger--r-t--5-7l-v8-gas,front-door,https://www.moparamerica.com/v-2017-dodge-charger--r-t--5-7l-v8-gas/doors-door-mirrors-and-related-parts--front-door,1MZ85ZR3AM,1MZ85ZR3AM,2013-2021 Mopar Front Door Exterior Handle Left,FRONT DOOR EXTERIOR,https://www.moparamerica.com/oem-parts/mopar-2013-2021-mopar-front-door-exterior-handle-left-1mz85zr3am
Charger,R/T 5.7L,v-2017-dodge-charger--r-t--5-7l-v8-gas,front-door,https://www.moparamerica.com/v-2017-dodge-charger--r-t--5-7l-v8-gas/doors-door-mirrors-and-related-parts--front-door,1MZ85PDNAM,1MZ85PDNAM,2014-2021 Mopar Front Door Exterior Handle Left,,https://www.moparamerica.com/oem-parts/mopar-2014-2021-mopar-front-door-exterior-handle-left-1mz85pdnam
Charger,R/T 5.7L,v-2017-dodge-charger--r-t--5-7l-v8-gas,front-door,https://www.moparamerica.com/v-2017-dodge-charger--r-t--5-7l-v8-gas/doors-door-mirrors-and-related-parts--front-door,1MZ85RXFAM,1MZ85RXFAM,"Front Door Exterior Handle, Left",FRONT DOOR EXTERIOR,https://www.moparamerica.com/oem-parts/mopar-front-door-exterior-handle-left-1mz85rxfam
Charger,R/T 5.7L,v-2017-dodge-charger--r-t--5-7l-v8-gas,front-door,https://www.moparamerica.com/v-2017-dodge-charger--r-t--5-7l-v8-gas/doors-door-mirrors-and-related-parts--front-door,1MZ85MGMAJ,1MZ85MGMAJ,"Front Door Exterior Handle, Left",,https://www.moparamerica.com/oem-parts/mopar-front-door-exterior-handle-left-1mz85mgmaj
Charger,R/T 5.7L,v-2017-dodge-charger--r-t--5-7l-v8-gas,front-door,https://www.moparamerica.com/v-2017-dodge-charger--r-t--5-7l-v8-gas/doors-door-mirrors-and-related-parts--front-door,1MZ85KARAM,1MZ85KARAM,2011-2021 Mopar Front Door Exterior Handle Left,FRONT DOOR EXTERIOR,https://www.moparamerica.com/oem-parts/mopar-2011-2021-mopar-front-door-exterior-handle-left-1mz85karam
Charger,R/T 5.7L,v-2017-dodge-charger--r-t--5-7l-v8-gas,front-door,https://www.moparamerica.com/v-2017-dodge-charger--r-t--5-7l-v8-gas/doors-door-mirrors-and-related-parts--front-door,1MZ85NRVAM,1MZ85NRVAM,2020 2021 Dodge Challenger - Front Door Exterior Handle Left,,https://www.moparamerica.com/oem-parts/mopar-2020-2021-dodge-challenger-front-door-exterior-handle-left-1mz85nrvam
Charger,R/T 5.7L,v-2017-dodge-charger--r-t--5-7l-v8-gas,front-door,https://www.moparamerica.com/v-2017-dodge-charger--r-t--5-7l-v8-gas/doors-door-mirrors-and-related-parts--front-door,1MZ85NVPAM,1MZ85NVPAM,2015-2021 Mopar Front Door Exterior Handle Left,FRONT DOOR EXTERIOR,https://www.moparamerica.com/oem-parts/mopar-2015-2021-mopar-front-door-exterior-handle-left-1mz85nvpam
Charger,R/T 5.7L,v-2017-dodge-charger--r-t--5-7l-v8-gas,front-door,https://www.moparamerica.com/v-2017-dodge-charger--r-t--5-7l-v8-gas/doors-door-mirrors-and-related-parts--front-door,1MZ84RXFAJ,1MZ84RXFAJ,"Front Door Exterior Handle, Right",FRONT DOOR EXTERIOR,https://www.moparamerica.com/oem-parts/mopar-front-door-exterior-handle-right-1mz84rxfaj
Charger,R/T 5.7L,v-2017-dodge-charger--r-t--5-7l-v8-gas,front-door,https://www.moparamerica.com/v-2017-dodge-charger--r-t--5-7l-v8-gas/doors-door-mirrors-and-related-parts--front-door,1MZ84NRVAM,1MZ84NRVAM,2014-2021 Mopar Front Door Exterior Handle Right,,https://www.moparamerica.com/oem-parts/mopar-2014-2021-mopar-front-door-exterior-handle-right-1mz84nrvam
Charger,R/T 5.7L,v-2017-dodge-charger--r-t--5-7l-v8-gas,front-door,https://www.moparamerica.com/v-2017-dodge-charger--r-t--5-7l-v8-gas/doors-door-mirrors-and-related-parts--front-door,1MZ84KARAM,1MZ84KARAM,2011-2021 Mopar Front Door Exterior Handle Right,FRONT DOOR EXTERIOR,https://www.moparamerica.com/oem-parts/mopar-2011-2021-mopar-front-door-exterior-handle-right-1mz84karam
Charger,R/T 5.7L,v-2017-dodge-charger--r-t--5-7l-v8-gas,front-door,https://www.moparamerica.com/v-2017-dodge-charger--r-t--5-7l-v8-gas/doors-door-mirrors-and-related-parts--front-door,1MZ84GW7AM,1MZ84GW7AM,2020 2021 Dodge Challenger - Front Door Exterior Handle Right,FRONT DOOR EXTERIOR,https://www.moparamerica.com/oem-parts/mopar-2020-2021-dodge-challenger-front-door-exterior-handle-right-1mz84gw7am
Charger,R/T 5.7L,v-2017-dodge-charger--r-t--5-7l-v8-gas,front-door,https://www.moparamerica.com/v-2017-dodge-charger--r-t--5-7l-v8-gas/doors-door-mirrors-and-related-parts--front-door,1MZ85LAUAM,1MZ85LAUAM,2013-2021 Mopar Front Door Exterior Handle Left,FRONT DOOR EXTERIOR,https://www.moparamerica.com/oem-parts/mopar-2013-2021-mopar-front-door-exterior-handle-left-1mz85lauam
Charger,R/T 5.7L,v-2017-dodge-charger--r-t--5-7l-v8-gas,front-door,https://www.moparamerica.com/v-2017-dodge-charger--r-t--5-7l-v8-gas/doors-door-mirrors-and-related-parts--front-door,1MZ84DX8AM,1MZ84DX8AM,2013-2021 Mopar Front Door Exterior Handle Right,FRONT DOOR EXTERIOR,https://www.moparamerica.com/oem-parts/mopar-2013-2021-mopar-front-door-exterior-handle-right-1mz84dx8am
Charger,R/T 5.7L,v-2017-dodge-charger--r-t--5-7l-v8-gas,front-door,https://www.moparamerica.com/v-2017-dodge-charger--r-t--5-7l-v8-gas/doors-door-mirrors-and-related-parts--front-door,1MZ84JSCAJ,1MZ84JSCAJ,"Front Door Exterior Handle, Right",,https://www.moparamerica.com/oem-parts/mopar-front-door-exterior-handle-right-1mz84jscaj
Charger,R/T 5.7L,v-2017-dodge-charger--r-t--5-7l-v8-gas,front-door,https://www.moparamerica.com/v-2017-dodge-charger--r-t--5-7l-v8-gas/doors-door-mirrors-and-related-parts--front-door,1MZ84PDNAM,1MZ84PDNAM,2014-2021 Mopar Front Door Exterior Handle Right,,https://www.moparamerica.com/oem-parts/mopar-2014-2021-mopar-front-door-exterior-handle-right-1mz84pdnam
Charger,R/T 5.7L,v-2017-dodge-charger--r-t--5-7l-v8-gas,front-door,https://www.moparamerica.com/v-2017-dodge-charger--r-t--5-7l-v8-gas/doors-door-mirrors-and-related-parts--front-door,1MZ85RY4AM,1MZ85RY4AM,"Front Door Exterior Handle, Left",,https://www.moparamerica.com/oem-parts/mopar-front-door-exterior-handle-left-1mz85ry4am
Charger,R/T 5.7L,v-2017-dodge-charger--r-t--5-7l-v8-gas,front-door,https://www.moparamerica.com/v-2017-dodge-charger--r-t--5-7l-v8-gas/doors-door-mirrors-and-related-parts--front-door,1MZ85GW7AM,1MZ85GW7AM,2020 2021 Dodge Challenger - Front Door Exterior Handle Left,FRONT DOOR EXTERIOR,https://www.moparamerica.com/oem-parts/mopar-2020-2021-dodge-challenger-front-door-exterior-handle-left-1mz85gw7am
Charger,R/T 5.7L,v-2017-dodge-charger--r-t--5-7l-v8-gas,front-door,https://www.moparamerica.com/v-2017-dodge-charger--r-t--5-7l-v8-gas/doors-door-mirrors-and-related-parts--front-door,68060189AM,68060189AM,Door Handle Bracket Left,,https://www.moparamerica.com/oem-parts/mopar-door-handle-bracket-left-68060189am
Charger,R/T 5.7L,v-2017-dodge-charger--r-t--5-7l-v8-gas,front-door,https://www.moparamerica.com/v-2017-dodge-charger--r-t--5-7l-v8-gas/doors-door-mirrors-and-related-parts--front-door,68060188AL,68060188AL,"Door Handle Bracket, Right",DOOR HANDLE,https://www.moparamerica.com/oem-parts/mopar-door-handle-bracket-right-68060188al
Charger,R/T 5.7L,v-2017-dodge-charger--r-t--5-7l-v8-gas,front-door,https://www.moparamerica.com/v-2017-dodge-charger--r-t--5-7l-v8-gas/doors-door-mirrors-and-related-parts--front-door,68103997AC,68103997AC,"Carrier Plate Panel, Left",Front Door. Includes Regulator.,https://www.moparamerica.com/oem-parts/mopar-carrier-plate-panel-left-68103997ac
Charger,R/T 5.7L,v-2017-dodge-charger--r-t--5-7l-v8-gas,front-door,https://www.moparamerica.com/v-2017-dodge-charger--r-t--5-7l-v8-gas/doors-door-mirrors-and-related-parts--front-door,68103996AC,68103996AC,"Carrier Plate Panel, Right",Front Door. Includes Regulator.,https://www.moparamerica.com/oem-parts/mopar-carrier-plate-panel-right-68103996ac
Charger,R/T 5.7L,v-2017-dodge-charger--r-t--5-7l-v8-gas,front-door,https://www.moparamerica.com/v-2017-dodge-charger--r-t--5-7l-v8-gas/doors-door-mirrors-and-related-parts--front-door,4589463AA,4589463AA,"Clip, Right Front",Thick. Door Module To Inner Door. Door Module Attaching. Green Torx Head Twist Retainer. Door Module Attachment. Door Mudule Attachment.,https://www.moparamerica.com/oem-parts/mopar-clip-right-front-4589463aa
Charger,R/T 5.7L,v-2017-dodge-charger--r-t--5-7l-v8-gas,front-door,https://www.moparamerica.com/v-2017-dodge-charger--r-t--5-7l-v8-gas/doors-door-mirrors-and-related-parts--front-door,4589461AA,4589461AA,"Clip, Left",Thin. Green Torx Head Twist Retainer.,https://www.moparamerica.com/oem-parts/mopar-clip-left-4589461aa
Charger,R/T 5.7L,v-2017-dodge-charger--r-t--5-7l-v8-gas,front-door,https://www.moparamerica.com/v-2017-dodge-charger--r-t--5-7l-v8-gas/doors-door-mirrors-and-related-parts--front-door,4589916AH,04589916AH,"Front Door Latch, Right",Without Key Cylinder.,https://www.moparamerica.com/oem-parts/mopar-front-door-latch-right-4589916ah
Charger,R/T 5.7L,v-2017-dodge-charger--r-t--5-7l-v8-gas,front-door,https://www.moparamerica.com/v-2017-dodge-charger--r-t--5-7l-v8-gas/doors-door-mirrors-and-related-parts--front-door,4589913AI,04589913AI,"Front Door Latch, Left",With Key Cylinder.,https://www.moparamerica.com/oem-parts/mopar-front-door-latch-left-4589913ai
Charger,R/T 5.7L,v-2017-dodge-charger--r-t--5-7l-v8-gas,front-door,https://www.moparamerica.com/v-2017-dodge-charger--r-t--5-7l-v8-gas/doors-door-mirrors-and-related-parts--front-door,68359599AD,68359599AD,Outside Handle Cable,OUTSIDE HANDLE,https://www.moparamerica.com/oem-parts/mopar-outside-handle-cable-68359599ad
Charger,R/T 5.7L,v-2017-dodge-charger--r-t--5-7l-v8-gas,front-door,https://www.moparamerica.com/v-2017-dodge-charger--r-t--5-7l-v8-gas/doors-door-mirrors-and-related-parts--front-door,68078076AB,68078076AB,Latch Clip Kit,"Clip Pkg. Kit Contains 12 Different Clips. Kit contains 1of each [04658444], [04658445], [04658674] [04658675], [04658677], [04589017aa] [55362770aa], [55362771aa], [06506807aa][06506804aa], [04589508aa], [04589509aa]. Door Latch. Liftgate Latch. Clip Package. Kit contains 1 of each [04658444], [04658445], [04658674] [04658675], [04658677], [04589017aa] [55362770aa], [55362771aa], [06506807aa][06506804aa], [04589508aa], [04589509aa].",https://www.moparamerica.com/oem-parts/mopar-latch-clip-kit-68078076ab
Charger,R/T 5.7L,v-2017-dodge-charger--r-t--5-7l-v8-gas,front-door,https://www.moparamerica.com/v-2017-dodge-charger--r-t--5-7l-v8-gas/doors-door-mirrors-and-related-parts--front-door,68104007AA,68104007AA,"Cable Retainer, Left",,https://www.moparamerica.com/oem-parts/mopar-cable-retainer-left-68104007aa
Charger,R/T 5.7L,v-2017-dodge-charger--r-t--5-7l-v8-gas,front-door,https://www.moparamerica.com/v-2017-dodge-charger--r-t--5-7l-v8-gas/doors-door-mirrors-and-related-parts--front-door,68104006AA,68104006AA,"Cable Retainer, Right",,https://www.moparamerica.com/oem-parts/mopar-cable-retainer-right-68104006aa
Charger,R/T 5.7L,v-2017-dodge-charger--r-t--5-7l-v8-gas,front-door,https://www.moparamerica.com/v-2017-dodge-charger--r-t--5-7l-v8-gas/doors-door-mirrors-and-related-parts--front-door,68104004AA,68104004AA,"Latch Presenter, Right",Front Door.,https://www.moparamerica.com/oem-parts/mopar-latch-presenter-right-68104004aa
Charger,R/T 5.7L,v-2017-dodge-charger--r-t--5-7l-v8-gas,front-door,https://www.moparamerica.com/v-2017-dodge-charger--r-t--5-7l-v8-gas/doors-door-mirrors-and-related-parts--front-door,68104005AA,68104005AA,"Latch Presenter, Left",Front Door.,https://www.moparamerica.com/oem-parts/mopar-latch-presenter-left-68104005aa
Charger,R/T 5.7L,v-2017-dodge-charger--r-t--5-7l-v8-gas,front-door,https://www.moparamerica.com/v-2017-dodge-charger--r-t--5-7l-v8-gas/doors-door-mirrors-and-related-parts--front-door,68104013AA,68104013AA,"Chassis Presenter, Left",,https://www.moparamerica.com/oem-parts/mopar-chassis-presenter-left-68104013aa
Charger,R/T 5.7L,v-2017-dodge-charger--r-t--5-7l-v8-gas,front-door,https://www.moparamerica.com/v-2017-dodge-charger--r-t--5-7l-v8-gas/doors-door-mirrors-and-related-parts--front-door,68104012AA,68104012AA,"Chassis Presenter, Right",,https://www.moparamerica.com/oem-parts/mopar-chassis-presenter-right-68104012aa
Charger,R/T 5.7L,v-2017-dodge-charger--r-t--5-7l-v8-gas,front-door,https://www.moparamerica.com/v-2017-dodge-charger--r-t--5-7l-v8-gas/doors-door-mirrors-and-related-parts--front-door,68103995AA,68103995AA,Key Cylinder To Latch Link,Front Door.,https://www.moparamerica.com/oem-parts/mopar-key-cylinder-to-latch-link-68103995aa
Charger,R/T 5.7L,v-2017-dodge-charger--r-t--5-7l-v8-gas,front-door,https://www.moparamerica.com/v-2017-dodge-charger--r-t--5-7l-v8-gas/doors-door-mirrors-and-related-parts--front-door,68143987AA,68143987AA,"Window Regulator Motor, Left",Front Door.,https://www.moparamerica.com/oem-parts/mopar-window-regulator-motor-left-68143987aa
Charger,R/T 5.7L,v-2017-dodge-charger--r-t--5-7l-v8-gas,front-door,https://www.moparamerica.com/v-2017-dodge-charger--r-t--5-7l-v8-gas/doors-door-mirrors-and-related-parts--front-door,68143986AA,68143986AA,"Window Regulator Motor, Right",Front Door.,https://www.moparamerica.com/oem-parts/mopar-window-regulator-motor-right-68143986aa
Charger,R/T 5.7L,v-2017-dodge-charger--r-t--5-7l-v8-gas,front-door,https://www.moparamerica.com/v-2017-dodge-charger--r-t--5-7l-v8-gas/doors-door-mirrors-and-related-parts--front-door,68104000AB,68104000AB,"Lock Rod, Right",,https://www.moparamerica.com/oem-parts/mopar-lock-rod-right-68104000ab
Charger,R/T 5.7L,v-2017-dodge-charger--r-t--5-7l-v8-gas,front-door,https://www.moparamerica.com/v-2017-dodge-charger--r-t--5-7l-v8-gas/doors-door-mirrors-and-related-parts--front-door,68104001AB,68104001AB,"Lock Rod, Left",,https://www.moparamerica.com/oem-parts/mopar-lock-rod-left-68104001ab
Charger,R/T 5.7L,v-2017-dodge-charger--r-t--5-7l-v8-gas,front-door,https://www.moparamerica.com/v-2017-dodge-charger--r-t--5-7l-v8-gas/doors-door-mirrors-and-related-parts--front-door,68104288AA,68104288AA,Lock Knob Grommet,Right or Left.,https://www.moparamerica.com/oem-parts/mopar-lock-knob-grommet-68104288aa
Charger,R/T 5.7L,v-2017-dodge-charger--r-t--5-7l-v8-gas,front-door,https://www.moparamerica.com/v-2017-dodge-charger--r-t--5-7l-v8-gas/doors-door-mirrors-and-related-parts--front-door,68103788AA,68103788AA,Inside Handle To Latch Cable,Front Door.,https://www.moparamerica.com/oem-parts/mopar-inside-handle-to-latch-cable-68103788aa
Charger,R/T 5.7L,v-2017-dodge-charger--r-t--5-7l-v8-gas,front-door,https://www.moparamerica.com/v-2017-dodge-charger--r-t--5-7l-v8-gas/doors-door-mirrors-and-related-parts--front-door,68104290AA,68104290AA,Torx Screw,M5x22.,https://www.moparamerica.com/oem-parts/mopar-torx-screw-68104290aa
Charger,R/T 5.7L,v-2017-dodge-charger--r-t--5-7l-v8-gas,front-door,https://www.moparamerica.com/v-2017-dodge-charger--r-t--5-7l-v8-gas/doors-door-mirrors-and-related-parts--front-door,68086059AA,68086059AA,Sealing Plug,"15mm. Pinch Sensor On Liftgate. Anti-Pinch Sensor Hole. Front Floor. Front Door , Body Side Outer. Pinch Sensor Wire Harness.",https://www.moparamerica.com/oem-parts/mopar-sealing-plug-68086059aa
Charger,R/T 5.7L,v-2017-dodge-charger--r-t--5-7l-v8-gas,front-door,https://www.moparamerica.com/v-2017-dodge-charger--r-t--5-7l-v8-gas/doors-door-mirrors-and-related-parts--front-door,6511247AA,6511247AA,"Oval Head Screw, Right",M6x1.00x17.50. Door Latch Attaching. Latch to Inner. Latch To Door.,https://www.moparamerica.com/oem-parts/mopar-oval-head-screw-right-6511247aa
Charger,R/T 5.7L,v-2017-dodge-charger--r-t--5-7l-v8-gas,front-door,https://www.moparamerica.com/v-2017-dodge-charger--r-t--5-7l-v8-gas/doors-door-mirrors-and-related-parts--front-door,1MZ85JSCAM,1MZ85JSCAM,Left,,https://www.moparamerica.com/oem-parts/mopar-2011-2021-mopar-front-door-exterior-handle-left-1mz85jscam
Charger,R/T 5.7L,v-2017-dodge-charger--r-t--5-7l-v8-gas,front-door,https://www.moparamerica.com/v-2017-dodge-charger--r-t--5-7l-v8-gas/doors-door-mirrors-and-related-parts--front-door,1MZ84JRYAJ,1MZ84JRYAJ,Right,,https://www.moparamerica.com/oem-parts/mopar-front-door-exterior-handle-right-1mz84jryaj
Charger,R/T 5.7L,v-2017-dodge-charger--r-t--5-7l-v8-gas,front-door,https://www.moparamerica.com/v-2017-dodge-charger--r-t--5-7l-v8-gas/doors-door-mirrors-and-related-parts--front-door,1MZ84LAUAM,1MZ84LAUAM,Right,,https://www.moparamerica.com/oem-parts/mopar-2013-2021-mopar-front-door-exterior-handle-right-1mz84lauam
Charger,R/T 5.7L,v-2017-dodge-charger--r-t--5-7l-v8-gas,front-door,https://www.moparamerica.com/v-2017-dodge-charger--r-t--5-7l-v8-gas/doors-door-mirrors-and-related-parts--front-door,1MZ84RY4AM,1MZ84RY4AM,Right,,https://www.moparamerica.com/oem-parts/mopar-front-door-exterior-handle-right-1mz84ry4am
Charger,R/T 5.7L,v-2017-dodge-charger--r-t--5-7l-v8-gas,front-door,https://www.moparamerica.com/v-2017-dodge-charger--r-t--5-7l-v8-gas/doors-door-mirrors-and-related-parts--front-door,1MZ84NVPAM,1MZ84NVPAM,Right,,https://www.moparamerica.com/oem-parts/mopar-2020-2021-dodge-challenger-front-door-exterior-handle-right-1mz84nvpam
Charger,R/T 5.7L,v-2017-dodge-charger--r-t--5-7l-v8-gas,front-door,https://www.moparamerica.com/v-2017-dodge-charger--r-t--5-7l-v8-gas/doors-door-mirrors-and-related-parts--front-door,68104013AA,68104013AA,Left,,https://www.moparamerica.com/oem-parts/mopar-chassis-presenter-left-68104013aa
Charger,R/T 5.7L,v-2017-dodge-charger--r-t--5-7l-v8-gas,front-door,https://www.moparamerica.com/v-2017-dodge-charger--r-t--5-7l-v8-gas/doors-door-mirrors-and-related-parts--front-door,68104012AA,68104012AA,Right,,https://www.moparamerica.com/oem-parts/mopar-chassis-presenter-right-68104012aa
Charger,R/T 5.7L,v-2017-dodge-charger--r-t--5-7l-v8-gas,front-door,https://www.moparamerica.com/v-2017-dodge-charger--r-t--5-7l-v8-gas/doors-door-mirrors-and-related-parts--front-door,68103995AA,68103995AA,Link,,https://www.moparamerica.com/oem-parts/mopar-key-cylinder-to-latch-link-68103995aa
Charger,R/T 5.7L,v-2017-dodge-charger--r-t--5-7l-v8-gas,front-door,https://www.moparamerica.com/v-2017-dodge-charger--r-t--5-7l-v8-gas/doors-door-mirrors-and-related-parts--front-door,68143987AA,68143987AA,Left,,https://www.moparamerica.com/oem-parts/mopar-window-regulator-motor-left-68143987aa
Charger,R/T 5.7L,v-2017-dodge-charger--r-t--5-7l-v8-gas,front-door,https://www.moparamerica.com/v-2017-dodge-charger--r-t--5-7l-v8-gas/doors-door-mirrors-and-related-parts--front-door,68143986AA,68143986AA,Right,,https://www.moparamerica.com/oem-parts/mopar-window-regulator-motor-right-68143986aa
Charger,R/T 5.7L,v-2017-dodge-charger--r-t--5-7l-v8-gas,front-door,https://www.moparamerica.com/v-2017-dodge-charger--r-t--5-7l-v8-gas/doors-door-mirrors-and-related-parts--front-door,68104000AB,68104000AB,Right,,https://www.moparamerica.com/oem-parts/mopar-lock-rod-right-68104000ab
Charger,R/T 5.7L,v-2017-dodge-charger--r-t--5-7l-v8-gas,front-door,https://www.moparamerica.com/v-2017-dodge-charger--r-t--5-7l-v8-gas/doors-door-mirrors-and-related-parts--front-door,68104001AB,68104001AB,Left,,https://www.moparamerica.com/oem-parts/mopar-lock-rod-left-68104001ab
Charger,R/T 5.7L,v-2017-dodge-charger--r-t--5-7l-v8-gas,front-door,https://www.moparamerica.com/v-2017-dodge-charger--r-t--5-7l-v8-gas/doors-door-mirrors-and-related-parts--front-door,68104288AA,68104288AA,Grommet,,https://www.moparamerica.com/oem-parts/mopar-lock-knob-grommet-68104288aa
Charger,R/T 5.7L,v-2017-dodge-charger--r-t--5-7l-v8-gas,front-door,https://www.moparamerica.com/v-2017-dodge-charger--r-t--5-7l-v8-gas/doors-door-mirrors-and-related-parts--front-door,68103788AA,68103788AA,Cable,,https://www.moparamerica.com/oem-parts/mopar-inside-handle-to-latch-cable-68103788aa
Charger,R/T 5.7L,v-2017-dodge-charger--r-t--5-7l-v8-gas,front-door,https://www.moparamerica.com/v-2017-dodge-charger--r-t--5-7l-v8-gas/doors-door-mirrors-and-related-parts--front-door,68104290AA,68104290AA,Screw,,https://www.moparamerica.com/oem-parts/mopar-torx-screw-68104290aa
Charger,R/T 5.7L,v-2017-dodge-charger--r-t--5-7l-v8-gas,front-door,https://www.moparamerica.com/v-2017-dodge-charger--r-t--5-7l-v8-gas/doors-door-mirrors-and-related-parts--front-door,68086059AA,68086059AA,Plug,,https://www.moparamerica.com/oem-parts/mopar-sealing-plug-68086059aa
Charger,R/T 5.7L,v-2017-dodge-charger--r-t--5-7l-v8-gas,front-door,https://www.moparamerica.com/v-2017-dodge-charger--r-t--5-7l-v8-gas/doors-door-mirrors-and-related-parts--front-door,6511247AA,6511247AA,Screw,,https://www.moparamerica.com/oem-parts/mopar-oval-head-screw-right-6511247aa
Charger,R/T 5.7L,v-2017-dodge-charger--r-t--5-7l-v8-gas,front-door,https://www.moparamerica.com/v-2017-dodge-charger--r-t--5-7l-v8-gas/doors-door-mirrors-and-related-parts--front-door,68060189AM,68060189AM,Left,,https://www.moparamerica.com/oem-parts/mopar-door-handle-bracket-left-68060189am
Charger,R/T 5.7L,v-2017-dodge-charger--r-t--5-7l-v8-gas,front-door,https://www.moparamerica.com/v-2017-dodge-charger--r-t--5-7l-v8-gas/doors-door-mirrors-and-related-parts--front-door,68060188AL,68060188AL,Right,,https://www.moparamerica.com/oem-parts/mopar-door-handle-bracket-right-68060188al
Charger,R/T 5.7L,v-2017-dodge-charger--r-t--5-7l-v8-gas,front-door,https://www.moparamerica.com/v-2017-dodge-charger--r-t--5-7l-v8-gas/doors-door-mirrors-and-related-parts--front-door,68103997AC,68103997AC,Left,,https://www.moparamerica.com/oem-parts/mopar-carrier-plate-panel-left-68103997ac
Charger,R/T 5.7L,v-2017-dodge-charger--r-t--5-7l-v8-gas,front-door,https://www.moparamerica.com/v-2017-dodge-charger--r-t--5-7l-v8-gas/doors-door-mirrors-and-related-parts--front-door,68103996AC,68103996AC,Right,,https://www.moparamerica.com/oem-parts/mopar-carrier-plate-panel-right-68103996ac
Charger,R/T 5.7L,v-2017-dodge-charger--r-t--5-7l-v8-gas,front-door,https://www.moparamerica.com/v-2017-dodge-charger--r-t--5-7l-v8-gas/doors-door-mirrors-and-related-parts--front-door,4589463AA,4589463AA,Clip,,https://www.moparamerica.com/oem-parts/mopar-clip-right-front-4589463aa
Charger,R/T 5.7L,v-2017-dodge-charger--r-t--5-7l-v8-gas,front-door,https://www.moparamerica.com/v-2017-dodge-charger--r-t--5-7l-v8-gas/doors-door-mirrors-and-related-parts--front-door,4589461AA,4589461AA,Clip,,https://www.moparamerica.com/oem-parts/mopar-clip-left-4589461aa
Charger,R/T 5.7L,v-2017-dodge-charger--r-t--5-7l-v8-gas,front-door,https://www.moparamerica.com/v-2017-dodge-charger--r-t--5-7l-v8-gas/doors-door-mirrors-and-related-parts--front-door,4589916AH,4589916AH,Right,,https://www.moparamerica.com/oem-parts/mopar-front-door-latch-right-4589916ah
Charger,R/T 5.7L,v-2017-dodge-charger--r-t--5-7l-v8-gas,front-door,https://www.moparamerica.com/v-2017-dodge-charger--r-t--5-7l-v8-gas/doors-door-mirrors-and-related-parts--front-door,4589913AI,4589913AI,Left,,https://www.moparamerica.com/oem-parts/mopar-front-door-latch-left-4589913ai
Charger,R/T 5.7L,v-2017-dodge-charger--r-t--5-7l-v8-gas,front-door,https://www.moparamerica.com/v-2017-dodge-charger--r-t--5-7l-v8-gas/doors-door-mirrors-and-related-parts--front-door,68359599AD,68359599AD,Cable,,https://www.moparamerica.com/oem-parts/mopar-outside-handle-cable-68359599ad
Charger,R/T 5.7L,v-2017-dodge-charger--r-t--5-7l-v8-gas,front-door,https://www.moparamerica.com/v-2017-dodge-charger--r-t--5-7l-v8-gas/doors-door-mirrors-and-related-parts--front-door,68104007AA,68104007AA,Left,,https://www.moparamerica.com/oem-parts/mopar-cable-retainer-left-68104007aa
Charger,R/T 5.7L,v-2017-dodge-charger--r-t--5-7l-v8-gas,front-door,https://www.moparamerica.com/v-2017-dodge-charger--r-t--5-7l-v8-gas/doors-door-mirrors-and-related-parts--front-door,68104006AA,68104006AA,Right,,https://www.moparamerica.com/oem-parts/mopar-cable-retainer-right-68104006aa
Charger,R/T 5.7L,v-2017-dodge-charger--r-t--5-7l-v8-gas,front-door,https://www.moparamerica.com/v-2017-dodge-charger--r-t--5-7l-v8-gas/doors-door-mirrors-and-related-parts--front-door,68104004AA,68104004AA,Right,,https://www.moparamerica.com/oem-parts/mopar-latch-presenter-right-68104004aa
Charger,R/T 5.7L,v-2017-dodge-charger--r-t--5-7l-v8-gas,front-door,https://www.moparamerica.com/v-2017-dodge-charger--r-t--5-7l-v8-gas/doors-door-mirrors-and-related-parts--front-door,68104005AA,68104005AA,Left,,https://www.moparamerica.com/oem-parts/mopar-latch-presenter-left-68104005aa
Charger,R/T Scat Pack 6.4L,v-2017-dodge-charger--r-t-scat-pack--6-4l-v8-gas,front-door,https://www.moparamerica.com/v-2017-dodge-charger--r-t-scat-pack--6-4l-v8-gas/doors-door-mirrors-and-related-parts--front-door,55276821AA,55276821AA,Round Black Tape,Front Door Mirror Flag. Latch Adjustment Hole. O/S Handle Attach Access Hole. Pinch Sensor Holes. Door Handle Access Hole. Latch Adjustment Plug. A-Pillar Door Inner Panel 19mm Diameter. Drain Hole Patch.,https://www.moparamerica.com/oem-parts/mopar-round-black-tape-55276821aa
Charger,R/T Scat Pack 6.4L,v-2017-dodge-charger--r-t-scat-pack--6-4l-v8-gas,front-door,https://www.moparamerica.com/v-2017-dodge-charger--r-t-scat-pack--6-4l-v8-gas/doors-door-mirrors-and-related-parts--front-door,5PF65DX9AF,5PF65DX9AF,"Inside Remote Control Handle, Left",INSIDE REMOTE CONTROL,https://www.moparamerica.com/oem-parts/mopar-inside-remote-control-handle-left-5pf65dx9af
Charger,R/T Scat Pack 6.4L,v-2017-dodge-charger--r-t-scat-pack--6-4l-v8-gas,front-door,https://www.moparamerica.com/v-2017-dodge-charger--r-t-scat-pack--6-4l-v8-gas/doors-door-mirrors-and-related-parts--front-door,68104014AA,68104014AA,"Access Door Trim Cover, Right",Door Larch Access. Door Latch.,https://www.moparamerica.com/oem-parts/mopar-access-door-trim-cover-right-68104014aa
Charger,R/T Scat Pack 6.4L,v-2017-dodge-charger--r-t-scat-pack--6-4l-v8-gas,front-door,https://www.moparamerica.com/v-2017-dodge-charger--r-t-scat-pack--6-4l-v8-gas/doors-door-mirrors-and-related-parts--front-door,5PF62DX9AF,5PF62DX9AF,"Inside Remote Control Handle, Right",INSIDE RELEASE,https://www.moparamerica.com/oem-parts/mopar-inside-remote-control-handle-right-5pf62dx9af
Charger,R/T Scat Pack 6.4L,v-2017-dodge-charger--r-t-scat-pack--6-4l-v8-gas,front-door,https://www.moparamerica.com/v-2017-dodge-charger--r-t-scat-pack--6-4l-v8-gas/doors-door-mirrors-and-related-parts--front-door,6510299AA,6510299AA,"Hex Head Locking Screw And Washer, Right",Division Bar Lower to Door. M6x1.00x25.00. Hardware Module to Door. Division Bar Attaching. Pull Cup Attaching.,https://www.moparamerica.com/oem-parts/mopar-hex-head-locking-screw-and-washer-right-6510299aa
Charger,R/T Scat Pack 6.4L,v-2017-dodge-charger--r-t-scat-pack--6-4l-v8-gas,front-door,https://www.moparamerica.com/v-2017-dodge-charger--r-t-scat-pack--6-4l-v8-gas/doors-door-mirrors-and-related-parts--front-door,5PF63DX9AF,5PF63DX9AF,"Inside Remote Control Handle, Left",INSIDE RELEASE,https://www.moparamerica.com/oem-parts/mopar-inside-remote-control-handle-left-5pf63dx9af
Charger,R/T Scat Pack 6.4L,v-2017-dodge-charger--r-t-scat-pack--6-4l-v8-gas,front-door,https://www.moparamerica.com/v-2017-dodge-charger--r-t-scat-pack--6-4l-v8-gas/doors-door-mirrors-and-related-parts--front-door,6505026AA,6505026AA,"Pan Head Screw, Right",M8. Powertrain module and bracket attaching. M5x16. Weatherstrip Attaching. Dowel Receiver Attaching. Handle to Door. A-Pillar Retainer Attaching.,https://www.moparamerica.com/oem-parts/mopar-pan-head-screw-right-6505026aa
Charger,R/T Scat Pack 6.4L,v-2017-dodge-charger--r-t-scat-pack--6-4l-v8-gas,front-door,https://www.moparamerica.com/v-2017-dodge-charger--r-t-scat-pack--6-4l-v8-gas/doors-door-mirrors-and-related-parts--front-door,6510049AA,6510049AA,Screw,M6x2.14.00x29.55. Outside Handle Chassis to Door Inner. O/S Handle Bracket To Door. Handle Bracket To Door Inner.,https://www.moparamerica.com/oem-parts/mopar-screw-6510049aa
Charger,R/T Scat Pack 6.4L,v-2017-dodge-charger--r-t-scat-pack--6-4l-v8-gas,front-door,https://www.moparamerica.com/v-2017-dodge-charger--r-t-scat-pack--6-4l-v8-gas/doors-door-mirrors-and-related-parts--front-door,1MZ85JRYAM,1MZ85JRYAM,"Front Door Exterior Handle, Left",FRONT DOOR EXTERIOR,https://www.moparamerica.com/oem-parts/mopar-front-door-exterior-handle-left-1mz85jryam
Charger,R/T Scat Pack 6.4L,v-2017-dodge-charger--r-t-scat-pack--6-4l-v8-gas,front-door,https://www.moparamerica.com/v-2017-dodge-charger--r-t-scat-pack--6-4l-v8-gas/doors-door-mirrors-and-related-parts--front-door,1MZ84KARAM,1MZ84KARAM,2011-2021 Mopar Front Door Exterior Handle Right,FRONT DOOR EXTERIOR,https://www.moparamerica.com/oem-parts/mopar-2011-2021-mopar-front-door-exterior-handle-right-1mz84karam
Charger,R/T Scat Pack 6.4L,v-2017-dodge-charger--r-t-scat-pack--6-4l-v8-gas,front-door,https://www.moparamerica.com/v-2017-dodge-charger--r-t-scat-pack--6-4l-v8-gas/doors-door-mirrors-and-related-parts--front-door,1MZ85NVPAM,1MZ85NVPAM,2015-2021 Mopar Front Door Exterior Handle Left,FRONT DOOR EXTERIOR,https://www.moparamerica.com/oem-parts/mopar-2015-2021-mopar-front-door-exterior-handle-left-1mz85nvpam
Charger,R/T Scat Pack 6.4L,v-2017-dodge-charger--r-t-scat-pack--6-4l-v8-gas,front-door,https://www.moparamerica.com/v-2017-dodge-charger--r-t-scat-pack--6-4l-v8-gas/doors-door-mirrors-and-related-parts--front-door,1MZ85LAUAM,1MZ85LAUAM,2013-2021 Mopar Front Door Exterior Handle Left,FRONT DOOR EXTERIOR,https://www.moparamerica.com/oem-parts/mopar-2013-2021-mopar-front-door-exterior-handle-left-1mz85lauam
Charger,R/T Scat Pack 6.4L,v-2017-dodge-charger--r-t-scat-pack--6-4l-v8-gas,front-door,https://www.moparamerica.com/v-2017-dodge-charger--r-t-scat-pack--6-4l-v8-gas/doors-door-mirrors-and-related-parts--front-door,1MZ84DX8AM,1MZ84DX8AM,2013-2021 Mopar Front Door Exterior Handle Right,FRONT DOOR EXTERIOR,https://www.moparamerica.com/oem-parts/mopar-2013-2021-mopar-front-door-exterior-handle-right-1mz84dx8am
Charger,R/T Scat Pack 6.4L,v-2017-dodge-charger--r-t-scat-pack--6-4l-v8-gas,front-door,https://www.moparamerica.com/v-2017-dodge-charger--r-t-scat-pack--6-4l-v8-gas/doors-door-mirrors-and-related-parts--front-door,1MZ85KBXAM,1MZ85KBXAM,2013-2018 Mopar Front Door Exterior Handle Left,FRONT DOOR EXTERIOR,https://www.moparamerica.com/oem-parts/mopar-2013-2018-mopar-front-door-exterior-handle-left-1mz85kbxam
Charger,R/T Scat Pack 6.4L,v-2017-dodge-charger--r-t-scat-pack--6-4l-v8-gas,front-door,https://www.moparamerica.com/v-2017-dodge-charger--r-t-scat-pack--6-4l-v8-gas/doors-door-mirrors-and-related-parts--front-door,1MZ85KARAM,1MZ85KARAM,2011-2021 Mopar Front Door Exterior Handle Left,FRONT DOOR EXTERIOR,https://www.moparamerica.com/oem-parts/mopar-2011-2021-mopar-front-door-exterior-handle-left-1mz85karam
Charger,R/T Scat Pack 6.4L,v-2017-dodge-charger--r-t-scat-pack--6-4l-v8-gas,front-door,https://www.moparamerica.com/v-2017-dodge-charger--r-t-scat-pack--6-4l-v8-gas/doors-door-mirrors-and-related-parts--front-door,1MZ85RXFAM,1MZ85RXFAM,"Front Door Exterior Handle, Left",FRONT DOOR EXTERIOR,https://www.moparamerica.com/oem-parts/mopar-front-door-exterior-handle-left-1mz85rxfam
Charger,R/T Scat Pack 6.4L,v-2017-dodge-charger--r-t-scat-pack--6-4l-v8-gas,front-door,https://www.moparamerica.com/v-2017-dodge-charger--r-t-scat-pack--6-4l-v8-gas/doors-door-mirrors-and-related-parts--front-door,1MZ85ZR3AM,1MZ85ZR3AM,2013-2021 Mopar Front Door Exterior Handle Left,FRONT DOOR EXTERIOR,https://www.moparamerica.com/oem-parts/mopar-2013-2021-mopar-front-door-exterior-handle-left-1mz85zr3am
Charger,R/T Scat Pack 6.4L,v-2017-dodge-charger--r-t-scat-pack--6-4l-v8-gas,front-door,https://www.moparamerica.com/v-2017-dodge-charger--r-t-scat-pack--6-4l-v8-gas/doors-door-mirrors-and-related-parts--front-door,1MZ84RXFAJ,1MZ84RXFAJ,"Front Door Exterior Handle, Right",FRONT DOOR EXTERIOR,https://www.moparamerica.com/oem-parts/mopar-front-door-exterior-handle-right-1mz84rxfaj
Charger,R/T Scat Pack 6.4L,v-2017-dodge-charger--r-t-scat-pack--6-4l-v8-gas,front-door,https://www.moparamerica.com/v-2017-dodge-charger--r-t-scat-pack--6-4l-v8-gas/doors-door-mirrors-and-related-parts--front-door,1MZ85PDNAM,1MZ85PDNAM,2014-2021 Mopar Front Door Exterior Handle Left,,https://www.moparamerica.com/oem-parts/mopar-2014-2021-mopar-front-door-exterior-handle-left-1mz85pdnam
Charger,R/T Scat Pack 6.4L,v-2017-dodge-charger--r-t-scat-pack--6-4l-v8-gas,front-door,https://www.moparamerica.com/v-2017-dodge-charger--r-t-scat-pack--6-4l-v8-gas/doors-door-mirrors-and-related-parts--front-door,1MZ85GW7AM,1MZ85GW7AM,2020 2021 Dodge Challenger - Front Door Exterior Handle Left,FRONT DOOR EXTERIOR,https://www.moparamerica.com/oem-parts/mopar-2020-2021-dodge-challenger-front-door-exterior-handle-left-1mz85gw7am
Charger,R/T Scat Pack 6.4L,v-2017-dodge-charger--r-t-scat-pack--6-4l-v8-gas,front-door,https://www.moparamerica.com/v-2017-dodge-charger--r-t-scat-pack--6-4l-v8-gas/doors-door-mirrors-and-related-parts--front-door,1MZ85DX8AM,1MZ85DX8AM,2013-2021 Mopar Front Door Exterior Handle Left,FRONT DOOR EXTERIOR,https://www.moparamerica.com/oem-parts/mopar-2013-2021-mopar-front-door-exterior-handle-left-1mz85dx8am
Charger,R/T Scat Pack 6.4L,v-2017-dodge-charger--r-t-scat-pack--6-4l-v8-gas,front-door,https://www.moparamerica.com/v-2017-dodge-charger--r-t-scat-pack--6-4l-v8-gas/doors-door-mirrors-and-related-parts--front-door,1MZ84RY4AM,1MZ84RY4AM,"Front Door Exterior Handle, Right",,https://www.moparamerica.com/oem-parts/mopar-front-door-exterior-handle-right-1mz84ry4am
Charger,R/T Scat Pack 6.4L,v-2017-dodge-charger--r-t-scat-pack--6-4l-v8-gas,front-door,https://www.moparamerica.com/v-2017-dodge-charger--r-t-scat-pack--6-4l-v8-gas/doors-door-mirrors-and-related-parts--front-door,1MZ84NVPAM,1MZ84NVPAM,2020 2021 Dodge Challenger - Front Door Exterior Handle Right,FRONT DOOR EXTERIOR,https://www.moparamerica.com/oem-parts/mopar-2020-2021-dodge-challenger-front-door-exterior-handle-right-1mz84nvpam
Charger,R/T Scat Pack 6.4L,v-2017-dodge-charger--r-t-scat-pack--6-4l-v8-gas,front-door,https://www.moparamerica.com/v-2017-dodge-charger--r-t-scat-pack--6-4l-v8-gas/doors-door-mirrors-and-related-parts--front-door,1MZ84NRVAM,1MZ84NRVAM,2014-2021 Mopar Front Door Exterior Handle Right,,https://www.moparamerica.com/oem-parts/mopar-2014-2021-mopar-front-door-exterior-handle-right-1mz84nrvam
Charger,R/T Scat Pack 6.4L,v-2017-dodge-charger--r-t-scat-pack--6-4l-v8-gas,front-door,https://www.moparamerica.com/v-2017-dodge-charger--r-t-scat-pack--6-4l-v8-gas/doors-door-mirrors-and-related-parts--front-door,1MZ85MGMAJ,1MZ85MGMAJ,"Front Door Exterior Handle, Left",,https://www.moparamerica.com/oem-parts/mopar-front-door-exterior-handle-left-1mz85mgmaj
Charger,R/T Scat Pack 6.4L,v-2017-dodge-charger--r-t-scat-pack--6-4l-v8-gas,front-door,https://www.moparamerica.com/v-2017-dodge-charger--r-t-scat-pack--6-4l-v8-gas/doors-door-mirrors-and-related-parts--front-door,1MZ84ZR3AM,1MZ84ZR3AM,2013-2021 Mopar Front Door Exterior Handle Right,FRONT DOOR EXTERIOR,https://www.moparamerica.com/oem-parts/mopar-2013-2021-mopar-front-door-exterior-handle-right-1mz84zr3am
Charger,R/T Scat Pack 6.4L,v-2017-dodge-charger--r-t-scat-pack--6-4l-v8-gas,front-door,https://www.moparamerica.com/v-2017-dodge-charger--r-t-scat-pack--6-4l-v8-gas/doors-door-mirrors-and-related-parts--front-door,1MZ84PDNAM,1MZ84PDNAM,2014-2021 Mopar Front Door Exterior Handle Right,,https://www.moparamerica.com/oem-parts/mopar-2014-2021-mopar-front-door-exterior-handle-right-1mz84pdnam
Charger,R/T Scat Pack 6.4L,v-2017-dodge-charger--r-t-scat-pack--6-4l-v8-gas,front-door,https://www.moparamerica.com/v-2017-dodge-charger--r-t-scat-pack--6-4l-v8-gas/doors-door-mirrors-and-related-parts--front-door,1MZ84KBXAM,1MZ84KBXAM,"Front Door Exterior Handle, Right",FRONT DOOR EXTERIOR,https://www.moparamerica.com/oem-parts/mopar-front-door-exterior-handle-right-1mz84kbxam
Charger,R/T Scat Pack 6.4L,v-2017-dodge-charger--r-t-scat-pack--6-4l-v8-gas,front-door,https://www.moparamerica.com/v-2017-dodge-charger--r-t-scat-pack--6-4l-v8-gas/doors-door-mirrors-and-related-parts--front-door,1MZ84GW7AM,1MZ84GW7AM,2020 2021 Dodge Challenger - Front Door Exterior Handle Right,FRONT DOOR EXTERIOR,https://www.moparamerica.com/oem-parts/mopar-2020-2021-dodge-challenger-front-door-exterior-handle-right-1mz84gw7am
Charger,R/T Scat Pack 6.4L,v-2017-dodge-charger--r-t-scat-pack--6-4l-v8-gas,front-door,https://www.moparamerica.com/v-2017-dodge-charger--r-t-scat-pack--6-4l-v8-gas/doors-door-mirrors-and-related-parts--front-door,1MZ84MGMAM,1MZ84MGMAM,"Front Door Exterior Handle, Right",,https://www.moparamerica.com/oem-parts/mopar-front-door-exterior-handle-right-1mz84mgmam
Charger,R/T Scat Pack 6.4L,v-2017-dodge-charger--r-t-scat-pack--6-4l-v8-gas,front-door,https://www.moparamerica.com/v-2017-dodge-charger--r-t-scat-pack--6-4l-v8-gas/doors-door-mirrors-and-related-parts--front-door,1MZ85JSCAM,1MZ85JSCAM,2011-2021 Mopar Front Door Exterior Handle Left,FRONT DOOR EXTERIOR,https://www.moparamerica.com/oem-parts/mopar-2011-2021-mopar-front-door-exterior-handle-left-1mz85jscam
Charger,R/T Scat Pack 6.4L,v-2017-dodge-charger--r-t-scat-pack--6-4l-v8-gas,front-door,https://www.moparamerica.com/v-2017-dodge-charger--r-t-scat-pack--6-4l-v8-gas/doors-door-mirrors-and-related-parts--front-door,1MZ85NRVAM,1MZ85NRVAM,2020 2021 Dodge Challenger - Front Door Exterior Handle Left,,https://www.moparamerica.com/oem-parts/mopar-2020-2021-dodge-challenger-front-door-exterior-handle-left-1mz85nrvam
Charger,R/T Scat Pack 6.4L,v-2017-dodge-charger--r-t-scat-pack--6-4l-v8-gas,front-door,https://www.moparamerica.com/v-2017-dodge-charger--r-t-scat-pack--6-4l-v8-gas/doors-door-mirrors-and-related-parts--front-door,1MZ84JRYAJ,1MZ84JRYAJ,"Front Door Exterior Handle, Right",FRONT DOOR EXTERIOR,https://www.moparamerica.com/oem-parts/mopar-front-door-exterior-handle-right-1mz84jryaj
Charger,R/T Scat Pack 6.4L,v-2017-dodge-charger--r-t-scat-pack--6-4l-v8-gas,front-door,https://www.moparamerica.com/v-2017-dodge-charger--r-t-scat-pack--6-4l-v8-gas/doors-door-mirrors-and-related-parts--front-door,1MZ84LAUAM,1MZ84LAUAM,2013-2021 Mopar Front Door Exterior Handle Right,FRONT DOOR EXTERIOR,https://www.moparamerica.com/oem-parts/mopar-2013-2021-mopar-front-door-exterior-handle-right-1mz84lauam
Charger,R/T Scat Pack 6.4L,v-2017-dodge-charger--r-t-scat-pack--6-4l-v8-gas,front-door,https://www.moparamerica.com/v-2017-dodge-charger--r-t-scat-pack--6-4l-v8-gas/doors-door-mirrors-and-related-parts--front-door,1MZ85RY4AM,1MZ85RY4AM,"Front Door Exterior Handle, Left",,https://www.moparamerica.com/oem-parts/mopar-front-door-exterior-handle-left-1mz85ry4am
Charger,R/T Scat Pack 6.4L,v-2017-dodge-charger--r-t-scat-pack--6-4l-v8-gas,front-door,https://www.moparamerica.com/v-2017-dodge-charger--r-t-scat-pack--6-4l-v8-gas/doors-door-mirrors-and-related-parts--front-door,1MZ84JSCAJ,1MZ84JSCAJ,"Front Door Exterior Handle, Right",,https://www.moparamerica.com/oem-parts/mopar-front-door-exterior-handle-right-1mz84jscaj
Charger,R/T Scat Pack 6.4L,v-2017-dodge-charger--r-t-scat-pack--6-4l-v8-gas,front-door,https://www.moparamerica.com/v-2017-dodge-charger--r-t-scat-pack--6-4l-v8-gas/doors-door-mirrors-and-related-parts--front-door,68060188AL,68060188AL,"Door Handle Bracket, Right",DOOR HANDLE,https://www.moparamerica.com/oem-parts/mopar-door-handle-bracket-right-68060188al
Charger,R/T Scat Pack 6.4L,v-2017-dodge-charger--r-t-scat-pack--6-4l-v8-gas,front-door,https://www.moparamerica.com/v-2017-dodge-charger--r-t-scat-pack--6-4l-v8-gas/doors-door-mirrors-and-related-parts--front-door,68060189AM,68060189AM,Door Handle Bracket Left,,https://www.moparamerica.com/oem-parts/mopar-door-handle-bracket-left-68060189am
Charger,R/T Scat Pack 6.4L,v-2017-dodge-charger--r-t-scat-pack--6-4l-v8-gas,front-door,https://www.moparamerica.com/v-2017-dodge-charger--r-t-scat-pack--6-4l-v8-gas/doors-door-mirrors-and-related-parts--front-door,68103997AC,68103997AC,"Carrier Plate Panel, Left",Front Door. Includes Regulator.,https://www.moparamerica.com/oem-parts/mopar-carrier-plate-panel-left-68103997ac
Charger,R/T Scat Pack 6.4L,v-2017-dodge-charger--r-t-scat-pack--6-4l-v8-gas,front-door,https://www.moparamerica.com/v-2017-dodge-charger--r-t-scat-pack--6-4l-v8-gas/doors-door-mirrors-and-related-parts--front-door,68103996AC,68103996AC,"Carrier Plate Panel, Right",Front Door. Includes Regulator.,https://www.moparamerica.com/oem-parts/mopar-carrier-plate-panel-right-68103996ac
Charger,R/T Scat Pack 6.4L,v-2017-dodge-charger--r-t-scat-pack--6-4l-v8-gas,front-door,https://www.moparamerica.com/v-2017-dodge-charger--r-t-scat-pack--6-4l-v8-gas/doors-door-mirrors-and-related-parts--front-door,4589461AA,4589461AA,"Clip, Left",Thin. Green Torx Head Twist Retainer.,https://www.moparamerica.com/oem-parts/mopar-clip-left-4589461aa
Charger,R/T Scat Pack 6.4L,v-2017-dodge-charger--r-t-scat-pack--6-4l-v8-gas,front-door,https://www.moparamerica.com/v-2017-dodge-charger--r-t-scat-pack--6-4l-v8-gas/doors-door-mirrors-and-related-parts--front-door,4589463AA,4589463AA,"Clip, Right Front",Thick. Door Module To Inner Door. Door Module Attaching. Green Torx Head Twist Retainer. Door Module Attachment. Door Mudule Attachment.,https://www.moparamerica.com/oem-parts/mopar-clip-right-front-4589463aa
Charger,R/T Scat Pack 6.4L,v-2017-dodge-charger--r-t-scat-pack--6-4l-v8-gas,front-door,https://www.moparamerica.com/v-2017-dodge-charger--r-t-scat-pack--6-4l-v8-gas/doors-door-mirrors-and-related-parts--front-door,4589913AI,04589913AI,"Front Door Latch, Left",With Key Cylinder.,https://www.moparamerica.com/oem-parts/mopar-front-door-latch-left-4589913ai
Charger,R/T Scat Pack 6.4L,v-2017-dodge-charger--r-t-scat-pack--6-4l-v8-gas,front-door,https://www.moparamerica.com/v-2017-dodge-charger--r-t-scat-pack--6-4l-v8-gas/doors-door-mirrors-and-related-parts--front-door,4589916AH,04589916AH,"Front Door Latch, Right",Without Key Cylinder.,https://www.moparamerica.com/oem-parts/mopar-front-door-latch-right-4589916ah
Charger,R/T Scat Pack 6.4L,v-2017-dodge-charger--r-t-scat-pack--6-4l-v8-gas,front-door,https://www.moparamerica.com/v-2017-dodge-charger--r-t-scat-pack--6-4l-v8-gas/doors-door-mirrors-and-related-parts--front-door,68359599AD,68359599AD,Outside Handle Cable,OUTSIDE HANDLE,https://www.moparamerica.com/oem-parts/mopar-outside-handle-cable-68359599ad
Charger,R/T Scat Pack 6.4L,v-2017-dodge-charger--r-t-scat-pack--6-4l-v8-gas,front-door,https://www.moparamerica.com/v-2017-dodge-charger--r-t-scat-pack--6-4l-v8-gas/doors-door-mirrors-and-related-parts--front-door,68078076AB,68078076AB,Latch Clip Kit,"Clip Pkg. Kit Contains 12 Different Clips. Kit contains 1of each [04658444], [04658445], [04658674] [04658675], [04658677], [04589017aa] [55362770aa], [55362771aa], [06506807aa][06506804aa], [04589508aa], [04589509aa]. Door Latch. Liftgate Latch. Clip Package. Kit contains 1 of each [04658444], [04658445], [04658674] [04658675], [04658677], [04589017aa] [55362770aa], [55362771aa], [06506807aa][06506804aa], [04589508aa], [04589509aa].",https://www.moparamerica.com/oem-parts/mopar-latch-clip-kit-68078076ab
Charger,R/T Scat Pack 6.4L,v-2017-dodge-charger--r-t-scat-pack--6-4l-v8-gas,front-door,https://www.moparamerica.com/v-2017-dodge-charger--r-t-scat-pack--6-4l-v8-gas/doors-door-mirrors-and-related-parts--front-door,68104007AA,68104007AA,"Cable Retainer, Left",,https://www.moparamerica.com/oem-parts/mopar-cable-retainer-left-68104007aa
Charger,R/T Scat Pack 6.4L,v-2017-dodge-charger--r-t-scat-pack--6-4l-v8-gas,front-door,https://www.moparamerica.com/v-2017-dodge-charger--r-t-scat-pack--6-4l-v8-gas/doors-door-mirrors-and-related-parts--front-door,68104006AA,68104006AA,"Cable Retainer, Right",,https://www.moparamerica.com/oem-parts/mopar-cable-retainer-right-68104006aa
Charger,R/T Scat Pack 6.4L,v-2017-dodge-charger--r-t-scat-pack--6-4l-v8-gas,front-door,https://www.moparamerica.com/v-2017-dodge-charger--r-t-scat-pack--6-4l-v8-gas/doors-door-mirrors-and-related-parts--front-door,68104004AA,68104004AA,"Latch Presenter, Right",Front Door.,https://www.moparamerica.com/oem-parts/mopar-latch-presenter-right-68104004aa
Charger,R/T Scat Pack 6.4L,v-2017-dodge-charger--r-t-scat-pack--6-4l-v8-gas,front-door,https://www.moparamerica.com/v-2017-dodge-charger--r-t-scat-pack--6-4l-v8-gas/doors-door-mirrors-and-related-parts--front-door,68104005AA,68104005AA,"Latch Presenter, Left",Front Door.,https://www.moparamerica.com/oem-parts/mopar-latch-presenter-left-68104005aa
Charger,R/T Scat Pack 6.4L,v-2017-dodge-charger--r-t-scat-pack--6-4l-v8-gas,front-door,https://www.moparamerica.com/v-2017-dodge-charger--r-t-scat-pack--6-4l-v8-gas/doors-door-mirrors-and-related-parts--front-door,68104013AA,68104013AA,"Chassis Presenter, Left",,https://www.moparamerica.com/oem-parts/mopar-chassis-presenter-left-68104013aa
Charger,R/T Scat Pack 6.4L,v-2017-dodge-charger--r-t-scat-pack--6-4l-v8-gas,front-door,https://www.moparamerica.com/v-2017-dodge-charger--r-t-scat-pack--6-4l-v8-gas/doors-door-mirrors-and-related-parts--front-door,68104012AA,68104012AA,"Chassis Presenter, Right",,https://www.moparamerica.com/oem-parts/mopar-chassis-presenter-right-68104012aa
Charger,R/T Scat Pack 6.4L,v-2017-dodge-charger--r-t-scat-pack--6-4l-v8-gas,front-door,https://www.moparamerica.com/v-2017-dodge-charger--r-t-scat-pack--6-4l-v8-gas/doors-door-mirrors-and-related-parts--front-door,68103995AA,68103995AA,Key Cylinder To Latch Link,Front Door.,https://www.moparamerica.com/oem-parts/mopar-key-cylinder-to-latch-link-68103995aa
Charger,R/T Scat Pack 6.4L,v-2017-dodge-charger--r-t-scat-pack--6-4l-v8-gas,front-door,https://www.moparamerica.com/v-2017-dodge-charger--r-t-scat-pack--6-4l-v8-gas/doors-door-mirrors-and-related-parts--front-door,68143986AA,68143986AA,"Window Regulator Motor, Right",Front Door.,https://www.moparamerica.com/oem-parts/mopar-window-regulator-motor-right-68143986aa
Charger,R/T Scat Pack 6.4L,v-2017-dodge-charger--r-t-scat-pack--6-4l-v8-gas,front-door,https://www.moparamerica.com/v-2017-dodge-charger--r-t-scat-pack--6-4l-v8-gas/doors-door-mirrors-and-related-parts--front-door,68143987AA,68143987AA,"Window Regulator Motor, Left",Front Door.,https://www.moparamerica.com/oem-parts/mopar-window-regulator-motor-left-68143987aa
Charger,R/T Scat Pack 6.4L,v-2017-dodge-charger--r-t-scat-pack--6-4l-v8-gas,front-door,https://www.moparamerica.com/v-2017-dodge-charger--r-t-scat-pack--6-4l-v8-gas/doors-door-mirrors-and-related-parts--front-door,68104000AB,68104000AB,"Lock Rod, Right",,https://www.moparamerica.com/oem-parts/mopar-lock-rod-right-68104000ab
Charger,R/T Scat Pack 6.4L,v-2017-dodge-charger--r-t-scat-pack--6-4l-v8-gas,front-door,https://www.moparamerica.com/v-2017-dodge-charger--r-t-scat-pack--6-4l-v8-gas/doors-door-mirrors-and-related-parts--front-door,68104001AB,68104001AB,"Lock Rod, Left",,https://www.moparamerica.com/oem-parts/mopar-lock-rod-left-68104001ab
Charger,R/T Scat Pack 6.4L,v-2017-dodge-charger--r-t-scat-pack--6-4l-v8-gas,front-door,https://www.moparamerica.com/v-2017-dodge-charger--r-t-scat-pack--6-4l-v8-gas/doors-door-mirrors-and-related-parts--front-door,68104288AA,68104288AA,Lock Knob Grommet,Right or Left.,https://www.moparamerica.com/oem-parts/mopar-lock-knob-grommet-68104288aa
Charger,R/T Scat Pack 6.4L,v-2017-dodge-charger--r-t-scat-pack--6-4l-v8-gas,front-door,https://www.moparamerica.com/v-2017-dodge-charger--r-t-scat-pack--6-4l-v8-gas/doors-door-mirrors-and-related-parts--front-door,68103788AA,68103788AA,Inside Handle To Latch Cable,Front Door.,https://www.moparamerica.com/oem-parts/mopar-inside-handle-to-latch-cable-68103788aa
Charger,R/T Scat Pack 6.4L,v-2017-dodge-charger--r-t-scat-pack--6-4l-v8-gas,front-door,https://www.moparamerica.com/v-2017-dodge-charger--r-t-scat-pack--6-4l-v8-gas/doors-door-mirrors-and-related-parts--front-door,68104290AA,68104290AA,Torx Screw,M5x22.,https://www.moparamerica.com/oem-parts/mopar-torx-screw-68104290aa
Charger,R/T Scat Pack 6.4L,v-2017-dodge-charger--r-t-scat-pack--6-4l-v8-gas,front-door,https://www.moparamerica.com/v-2017-dodge-charger--r-t-scat-pack--6-4l-v8-gas/doors-door-mirrors-and-related-parts--front-door,68086059AA,68086059AA,Sealing Plug,"15mm. Pinch Sensor On Liftgate. Anti-Pinch Sensor Hole. Front Floor. Front Door , Body Side Outer. Pinch Sensor Wire Harness.",https://www.moparamerica.com/oem-parts/mopar-sealing-plug-68086059aa
Charger,R/T Scat Pack 6.4L,v-2017-dodge-charger--r-t-scat-pack--6-4l-v8-gas,front-door,https://www.moparamerica.com/v-2017-dodge-charger--r-t-scat-pack--6-4l-v8-gas/doors-door-mirrors-and-related-parts--front-door,6511247AA,6511247AA,"Oval Head Screw, Right",M6x1.00x17.50. Door Latch Attaching. Latch to Inner. Latch To Door.,https://www.moparamerica.com/oem-parts/mopar-oval-head-screw-right-6511247aa
Charger,R/T Scat Pack 6.4L,v-2017-dodge-charger--r-t-scat-pack--6-4l-v8-gas,front-door,https://www.moparamerica.com/v-2017-dodge-charger--r-t-scat-pack--6-4l-v8-gas/doors-door-mirrors-and-related-parts--front-door,1MZ85JRYAM,1MZ85JRYAM,Left,,https://www.moparamerica.com/oem-parts/mopar-front-door-exterior-handle-left-1mz85jryam
Charger,R/T Scat Pack 6.4L,v-2017-dodge-charger--r-t-scat-pack--6-4l-v8-gas,front-door,https://www.moparamerica.com/v-2017-dodge-charger--r-t-scat-pack--6-4l-v8-gas/doors-door-mirrors-and-related-parts--front-door,1MZ84KARAM,1MZ84KARAM,Right,,https://www.moparamerica.com/oem-parts/mopar-2011-2021-mopar-front-door-exterior-handle-right-1mz84karam
Charger,R/T Scat Pack 6.4L,v-2017-dodge-charger--r-t-scat-pack--6-4l-v8-gas,front-door,https://www.moparamerica.com/v-2017-dodge-charger--r-t-scat-pack--6-4l-v8-gas/doors-door-mirrors-and-related-parts--front-door,1MZ85NVPAM,1MZ85NVPAM,Left,,https://www.moparamerica.com/oem-parts/mopar-2015-2021-mopar-front-door-exterior-handle-left-1mz85nvpam
Charger,R/T Scat Pack 6.4L,v-2017-dodge-charger--r-t-scat-pack--6-4l-v8-gas,front-door,https://www.moparamerica.com/v-2017-dodge-charger--r-t-scat-pack--6-4l-v8-gas/doors-door-mirrors-and-related-parts--front-door,1MZ85LAUAM,1MZ85LAUAM,Left,,https://www.moparamerica.com/oem-parts/mopar-2013-2021-mopar-front-door-exterior-handle-left-1mz85lauam
Charger,R/T Scat Pack 6.4L,v-2017-dodge-charger--r-t-scat-pack--6-4l-v8-gas,front-door,https://www.moparamerica.com/v-2017-dodge-charger--r-t-scat-pack--6-4l-v8-gas/doors-door-mirrors-and-related-parts--front-door,1MZ84DX8AM,1MZ84DX8AM,Right,,https://www.moparamerica.com/oem-parts/mopar-2013-2021-mopar-front-door-exterior-handle-right-1mz84dx8am
Charger,R/T Scat Pack 6.4L,v-2017-dodge-charger--r-t-scat-pack--6-4l-v8-gas,front-door,https://www.moparamerica.com/v-2017-dodge-charger--r-t-scat-pack--6-4l-v8-gas/doors-door-mirrors-and-related-parts--front-door,68104013AA,68104013AA,Left,,https://www.moparamerica.com/oem-parts/mopar-chassis-presenter-left-68104013aa
Charger,R/T Scat Pack 6.4L,v-2017-dodge-charger--r-t-scat-pack--6-4l-v8-gas,front-door,https://www.moparamerica.com/v-2017-dodge-charger--r-t-scat-pack--6-4l-v8-gas/doors-door-mirrors-and-related-parts--front-door,68104012AA,68104012AA,Right,,https://www.moparamerica.com/oem-parts/mopar-chassis-presenter-right-68104012aa
Charger,R/T Scat Pack 6.4L,v-2017-dodge-charger--r-t-scat-pack--6-4l-v8-gas,front-door,https://www.moparamerica.com/v-2017-dodge-charger--r-t-scat-pack--6-4l-v8-gas/doors-door-mirrors-and-related-parts--front-door,68103995AA,68103995AA,Link,,https://www.moparamerica.com/oem-parts/mopar-key-cylinder-to-latch-link-68103995aa
Charger,R/T Scat Pack 6.4L,v-2017-dodge-charger--r-t-scat-pack--6-4l-v8-gas,front-door,https://www.moparamerica.com/v-2017-dodge-charger--r-t-scat-pack--6-4l-v8-gas/doors-door-mirrors-and-related-parts--front-door,68143986AA,68143986AA,Right,,https://www.moparamerica.com/oem-parts/mopar-window-regulator-motor-right-68143986aa
Charger,R/T Scat Pack 6.4L,v-2017-dodge-charger--r-t-scat-pack--6-4l-v8-gas,front-door,https://www.moparamerica.com/v-2017-dodge-charger--r-t-scat-pack--6-4l-v8-gas/doors-door-mirrors-and-related-parts--front-door,68143987AA,68143987AA,Left,,https://www.moparamerica.com/oem-parts/mopar-window-regulator-motor-left-68143987aa
Charger,R/T Scat Pack 6.4L,v-2017-dodge-charger--r-t-scat-pack--6-4l-v8-gas,front-door,https://www.moparamerica.com/v-2017-dodge-charger--r-t-scat-pack--6-4l-v8-gas/doors-door-mirrors-and-related-parts--front-door,68104000AB,68104000AB,Right,,https://www.moparamerica.com/oem-parts/mopar-lock-rod-right-68104000ab
Charger,R/T Scat Pack 6.4L,v-2017-dodge-charger--r-t-scat-pack--6-4l-v8-gas,front-door,https://www.moparamerica.com/v-2017-dodge-charger--r-t-scat-pack--6-4l-v8-gas/doors-door-mirrors-and-related-parts--front-door,68104001AB,68104001AB,Left,,https://www.moparamerica.com/oem-parts/mopar-lock-rod-left-68104001ab
Charger,R/T Scat Pack 6.4L,v-2017-dodge-charger--r-t-scat-pack--6-4l-v8-gas,front-door,https://www.moparamerica.com/v-2017-dodge-charger--r-t-scat-pack--6-4l-v8-gas/doors-door-mirrors-and-related-parts--front-door,68104288AA,68104288AA,Grommet,,https://www.moparamerica.com/oem-parts/mopar-lock-knob-grommet-68104288aa
Charger,R/T Scat Pack 6.4L,v-2017-dodge-charger--r-t-scat-pack--6-4l-v8-gas,front-door,https://www.moparamerica.com/v-2017-dodge-charger--r-t-scat-pack--6-4l-v8-gas/doors-door-mirrors-and-related-parts--front-door,68103788AA,68103788AA,Cable,,https://www.moparamerica.com/oem-parts/mopar-inside-handle-to-latch-cable-68103788aa
Charger,R/T Scat Pack 6.4L,v-2017-dodge-charger--r-t-scat-pack--6-4l-v8-gas,front-door,https://www.moparamerica.com/v-2017-dodge-charger--r-t-scat-pack--6-4l-v8-gas/doors-door-mirrors-and-related-parts--front-door,68104290AA,68104290AA,Screw,,https://www.moparamerica.com/oem-parts/mopar-torx-screw-68104290aa
Charger,R/T Scat Pack 6.4L,v-2017-dodge-charger--r-t-scat-pack--6-4l-v8-gas,front-door,https://www.moparamerica.com/v-2017-dodge-charger--r-t-scat-pack--6-4l-v8-gas/doors-door-mirrors-and-related-parts--front-door,68086059AA,68086059AA,Plug,,https://www.moparamerica.com/oem-parts/mopar-sealing-plug-68086059aa
Charger,R/T Scat Pack 6.4L,v-2017-dodge-charger--r-t-scat-pack--6-4l-v8-gas,front-door,https://www.moparamerica.com/v-2017-dodge-charger--r-t-scat-pack--6-4l-v8-gas/doors-door-mirrors-and-related-parts--front-door,6511247AA,6511247AA,Screw,,https://www.moparamerica.com/oem-parts/mopar-oval-head-screw-right-6511247aa
Charger,R/T Scat Pack 6.4L,v-2017-dodge-charger--r-t-scat-pack--6-4l-v8-gas,front-door,https://www.moparamerica.com/v-2017-dodge-charger--r-t-scat-pack--6-4l-v8-gas/doors-door-mirrors-and-related-parts--front-door,68060188AL,68060188AL,Right,,https://www.moparamerica.com/oem-parts/mopar-door-handle-bracket-right-68060188al
Charger,R/T Scat Pack 6.4L,v-2017-dodge-charger--r-t-scat-pack--6-4l-v8-gas,front-door,https://www.moparamerica.com/v-2017-dodge-charger--r-t-scat-pack--6-4l-v8-gas/doors-door-mirrors-and-related-parts--front-door,68060189AM,68060189AM,Left,,https://www.moparamerica.com/oem-parts/mopar-door-handle-bracket-left-68060189am
Charger,R/T Scat Pack 6.4L,v-2017-dodge-charger--r-t-scat-pack--6-4l-v8-gas,front-door,https://www.moparamerica.com/v-2017-dodge-charger--r-t-scat-pack--6-4l-v8-gas/doors-door-mirrors-and-related-parts--front-door,68103997AC,68103997AC,Left,,https://www.moparamerica.com/oem-parts/mopar-carrier-plate-panel-left-68103997ac
Charger,R/T Scat Pack 6.4L,v-2017-dodge-charger--r-t-scat-pack--6-4l-v8-gas,front-door,https://www.moparamerica.com/v-2017-dodge-charger--r-t-scat-pack--6-4l-v8-gas/doors-door-mirrors-and-related-parts--front-door,68103996AC,68103996AC,Right,,https://www.moparamerica.com/oem-parts/mopar-carrier-plate-panel-right-68103996ac
Charger,R/T Scat Pack 6.4L,v-2017-dodge-charger--r-t-scat-pack--6-4l-v8-gas,front-door,https://www.moparamerica.com/v-2017-dodge-charger--r-t-scat-pack--6-4l-v8-gas/doors-door-mirrors-and-related-parts--front-door,4589461AA,4589461AA,Clip,,https://www.moparamerica.com/oem-parts/mopar-clip-left-4589461aa
Charger,R/T Scat Pack 6.4L,v-2017-dodge-charger--r-t-scat-pack--6-4l-v8-gas,front-door,https://www.moparamerica.com/v-2017-dodge-charger--r-t-scat-pack--6-4l-v8-gas/doors-door-mirrors-and-related-parts--front-door,4589463AA,4589463AA,Clip,,https://www.moparamerica.com/oem-parts/mopar-clip-right-front-4589463aa
Charger,R/T Scat Pack 6.4L,v-2017-dodge-charger--r-t-scat-pack--6-4l-v8-gas,front-door,https://www.moparamerica.com/v-2017-dodge-charger--r-t-scat-pack--6-4l-v8-gas/doors-door-mirrors-and-related-parts--front-door,4589913AI,4589913AI,Left,,https://www.moparamerica.com/oem-parts/mopar-front-door-latch-left-4589913ai
Charger,R/T Scat Pack 6.4L,v-2017-dodge-charger--r-t-scat-pack--6-4l-v8-gas,front-door,https://www.moparamerica.com/v-2017-dodge-charger--r-t-scat-pack--6-4l-v8-gas/doors-door-mirrors-and-related-parts--front-door,4589916AH,4589916AH,Right,,https://www.moparamerica.com/oem-parts/mopar-front-door-latch-right-4589916ah
Charger,R/T Scat Pack 6.4L,v-2017-dodge-charger--r-t-scat-pack--6-4l-v8-gas,front-door,https://www.moparamerica.com/v-2017-dodge-charger--r-t-scat-pack--6-4l-v8-gas/doors-door-mirrors-and-related-parts--front-door,68359599AD,68359599AD,Cable,,https://www.moparamerica.com/oem-parts/mopar-outside-handle-cable-68359599ad
Charger,R/T Scat Pack 6.4L,v-2017-dodge-charger--r-t-scat-pack--6-4l-v8-gas,front-door,https://www.moparamerica.com/v-2017-dodge-charger--r-t-scat-pack--6-4l-v8-gas/doors-door-mirrors-and-related-parts--front-door,68104007AA,68104007AA,Left,,https://www.moparamerica.com/oem-parts/mopar-cable-retainer-left-68104007aa
Charger,R/T Scat Pack 6.4L,v-2017-dodge-charger--r-t-scat-pack--6-4l-v8-gas,front-door,https://www.moparamerica.com/v-2017-dodge-charger--r-t-scat-pack--6-4l-v8-gas/doors-door-mirrors-and-related-parts--front-door,68104006AA,68104006AA,Right,,https://www.moparamerica.com/oem-parts/mopar-cable-retainer-right-68104006aa
Charger,R/T Scat Pack 6.4L,v-2017-dodge-charger--r-t-scat-pack--6-4l-v8-gas,front-door,https://www.moparamerica.com/v-2017-dodge-charger--r-t-scat-pack--6-4l-v8-gas/doors-door-mirrors-and-related-parts--front-door,68104004AA,68104004AA,Right,,https://www.moparamerica.com/oem-parts/mopar-latch-presenter-right-68104004aa
Charger,R/T Scat Pack 6.4L,v-2017-dodge-charger--r-t-scat-pack--6-4l-v8-gas,front-door,https://www.moparamerica.com/v-2017-dodge-charger--r-t-scat-pack--6-4l-v8-gas/doors-door-mirrors-and-related-parts--front-door,68104005AA,68104005AA,Left,,https://www.moparamerica.com/oem-parts/mopar-latch-presenter-left-68104005aa
Charger,SRT 392 6.4L,v-2017-dodge-charger--srt-392--6-4l-v8-gas,front-door,https://www.moparamerica.com/v-2017-dodge-charger--srt-392--6-4l-v8-gas/doors-door-mirrors-and-related-parts--front-door,68104014AA,68104014AA,"Access Door Trim Cover, Right",Door Larch Access. Door Latch.,https://www.moparamerica.com/oem-parts/mopar-access-door-trim-cover-right-68104014aa
Charger,SRT 392 6.4L,v-2017-dodge-charger--srt-392--6-4l-v8-gas,front-door,https://www.moparamerica.com/v-2017-dodge-charger--srt-392--6-4l-v8-gas/doors-door-mirrors-and-related-parts--front-door,6505026AA,6505026AA,"Pan Head Screw, Right",M8. Powertrain module and bracket attaching. M5x16. Weatherstrip Attaching. Dowel Receiver Attaching. Handle to Door. A-Pillar Retainer Attaching.,https://www.moparamerica.com/oem-parts/mopar-pan-head-screw-right-6505026aa
Charger,SRT 392 6.4L,v-2017-dodge-charger--srt-392--6-4l-v8-gas,front-door,https://www.moparamerica.com/v-2017-dodge-charger--srt-392--6-4l-v8-gas/doors-door-mirrors-and-related-parts--front-door,6510049AA,6510049AA,Screw,M6x2.14.00x29.55. Outside Handle Chassis to Door Inner. O/S Handle Bracket To Door. Handle Bracket To Door Inner.,https://www.moparamerica.com/oem-parts/mopar-screw-6510049aa
Charger,SRT 392 6.4L,v-2017-dodge-charger--srt-392--6-4l-v8-gas,front-door,https://www.moparamerica.com/v-2017-dodge-charger--srt-392--6-4l-v8-gas/doors-door-mirrors-and-related-parts--front-door,55276821AA,55276821AA,Round Black Tape,Front Door Mirror Flag. Latch Adjustment Hole. O/S Handle Attach Access Hole. Pinch Sensor Holes. Door Handle Access Hole. Latch Adjustment Plug. A-Pillar Door Inner Panel 19mm Diameter. Drain Hole Patch.,https://www.moparamerica.com/oem-parts/mopar-round-black-tape-55276821aa
Charger,SRT 392 6.4L,v-2017-dodge-charger--srt-392--6-4l-v8-gas,front-door,https://www.moparamerica.com/v-2017-dodge-charger--srt-392--6-4l-v8-gas/doors-door-mirrors-and-related-parts--front-door,6510299AA,6510299AA,"Hex Head Locking Screw And Washer, Right",Division Bar Lower to Door. M6x1.00x25.00. Hardware Module to Door. Division Bar Attaching. Pull Cup Attaching.,https://www.moparamerica.com/oem-parts/mopar-hex-head-locking-screw-and-washer-right-6510299aa
Charger,SRT 392 6.4L,v-2017-dodge-charger--srt-392--6-4l-v8-gas,front-door,https://www.moparamerica.com/v-2017-dodge-charger--srt-392--6-4l-v8-gas/doors-door-mirrors-and-related-parts--front-door,1MZ85KARAM,1MZ85KARAM,2011-2021 Mopar Front Door Exterior Handle Left,FRONT DOOR EXTERIOR,https://www.moparamerica.com/oem-parts/mopar-2011-2021-mopar-front-door-exterior-handle-left-1mz85karam
Charger,SRT 392 6.4L,v-2017-dodge-charger--srt-392--6-4l-v8-gas,front-door,https://www.moparamerica.com/v-2017-dodge-charger--srt-392--6-4l-v8-gas/doors-door-mirrors-and-related-parts--front-door,1MZ85DX8AM,1MZ85DX8AM,2013-2021 Mopar Front Door Exterior Handle Left,FRONT DOOR EXTERIOR,https://www.moparamerica.com/oem-parts/mopar-2013-2021-mopar-front-door-exterior-handle-left-1mz85dx8am
Charger,SRT 392 6.4L,v-2017-dodge-charger--srt-392--6-4l-v8-gas,front-door,https://www.moparamerica.com/v-2017-dodge-charger--srt-392--6-4l-v8-gas/doors-door-mirrors-and-related-parts--front-door,1MZ85MGMAJ,1MZ85MGMAJ,"Front Door Exterior Handle, Left",,https://www.moparamerica.com/oem-parts/mopar-front-door-exterior-handle-left-1mz85mgmaj
Charger,SRT 392 6.4L,v-2017-dodge-charger--srt-392--6-4l-v8-gas,front-door,https://www.moparamerica.com/v-2017-dodge-charger--srt-392--6-4l-v8-gas/doors-door-mirrors-and-related-parts--front-door,1MZ85LAUAM,1MZ85LAUAM,2013-2021 Mopar Front Door Exterior Handle Left,FRONT DOOR EXTERIOR,https://www.moparamerica.com/oem-parts/mopar-2013-2021-mopar-front-door-exterior-handle-left-1mz85lauam
Charger,SRT 392 6.4L,v-2017-dodge-charger--srt-392--6-4l-v8-gas,front-door,https://www.moparamerica.com/v-2017-dodge-charger--srt-392--6-4l-v8-gas/doors-door-mirrors-and-related-parts--front-door,1MZ85ZR3AM,1MZ85ZR3AM,2013-2021 Mopar Front Door Exterior Handle Left,FRONT DOOR EXTERIOR,https://www.moparamerica.com/oem-parts/mopar-2013-2021-mopar-front-door-exterior-handle-left-1mz85zr3am
Charger,SRT 392 6.4L,v-2017-dodge-charger--srt-392--6-4l-v8-gas,front-door,https://www.moparamerica.com/v-2017-dodge-charger--srt-392--6-4l-v8-gas/doors-door-mirrors-and-related-parts--front-door,1MZ84LAUAM,1MZ84LAUAM,2013-2021 Mopar Front Door Exterior Handle Right,FRONT DOOR EXTERIOR,https://www.moparamerica.com/oem-parts/mopar-2013-2021-mopar-front-door-exterior-handle-right-1mz84lauam
Charger,SRT 392 6.4L,v-2017-dodge-charger--srt-392--6-4l-v8-gas,front-door,https://www.moparamerica.com/v-2017-dodge-charger--srt-392--6-4l-v8-gas/doors-door-mirrors-and-related-parts--front-door,1MZ85NRVAM,1MZ85NRVAM,2020 2021 Dodge Challenger - Front Door Exterior Handle Left,,https://www.moparamerica.com/oem-parts/mopar-2020-2021-dodge-challenger-front-door-exterior-handle-left-1mz85nrvam
Charger,SRT 392 6.4L,v-2017-dodge-charger--srt-392--6-4l-v8-gas,front-door,https://www.moparamerica.com/v-2017-dodge-charger--srt-392--6-4l-v8-gas/doors-door-mirrors-and-related-parts--front-door,1MZ84RXFAJ,1MZ84RXFAJ,"Front Door Exterior Handle, Right",FRONT DOOR EXTERIOR,https://www.moparamerica.com/oem-parts/mopar-front-door-exterior-handle-right-1mz84rxfaj
Charger,SRT 392 6.4L,v-2017-dodge-charger--srt-392--6-4l-v8-gas,front-door,https://www.moparamerica.com/v-2017-dodge-charger--srt-392--6-4l-v8-gas/doors-door-mirrors-and-related-parts--front-door,1MZ84DX8AM,1MZ84DX8AM,2013-2021 Mopar Front Door Exterior Handle Right,FRONT DOOR EXTERIOR,https://www.moparamerica.com/oem-parts/mopar-2013-2021-mopar-front-door-exterior-handle-right-1mz84dx8am
Charger,SRT 392 6.4L,v-2017-dodge-charger--srt-392--6-4l-v8-gas,front-door,https://www.moparamerica.com/v-2017-dodge-charger--srt-392--6-4l-v8-gas/doors-door-mirrors-and-related-parts--front-door,1MZ85NVPAM,1MZ85NVPAM,2015-2021 Mopar Front Door Exterior Handle Left,FRONT DOOR EXTERIOR,https://www.moparamerica.com/oem-parts/mopar-2015-2021-mopar-front-door-exterior-handle-left-1mz85nvpam
Charger,SRT 392 6.4L,v-2017-dodge-charger--srt-392--6-4l-v8-gas,front-door,https://www.moparamerica.com/v-2017-dodge-charger--srt-392--6-4l-v8-gas/doors-door-mirrors-and-related-parts--front-door,1MZ84NVPAM,1MZ84NVPAM,2020 2021 Dodge Challenger - Front Door Exterior Handle Right,FRONT DOOR EXTERIOR,https://www.moparamerica.com/oem-parts/mopar-2020-2021-dodge-challenger-front-door-exterior-handle-right-1mz84nvpam
Charger,SRT 392 6.4L,v-2017-dodge-charger--srt-392--6-4l-v8-gas,front-door,https://www.moparamerica.com/v-2017-dodge-charger--srt-392--6-4l-v8-gas/doors-door-mirrors-and-related-parts--front-door,1MZ84GW7AM,1MZ84GW7AM,2020 2021 Dodge Challenger - Front Door Exterior Handle Right,FRONT DOOR EXTERIOR,https://www.moparamerica.com/oem-parts/mopar-2020-2021-dodge-challenger-front-door-exterior-handle-right-1mz84gw7am
Charger,SRT 392 6.4L,v-2017-dodge-charger--srt-392--6-4l-v8-gas,front-door,https://www.moparamerica.com/v-2017-dodge-charger--srt-392--6-4l-v8-gas/doors-door-mirrors-and-related-parts--front-door,1MZ84PDNAM,1MZ84PDNAM,2014-2021 Mopar Front Door Exterior Handle Right,,https://www.moparamerica.com/oem-parts/mopar-2014-2021-mopar-front-door-exterior-handle-right-1mz84pdnam
Charger,SRT 392 6.4L,v-2017-dodge-charger--srt-392--6-4l-v8-gas,front-door,https://www.moparamerica.com/v-2017-dodge-charger--srt-392--6-4l-v8-gas/doors-door-mirrors-and-related-parts--front-door,1MZ85GW7AM,1MZ85GW7AM,2020 2021 Dodge Challenger - Front Door Exterior Handle Left,FRONT DOOR EXTERIOR,https://www.moparamerica.com/oem-parts/mopar-2020-2021-dodge-challenger-front-door-exterior-handle-left-1mz85gw7am
Charger,SRT 392 6.4L,v-2017-dodge-charger--srt-392--6-4l-v8-gas,front-door,https://www.moparamerica.com/v-2017-dodge-charger--srt-392--6-4l-v8-gas/doors-door-mirrors-and-related-parts--front-door,1MZ84MGMAM,1MZ84MGMAM,"Front Door Exterior Handle, Right",,https://www.moparamerica.com/oem-parts/mopar-front-door-exterior-handle-right-1mz84mgmam
Charger,SRT 392 6.4L,v-2017-dodge-charger--srt-392--6-4l-v8-gas,front-door,https://www.moparamerica.com/v-2017-dodge-charger--srt-392--6-4l-v8-gas/doors-door-mirrors-and-related-parts--front-door,1MZ84ZR3AM,1MZ84ZR3AM,2013-2021 Mopar Front Door Exterior Handle Right,FRONT DOOR EXTERIOR,https://www.moparamerica.com/oem-parts/mopar-2013-2021-mopar-front-door-exterior-handle-right-1mz84zr3am
Charger,SRT 392 6.4L,v-2017-dodge-charger--srt-392--6-4l-v8-gas,front-door,https://www.moparamerica.com/v-2017-dodge-charger--srt-392--6-4l-v8-gas/doors-door-mirrors-and-related-parts--front-door,1MZ84NRVAM,1MZ84NRVAM,2014-2021 Mopar Front Door Exterior Handle Right,,https://www.moparamerica.com/oem-parts/mopar-2014-2021-mopar-front-door-exterior-handle-right-1mz84nrvam
Charger,SRT 392 6.4L,v-2017-dodge-charger--srt-392--6-4l-v8-gas,front-door,https://www.moparamerica.com/v-2017-dodge-charger--srt-392--6-4l-v8-gas/doors-door-mirrors-and-related-parts--front-door,1MZ85PDNAM,1MZ85PDNAM,2014-2021 Mopar Front Door Exterior Handle Left,,https://www.moparamerica.com/oem-parts/mopar-2014-2021-mopar-front-door-exterior-handle-left-1mz85pdnam
Charger,SRT 392 6.4L,v-2017-dodge-charger--srt-392--6-4l-v8-gas,front-door,https://www.moparamerica.com/v-2017-dodge-charger--srt-392--6-4l-v8-gas/doors-door-mirrors-and-related-parts--front-door,1MZ84RY4AM,1MZ84RY4AM,"Front Door Exterior Handle, Right",,https://www.moparamerica.com/oem-parts/mopar-front-door-exterior-handle-right-1mz84ry4am
Charger,SRT 392 6.4L,v-2017-dodge-charger--srt-392--6-4l-v8-gas,front-door,https://www.moparamerica.com/v-2017-dodge-charger--srt-392--6-4l-v8-gas/doors-door-mirrors-and-related-parts--front-door,1MZ85KBXAM,1MZ85KBXAM,2013-2018 Mopar Front Door Exterior Handle Left,FRONT DOOR EXTERIOR,https://www.moparamerica.com/oem-parts/mopar-2013-2018-mopar-front-door-exterior-handle-left-1mz85kbxam
Charger,SRT 392 6.4L,v-2017-dodge-charger--srt-392--6-4l-v8-gas,front-door,https://www.moparamerica.com/v-2017-dodge-charger--srt-392--6-4l-v8-gas/doors-door-mirrors-and-related-parts--front-door,1MZ85RXFAM,1MZ85RXFAM,"Front Door Exterior Handle, Left",FRONT DOOR EXTERIOR,https://www.moparamerica.com/oem-parts/mopar-front-door-exterior-handle-left-1mz85rxfam
Charger,SRT 392 6.4L,v-2017-dodge-charger--srt-392--6-4l-v8-gas,front-door,https://www.moparamerica.com/v-2017-dodge-charger--srt-392--6-4l-v8-gas/doors-door-mirrors-and-related-parts--front-door,1MZ85JRYAM,1MZ85JRYAM,"Front Door Exterior Handle, Left",FRONT DOOR EXTERIOR,https://www.moparamerica.com/oem-parts/mopar-front-door-exterior-handle-left-1mz85jryam
Charger,SRT 392 6.4L,v-2017-dodge-charger--srt-392--6-4l-v8-gas,front-door,https://www.moparamerica.com/v-2017-dodge-charger--srt-392--6-4l-v8-gas/doors-door-mirrors-and-related-parts--front-door,1MZ85RY4AM,1MZ85RY4AM,"Front Door Exterior Handle, Left",,https://www.moparamerica.com/oem-parts/mopar-front-door-exterior-handle-left-1mz85ry4am
Charger,SRT 392 6.4L,v-2017-dodge-charger--srt-392--6-4l-v8-gas,front-door,https://www.moparamerica.com/v-2017-dodge-charger--srt-392--6-4l-v8-gas/doors-door-mirrors-and-related-parts--front-door,1MZ84JRYAJ,1MZ84JRYAJ,"Front Door Exterior Handle, Right",FRONT DOOR EXTERIOR,https://www.moparamerica.com/oem-parts/mopar-front-door-exterior-handle-right-1mz84jryaj
Charger,SRT 392 6.4L,v-2017-dodge-charger--srt-392--6-4l-v8-gas,front-door,https://www.moparamerica.com/v-2017-dodge-charger--srt-392--6-4l-v8-gas/doors-door-mirrors-and-related-parts--front-door,1MZ85JSCAM,1MZ85JSCAM,2011-2021 Mopar Front Door Exterior Handle Left,FRONT DOOR EXTERIOR,https://www.moparamerica.com/oem-parts/mopar-2011-2021-mopar-front-door-exterior-handle-left-1mz85jscam
Charger,SRT 392 6.4L,v-2017-dodge-charger--srt-392--6-4l-v8-gas,front-door,https://www.moparamerica.com/v-2017-dodge-charger--srt-392--6-4l-v8-gas/doors-door-mirrors-and-related-parts--front-door,1MZ84KBXAM,1MZ84KBXAM,"Front Door Exterior Handle, Right",FRONT DOOR EXTERIOR,https://www.moparamerica.com/oem-parts/mopar-front-door-exterior-handle-right-1mz84kbxam
Charger,SRT 392 6.4L,v-2017-dodge-charger--srt-392--6-4l-v8-gas,front-door,https://www.moparamerica.com/v-2017-dodge-charger--srt-392--6-4l-v8-gas/doors-door-mirrors-and-related-parts--front-door,1MZ84KARAM,1MZ84KARAM,2011-2021 Mopar Front Door Exterior Handle Right,FRONT DOOR EXTERIOR,https://www.moparamerica.com/oem-parts/mopar-2011-2021-mopar-front-door-exterior-handle-right-1mz84karam
Charger,SRT 392 6.4L,v-2017-dodge-charger--srt-392--6-4l-v8-gas,front-door,https://www.moparamerica.com/v-2017-dodge-charger--srt-392--6-4l-v8-gas/doors-door-mirrors-and-related-parts--front-door,1MZ84JSCAJ,1MZ84JSCAJ,"Front Door Exterior Handle, Right",,https://www.moparamerica.com/oem-parts/mopar-front-door-exterior-handle-right-1mz84jscaj
Charger,SRT 392 6.4L,v-2017-dodge-charger--srt-392--6-4l-v8-gas,front-door,https://www.moparamerica.com/v-2017-dodge-charger--srt-392--6-4l-v8-gas/doors-door-mirrors-and-related-parts--front-door,68060189AM,68060189AM,Door Handle Bracket Left,,https://www.moparamerica.com/oem-parts/mopar-door-handle-bracket-left-68060189am
Charger,SRT 392 6.4L,v-2017-dodge-charger--srt-392--6-4l-v8-gas,front-door,https://www.moparamerica.com/v-2017-dodge-charger--srt-392--6-4l-v8-gas/doors-door-mirrors-and-related-parts--front-door,68060188AL,68060188AL,"Door Handle Bracket, Right",DOOR HANDLE,https://www.moparamerica.com/oem-parts/mopar-door-handle-bracket-right-68060188al
Charger,SRT 392 6.4L,v-2017-dodge-charger--srt-392--6-4l-v8-gas,front-door,https://www.moparamerica.com/v-2017-dodge-charger--srt-392--6-4l-v8-gas/doors-door-mirrors-and-related-parts--front-door,68103996AC,68103996AC,"Carrier Plate Panel, Right",Front Door. Includes Regulator.,https://www.moparamerica.com/oem-parts/mopar-carrier-plate-panel-right-68103996ac
Charger,SRT 392 6.4L,v-2017-dodge-charger--srt-392--6-4l-v8-gas,front-door,https://www.moparamerica.com/v-2017-dodge-charger--srt-392--6-4l-v8-gas/doors-door-mirrors-and-related-parts--front-door,68103997AC,68103997AC,"Carrier Plate Panel, Left",Front Door. Includes Regulator.,https://www.moparamerica.com/oem-parts/mopar-carrier-plate-panel-left-68103997ac
Charger,SRT 392 6.4L,v-2017-dodge-charger--srt-392--6-4l-v8-gas,front-door,https://www.moparamerica.com/v-2017-dodge-charger--srt-392--6-4l-v8-gas/doors-door-mirrors-and-related-parts--front-door,4589463AA,4589463AA,"Clip, Right Front",Thick. Door Module To Inner Door. Door Module Attaching. Green Torx Head Twist Retainer. Door Module Attachment. Door Mudule Attachment.,https://www.moparamerica.com/oem-parts/mopar-clip-right-front-4589463aa
Charger,SRT 392 6.4L,v-2017-dodge-charger--srt-392--6-4l-v8-gas,front-door,https://www.moparamerica.com/v-2017-dodge-charger--srt-392--6-4l-v8-gas/doors-door-mirrors-and-related-parts--front-door,4589461AA,4589461AA,"Clip, Left",Thin. Green Torx Head Twist Retainer.,https://www.moparamerica.com/oem-parts/mopar-clip-left-4589461aa
Charger,SRT 392 6.4L,v-2017-dodge-charger--srt-392--6-4l-v8-gas,front-door,https://www.moparamerica.com/v-2017-dodge-charger--srt-392--6-4l-v8-gas/doors-door-mirrors-and-related-parts--front-door,4589916AH,04589916AH,"Front Door Latch, Right",Without Key Cylinder.,https://www.moparamerica.com/oem-parts/mopar-front-door-latch-right-4589916ah
Charger,SRT 392 6.4L,v-2017-dodge-charger--srt-392--6-4l-v8-gas,front-door,https://www.moparamerica.com/v-2017-dodge-charger--srt-392--6-4l-v8-gas/doors-door-mirrors-and-related-parts--front-door,4589913AI,04589913AI,"Front Door Latch, Left",With Key Cylinder.,https://www.moparamerica.com/oem-parts/mopar-front-door-latch-left-4589913ai
Charger,SRT 392 6.4L,v-2017-dodge-charger--srt-392--6-4l-v8-gas,front-door,https://www.moparamerica.com/v-2017-dodge-charger--srt-392--6-4l-v8-gas/doors-door-mirrors-and-related-parts--front-door,68359599AD,68359599AD,Outside Handle Cable,OUTSIDE HANDLE,https://www.moparamerica.com/oem-parts/mopar-outside-handle-cable-68359599ad
Charger,SRT 392 6.4L,v-2017-dodge-charger--srt-392--6-4l-v8-gas,front-door,https://www.moparamerica.com/v-2017-dodge-charger--srt-392--6-4l-v8-gas/doors-door-mirrors-and-related-parts--front-door,68078076AB,68078076AB,Latch Clip Kit,"Clip Pkg. Kit Contains 12 Different Clips. Kit contains 1of each [04658444], [04658445], [04658674] [04658675], [04658677], [04589017aa] [55362770aa], [55362771aa], [06506807aa][06506804aa], [04589508aa], [04589509aa]. Door Latch. Liftgate Latch. Clip Package. Kit contains 1 of each [04658444], [04658445], [04658674] [04658675], [04658677], [04589017aa] [55362770aa], [55362771aa], [06506807aa][06506804aa], [04589508aa], [04589509aa].",https://www.moparamerica.com/oem-parts/mopar-latch-clip-kit-68078076ab
Charger,SRT 392 6.4L,v-2017-dodge-charger--srt-392--6-4l-v8-gas,front-door,https://www.moparamerica.com/v-2017-dodge-charger--srt-392--6-4l-v8-gas/doors-door-mirrors-and-related-parts--front-door,68104007AA,68104007AA,"Cable Retainer, Left",,https://www.moparamerica.com/oem-parts/mopar-cable-retainer-left-68104007aa
Charger,SRT 392 6.4L,v-2017-dodge-charger--srt-392--6-4l-v8-gas,front-door,https://www.moparamerica.com/v-2017-dodge-charger--srt-392--6-4l-v8-gas/doors-door-mirrors-and-related-parts--front-door,68104006AA,68104006AA,"Cable Retainer, Right",,https://www.moparamerica.com/oem-parts/mopar-cable-retainer-right-68104006aa
Charger,SRT 392 6.4L,v-2017-dodge-charger--srt-392--6-4l-v8-gas,front-door,https://www.moparamerica.com/v-2017-dodge-charger--srt-392--6-4l-v8-gas/doors-door-mirrors-and-related-parts--front-door,68104005AA,68104005AA,"Latch Presenter, Left",Front Door.,https://www.moparamerica.com/oem-parts/mopar-latch-presenter-left-68104005aa
Charger,SRT 392 6.4L,v-2017-dodge-charger--srt-392--6-4l-v8-gas,front-door,https://www.moparamerica.com/v-2017-dodge-charger--srt-392--6-4l-v8-gas/doors-door-mirrors-and-related-parts--front-door,68104004AA,68104004AA,"Latch Presenter, Right",Front Door.,https://www.moparamerica.com/oem-parts/mopar-latch-presenter-right-68104004aa
Charger,SRT 392 6.4L,v-2017-dodge-charger--srt-392--6-4l-v8-gas,front-door,https://www.moparamerica.com/v-2017-dodge-charger--srt-392--6-4l-v8-gas/doors-door-mirrors-and-related-parts--front-door,68104012AA,68104012AA,"Chassis Presenter, Right",,https://www.moparamerica.com/oem-parts/mopar-chassis-presenter-right-68104012aa
Charger,SRT 392 6.4L,v-2017-dodge-charger--srt-392--6-4l-v8-gas,front-door,https://www.moparamerica.com/v-2017-dodge-charger--srt-392--6-4l-v8-gas/doors-door-mirrors-and-related-parts--front-door,68104013AA,68104013AA,"Chassis Presenter, Left",,https://www.moparamerica.com/oem-parts/mopar-chassis-presenter-left-68104013aa
Charger,SRT 392 6.4L,v-2017-dodge-charger--srt-392--6-4l-v8-gas,front-door,https://www.moparamerica.com/v-2017-dodge-charger--srt-392--6-4l-v8-gas/doors-door-mirrors-and-related-parts--front-door,68103995AA,68103995AA,Key Cylinder To Latch Link,Front Door.,https://www.moparamerica.com/oem-parts/mopar-key-cylinder-to-latch-link-68103995aa
Charger,SRT 392 6.4L,v-2017-dodge-charger--srt-392--6-4l-v8-gas,front-door,https://www.moparamerica.com/v-2017-dodge-charger--srt-392--6-4l-v8-gas/doors-door-mirrors-and-related-parts--front-door,68143986AA,68143986AA,"Window Regulator Motor, Right",Front Door.,https://www.moparamerica.com/oem-parts/mopar-window-regulator-motor-right-68143986aa
Charger,SRT 392 6.4L,v-2017-dodge-charger--srt-392--6-4l-v8-gas,front-door,https://www.moparamerica.com/v-2017-dodge-charger--srt-392--6-4l-v8-gas/doors-door-mirrors-and-related-parts--front-door,68143987AA,68143987AA,"Window Regulator Motor, Left",Front Door.,https://www.moparamerica.com/oem-parts/mopar-window-regulator-motor-left-68143987aa
Charger,SRT 392 6.4L,v-2017-dodge-charger--srt-392--6-4l-v8-gas,front-door,https://www.moparamerica.com/v-2017-dodge-charger--srt-392--6-4l-v8-gas/doors-door-mirrors-and-related-parts--front-door,68104000AB,68104000AB,"Lock Rod, Right",,https://www.moparamerica.com/oem-parts/mopar-lock-rod-right-68104000ab
Charger,SRT 392 6.4L,v-2017-dodge-charger--srt-392--6-4l-v8-gas,front-door,https://www.moparamerica.com/v-2017-dodge-charger--srt-392--6-4l-v8-gas/doors-door-mirrors-and-related-parts--front-door,68104001AB,68104001AB,"Lock Rod, Left",,https://www.moparamerica.com/oem-parts/mopar-lock-rod-left-68104001ab
Charger,SRT 392 6.4L,v-2017-dodge-charger--srt-392--6-4l-v8-gas,front-door,https://www.moparamerica.com/v-2017-dodge-charger--srt-392--6-4l-v8-gas/doors-door-mirrors-and-related-parts--front-door,68104288AA,68104288AA,Lock Knob Grommet,Right or Left.,https://www.moparamerica.com/oem-parts/mopar-lock-knob-grommet-68104288aa
Charger,SRT 392 6.4L,v-2017-dodge-charger--srt-392--6-4l-v8-gas,front-door,https://www.moparamerica.com/v-2017-dodge-charger--srt-392--6-4l-v8-gas/doors-door-mirrors-and-related-parts--front-door,68103788AA,68103788AA,Inside Handle To Latch Cable,Front Door.,https://www.moparamerica.com/oem-parts/mopar-inside-handle-to-latch-cable-68103788aa
Charger,SRT 392 6.4L,v-2017-dodge-charger--srt-392--6-4l-v8-gas,front-door,https://www.moparamerica.com/v-2017-dodge-charger--srt-392--6-4l-v8-gas/doors-door-mirrors-and-related-parts--front-door,68104290AA,68104290AA,Torx Screw,M5x22.,https://www.moparamerica.com/oem-parts/mopar-torx-screw-68104290aa
Charger,SRT 392 6.4L,v-2017-dodge-charger--srt-392--6-4l-v8-gas,front-door,https://www.moparamerica.com/v-2017-dodge-charger--srt-392--6-4l-v8-gas/doors-door-mirrors-and-related-parts--front-door,68086059AA,68086059AA,Sealing Plug,"15mm. Pinch Sensor On Liftgate. Anti-Pinch Sensor Hole. Front Floor. Front Door , Body Side Outer. Pinch Sensor Wire Harness.",https://www.moparamerica.com/oem-parts/mopar-sealing-plug-68086059aa
Charger,SRT 392 6.4L,v-2017-dodge-charger--srt-392--6-4l-v8-gas,front-door,https://www.moparamerica.com/v-2017-dodge-charger--srt-392--6-4l-v8-gas/doors-door-mirrors-and-related-parts--front-door,6511247AA,6511247AA,"Oval Head Screw, Right",M6x1.00x17.50. Door Latch Attaching. Latch to Inner. Latch To Door.,https://www.moparamerica.com/oem-parts/mopar-oval-head-screw-right-6511247aa
Charger,SRT 392 6.4L,v-2017-dodge-charger--srt-392--6-4l-v8-gas,front-door,https://www.moparamerica.com/v-2017-dodge-charger--srt-392--6-4l-v8-gas/doors-door-mirrors-and-related-parts--front-door,1MZ85KARAM,1MZ85KARAM,Left,,https://www.moparamerica.com/oem-parts/mopar-2011-2021-mopar-front-door-exterior-handle-left-1mz85karam
Charger,SRT 392 6.4L,v-2017-dodge-charger--srt-392--6-4l-v8-gas,front-door,https://www.moparamerica.com/v-2017-dodge-charger--srt-392--6-4l-v8-gas/doors-door-mirrors-and-related-parts--front-door,1MZ85DX8AM,1MZ85DX8AM,Left,,https://www.moparamerica.com/oem-parts/mopar-2013-2021-mopar-front-door-exterior-handle-left-1mz85dx8am
Charger,SRT 392 6.4L,v-2017-dodge-charger--srt-392--6-4l-v8-gas,front-door,https://www.moparamerica.com/v-2017-dodge-charger--srt-392--6-4l-v8-gas/doors-door-mirrors-and-related-parts--front-door,1MZ85MGMAJ,1MZ85MGMAJ,Left,,https://www.moparamerica.com/oem-parts/mopar-front-door-exterior-handle-left-1mz85mgmaj
Charger,SRT 392 6.4L,v-2017-dodge-charger--srt-392--6-4l-v8-gas,front-door,https://www.moparamerica.com/v-2017-dodge-charger--srt-392--6-4l-v8-gas/doors-door-mirrors-and-related-parts--front-door,1MZ85LAUAM,1MZ85LAUAM,Left,,https://www.moparamerica.com/oem-parts/mopar-2013-2021-mopar-front-door-exterior-handle-left-1mz85lauam
Charger,SRT 392 6.4L,v-2017-dodge-charger--srt-392--6-4l-v8-gas,front-door,https://www.moparamerica.com/v-2017-dodge-charger--srt-392--6-4l-v8-gas/doors-door-mirrors-and-related-parts--front-door,1MZ85ZR3AM,1MZ85ZR3AM,Left,,https://www.moparamerica.com/oem-parts/mopar-2013-2021-mopar-front-door-exterior-handle-left-1mz85zr3am
Charger,SRT 392 6.4L,v-2017-dodge-charger--srt-392--6-4l-v8-gas,front-door,https://www.moparamerica.com/v-2017-dodge-charger--srt-392--6-4l-v8-gas/doors-door-mirrors-and-related-parts--front-door,68104012AA,68104012AA,Right,,https://www.moparamerica.com/oem-parts/mopar-chassis-presenter-right-68104012aa
Charger,SRT 392 6.4L,v-2017-dodge-charger--srt-392--6-4l-v8-gas,front-door,https://www.moparamerica.com/v-2017-dodge-charger--srt-392--6-4l-v8-gas/doors-door-mirrors-and-related-parts--front-door,68104013AA,68104013AA,Left,,https://www.moparamerica.com/oem-parts/mopar-chassis-presenter-left-68104013aa
Charger,SRT 392 6.4L,v-2017-dodge-charger--srt-392--6-4l-v8-gas,front-door,https://www.moparamerica.com/v-2017-dodge-charger--srt-392--6-4l-v8-gas/doors-door-mirrors-and-related-parts--front-door,68103995AA,68103995AA,Link,,https://www.moparamerica.com/oem-parts/mopar-key-cylinder-to-latch-link-68103995aa
Charger,SRT 392 6.4L,v-2017-dodge-charger--srt-392--6-4l-v8-gas,front-door,https://www.moparamerica.com/v-2017-dodge-charger--srt-392--6-4l-v8-gas/doors-door-mirrors-and-related-parts--front-door,68143986AA,68143986AA,Right,,https://www.moparamerica.com/oem-parts/mopar-window-regulator-motor-right-68143986aa
Charger,SRT 392 6.4L,v-2017-dodge-charger--srt-392--6-4l-v8-gas,front-door,https://www.moparamerica.com/v-2017-dodge-charger--srt-392--6-4l-v8-gas/doors-door-mirrors-and-related-parts--front-door,68143987AA,68143987AA,Left,,https://www.moparamerica.com/oem-parts/mopar-window-regulator-motor-left-68143987aa
Charger,SRT 392 6.4L,v-2017-dodge-charger--srt-392--6-4l-v8-gas,front-door,https://www.moparamerica.com/v-2017-dodge-charger--srt-392--6-4l-v8-gas/doors-door-mirrors-and-related-parts--front-door,68104000AB,68104000AB,Right,,https://www.moparamerica.com/oem-parts/mopar-lock-rod-right-68104000ab
Charger,SRT 392 6.4L,v-2017-dodge-charger--srt-392--6-4l-v8-gas,front-door,https://www.moparamerica.com/v-2017-dodge-charger--srt-392--6-4l-v8-gas/doors-door-mirrors-and-related-parts--front-door,68104001AB,68104001AB,Left,,https://www.moparamerica.com/oem-parts/mopar-lock-rod-left-68104001ab
Charger,SRT 392 6.4L,v-2017-dodge-charger--srt-392--6-4l-v8-gas,front-door,https://www.moparamerica.com/v-2017-dodge-charger--srt-392--6-4l-v8-gas/doors-door-mirrors-and-related-parts--front-door,68104288AA,68104288AA,Grommet,,https://www.moparamerica.com/oem-parts/mopar-lock-knob-grommet-68104288aa
Charger,SRT 392 6.4L,v-2017-dodge-charger--srt-392--6-4l-v8-gas,front-door,https://www.moparamerica.com/v-2017-dodge-charger--srt-392--6-4l-v8-gas/doors-door-mirrors-and-related-parts--front-door,68103788AA,68103788AA,Cable,,https://www.moparamerica.com/oem-parts/mopar-inside-handle-to-latch-cable-68103788aa
Charger,SRT 392 6.4L,v-2017-dodge-charger--srt-392--6-4l-v8-gas,front-door,https://www.moparamerica.com/v-2017-dodge-charger--srt-392--6-4l-v8-gas/doors-door-mirrors-and-related-parts--front-door,68104290AA,68104290AA,Screw,,https://www.moparamerica.com/oem-parts/mopar-torx-screw-68104290aa
Charger,SRT 392 6.4L,v-2017-dodge-charger--srt-392--6-4l-v8-gas,front-door,https://www.moparamerica.com/v-2017-dodge-charger--srt-392--6-4l-v8-gas/doors-door-mirrors-and-related-parts--front-door,68086059AA,68086059AA,Plug,,https://www.moparamerica.com/oem-parts/mopar-sealing-plug-68086059aa
Charger,SRT 392 6.4L,v-2017-dodge-charger--srt-392--6-4l-v8-gas,front-door,https://www.moparamerica.com/v-2017-dodge-charger--srt-392--6-4l-v8-gas/doors-door-mirrors-and-related-parts--front-door,6511247AA,6511247AA,Screw,,https://www.moparamerica.com/oem-parts/mopar-oval-head-screw-right-6511247aa
Charger,SRT 392 6.4L,v-2017-dodge-charger--srt-392--6-4l-v8-gas,front-door,https://www.moparamerica.com/v-2017-dodge-charger--srt-392--6-4l-v8-gas/doors-door-mirrors-and-related-parts--front-door,68060189AM,68060189AM,Left,,https://www.moparamerica.com/oem-parts/mopar-door-handle-bracket-left-68060189am
Charger,SRT 392 6.4L,v-2017-dodge-charger--srt-392--6-4l-v8-gas,front-door,https://www.moparamerica.com/v-2017-dodge-charger--srt-392--6-4l-v8-gas/doors-door-mirrors-and-related-parts--front-door,68060188AL,68060188AL,Right,,https://www.moparamerica.com/oem-parts/mopar-door-handle-bracket-right-68060188al
Charger,SRT 392 6.4L,v-2017-dodge-charger--srt-392--6-4l-v8-gas,front-door,https://www.moparamerica.com/v-2017-dodge-charger--srt-392--6-4l-v8-gas/doors-door-mirrors-and-related-parts--front-door,68103996AC,68103996AC,Right,,https://www.moparamerica.com/oem-parts/mopar-carrier-plate-panel-right-68103996ac
Charger,SRT 392 6.4L,v-2017-dodge-charger--srt-392--6-4l-v8-gas,front-door,https://www.moparamerica.com/v-2017-dodge-charger--srt-392--6-4l-v8-gas/doors-door-mirrors-and-related-parts--front-door,68103997AC,68103997AC,Left,,https://www.moparamerica.com/oem-parts/mopar-carrier-plate-panel-left-68103997ac
Charger,SRT 392 6.4L,v-2017-dodge-charger--srt-392--6-4l-v8-gas,front-door,https://www.moparamerica.com/v-2017-dodge-charger--srt-392--6-4l-v8-gas/doors-door-mirrors-and-related-parts--front-door,4589463AA,4589463AA,Clip,,https://www.moparamerica.com/oem-parts/mopar-clip-right-front-4589463aa
Charger,SRT 392 6.4L,v-2017-dodge-charger--srt-392--6-4l-v8-gas,front-door,https://www.moparamerica.com/v-2017-dodge-charger--srt-392--6-4l-v8-gas/doors-door-mirrors-and-related-parts--front-door,4589461AA,4589461AA,Clip,,https://www.moparamerica.com/oem-parts/mopar-clip-left-4589461aa
Charger,SRT 392 6.4L,v-2017-dodge-charger--srt-392--6-4l-v8-gas,front-door,https://www.moparamerica.com/v-2017-dodge-charger--srt-392--6-4l-v8-gas/doors-door-mirrors-and-related-parts--front-door,4589916AH,4589916AH,Right,,https://www.moparamerica.com/oem-parts/mopar-front-door-latch-right-4589916ah
Charger,SRT 392 6.4L,v-2017-dodge-charger--srt-392--6-4l-v8-gas,front-door,https://www.moparamerica.com/v-2017-dodge-charger--srt-392--6-4l-v8-gas/doors-door-mirrors-and-related-parts--front-door,4589913AI,4589913AI,Left,,https://www.moparamerica.com/oem-parts/mopar-front-door-latch-left-4589913ai
Charger,SRT 392 6.4L,v-2017-dodge-charger--srt-392--6-4l-v8-gas,front-door,https://www.moparamerica.com/v-2017-dodge-charger--srt-392--6-4l-v8-gas/doors-door-mirrors-and-related-parts--front-door,68359599AD,68359599AD,Cable,,https://www.moparamerica.com/oem-parts/mopar-outside-handle-cable-68359599ad
Charger,SRT 392 6.4L,v-2017-dodge-charger--srt-392--6-4l-v8-gas,front-door,https://www.moparamerica.com/v-2017-dodge-charger--srt-392--6-4l-v8-gas/doors-door-mirrors-and-related-parts--front-door,68104007AA,68104007AA,Left,,https://www.moparamerica.com/oem-parts/mopar-cable-retainer-left-68104007aa
Charger,SRT 392 6.4L,v-2017-dodge-charger--srt-392--6-4l-v8-gas,front-door,https://www.moparamerica.com/v-2017-dodge-charger--srt-392--6-4l-v8-gas/doors-door-mirrors-and-related-parts--front-door,68104006AA,68104006AA,Right,,https://www.moparamerica.com/oem-parts/mopar-cable-retainer-right-68104006aa
Charger,SRT 392 6.4L,v-2017-dodge-charger--srt-392--6-4l-v8-gas,front-door,https://www.moparamerica.com/v-2017-dodge-charger--srt-392--6-4l-v8-gas/doors-door-mirrors-and-related-parts--front-door,68104005AA,68104005AA,Left,,https://www.moparamerica.com/oem-parts/mopar-latch-presenter-left-68104005aa
Charger,SRT 392 6.4L,v-2017-dodge-charger--srt-392--6-4l-v8-gas,front-door,https://www.moparamerica.com/v-2017-dodge-charger--srt-392--6-4l-v8-gas/doors-door-mirrors-and-related-parts--front-door,68104004AA,68104004AA,Right,,https://www.moparamerica.com/oem-parts/mopar-latch-presenter-right-68104004aa
