model,trim,engine,category,crawl_state,part_count,assembly_count,source_url,retrieved_at,error
Chrysler 300,C,3.6L V6 Flex,3 0L Gas Engine / Cylinder Block,complete,3,1,https://www.moparamerica.com/v-2017-chrysler-300--c--3-6l-v6-flex/3-0l-gas-engine--cylinder-block,2026-07-31T21:57:41+00:00,
Chrysler 300,C,3.6L V6 Flex,3 0L Gas Engine / Cylinder Head,complete,1,1,https://www.moparamerica.com/v-2017-chrysler-300--c--3-6l-v6-flex/3-0l-gas-engine--cylinder-head,2026-07-31T21:57:51+00:00,
Chrysler 300,C,3.6L V6 Flex,3 0L Gas Engine / Engine Mounting,complete,6,2,https://www.moparamerica.com/v-2017-chrysler-300--c--3-6l-v6-flex/3-0l-gas-engine--engine-mounting,2026-07-31T21:58:01+00:00,
Chrysler 300,C,3.6L V6 Flex,3 0L Gas Engine / Engine Oiling Oil Pan And Indicator Dipstick,complete,1,1,https://www.moparamerica.com/v-2017-chrysler-300--c--3-6l-v6-flex/3-0l-gas-engine--engine-oiling-oil-pan-and-indicator-dipstick,2026-07-31T21:58:11+00:00,
Chrysler 300,C,3.6L V6 Flex,3 0L Gas Engine / Timing Belt Chain And Cover And Balance Shaft,complete,1,1,https://www.moparamerica.com/v-2017-chrysler-300--c--3-6l-v6-flex/3-0l-gas-engine--timing-belt-chain-and-cover-and-balance-shaft,2026-07-31T21:58:21+00:00,
Chrysler 300,C,3.6L V6 Flex,3 6L Gas Engine / Camshaft And Valve,complete,15,1,https://www.moparamerica.com/v-2017-chrysler-300--c--3-6l-v6-flex/3-6l-gas-engine--camshaft-and-valve,2026-07-31T21:58:31+00:00,
Chrysler 300,C,3.6L V6 Flex,3 6L Gas Engine / Crankcase Ventilation,complete,4,1,https://www.moparamerica.com/v-2017-chrysler-300--c--3-6l-v6-flex/3-6l-gas-engine--crankcase-ventilation,2026-07-31T21:58:41+00:00,
Chrysler 300,C,3.6L V6 Flex,3 6L Gas Engine / Crankshaft Piston Drive Plate Flywheel And Damper,complete,21,2,https://www.moparamerica.com/v-2017-chrysler-300--c--3-6l-v6-flex/3-6l-gas-engine--crankshaft-piston-drive-plate-flywheel-and-damper,2026-07-31T21:58:51+00:00,
Chrysler 300,C,3.6L V6 Flex,3 6L Gas Engine / Cylinder Block,complete,16,2,https://www.moparamerica.com/v-2017-chrysler-300--c--3-6l-v6-flex/3-6l-gas-engine--cylinder-block,2026-07-31T21:59:01+00:00,
Chrysler 300,C,3.6L V6 Flex,3 6L Gas Engine / Cylinder Head,complete,21,2,https://www.moparamerica.com/v-2017-chrysler-300--c--3-6l-v6-flex/3-6l-gas-engine--cylinder-head,2026-07-31T21:59:11+00:00,
Chrysler 300,C,3.6L V6 Flex,3 6L Gas Engine / Engine Identification Service Engines And Engine Service Kits,pending,0,0,https://www.moparamerica.com/v-2017-chrysler-300--c--3-6l-v6-flex/3-6l-gas-engine--engine-identification-service-engines-and-engine-service-kits,,
Chrysler 300,C,3.6L V6 Flex,3 6L Gas Engine / Engine Mounting,pending,0,0,https://www.moparamerica.com/v-2017-chrysler-300--c--3-6l-v6-flex/3-6l-gas-engine--engine-mounting,,
Chrysler 300,C,3.6L V6 Flex,3 6L Gas Engine / Engine Oiling Oil Pan And Indicator Dipstick,pending,0,0,https://www.moparamerica.com/v-2017-chrysler-300--c--3-6l-v6-flex/3-6l-gas-engine--engine-oiling-oil-pan-and-indicator-dipstick,,
Chrysler 300,C,3.6L V6 Flex,3 6L Gas Engine / Manifolds And Vacuum Fittings,pending,0,0,https://www.moparamerica.com/v-2017-chrysler-300--c--3-6l-v6-flex/3-6l-gas-engine--manifolds-and-vacuum-fittings,,
Chrysler 300,C,3.6L V6 Flex,3 6L Gas Engine / Timing Belt Chain And Cover And Balance Shaft,pending,0,0,https://www.moparamerica.com/v-2017-chrysler-300--c--3-6l-v6-flex/3-6l-gas-engine--timing-belt-chain-and-cover-and-balance-shaft,,
Chrysler 300,C,3.6L V6 Flex,5 7L Gas Engine / Camshaft And Valve,pending,0,0,https://www.moparamerica.com/v-2017-chrysler-300--c--3-6l-v6-flex/5-7l-gas-engine--camshaft-and-valve,,
Chrysler 300,C,3.6L V6 Flex,5 7L Gas Engine / Engine Mounting,pending,0,0,https://www.moparamerica.com/v-2017-chrysler-300--c--3-6l-v6-flex/5-7l-gas-engine--engine-mounting,,
Chrysler 300,C,3.6L V6 Flex,5 7L Gas Engine / Engine Oiling Oil Pan And Indicator Dipstick,pending,0,0,https://www.moparamerica.com/v-2017-chrysler-300--c--3-6l-v6-flex/5-7l-gas-engine--engine-oiling-oil-pan-and-indicator-dipstick,,
Chrysler 300,C,3.6L V6 Flex,6 4L Gas Engine / Camshaft And Valve,pending,0,0,https://www.moparamerica.com/v-2017-chrysler-300--c--3-6l-v6-flex/6-4l-gas-engine--camshaft-and-valve,,
Chrysler 300,C,3.6L V6 Flex,6 4L Gas Engine / Engine Mounting,pending,0,0,https://www.moparamerica.com/v-2017-chrysler-300--c--3-6l-v6-flex/6-4l-gas-engine--engine-mounting,,
Chrysler 300,C,3.6L V6 Flex,6 4L Gas Engine / Engine Oiling Oil Pan And Indicator Dipstick,pending,0,0,https://www.moparamerica.com/v-2017-chrysler-300--c--3-6l-v6-flex/6-4l-gas-engine--engine-oiling-oil-pan-and-indicator-dipstick,,
Chrysler 300,C,3.6L V6 Flex,845Re 8 Speed Automatic Transmission / Automatic Transmission Transaxle And Torque Converter,pending,0,0,https://www.moparamerica.com/v-2017-chrysler-300--c--3-6l-v6-flex/845re-8-speed-automatic-transmission--automatic-transmission-transaxle-and-torque-converter,,
Chrysler 300,C,3.6L V6 Flex,845Re 8 Speed Automatic Transmission / Case Extension Oil Pan And Indicator Dipstick,pending,0,0,https://www.moparamerica.com/v-2017-chrysler-300--c--3-6l-v6-flex/845re-8-speed-automatic-transmission--case-extension-oil-pan-and-indicator-dipstick,,
Chrysler 300,C,3.6L V6 Flex,845Re 8 Speed Automatic Transmission / Gearshift Controls And Related Parts,pending,0,0,https://www.moparamerica.com/v-2017-chrysler-300--c--3-6l-v6-flex/845re-8-speed-automatic-transmission--gearshift-controls-and-related-parts,,
Chrysler 300,C,3.6L V6 Flex,845Re 8 Speed Automatic Transmission / Mounting And Skid Plate,pending,0,0,https://www.moparamerica.com/v-2017-chrysler-300--c--3-6l-v6-flex/845re-8-speed-automatic-transmission--mounting-and-skid-plate,,
Chrysler 300,C,3.6L V6 Flex,845Re 8 Speed Automatic Transmission / Oil Pump,pending,0,0,https://www.moparamerica.com/v-2017-chrysler-300--c--3-6l-v6-flex/845re-8-speed-automatic-transmission--oil-pump,,
Chrysler 300,C,3.6L V6 Flex,845Re 8 Speed Automatic Transmission / Valve Body Accumulator Solenoid And Parking Sprag,pending,0,0,https://www.moparamerica.com/v-2017-chrysler-300--c--3-6l-v6-flex/845re-8-speed-automatic-transmission--valve-body-accumulator-solenoid-and-parking-sprag,,
Chrysler 300,C,3.6L V6 Flex,8Hp70 8 Speed Automatic Transmission / Automatic Transmission Transaxle And Torque Converter,pending,0,0,https://www.moparamerica.com/v-2017-chrysler-300--c--3-6l-v6-flex/8hp70-8-speed-automatic-transmission--automatic-transmission-transaxle-and-torque-converter,,
Chrysler 300,C,3.6L V6 Flex,8Hp70 8 Speed Automatic Transmission / Gearshift Controls And Related Parts,pending,0,0,https://www.moparamerica.com/v-2017-chrysler-300--c--3-6l-v6-flex/8hp70-8-speed-automatic-transmission--gearshift-controls-and-related-parts,,
Chrysler 300,C,3.6L V6 Flex,8Hp70 8 Speed Automatic Transmission / Mounting And Skid Plate,pending,0,0,https://www.moparamerica.com/v-2017-chrysler-300--c--3-6l-v6-flex/8hp70-8-speed-automatic-transmission--mounting-and-skid-plate,,
Chrysler 300,C,3.6L V6 Flex,Accessories,pending,0,0,https://www.moparamerica.com/v-2017-chrysler-300--c--3-6l-v6-flex/accessories,,
Chrysler 300,C,3.6L V6 Flex,Accessories Audio Video And Electronics Accessories / Charging Unit,pending,0,0,https://www.moparamerica.com/v-2017-chrysler-300--c--3-6l-v6-flex/accessories-audio-video-and-electronics-accessories--charging-unit,,
Chrysler 300,C,3.6L V6 Flex,Accessories Audio Video And Electronics Accessories / Remote Start,pending,0,0,https://www.moparamerica.com/v-2017-chrysler-300--c--3-6l-v6-flex/accessories-audio-video-and-electronics-accessories--remote-start,,
Chrysler 300,C,3.6L V6 Flex,Accessories Audio Video And Electronics Accessories / Security,pending,0,0,https://www.moparamerica.com/v-2017-chrysler-300--c--3-6l-v6-flex/accessories-audio-video-and-electronics-accessories--security,,
Chrysler 300,C,3.6L V6 Flex,Accessories Exterior Accessories / Air Deflectors,pending,0,0,https://www.moparamerica.com/v-2017-chrysler-300--c--3-6l-v6-flex/accessories-exterior-accessories--air-deflectors,,
Chrysler 300,C,3.6L V6 Flex,Accessories Exterior Accessories / Exterior Appearance,pending,0,0,https://www.moparamerica.com/v-2017-chrysler-300--c--3-6l-v6-flex/accessories-exterior-accessories--exterior-appearance,,
Chrysler 300,C,3.6L V6 Flex,Accessories Exterior Accessories / License Plate,pending,0,0,https://www.moparamerica.com/v-2017-chrysler-300--c--3-6l-v6-flex/accessories-exterior-accessories--license-plate,,
Chrysler 300,C,3.6L V6 Flex,Accessories Exterior Accessories / Locks,pending,0,0,https://www.moparamerica.com/v-2017-chrysler-300--c--3-6l-v6-flex/accessories-exterior-accessories--locks,,
Chrysler 300,C,3.6L V6 Flex,Accessories Exterior Accessories / Protective Guards,pending,0,0,https://www.moparamerica.com/v-2017-chrysler-300--c--3-6l-v6-flex/accessories-exterior-accessories--protective-guards,,
Chrysler 300,C,3.6L V6 Flex,Accessories Exterior Accessories / Splash Guards,pending,0,0,https://www.moparamerica.com/v-2017-chrysler-300--c--3-6l-v6-flex/accessories-exterior-accessories--splash-guards,,
Chrysler 300,C,3.6L V6 Flex,Accessories Exterior Accessories / Wheels,pending,0,0,https://www.moparamerica.com/v-2017-chrysler-300--c--3-6l-v6-flex/accessories-exterior-accessories--wheels,,
Chrysler 300,C,3.6L V6 Flex,Accessories Interior Accessories / Air Purification,pending,0,0,https://www.moparamerica.com/v-2017-chrysler-300--c--3-6l-v6-flex/accessories-interior-accessories--air-purification,,
Chrysler 300,C,3.6L V6 Flex,Accessories Interior Accessories / Cargo Trays And Mats,pending,0,0,https://www.moparamerica.com/v-2017-chrysler-300--c--3-6l-v6-flex/accessories-interior-accessories--cargo-trays-and-mats,,
Chrysler 300,C,3.6L V6 Flex,Accessories Interior Accessories / Floor Mats,pending,0,0,https://www.moparamerica.com/v-2017-chrysler-300--c--3-6l-v6-flex/accessories-interior-accessories--floor-mats,,
Chrysler 300,C,3.6L V6 Flex,Accessories Interior Accessories / Interior Appearance,pending,0,0,https://www.moparamerica.com/v-2017-chrysler-300--c--3-6l-v6-flex/accessories-interior-accessories--interior-appearance,,
Chrysler 300,C,3.6L V6 Flex,Accessories Lifestyle And Off Road Accessories / Safety Kits,pending,0,0,https://www.moparamerica.com/v-2017-chrysler-300--c--3-6l-v6-flex/accessories-lifestyle-and-off-road-accessories--safety-kits,,
Chrysler 300,C,3.6L V6 Flex,Accessories Lighting And Electrical Accessories / Charging Unit,pending,0,0,https://www.moparamerica.com/v-2017-chrysler-300--c--3-6l-v6-flex/accessories-lighting-and-electrical-accessories--charging-unit,,
Chrysler 300,C,3.6L V6 Flex,Accessories Modern Performance / Engine Parts,pending,0,0,https://www.moparamerica.com/v-2017-chrysler-300--c--3-6l-v6-flex/accessories-modern-performance--engine-parts,,
Chrysler 300,C,3.6L V6 Flex,Accessories Modern Performance / Intake And Air,pending,0,0,https://www.moparamerica.com/v-2017-chrysler-300--c--3-6l-v6-flex/accessories-modern-performance--intake-and-air,,
Chrysler 300,C,3.6L V6 Flex,Accessories Modern Performance / Suspension,pending,0,0,https://www.moparamerica.com/v-2017-chrysler-300--c--3-6l-v6-flex/accessories-modern-performance--suspension,,
Chrysler 300,C,3.6L V6 Flex,Accessories Performance / Brakes,pending,0,0,https://www.moparamerica.com/v-2017-chrysler-300--c--3-6l-v6-flex/accessories-performance--brakes,,
Chrysler 300,C,3.6L V6 Flex,Accessories Performance / Performance Packages,pending,0,0,https://www.moparamerica.com/v-2017-chrysler-300--c--3-6l-v6-flex/accessories-performance--performance-packages,,
Chrysler 300,C,3.6L V6 Flex,Accessories Vehicle Care Products / Mopar,pending,0,0,https://www.moparamerica.com/v-2017-chrysler-300--c--3-6l-v6-flex/accessories-vehicle-care-products--mopar,,
Chrysler 300,C,3.6L V6 Flex,Accessories Vehicle Care Products / Touch Up Paint,pending,0,0,https://www.moparamerica.com/v-2017-chrysler-300--c--3-6l-v6-flex/accessories-vehicle-care-products--touch-up-paint,,
Chrysler 300,C,3.6L V6 Flex,Air Conditioners And Heaters / Air Conditioner And Heater Controls,pending,0,0,https://www.moparamerica.com/v-2017-chrysler-300--c--3-6l-v6-flex/air-conditioners-and-heaters--air-conditioner-and-heater-controls,,
Chrysler 300,C,3.6L V6 Flex,Air Conditioners And Heaters / Air Conditioner And Heater Plumbing,pending,0,0,https://www.moparamerica.com/v-2017-chrysler-300--c--3-6l-v6-flex/air-conditioners-and-heaters--air-conditioner-and-heater-plumbing,,
Chrysler 300,C,3.6L V6 Flex,Air Conditioners And Heaters / Air Conditioner And Heater Units,pending,0,0,https://www.moparamerica.com/v-2017-chrysler-300--c--3-6l-v6-flex/air-conditioners-and-heaters--air-conditioner-and-heater-units,,
Chrysler 300,C,3.6L V6 Flex,Air Conditioners And Heaters / Air Conditioner Compressor And Mounting,pending,0,0,https://www.moparamerica.com/v-2017-chrysler-300--c--3-6l-v6-flex/air-conditioners-and-heaters--air-conditioner-compressor-and-mounting,,
Chrysler 300,C,3.6L V6 Flex,Air Conditioners And Heaters / Air Ducts,pending,0,0,https://www.moparamerica.com/v-2017-chrysler-300--c--3-6l-v6-flex/air-conditioners-and-heaters--air-ducts,,
Chrysler 300,C,3.6L V6 Flex,All Wheel Drive Differential And Drive Line / Drive Shaft,pending,0,0,https://www.moparamerica.com/v-2017-chrysler-300--c--3-6l-v6-flex/all-wheel-drive-differential-and-drive-line--drive-shaft,,
Chrysler 300,C,3.6L V6 Flex,All Wheel Drive Differential And Drive Line / Front Axle Assembly,pending,0,0,https://www.moparamerica.com/v-2017-chrysler-300--c--3-6l-v6-flex/all-wheel-drive-differential-and-drive-line--front-axle-assembly,,
Chrysler 300,C,3.6L V6 Flex,All Wheel Drive Differential And Drive Line / Front Axle Drive Shafts,pending,0,0,https://www.moparamerica.com/v-2017-chrysler-300--c--3-6l-v6-flex/all-wheel-drive-differential-and-drive-line--front-axle-drive-shafts,,
Chrysler 300,C,3.6L V6 Flex,All Wheel Drive Differential And Drive Line / Rear Axle Assembly,pending,0,0,https://www.moparamerica.com/v-2017-chrysler-300--c--3-6l-v6-flex/all-wheel-drive-differential-and-drive-line--rear-axle-assembly,,
Chrysler 300,C,3.6L V6 Flex,All Wheel Drive Differential And Drive Line / Rear Axle Housing Differential And Vent,pending,0,0,https://www.moparamerica.com/v-2017-chrysler-300--c--3-6l-v6-flex/all-wheel-drive-differential-and-drive-line--rear-axle-housing-differential-and-vent,,
Chrysler 300,C,3.6L V6 Flex,All Wheel Drive Differential And Drive Line / Rear Axle Shafts,pending,0,0,https://www.moparamerica.com/v-2017-chrysler-300--c--3-6l-v6-flex/all-wheel-drive-differential-and-drive-line--rear-axle-shafts,,
Chrysler 300,C,3.6L V6 Flex,Auto Parts,pending,0,0,https://www.moparamerica.com/v-2017-chrysler-300--c--3-6l-v6-flex/auto-parts,,
Chrysler 300,C,3.6L V6 Flex,Body Sheet Metal Except Doors / Aperture Panel And Pillar Supports,pending,0,0,https://www.moparamerica.com/v-2017-chrysler-300--c--3-6l-v6-flex/body-sheet-metal-except-doors--aperture-panel-and-pillar-supports,,
Chrysler 300,C,3.6L V6 Flex,Body Sheet Metal Except Doors / Cowl And Dash Panel,pending,0,0,https://www.moparamerica.com/v-2017-chrysler-300--c--3-6l-v6-flex/body-sheet-metal-except-doors--cowl-and-dash-panel,,
Chrysler 300,C,3.6L V6 Flex,Body Sheet Metal Except Doors / Deck Lid,pending,0,0,https://www.moparamerica.com/v-2017-chrysler-300--c--3-6l-v6-flex/body-sheet-metal-except-doors--deck-lid,,
Chrysler 300,C,3.6L V6 Flex,Body Sheet Metal Except Doors / Fenders,pending,0,0,https://www.moparamerica.com/v-2017-chrysler-300--c--3-6l-v6-flex/body-sheet-metal-except-doors--fenders,,
Chrysler 300,C,3.6L V6 Flex,Body Sheet Metal Except Doors / Floor Pans,pending,0,0,https://www.moparamerica.com/v-2017-chrysler-300--c--3-6l-v6-flex/body-sheet-metal-except-doors--floor-pans,,
Chrysler 300,C,3.6L V6 Flex,Body Sheet Metal Except Doors / Hood And Hood Release,pending,0,0,https://www.moparamerica.com/v-2017-chrysler-300--c--3-6l-v6-flex/body-sheet-metal-except-doors--hood-and-hood-release,,
Chrysler 300,C,3.6L V6 Flex,Body Sheet Metal Except Doors / Pick Up Box And Fuel Filler Door,pending,0,0,https://www.moparamerica.com/v-2017-chrysler-300--c--3-6l-v6-flex/body-sheet-metal-except-doors--pick-up-box-and-fuel-filler-door,,
Chrysler 300,C,3.6L V6 Flex,Body Sheet Metal Except Doors / Plugs,pending,0,0,https://www.moparamerica.com/v-2017-chrysler-300--c--3-6l-v6-flex/body-sheet-metal-except-doors--plugs,,
Chrysler 300,C,3.6L V6 Flex,Body Sheet Metal Except Doors / Roof,pending,0,0,https://www.moparamerica.com/v-2017-chrysler-300--c--3-6l-v6-flex/body-sheet-metal-except-doors--roof,,
Chrysler 300,C,3.6L V6 Flex,Body Sheet Metal Except Doors / Shelf Panel,pending,0,0,https://www.moparamerica.com/v-2017-chrysler-300--c--3-6l-v6-flex/body-sheet-metal-except-doors--shelf-panel,,
Chrysler 300,C,3.6L V6 Flex,Body Sheet Metal Except Doors / Sunroof,pending,0,0,https://www.moparamerica.com/v-2017-chrysler-300--c--3-6l-v6-flex/body-sheet-metal-except-doors--sunroof,,
Chrysler 300,C,3.6L V6 Flex,Brakes / Brake Master Cylinder,pending,0,0,https://www.moparamerica.com/v-2017-chrysler-300--c--3-6l-v6-flex/brakes--brake-master-cylinder,,
Chrysler 300,C,3.6L V6 Flex,Brakes / Brake Pedals,pending,0,0,https://www.moparamerica.com/v-2017-chrysler-300--c--3-6l-v6-flex/brakes--brake-pedals,,
Chrysler 300,C,3.6L V6 Flex,Brakes / Front Brakes,pending,0,0,https://www.moparamerica.com/v-2017-chrysler-300--c--3-6l-v6-flex/brakes--front-brakes,,
Chrysler 300,C,3.6L V6 Flex,Brakes / Hydraulic Control Unit Brake Tubes And Hoses,pending,0,0,https://www.moparamerica.com/v-2017-chrysler-300--c--3-6l-v6-flex/brakes--hydraulic-control-unit-brake-tubes-and-hoses,,
Chrysler 300,C,3.6L V6 Flex,Brakes / Parking Brake Lever Cables And Rear Disc Park Brake Assembly,pending,0,0,https://www.moparamerica.com/v-2017-chrysler-300--c--3-6l-v6-flex/brakes--parking-brake-lever-cables-and-rear-disc-park-brake-assembly,,
Chrysler 300,C,3.6L V6 Flex,Brakes / Power Brake Booster,pending,0,0,https://www.moparamerica.com/v-2017-chrysler-300--c--3-6l-v6-flex/brakes--power-brake-booster,,
Chrysler 300,C,3.6L V6 Flex,Brakes / Rear Brakes,pending,0,0,https://www.moparamerica.com/v-2017-chrysler-300--c--3-6l-v6-flex/brakes--rear-brakes,,
Chrysler 300,C,3.6L V6 Flex,Cooling / Drive Belts,pending,0,0,https://www.moparamerica.com/v-2017-chrysler-300--c--3-6l-v6-flex/cooling--drive-belts,,
Chrysler 300,C,3.6L V6 Flex,Cooling / Engine Coolant Reservoir Bottle,pending,0,0,https://www.moparamerica.com/v-2017-chrysler-300--c--3-6l-v6-flex/cooling--engine-coolant-reservoir-bottle,,
Chrysler 300,C,3.6L V6 Flex,Cooling / Pulleys And Related Parts,pending,0,0,https://www.moparamerica.com/v-2017-chrysler-300--c--3-6l-v6-flex/cooling--pulleys-and-related-parts,,
Chrysler 300,C,3.6L V6 Flex,Cooling / Radiator And Related Parts Charge Air Cooler,pending,0,0,https://www.moparamerica.com/v-2017-chrysler-300--c--3-6l-v6-flex/cooling--radiator-and-related-parts-charge-air-cooler,,
Chrysler 300,C,3.6L V6 Flex,Cooling / Transmission Oil Cooler And Lines,pending,0,0,https://www.moparamerica.com/v-2017-chrysler-300--c--3-6l-v6-flex/cooling--transmission-oil-cooler-and-lines,,
Chrysler 300,C,3.6L V6 Flex,Cooling / Water Pump And Related Parts,pending,0,0,https://www.moparamerica.com/v-2017-chrysler-300--c--3-6l-v6-flex/cooling--water-pump-and-related-parts,,
Chrysler 300,C,3.6L V6 Flex,Doors Door Mirrors And Related Parts / Exterior Mirror,pending,0,0,https://www.moparamerica.com/v-2017-chrysler-300--c--3-6l-v6-flex/doors-door-mirrors-and-related-parts--exterior-mirror,,
Chrysler 300,C,3.6L V6 Flex,Doors Door Mirrors And Related Parts / Front Door,pending,0,0,https://www.moparamerica.com/v-2017-chrysler-300--c--3-6l-v6-flex/doors-door-mirrors-and-related-parts--front-door,,
Chrysler 300,C,3.6L V6 Flex,Doors Door Mirrors And Related Parts / Rear Door,pending,0,0,https://www.moparamerica.com/v-2017-chrysler-300--c--3-6l-v6-flex/doors-door-mirrors-and-related-parts--rear-door,,
Chrysler 300,C,3.6L V6 Flex,Doors Door Mirrors And Related Parts / Weatherstrips And Seals,pending,0,0,https://www.moparamerica.com/v-2017-chrysler-300--c--3-6l-v6-flex/doors-door-mirrors-and-related-parts--weatherstrips-and-seals,,
Chrysler 300,C,3.6L V6 Flex,Electrical / Battery Battery Tray And Cables,pending,0,0,https://www.moparamerica.com/v-2017-chrysler-300--c--3-6l-v6-flex/electrical--battery-battery-tray-and-cables,,
Chrysler 300,C,3.6L V6 Flex,Electrical / Generators Alternators,pending,0,0,https://www.moparamerica.com/v-2017-chrysler-300--c--3-6l-v6-flex/electrical--generators-alternators,,
Chrysler 300,C,3.6L V6 Flex,Electrical / Horns,pending,0,0,https://www.moparamerica.com/v-2017-chrysler-300--c--3-6l-v6-flex/electrical--horns,,
Chrysler 300,C,3.6L V6 Flex,Electrical / Ignition Spark Plugs Cables Coils And Glow Plugs,pending,0,0,https://www.moparamerica.com/v-2017-chrysler-300--c--3-6l-v6-flex/electrical--ignition-spark-plugs-cables-coils-and-glow-plugs,,
Chrysler 300,C,3.6L V6 Flex,Electrical / Instrument Panel Cluster,pending,0,0,https://www.moparamerica.com/v-2017-chrysler-300--c--3-6l-v6-flex/electrical--instrument-panel-cluster,,
Chrysler 300,C,3.6L V6 Flex,Electrical / Keys Modules And Engine Controllers,pending,0,0,https://www.moparamerica.com/v-2017-chrysler-300--c--3-6l-v6-flex/electrical--keys-modules-and-engine-controllers,,
Chrysler 300,C,3.6L V6 Flex,Electrical / Lamps Interior And Exterior,pending,0,0,https://www.moparamerica.com/v-2017-chrysler-300--c--3-6l-v6-flex/electrical--lamps-interior-and-exterior,,
Chrysler 300,C,3.6L V6 Flex,Electrical / Park Assist,pending,0,0,https://www.moparamerica.com/v-2017-chrysler-300--c--3-6l-v6-flex/electrical--park-assist,,
Chrysler 300,C,3.6L V6 Flex,Electrical / Power Distribution Center Fuse Block Junction Block Relays And Fuses,pending,0,0,https://www.moparamerica.com/v-2017-chrysler-300--c--3-6l-v6-flex/electrical--power-distribution-center-fuse-block-junction-block-relays-and-fuses,,
Chrysler 300,C,3.6L V6 Flex,Electrical / Radio Antenna Speakers Dvd And Video Systems,pending,0,0,https://www.moparamerica.com/v-2017-chrysler-300--c--3-6l-v6-flex/electrical--radio-antenna-speakers-dvd-and-video-systems,,
Chrysler 300,C,3.6L V6 Flex,Electrical / Sensors,pending,0,0,https://www.moparamerica.com/v-2017-chrysler-300--c--3-6l-v6-flex/electrical--sensors,,
Chrysler 300,C,3.6L V6 Flex,Electrical / Speed Control,pending,0,0,https://www.moparamerica.com/v-2017-chrysler-300--c--3-6l-v6-flex/electrical--speed-control,,
Chrysler 300,C,3.6L V6 Flex,Electrical / Starters,pending,0,0,https://www.moparamerica.com/v-2017-chrysler-300--c--3-6l-v6-flex/electrical--starters,,
Chrysler 300,C,3.6L V6 Flex,Electrical / Switches,pending,0,0,https://www.moparamerica.com/v-2017-chrysler-300--c--3-6l-v6-flex/electrical--switches,,
Chrysler 300,C,3.6L V6 Flex,Electrical / Wiper And Washer System,pending,0,0,https://www.moparamerica.com/v-2017-chrysler-300--c--3-6l-v6-flex/electrical--wiper-and-washer-system,,
Chrysler 300,C,3.6L V6 Flex,Electrical / Wiring Body And Accessories,pending,0,0,https://www.moparamerica.com/v-2017-chrysler-300--c--3-6l-v6-flex/electrical--wiring-body-and-accessories,,
Chrysler 300,C,3.6L V6 Flex,Electrical / Wiring Headlamp To Dash,pending,0,0,https://www.moparamerica.com/v-2017-chrysler-300--c--3-6l-v6-flex/electrical--wiring-headlamp-to-dash,,
Chrysler 300,C,3.6L V6 Flex,Electrical / Wiring Instrument Panel,pending,0,0,https://www.moparamerica.com/v-2017-chrysler-300--c--3-6l-v6-flex/electrical--wiring-instrument-panel,,
Chrysler 300,C,3.6L V6 Flex,Electrical / Wiring Powertrain,pending,0,0,https://www.moparamerica.com/v-2017-chrysler-300--c--3-6l-v6-flex/electrical--wiring-powertrain,,
Chrysler 300,C,3.6L V6 Flex,Emission Controls / Emission Harness,pending,0,0,https://www.moparamerica.com/v-2017-chrysler-300--c--3-6l-v6-flex/emission-controls--emission-harness,,
Chrysler 300,C,3.6L V6 Flex,Emission Controls / Vacuum Canister Leak Detection Pump,pending,0,0,https://www.moparamerica.com/v-2017-chrysler-300--c--3-6l-v6-flex/emission-controls--vacuum-canister-leak-detection-pump,,
Chrysler 300,C,3.6L V6 Flex,Exhaust / Exhaust System,pending,0,0,https://www.moparamerica.com/v-2017-chrysler-300--c--3-6l-v6-flex/exhaust--exhaust-system,,
Chrysler 300,C,3.6L V6 Flex,Exterior Ornamentation / Grilles,pending,0,0,https://www.moparamerica.com/v-2017-chrysler-300--c--3-6l-v6-flex/exterior-ornamentation--grilles,,
Chrysler 300,C,3.6L V6 Flex,Exterior Ornamentation / Moldings And Ornamentation,pending,0,0,https://www.moparamerica.com/v-2017-chrysler-300--c--3-6l-v6-flex/exterior-ornamentation--moldings-and-ornamentation,,
Chrysler 300,C,3.6L V6 Flex,Exterior Ornamentation / Nameplates,pending,0,0,https://www.moparamerica.com/v-2017-chrysler-300--c--3-6l-v6-flex/exterior-ornamentation--nameplates,,
Chrysler 300,C,3.6L V6 Flex,Frame Bumper And Fascia / Frames,pending,0,0,https://www.moparamerica.com/v-2017-chrysler-300--c--3-6l-v6-flex/frame-bumper-and-fascia--frames,,
Chrysler 300,C,3.6L V6 Flex,Frame Bumper And Fascia / Front Bumper And Fascia,pending,0,0,https://www.moparamerica.com/v-2017-chrysler-300--c--3-6l-v6-flex/frame-bumper-and-fascia--front-bumper-and-fascia,,
Chrysler 300,C,3.6L V6 Flex,Frame Bumper And Fascia / Rear Bumper And Fascia,pending,0,0,https://www.moparamerica.com/v-2017-chrysler-300--c--3-6l-v6-flex/frame-bumper-and-fascia--rear-bumper-and-fascia,,
Chrysler 300,C,3.6L V6 Flex,Front Suspension / Front Stabilizer Bar,pending,0,0,https://www.moparamerica.com/v-2017-chrysler-300--c--3-6l-v6-flex/front-suspension--front-stabilizer-bar,,
Chrysler 300,C,3.6L V6 Flex,Front Suspension / Front Suspension Strut And Cradle,pending,0,0,https://www.moparamerica.com/v-2017-chrysler-300--c--3-6l-v6-flex/front-suspension--front-suspension-strut-and-cradle,,
Chrysler 300,C,3.6L V6 Flex,Fuel / Accelerator Pedal,pending,0,0,https://www.moparamerica.com/v-2017-chrysler-300--c--3-6l-v6-flex/fuel--accelerator-pedal,,
Chrysler 300,C,3.6L V6 Flex,Fuel / Air Cleaner,pending,0,0,https://www.moparamerica.com/v-2017-chrysler-300--c--3-6l-v6-flex/fuel--air-cleaner,,
Chrysler 300,C,3.6L V6 Flex,Fuel / Fuel Lines,pending,0,0,https://www.moparamerica.com/v-2017-chrysler-300--c--3-6l-v6-flex/fuel--fuel-lines,,
Chrysler 300,C,3.6L V6 Flex,Fuel / Fuel Pump And Sending Unit,pending,0,0,https://www.moparamerica.com/v-2017-chrysler-300--c--3-6l-v6-flex/fuel--fuel-pump-and-sending-unit,,
Chrysler 300,C,3.6L V6 Flex,Fuel / Fuel Rail And Injectors,pending,0,0,https://www.moparamerica.com/v-2017-chrysler-300--c--3-6l-v6-flex/fuel--fuel-rail-and-injectors,,
Chrysler 300,C,3.6L V6 Flex,Fuel / Fuel Tank,pending,0,0,https://www.moparamerica.com/v-2017-chrysler-300--c--3-6l-v6-flex/fuel--fuel-tank,,
Chrysler 300,C,3.6L V6 Flex,Fuel / Fuel Tank Filler Tube,pending,0,0,https://www.moparamerica.com/v-2017-chrysler-300--c--3-6l-v6-flex/fuel--fuel-tank-filler-tube,,
Chrysler 300,C,3.6L V6 Flex,Fuel / Throttle Body,pending,0,0,https://www.moparamerica.com/v-2017-chrysler-300--c--3-6l-v6-flex/fuel--throttle-body,,
Chrysler 300,C,3.6L V6 Flex,Glass / Glass And Interior Rear View Mirror,pending,0,0,https://www.moparamerica.com/v-2017-chrysler-300--c--3-6l-v6-flex/glass--glass-and-interior-rear-view-mirror,,
Chrysler 300,C,3.6L V6 Flex,Interior Trim / Carpets Floor Mats Load Floor And Silencers,pending,0,0,https://www.moparamerica.com/v-2017-chrysler-300--c--3-6l-v6-flex/interior-trim--carpets-floor-mats-load-floor-and-silencers,,
Chrysler 300,C,3.6L V6 Flex,Interior Trim / Consoles,pending,0,0,https://www.moparamerica.com/v-2017-chrysler-300--c--3-6l-v6-flex/interior-trim--consoles,,
Chrysler 300,C,3.6L V6 Flex,Interior Trim / Door Trim Panels Front And Rear,pending,0,0,https://www.moparamerica.com/v-2017-chrysler-300--c--3-6l-v6-flex/interior-trim--door-trim-panels-front-and-rear,,
Chrysler 300,C,3.6L V6 Flex,Interior Trim / Front Seats Adjusters Recliners Shields And Risers,pending,0,0,https://www.moparamerica.com/v-2017-chrysler-300--c--3-6l-v6-flex/interior-trim--front-seats-adjusters-recliners-shields-and-risers,,
Chrysler 300,C,3.6L V6 Flex,Interior Trim / Front Seats First Row,pending,0,0,https://www.moparamerica.com/v-2017-chrysler-300--c--3-6l-v6-flex/interior-trim--front-seats-first-row,,
Chrysler 300,C,3.6L V6 Flex,Interior Trim / Headliners Visors Assist Straps,pending,0,0,https://www.moparamerica.com/v-2017-chrysler-300--c--3-6l-v6-flex/interior-trim--headliners-visors-assist-straps,,
Chrysler 300,C,3.6L V6 Flex,Interior Trim / Instrument Panel,pending,0,0,https://www.moparamerica.com/v-2017-chrysler-300--c--3-6l-v6-flex/interior-trim--instrument-panel,,
Chrysler 300,C,3.6L V6 Flex,Interior Trim / Panels Moldings Scuff Plates Pillar Cowl 1 4 Panel Trim And Cargo Covers,pending,0,0,https://www.moparamerica.com/v-2017-chrysler-300--c--3-6l-v6-flex/interior-trim--panels-moldings-scuff-plates-pillar-cowl-1-4-panel-trim-and-cargo-covers,,
Chrysler 300,C,3.6L V6 Flex,Interior Trim / Rear Seats Second Row,pending,0,0,https://www.moparamerica.com/v-2017-chrysler-300--c--3-6l-v6-flex/interior-trim--rear-seats-second-row,,
Chrysler 300,C,3.6L V6 Flex,Interior Trim / Rear Seats Second Row Adjusters Recliners Shields And Risers,pending,0,0,https://www.moparamerica.com/v-2017-chrysler-300--c--3-6l-v6-flex/interior-trim--rear-seats-second-row-adjusters-recliners-shields-and-risers,,
Chrysler 300,C,3.6L V6 Flex,Labels / Exterior,pending,0,0,https://www.moparamerica.com/v-2017-chrysler-300--c--3-6l-v6-flex/labels--exterior,,
Chrysler 300,C,3.6L V6 Flex,Labels / Trunk,pending,0,0,https://www.moparamerica.com/v-2017-chrysler-300--c--3-6l-v6-flex/labels--trunk,,
Chrysler 300,C,3.6L V6 Flex,Labels / Under Hood,pending,0,0,https://www.moparamerica.com/v-2017-chrysler-300--c--3-6l-v6-flex/labels--under-hood,,
Chrysler 300,C,3.6L V6 Flex,Mopar Accessories Component Parts / Audio And Electronics,pending,0,0,https://www.moparamerica.com/v-2017-chrysler-300--c--3-6l-v6-flex/mopar-accessories-component-parts--audio-and-electronics,,
Chrysler 300,C,3.6L V6 Flex,Mopar Accessories Component Parts / Driver Convenience,pending,0,0,https://www.moparamerica.com/v-2017-chrysler-300--c--3-6l-v6-flex/mopar-accessories-component-parts--driver-convenience,,
Chrysler 300,C,3.6L V6 Flex,Mopar Accessories Component Parts / Exterior Appearance,pending,0,0,https://www.moparamerica.com/v-2017-chrysler-300--c--3-6l-v6-flex/mopar-accessories-component-parts--exterior-appearance,,
Chrysler 300,C,3.6L V6 Flex,Mopar Accessories Component Parts / Fog Lights And Electrical,pending,0,0,https://www.moparamerica.com/v-2017-chrysler-300--c--3-6l-v6-flex/mopar-accessories-component-parts--fog-lights-and-electrical,,
Chrysler 300,C,3.6L V6 Flex,Mopar Accessories Component Parts / Interior Protection,pending,0,0,https://www.moparamerica.com/v-2017-chrysler-300--c--3-6l-v6-flex/mopar-accessories-component-parts--interior-protection,,
Chrysler 300,C,3.6L V6 Flex,Mopar Accessories Component Parts / Powertrain,pending,0,0,https://www.moparamerica.com/v-2017-chrysler-300--c--3-6l-v6-flex/mopar-accessories-component-parts--powertrain,,
Chrysler 300,C,3.6L V6 Flex,Power Transfer Unit Transfer Case / Case And Extension,pending,0,0,https://www.moparamerica.com/v-2017-chrysler-300--c--3-6l-v6-flex/power-transfer-unit-transfer-case--case-and-extension,,
Chrysler 300,C,3.6L V6 Flex,Power Transfer Unit Transfer Case / Gear Train,pending,0,0,https://www.moparamerica.com/v-2017-chrysler-300--c--3-6l-v6-flex/power-transfer-unit-transfer-case--gear-train,,
Chrysler 300,C,3.6L V6 Flex,Power Transfer Unit Transfer Case / Transfer Case Assembly,pending,0,0,https://www.moparamerica.com/v-2017-chrysler-300--c--3-6l-v6-flex/power-transfer-unit-transfer-case--transfer-case-assembly,,
Chrysler 300,C,3.6L V6 Flex,Rear Suspension / Rear Stabilizer,pending,0,0,https://www.moparamerica.com/v-2017-chrysler-300--c--3-6l-v6-flex/rear-suspension--rear-stabilizer,,
Chrysler 300,C,3.6L V6 Flex,Rear Suspension / Rear Suspension And Cradle,pending,0,0,https://www.moparamerica.com/v-2017-chrysler-300--c--3-6l-v6-flex/rear-suspension--rear-suspension-and-cradle,,
Chrysler 300,C,3.6L V6 Flex,Rear Wheel Drive Differential And Drive Line / Drive Shaft,pending,0,0,https://www.moparamerica.com/v-2017-chrysler-300--c--3-6l-v6-flex/rear-wheel-drive-differential-and-drive-line--drive-shaft,,
Chrysler 300,C,3.6L V6 Flex,Rear Wheel Drive Differential And Drive Line / Rear Axle Assembly,pending,0,0,https://www.moparamerica.com/v-2017-chrysler-300--c--3-6l-v6-flex/rear-wheel-drive-differential-and-drive-line--rear-axle-assembly,,
Chrysler 300,C,3.6L V6 Flex,Rear Wheel Drive Differential And Drive Line / Rear Axle Housing Differential And Vent,pending,0,0,https://www.moparamerica.com/v-2017-chrysler-300--c--3-6l-v6-flex/rear-wheel-drive-differential-and-drive-line--rear-axle-housing-differential-and-vent,,
Chrysler 300,C,3.6L V6 Flex,Rear Wheel Drive Differential And Drive Line / Rear Axle Shafts,pending,0,0,https://www.moparamerica.com/v-2017-chrysler-300--c--3-6l-v6-flex/rear-wheel-drive-differential-and-drive-line--rear-axle-shafts,,
Chrysler 300,C,3.6L V6 Flex,Restraints / Air Bags,pending,0,0,https://www.moparamerica.com/v-2017-chrysler-300--c--3-6l-v6-flex/restraints--air-bags,,
Chrysler 300,C,3.6L V6 Flex,Restraints / Seat Belts,pending,0,0,https://www.moparamerica.com/v-2017-chrysler-300--c--3-6l-v6-flex/restraints--seat-belts,,
Chrysler 300,C,3.6L V6 Flex,Steering / Steering Column And Intermediate Shaft,pending,0,0,https://www.moparamerica.com/v-2017-chrysler-300--c--3-6l-v6-flex/steering--steering-column-and-intermediate-shaft,,
Chrysler 300,C,3.6L V6 Flex,Steering / Steering Gear,pending,0,0,https://www.moparamerica.com/v-2017-chrysler-300--c--3-6l-v6-flex/steering--steering-gear,,
Chrysler 300,C,3.6L V6 Flex,Steering / Steering Wheel,pending,0,0,https://www.moparamerica.com/v-2017-chrysler-300--c--3-6l-v6-flex/steering--steering-wheel,,
Chrysler 300,C,3.6L V6 Flex,Wheels / Emergency Kit,pending,0,0,https://www.moparamerica.com/v-2017-chrysler-300--c--3-6l-v6-flex/wheels--emergency-kit,,
Chrysler 300,C,3.6L V6 Flex,Wheels / Jack Stowage,pending,0,0,https://www.moparamerica.com/v-2017-chrysler-300--c--3-6l-v6-flex/wheels--jack-stowage,,
Chrysler 300,C,3.6L V6 Flex,Wheels / Tire Monitoring System,pending,0,0,https://www.moparamerica.com/v-2017-chrysler-300--c--3-6l-v6-flex/wheels--tire-monitoring-system,,
Chrysler 300,C,3.6L V6 Flex,Wheels / Wheel Covers And Center Caps,pending,0,0,https://www.moparamerica.com/v-2017-chrysler-300--c--3-6l-v6-flex/wheels--wheel-covers-and-center-caps,,
Chrysler 300,C,3.6L V6 Flex,Wheels / Wheel Spare,pending,0,0,https://www.moparamerica.com/v-2017-chrysler-300--c--3-6l-v6-flex/wheels--wheel-spare,,
Chrysler 300,C,3.6L V6 Flex,Wheels / Wheels Tires And Hardware,pending,0,0,https://www.moparamerica.com/v-2017-chrysler-300--c--3-6l-v6-flex/wheels--wheels-tires-and-hardware,,
Chrysler 300,C,3.6L V6 Gas,3 0L Gas Engine / Cylinder Block,pending,0,0,https://www.moparamerica.com/v-2017-chrysler-300--c--3-6l-v6-gas/3-0l-gas-engine--cylinder-block,,
Chrysler 300,C,3.6L V6 Gas,3 0L Gas Engine / Cylinder Head,pending,0,0,https://www.moparamerica.com/v-2017-chrysler-300--c--3-6l-v6-gas/3-0l-gas-engine--cylinder-head,,
Chrysler 300,C,3.6L V6 Gas,3 0L Gas Engine / Engine Mounting,pending,0,0,https://www.moparamerica.com/v-2017-chrysler-300--c--3-6l-v6-gas/3-0l-gas-engine--engine-mounting,,
Chrysler 300,C,3.6L V6 Gas,3 0L Gas Engine / Engine Oiling Oil Pan And Indicator Dipstick,pending,0,0,https://www.moparamerica.com/v-2017-chrysler-300--c--3-6l-v6-gas/3-0l-gas-engine--engine-oiling-oil-pan-and-indicator-dipstick,,
Chrysler 300,C,3.6L V6 Gas,3 0L Gas Engine / Timing Belt Chain And Cover And Balance Shaft,pending,0,0,https://www.moparamerica.com/v-2017-chrysler-300--c--3-6l-v6-gas/3-0l-gas-engine--timing-belt-chain-and-cover-and-balance-shaft,,
Chrysler 300,C,3.6L V6 Gas,3 6L Gas Engine / Camshaft And Valve,pending,0,0,https://www.moparamerica.com/v-2017-chrysler-300--c--3-6l-v6-gas/3-6l-gas-engine--camshaft-and-valve,,
Chrysler 300,C,3.6L V6 Gas,3 6L Gas Engine / Crankcase Ventilation,pending,0,0,https://www.moparamerica.com/v-2017-chrysler-300--c--3-6l-v6-gas/3-6l-gas-engine--crankcase-ventilation,,
Chrysler 300,C,3.6L V6 Gas,3 6L Gas Engine / Crankshaft Piston Drive Plate Flywheel And Damper,pending,0,0,https://www.moparamerica.com/v-2017-chrysler-300--c--3-6l-v6-gas/3-6l-gas-engine--crankshaft-piston-drive-plate-flywheel-and-damper,,
Chrysler 300,C,3.6L V6 Gas,3 6L Gas Engine / Cylinder Block,pending,0,0,https://www.moparamerica.com/v-2017-chrysler-300--c--3-6l-v6-gas/3-6l-gas-engine--cylinder-block,,
Chrysler 300,C,3.6L V6 Gas,3 6L Gas Engine / Cylinder Head,pending,0,0,https://www.moparamerica.com/v-2017-chrysler-300--c--3-6l-v6-gas/3-6l-gas-engine--cylinder-head,,
Chrysler 300,C,3.6L V6 Gas,3 6L Gas Engine / Engine Identification Service Engines And Engine Service Kits,pending,0,0,https://www.moparamerica.com/v-2017-chrysler-300--c--3-6l-v6-gas/3-6l-gas-engine--engine-identification-service-engines-and-engine-service-kits,,
Chrysler 300,C,3.6L V6 Gas,3 6L Gas Engine / Engine Mounting,pending,0,0,https://www.moparamerica.com/v-2017-chrysler-300--c--3-6l-v6-gas/3-6l-gas-engine--engine-mounting,,
Chrysler 300,C,3.6L V6 Gas,3 6L Gas Engine / Engine Oiling Oil Pan And Indicator Dipstick,pending,0,0,https://www.moparamerica.com/v-2017-chrysler-300--c--3-6l-v6-gas/3-6l-gas-engine--engine-oiling-oil-pan-and-indicator-dipstick,,
Chrysler 300,C,3.6L V6 Gas,3 6L Gas Engine / Manifolds And Vacuum Fittings,pending,0,0,https://www.moparamerica.com/v-2017-chrysler-300--c--3-6l-v6-gas/3-6l-gas-engine--manifolds-and-vacuum-fittings,,
Chrysler 300,C,3.6L V6 Gas,3 6L Gas Engine / Timing Belt Chain And Cover And Balance Shaft,pending,0,0,https://www.moparamerica.com/v-2017-chrysler-300--c--3-6l-v6-gas/3-6l-gas-engine--timing-belt-chain-and-cover-and-balance-shaft,,
Chrysler 300,C,3.6L V6 Gas,5 7L Gas Engine / Camshaft And Valve,pending,0,0,https://www.moparamerica.com/v-2017-chrysler-300--c--3-6l-v6-gas/5-7l-gas-engine--camshaft-and-valve,,
Chrysler 300,C,3.6L V6 Gas,5 7L Gas Engine / Engine Mounting,pending,0,0,https://www.moparamerica.com/v-2017-chrysler-300--c--3-6l-v6-gas/5-7l-gas-engine--engine-mounting,,
Chrysler 300,C,3.6L V6 Gas,5 7L Gas Engine / Engine Oiling Oil Pan And Indicator Dipstick,pending,0,0,https://www.moparamerica.com/v-2017-chrysler-300--c--3-6l-v6-gas/5-7l-gas-engine--engine-oiling-oil-pan-and-indicator-dipstick,,
Chrysler 300,C,3.6L V6 Gas,6 4L Gas Engine / Camshaft And Valve,pending,0,0,https://www.moparamerica.com/v-2017-chrysler-300--c--3-6l-v6-gas/6-4l-gas-engine--camshaft-and-valve,,
Chrysler 300,C,3.6L V6 Gas,6 4L Gas Engine / Engine Mounting,pending,0,0,https://www.moparamerica.com/v-2017-chrysler-300--c--3-6l-v6-gas/6-4l-gas-engine--engine-mounting,,
Chrysler 300,C,3.6L V6 Gas,6 4L Gas Engine / Engine Oiling Oil Pan And Indicator Dipstick,pending,0,0,https://www.moparamerica.com/v-2017-chrysler-300--c--3-6l-v6-gas/6-4l-gas-engine--engine-oiling-oil-pan-and-indicator-dipstick,,
Chrysler 300,C,3.6L V6 Gas,845Re 8 Speed Automatic Transmission / Automatic Transmission Transaxle And Torque Converter,pending,0,0,https://www.moparamerica.com/v-2017-chrysler-300--c--3-6l-v6-gas/845re-8-speed-automatic-transmission--automatic-transmission-transaxle-and-torque-converter,,
Chrysler 300,C,3.6L V6 Gas,845Re 8 Speed Automatic Transmission / Case Extension Oil Pan And Indicator Dipstick,pending,0,0,https://www.moparamerica.com/v-2017-chrysler-300--c--3-6l-v6-gas/845re-8-speed-automatic-transmission--case-extension-oil-pan-and-indicator-dipstick,,
Chrysler 300,C,3.6L V6 Gas,845Re 8 Speed Automatic Transmission / Gearshift Controls And Related Parts,pending,0,0,https://www.moparamerica.com/v-2017-chrysler-300--c--3-6l-v6-gas/845re-8-speed-automatic-transmission--gearshift-controls-and-related-parts,,
Chrysler 300,C,3.6L V6 Gas,845Re 8 Speed Automatic Transmission / Mounting And Skid Plate,pending,0,0,https://www.moparamerica.com/v-2017-chrysler-300--c--3-6l-v6-gas/845re-8-speed-automatic-transmission--mounting-and-skid-plate,,
Chrysler 300,C,3.6L V6 Gas,845Re 8 Speed Automatic Transmission / Oil Pump,pending,0,0,https://www.moparamerica.com/v-2017-chrysler-300--c--3-6l-v6-gas/845re-8-speed-automatic-transmission--oil-pump,,
Chrysler 300,C,3.6L V6 Gas,845Re 8 Speed Automatic Transmission / Valve Body Accumulator Solenoid And Parking Sprag,pending,0,0,https://www.moparamerica.com/v-2017-chrysler-300--c--3-6l-v6-gas/845re-8-speed-automatic-transmission--valve-body-accumulator-solenoid-and-parking-sprag,,
Chrysler 300,C,3.6L V6 Gas,8Hp70 8 Speed Automatic Transmission / Automatic Transmission Transaxle And Torque Converter,pending,0,0,https://www.moparamerica.com/v-2017-chrysler-300--c--3-6l-v6-gas/8hp70-8-speed-automatic-transmission--automatic-transmission-transaxle-and-torque-converter,,
Chrysler 300,C,3.6L V6 Gas,8Hp70 8 Speed Automatic Transmission / Gearshift Controls And Related Parts,pending,0,0,https://www.moparamerica.com/v-2017-chrysler-300--c--3-6l-v6-gas/8hp70-8-speed-automatic-transmission--gearshift-controls-and-related-parts,,
Chrysler 300,C,3.6L V6 Gas,8Hp70 8 Speed Automatic Transmission / Mounting And Skid Plate,pending,0,0,https://www.moparamerica.com/v-2017-chrysler-300--c--3-6l-v6-gas/8hp70-8-speed-automatic-transmission--mounting-and-skid-plate,,
Chrysler 300,C,3.6L V6 Gas,Accessories,pending,0,0,https://www.moparamerica.com/v-2017-chrysler-300--c--3-6l-v6-gas/accessories,,
Chrysler 300,C,3.6L V6 Gas,Accessories Audio Video And Electronics Accessories / Charging Unit,pending,0,0,https://www.moparamerica.com/v-2017-chrysler-300--c--3-6l-v6-gas/accessories-audio-video-and-electronics-accessories--charging-unit,,
Chrysler 300,C,3.6L V6 Gas,Accessories Audio Video And Electronics Accessories / Remote Start,pending,0,0,https://www.moparamerica.com/v-2017-chrysler-300--c--3-6l-v6-gas/accessories-audio-video-and-electronics-accessories--remote-start,,
Chrysler 300,C,3.6L V6 Gas,Accessories Audio Video And Electronics Accessories / Security,pending,0,0,https://www.moparamerica.com/v-2017-chrysler-300--c--3-6l-v6-gas/accessories-audio-video-and-electronics-accessories--security,,
Chrysler 300,C,3.6L V6 Gas,Accessories Exterior Accessories / Air Deflectors,pending,0,0,https://www.moparamerica.com/v-2017-chrysler-300--c--3-6l-v6-gas/accessories-exterior-accessories--air-deflectors,,
Chrysler 300,C,3.6L V6 Gas,Accessories Exterior Accessories / Exterior Appearance,pending,0,0,https://www.moparamerica.com/v-2017-chrysler-300--c--3-6l-v6-gas/accessories-exterior-accessories--exterior-appearance,,
Chrysler 300,C,3.6L V6 Gas,Accessories Exterior Accessories / License Plate,pending,0,0,https://www.moparamerica.com/v-2017-chrysler-300--c--3-6l-v6-gas/accessories-exterior-accessories--license-plate,,
Chrysler 300,C,3.6L V6 Gas,Accessories Exterior Accessories / Locks,pending,0,0,https://www.moparamerica.com/v-2017-chrysler-300--c--3-6l-v6-gas/accessories-exterior-accessories--locks,,
Chrysler 300,C,3.6L V6 Gas,Accessories Exterior Accessories / Protective Guards,pending,0,0,https://www.moparamerica.com/v-2017-chrysler-300--c--3-6l-v6-gas/accessories-exterior-accessories--protective-guards,,
Chrysler 300,C,3.6L V6 Gas,Accessories Exterior Accessories / Splash Guards,pending,0,0,https://www.moparamerica.com/v-2017-chrysler-300--c--3-6l-v6-gas/accessories-exterior-accessories--splash-guards,,
Chrysler 300,C,3.6L V6 Gas,Accessories Exterior Accessories / Wheels,pending,0,0,https://www.moparamerica.com/v-2017-chrysler-300--c--3-6l-v6-gas/accessories-exterior-accessories--wheels,,
Chrysler 300,C,3.6L V6 Gas,Accessories Interior Accessories / Air Purification,pending,0,0,https://www.moparamerica.com/v-2017-chrysler-300--c--3-6l-v6-gas/accessories-interior-accessories--air-purification,,
Chrysler 300,C,3.6L V6 Gas,Accessories Interior Accessories / Cargo Trays And Mats,pending,0,0,https://www.moparamerica.com/v-2017-chrysler-300--c--3-6l-v6-gas/accessories-interior-accessories--cargo-trays-and-mats,,
Chrysler 300,C,3.6L V6 Gas,Accessories Interior Accessories / Floor Mats,pending,0,0,https://www.moparamerica.com/v-2017-chrysler-300--c--3-6l-v6-gas/accessories-interior-accessories--floor-mats,,
Chrysler 300,C,3.6L V6 Gas,Accessories Interior Accessories / Interior Appearance,pending,0,0,https://www.moparamerica.com/v-2017-chrysler-300--c--3-6l-v6-gas/accessories-interior-accessories--interior-appearance,,
Chrysler 300,C,3.6L V6 Gas,Accessories Lifestyle And Off Road Accessories / Safety Kits,pending,0,0,https://www.moparamerica.com/v-2017-chrysler-300--c--3-6l-v6-gas/accessories-lifestyle-and-off-road-accessories--safety-kits,,
Chrysler 300,C,3.6L V6 Gas,Accessories Lighting And Electrical Accessories / Charging Unit,pending,0,0,https://www.moparamerica.com/v-2017-chrysler-300--c--3-6l-v6-gas/accessories-lighting-and-electrical-accessories--charging-unit,,
Chrysler 300,C,3.6L V6 Gas,Accessories Modern Performance / Engine Parts,pending,0,0,https://www.moparamerica.com/v-2017-chrysler-300--c--3-6l-v6-gas/accessories-modern-performance--engine-parts,,
Chrysler 300,C,3.6L V6 Gas,Accessories Modern Performance / Intake And Air,pending,0,0,https://www.moparamerica.com/v-2017-chrysler-300--c--3-6l-v6-gas/accessories-modern-performance--intake-and-air,,
Chrysler 300,C,3.6L V6 Gas,Accessories Modern Performance / Suspension,pending,0,0,https://www.moparamerica.com/v-2017-chrysler-300--c--3-6l-v6-gas/accessories-modern-performance--suspension,,
Chrysler 300,C,3.6L V6 Gas,Accessories Performance / Brakes,pending,0,0,https://www.moparamerica.com/v-2017-chrysler-300--c--3-6l-v6-gas/accessories-performance--brakes,,
Chrysler 300,C,3.6L V6 Gas,Accessories Performance / Performance Packages,pending,0,0,https://www.moparamerica.com/v-2017-chrysler-300--c--3-6l-v6-gas/accessories-performance--performance-packages,,
Chrysler 300,C,3.6L V6 Gas,Accessories Vehicle Care Products / Mopar,pending,0,0,https://www.moparamerica.com/v-2017-chrysler-300--c--3-6l-v6-gas/accessories-vehicle-care-products--mopar,,
Chrysler 300,C,3.6L V6 Gas,Accessories Vehicle Care Products / Touch Up Paint,pending,0,0,https://www.moparamerica.com/v-2017-chrysler-300--c--3-6l-v6-gas/accessories-vehicle-care-products--touch-up-paint,,
Chrysler 300,C,3.6L V6 Gas,Air Conditioners And Heaters / Air Conditioner And Heater Controls,pending,0,0,https://www.moparamerica.com/v-2017-chrysler-300--c--3-6l-v6-gas/air-conditioners-and-heaters--air-conditioner-and-heater-controls,,
Chrysler 300,C,3.6L V6 Gas,Air Conditioners And Heaters / Air Conditioner And Heater Plumbing,pending,0,0,https://www.moparamerica.com/v-2017-chrysler-300--c--3-6l-v6-gas/air-conditioners-and-heaters--air-conditioner-and-heater-plumbing,,
Chrysler 300,C,3.6L V6 Gas,Air Conditioners And Heaters / Air Conditioner And Heater Units,pending,0,0,https://www.moparamerica.com/v-2017-chrysler-300--c--3-6l-v6-gas/air-conditioners-and-heaters--air-conditioner-and-heater-units,,
Chrysler 300,C,3.6L V6 Gas,Air Conditioners And Heaters / Air Conditioner Compressor And Mounting,pending,0,0,https://www.moparamerica.com/v-2017-chrysler-300--c--3-6l-v6-gas/air-conditioners-and-heaters--air-conditioner-compressor-and-mounting,,
Chrysler 300,C,3.6L V6 Gas,Air Conditioners And Heaters / Air Ducts,pending,0,0,https://www.moparamerica.com/v-2017-chrysler-300--c--3-6l-v6-gas/air-conditioners-and-heaters--air-ducts,,
Chrysler 300,C,3.6L V6 Gas,All Wheel Drive Differential And Drive Line / Drive Shaft,pending,0,0,https://www.moparamerica.com/v-2017-chrysler-300--c--3-6l-v6-gas/all-wheel-drive-differential-and-drive-line--drive-shaft,,
Chrysler 300,C,3.6L V6 Gas,All Wheel Drive Differential And Drive Line / Front Axle Assembly,pending,0,0,https://www.moparamerica.com/v-2017-chrysler-300--c--3-6l-v6-gas/all-wheel-drive-differential-and-drive-line--front-axle-assembly,,
Chrysler 300,C,3.6L V6 Gas,All Wheel Drive Differential And Drive Line / Front Axle Drive Shafts,pending,0,0,https://www.moparamerica.com/v-2017-chrysler-300--c--3-6l-v6-gas/all-wheel-drive-differential-and-drive-line--front-axle-drive-shafts,,
Chrysler 300,C,3.6L V6 Gas,All Wheel Drive Differential And Drive Line / Rear Axle Assembly,pending,0,0,https://www.moparamerica.com/v-2017-chrysler-300--c--3-6l-v6-gas/all-wheel-drive-differential-and-drive-line--rear-axle-assembly,,
Chrysler 300,C,3.6L V6 Gas,All Wheel Drive Differential And Drive Line / Rear Axle Housing Differential And Vent,pending,0,0,https://www.moparamerica.com/v-2017-chrysler-300--c--3-6l-v6-gas/all-wheel-drive-differential-and-drive-line--rear-axle-housing-differential-and-vent,,
Chrysler 300,C,3.6L V6 Gas,All Wheel Drive Differential And Drive Line / Rear Axle Shafts,pending,0,0,https://www.moparamerica.com/v-2017-chrysler-300--c--3-6l-v6-gas/all-wheel-drive-differential-and-drive-line--rear-axle-shafts,,
Chrysler 300,C,3.6L V6 Gas,Auto Parts,pending,0,0,https://www.moparamerica.com/v-2017-chrysler-300--c--3-6l-v6-gas/auto-parts,,
Chrysler 300,C,3.6L V6 Gas,Body Sheet Metal Except Doors / Aperture Panel And Pillar Supports,pending,0,0,https://www.moparamerica.com/v-2017-chrysler-300--c--3-6l-v6-gas/body-sheet-metal-except-doors--aperture-panel-and-pillar-supports,,
Chrysler 300,C,3.6L V6 Gas,Body Sheet Metal Except Doors / Cowl And Dash Panel,pending,0,0,https://www.moparamerica.com/v-2017-chrysler-300--c--3-6l-v6-gas/body-sheet-metal-except-doors--cowl-and-dash-panel,,
Chrysler 300,C,3.6L V6 Gas,Body Sheet Metal Except Doors / Deck Lid,pending,0,0,https://www.moparamerica.com/v-2017-chrysler-300--c--3-6l-v6-gas/body-sheet-metal-except-doors--deck-lid,,
Chrysler 300,C,3.6L V6 Gas,Body Sheet Metal Except Doors / Fenders,pending,0,0,https://www.moparamerica.com/v-2017-chrysler-300--c--3-6l-v6-gas/body-sheet-metal-except-doors--fenders,,
Chrysler 300,C,3.6L V6 Gas,Body Sheet Metal Except Doors / Floor Pans,pending,0,0,https://www.moparamerica.com/v-2017-chrysler-300--c--3-6l-v6-gas/body-sheet-metal-except-doors--floor-pans,,
Chrysler 300,C,3.6L V6 Gas,Body Sheet Metal Except Doors / Hood And Hood Release,pending,0,0,https://www.moparamerica.com/v-2017-chrysler-300--c--3-6l-v6-gas/body-sheet-metal-except-doors--hood-and-hood-release,,
Chrysler 300,C,3.6L V6 Gas,Body Sheet Metal Except Doors / Pick Up Box And Fuel Filler Door,pending,0,0,https://www.moparamerica.com/v-2017-chrysler-300--c--3-6l-v6-gas/body-sheet-metal-except-doors--pick-up-box-and-fuel-filler-door,,
Chrysler 300,C,3.6L V6 Gas,Body Sheet Metal Except Doors / Plugs,pending,0,0,https://www.moparamerica.com/v-2017-chrysler-300--c--3-6l-v6-gas/body-sheet-metal-except-doors--plugs,,
Chrysler 300,C,3.6L V6 Gas,Body Sheet Metal Except Doors / Roof,pending,0,0,https://www.moparamerica.com/v-2017-chrysler-300--c--3-6l-v6-gas/body-sheet-metal-except-doors--roof,,
Chrysler 300,C,3.6L V6 Gas,Body Sheet Metal Except Doors / Shelf Panel,pending,0,0,https://www.moparamerica.com/v-2017-chrysler-300--c--3-6l-v6-gas/body-sheet-metal-except-doors--shelf-panel,,
Chrysler 300,C,3.6L V6 Gas,Body Sheet Metal Except Doors / Sunroof,pending,0,0,https://www.moparamerica.com/v-2017-chrysler-300--c--3-6l-v6-gas/body-sheet-metal-except-doors--sunroof,,
Chrysler 300,C,3.6L V6 Gas,Brakes / Brake Master Cylinder,pending,0,0,https://www.moparamerica.com/v-2017-chrysler-300--c--3-6l-v6-gas/brakes--brake-master-cylinder,,
Chrysler 300,C,3.6L V6 Gas,Brakes / Brake Pedals,pending,0,0,https://www.moparamerica.com/v-2017-chrysler-300--c--3-6l-v6-gas/brakes--brake-pedals,,
Chrysler 300,C,3.6L V6 Gas,Brakes / Front Brakes,pending,0,0,https://www.moparamerica.com/v-2017-chrysler-300--c--3-6l-v6-gas/brakes--front-brakes,,
Chrysler 300,C,3.6L V6 Gas,Brakes / Hydraulic Control Unit Brake Tubes And Hoses,pending,0,0,https://www.moparamerica.com/v-2017-chrysler-300--c--3-6l-v6-gas/brakes--hydraulic-control-unit-brake-tubes-and-hoses,,
Chrysler 300,C,3.6L V6 Gas,Brakes / Parking Brake Lever Cables And Rear Disc Park Brake Assembly,pending,0,0,https://www.moparamerica.com/v-2017-chrysler-300--c--3-6l-v6-gas/brakes--parking-brake-lever-cables-and-rear-disc-park-brake-assembly,,
Chrysler 300,C,3.6L V6 Gas,Brakes / Power Brake Booster,pending,0,0,https://www.moparamerica.com/v-2017-chrysler-300--c--3-6l-v6-gas/brakes--power-brake-booster,,
Chrysler 300,C,3.6L V6 Gas,Brakes / Rear Brakes,pending,0,0,https://www.moparamerica.com/v-2017-chrysler-300--c--3-6l-v6-gas/brakes--rear-brakes,,
Chrysler 300,C,3.6L V6 Gas,Cooling / Drive Belts,pending,0,0,https://www.moparamerica.com/v-2017-chrysler-300--c--3-6l-v6-gas/cooling--drive-belts,,
Chrysler 300,C,3.6L V6 Gas,Cooling / Engine Coolant Reservoir Bottle,pending,0,0,https://www.moparamerica.com/v-2017-chrysler-300--c--3-6l-v6-gas/cooling--engine-coolant-reservoir-bottle,,
Chrysler 300,C,3.6L V6 Gas,Cooling / Pulleys And Related Parts,pending,0,0,https://www.moparamerica.com/v-2017-chrysler-300--c--3-6l-v6-gas/cooling--pulleys-and-related-parts,,
Chrysler 300,C,3.6L V6 Gas,Cooling / Radiator And Related Parts Charge Air Cooler,pending,0,0,https://www.moparamerica.com/v-2017-chrysler-300--c--3-6l-v6-gas/cooling--radiator-and-related-parts-charge-air-cooler,,
Chrysler 300,C,3.6L V6 Gas,Cooling / Transmission Oil Cooler And Lines,pending,0,0,https://www.moparamerica.com/v-2017-chrysler-300--c--3-6l-v6-gas/cooling--transmission-oil-cooler-and-lines,,
Chrysler 300,C,3.6L V6 Gas,Cooling / Water Pump And Related Parts,pending,0,0,https://www.moparamerica.com/v-2017-chrysler-300--c--3-6l-v6-gas/cooling--water-pump-and-related-parts,,
Chrysler 300,C,3.6L V6 Gas,Doors Door Mirrors And Related Parts / Exterior Mirror,pending,0,0,https://www.moparamerica.com/v-2017-chrysler-300--c--3-6l-v6-gas/doors-door-mirrors-and-related-parts--exterior-mirror,,
Chrysler 300,C,3.6L V6 Gas,Doors Door Mirrors And Related Parts / Front Door,pending,0,0,https://www.moparamerica.com/v-2017-chrysler-300--c--3-6l-v6-gas/doors-door-mirrors-and-related-parts--front-door,,
Chrysler 300,C,3.6L V6 Gas,Doors Door Mirrors And Related Parts / Rear Door,pending,0,0,https://www.moparamerica.com/v-2017-chrysler-300--c--3-6l-v6-gas/doors-door-mirrors-and-related-parts--rear-door,,
Chrysler 300,C,3.6L V6 Gas,Doors Door Mirrors And Related Parts / Weatherstrips And Seals,pending,0,0,https://www.moparamerica.com/v-2017-chrysler-300--c--3-6l-v6-gas/doors-door-mirrors-and-related-parts--weatherstrips-and-seals,,
Chrysler 300,C,3.6L V6 Gas,Electrical / Battery Battery Tray And Cables,pending,0,0,https://www.moparamerica.com/v-2017-chrysler-300--c--3-6l-v6-gas/electrical--battery-battery-tray-and-cables,,
Chrysler 300,C,3.6L V6 Gas,Electrical / Generators Alternators,pending,0,0,https://www.moparamerica.com/v-2017-chrysler-300--c--3-6l-v6-gas/electrical--generators-alternators,,
Chrysler 300,C,3.6L V6 Gas,Electrical / Horns,pending,0,0,https://www.moparamerica.com/v-2017-chrysler-300--c--3-6l-v6-gas/electrical--horns,,
Chrysler 300,C,3.6L V6 Gas,Electrical / Ignition Spark Plugs Cables Coils And Glow Plugs,pending,0,0,https://www.moparamerica.com/v-2017-chrysler-300--c--3-6l-v6-gas/electrical--ignition-spark-plugs-cables-coils-and-glow-plugs,,
Chrysler 300,C,3.6L V6 Gas,Electrical / Instrument Panel Cluster,pending,0,0,https://www.moparamerica.com/v-2017-chrysler-300--c--3-6l-v6-gas/electrical--instrument-panel-cluster,,
Chrysler 300,C,3.6L V6 Gas,Electrical / Keys Modules And Engine Controllers,pending,0,0,https://www.moparamerica.com/v-2017-chrysler-300--c--3-6l-v6-gas/electrical--keys-modules-and-engine-controllers,,
Chrysler 300,C,3.6L V6 Gas,Electrical / Lamps Interior And Exterior,pending,0,0,https://www.moparamerica.com/v-2017-chrysler-300--c--3-6l-v6-gas/electrical--lamps-interior-and-exterior,,
Chrysler 300,C,3.6L V6 Gas,Electrical / Park Assist,pending,0,0,https://www.moparamerica.com/v-2017-chrysler-300--c--3-6l-v6-gas/electrical--park-assist,,
Chrysler 300,C,3.6L V6 Gas,Electrical / Power Distribution Center Fuse Block Junction Block Relays And Fuses,pending,0,0,https://www.moparamerica.com/v-2017-chrysler-300--c--3-6l-v6-gas/electrical--power-distribution-center-fuse-block-junction-block-relays-and-fuses,,
Chrysler 300,C,3.6L V6 Gas,Electrical / Radio Antenna Speakers Dvd And Video Systems,pending,0,0,https://www.moparamerica.com/v-2017-chrysler-300--c--3-6l-v6-gas/electrical--radio-antenna-speakers-dvd-and-video-systems,,
Chrysler 300,C,3.6L V6 Gas,Electrical / Sensors,pending,0,0,https://www.moparamerica.com/v-2017-chrysler-300--c--3-6l-v6-gas/electrical--sensors,,
Chrysler 300,C,3.6L V6 Gas,Electrical / Speed Control,pending,0,0,https://www.moparamerica.com/v-2017-chrysler-300--c--3-6l-v6-gas/electrical--speed-control,,
Chrysler 300,C,3.6L V6 Gas,Electrical / Starters,pending,0,0,https://www.moparamerica.com/v-2017-chrysler-300--c--3-6l-v6-gas/electrical--starters,,
Chrysler 300,C,3.6L V6 Gas,Electrical / Switches,pending,0,0,https://www.moparamerica.com/v-2017-chrysler-300--c--3-6l-v6-gas/electrical--switches,,
Chrysler 300,C,3.6L V6 Gas,Electrical / Wiper And Washer System,pending,0,0,https://www.moparamerica.com/v-2017-chrysler-300--c--3-6l-v6-gas/electrical--wiper-and-washer-system,,
Chrysler 300,C,3.6L V6 Gas,Electrical / Wiring Body And Accessories,pending,0,0,https://www.moparamerica.com/v-2017-chrysler-300--c--3-6l-v6-gas/electrical--wiring-body-and-accessories,,
Chrysler 300,C,3.6L V6 Gas,Electrical / Wiring Headlamp To Dash,pending,0,0,https://www.moparamerica.com/v-2017-chrysler-300--c--3-6l-v6-gas/electrical--wiring-headlamp-to-dash,,
Chrysler 300,C,3.6L V6 Gas,Electrical / Wiring Instrument Panel,pending,0,0,https://www.moparamerica.com/v-2017-chrysler-300--c--3-6l-v6-gas/electrical--wiring-instrument-panel,,
Chrysler 300,C,3.6L V6 Gas,Electrical / Wiring Powertrain,pending,0,0,https://www.moparamerica.com/v-2017-chrysler-300--c--3-6l-v6-gas/electrical--wiring-powertrain,,
Chrysler 300,C,3.6L V6 Gas,Emission Controls / Emission Harness,pending,0,0,https://www.moparamerica.com/v-2017-chrysler-300--c--3-6l-v6-gas/emission-controls--emission-harness,,
Chrysler 300,C,3.6L V6 Gas,Emission Controls / Vacuum Canister Leak Detection Pump,pending,0,0,https://www.moparamerica.com/v-2017-chrysler-300--c--3-6l-v6-gas/emission-controls--vacuum-canister-leak-detection-pump,,
Chrysler 300,C,3.6L V6 Gas,Exhaust / Exhaust System,pending,0,0,https://www.moparamerica.com/v-2017-chrysler-300--c--3-6l-v6-gas/exhaust--exhaust-system,,
Chrysler 300,C,3.6L V6 Gas,Exterior Ornamentation / Grilles,pending,0,0,https://www.moparamerica.com/v-2017-chrysler-300--c--3-6l-v6-gas/exterior-ornamentation--grilles,,
Chrysler 300,C,3.6L V6 Gas,Exterior Ornamentation / Moldings And Ornamentation,pending,0,0,https://www.moparamerica.com/v-2017-chrysler-300--c--3-6l-v6-gas/exterior-ornamentation--moldings-and-ornamentation,,
Chrysler 300,C,3.6L V6 Gas,Exterior Ornamentation / Nameplates,pending,0,0,https://www.moparamerica.com/v-2017-chrysler-300--c--3-6l-v6-gas/exterior-ornamentation--nameplates,,
Chrysler 300,C,3.6L V6 Gas,Frame Bumper And Fascia / Frames,pending,0,0,https://www.moparamerica.com/v-2017-chrysler-300--c--3-6l-v6-gas/frame-bumper-and-fascia--frames,,
Chrysler 300,C,3.6L V6 Gas,Frame Bumper And Fascia / Front Bumper And Fascia,pending,0,0,https://www.moparamerica.com/v-2017-chrysler-300--c--3-6l-v6-gas/frame-bumper-and-fascia--front-bumper-and-fascia,,
Chrysler 300,C,3.6L V6 Gas,Frame Bumper And Fascia / Rear Bumper And Fascia,pending,0,0,https://www.moparamerica.com/v-2017-chrysler-300--c--3-6l-v6-gas/frame-bumper-and-fascia--rear-bumper-and-fascia,,
Chrysler 300,C,3.6L V6 Gas,Front Suspension / Front Stabilizer Bar,pending,0,0,https://www.moparamerica.com/v-2017-chrysler-300--c--3-6l-v6-gas/front-suspension--front-stabilizer-bar,,
Chrysler 300,C,3.6L V6 Gas,Front Suspension / Front Suspension Strut And Cradle,pending,0,0,https://www.moparamerica.com/v-2017-chrysler-300--c--3-6l-v6-gas/front-suspension--front-suspension-strut-and-cradle,,
Chrysler 300,C,3.6L V6 Gas,Fuel / Accelerator Pedal,pending,0,0,https://www.moparamerica.com/v-2017-chrysler-300--c--3-6l-v6-gas/fuel--accelerator-pedal,,
Chrysler 300,C,3.6L V6 Gas,Fuel / Air Cleaner,pending,0,0,https://www.moparamerica.com/v-2017-chrysler-300--c--3-6l-v6-gas/fuel--air-cleaner,,
Chrysler 300,C,3.6L V6 Gas,Fuel / Fuel Lines,pending,0,0,https://www.moparamerica.com/v-2017-chrysler-300--c--3-6l-v6-gas/fuel--fuel-lines,,
Chrysler 300,C,3.6L V6 Gas,Fuel / Fuel Pump And Sending Unit,pending,0,0,https://www.moparamerica.com/v-2017-chrysler-300--c--3-6l-v6-gas/fuel--fuel-pump-and-sending-unit,,
Chrysler 300,C,3.6L V6 Gas,Fuel / Fuel Rail And Injectors,pending,0,0,https://www.moparamerica.com/v-2017-chrysler-300--c--3-6l-v6-gas/fuel--fuel-rail-and-injectors,,
Chrysler 300,C,3.6L V6 Gas,Fuel / Fuel Tank,pending,0,0,https://www.moparamerica.com/v-2017-chrysler-300--c--3-6l-v6-gas/fuel--fuel-tank,,
Chrysler 300,C,3.6L V6 Gas,Fuel / Fuel Tank Filler Tube,pending,0,0,https://www.moparamerica.com/v-2017-chrysler-300--c--3-6l-v6-gas/fuel--fuel-tank-filler-tube,,
Chrysler 300,C,3.6L V6 Gas,Fuel / Throttle Body,pending,0,0,https://www.moparamerica.com/v-2017-chrysler-300--c--3-6l-v6-gas/fuel--throttle-body,,
Chrysler 300,C,3.6L V6 Gas,Glass / Glass And Interior Rear View Mirror,pending,0,0,https://www.moparamerica.com/v-2017-chrysler-300--c--3-6l-v6-gas/glass--glass-and-interior-rear-view-mirror,,
Chrysler 300,C,3.6L V6 Gas,Interior Trim / Carpets Floor Mats Load Floor And Silencers,pending,0,0,https://www.moparamerica.com/v-2017-chrysler-300--c--3-6l-v6-gas/interior-trim--carpets-floor-mats-load-floor-and-silencers,,
Chrysler 300,C,3.6L V6 Gas,Interior Trim / Consoles,pending,0,0,https://www.moparamerica.com/v-2017-chrysler-300--c--3-6l-v6-gas/interior-trim--consoles,,
Chrysler 300,C,3.6L V6 Gas,Interior Trim / Door Trim Panels Front And Rear,pending,0,0,https://www.moparamerica.com/v-2017-chrysler-300--c--3-6l-v6-gas/interior-trim--door-trim-panels-front-and-rear,,
Chrysler 300,C,3.6L V6 Gas,Interior Trim / Front Seats Adjusters Recliners Shields And Risers,pending,0,0,https://www.moparamerica.com/v-2017-chrysler-300--c--3-6l-v6-gas/interior-trim--front-seats-adjusters-recliners-shields-and-risers,,
Chrysler 300,C,3.6L V6 Gas,Interior Trim / Front Seats First Row,pending,0,0,https://www.moparamerica.com/v-2017-chrysler-300--c--3-6l-v6-gas/interior-trim--front-seats-first-row,,
Chrysler 300,C,3.6L V6 Gas,Interior Trim / Headliners Visors Assist Straps,pending,0,0,https://www.moparamerica.com/v-2017-chrysler-300--c--3-6l-v6-gas/interior-trim--headliners-visors-assist-straps,,
Chrysler 300,C,3.6L V6 Gas,Interior Trim / Instrument Panel,pending,0,0,https://www.moparamerica.com/v-2017-chrysler-300--c--3-6l-v6-gas/interior-trim--instrument-panel,,
Chrysler 300,C,3.6L V6 Gas,Interior Trim / Panels Moldings Scuff Plates Pillar Cowl 1 4 Panel Trim And Cargo Covers,pending,0,0,https://www.moparamerica.com/v-2017-chrysler-300--c--3-6l-v6-gas/interior-trim--panels-moldings-scuff-plates-pillar-cowl-1-4-panel-trim-and-cargo-covers,,
Chrysler 300,C,3.6L V6 Gas,Interior Trim / Rear Seats Second Row,pending,0,0,https://www.moparamerica.com/v-2017-chrysler-300--c--3-6l-v6-gas/interior-trim--rear-seats-second-row,,
Chrysler 300,C,3.6L V6 Gas,Interior Trim / Rear Seats Second Row Adjusters Recliners Shields And Risers,pending,0,0,https://www.moparamerica.com/v-2017-chrysler-300--c--3-6l-v6-gas/interior-trim--rear-seats-second-row-adjusters-recliners-shields-and-risers,,
Chrysler 300,C,3.6L V6 Gas,Labels / Exterior,pending,0,0,https://www.moparamerica.com/v-2017-chrysler-300--c--3-6l-v6-gas/labels--exterior,,
Chrysler 300,C,3.6L V6 Gas,Labels / Trunk,pending,0,0,https://www.moparamerica.com/v-2017-chrysler-300--c--3-6l-v6-gas/labels--trunk,,
Chrysler 300,C,3.6L V6 Gas,Labels / Under Hood,pending,0,0,https://www.moparamerica.com/v-2017-chrysler-300--c--3-6l-v6-gas/labels--under-hood,,
Chrysler 300,C,3.6L V6 Gas,Mopar Accessories Component Parts / Audio And Electronics,pending,0,0,https://www.moparamerica.com/v-2017-chrysler-300--c--3-6l-v6-gas/mopar-accessories-component-parts--audio-and-electronics,,
Chrysler 300,C,3.6L V6 Gas,Mopar Accessories Component Parts / Driver Convenience,pending,0,0,https://www.moparamerica.com/v-2017-chrysler-300--c--3-6l-v6-gas/mopar-accessories-component-parts--driver-convenience,,
Chrysler 300,C,3.6L V6 Gas,Mopar Accessories Component Parts / Exterior Appearance,pending,0,0,https://www.moparamerica.com/v-2017-chrysler-300--c--3-6l-v6-gas/mopar-accessories-component-parts--exterior-appearance,,
Chrysler 300,C,3.6L V6 Gas,Mopar Accessories Component Parts / Fog Lights And Electrical,pending,0,0,https://www.moparamerica.com/v-2017-chrysler-300--c--3-6l-v6-gas/mopar-accessories-component-parts--fog-lights-and-electrical,,
Chrysler 300,C,3.6L V6 Gas,Mopar Accessories Component Parts / Interior Protection,pending,0,0,https://www.moparamerica.com/v-2017-chrysler-300--c--3-6l-v6-gas/mopar-accessories-component-parts--interior-protection,,
Chrysler 300,C,3.6L V6 Gas,Mopar Accessories Component Parts / Powertrain,pending,0,0,https://www.moparamerica.com/v-2017-chrysler-300--c--3-6l-v6-gas/mopar-accessories-component-parts--powertrain,,
Chrysler 300,C,3.6L V6 Gas,Power Transfer Unit Transfer Case / Case And Extension,pending,0,0,https://www.moparamerica.com/v-2017-chrysler-300--c--3-6l-v6-gas/power-transfer-unit-transfer-case--case-and-extension,,
Chrysler 300,C,3.6L V6 Gas,Power Transfer Unit Transfer Case / Gear Train,pending,0,0,https://www.moparamerica.com/v-2017-chrysler-300--c--3-6l-v6-gas/power-transfer-unit-transfer-case--gear-train,,
Chrysler 300,C,3.6L V6 Gas,Power Transfer Unit Transfer Case / Transfer Case Assembly,pending,0,0,https://www.moparamerica.com/v-2017-chrysler-300--c--3-6l-v6-gas/power-transfer-unit-transfer-case--transfer-case-assembly,,
Chrysler 300,C,3.6L V6 Gas,Rear Suspension / Rear Stabilizer,pending,0,0,https://www.moparamerica.com/v-2017-chrysler-300--c--3-6l-v6-gas/rear-suspension--rear-stabilizer,,
Chrysler 300,C,3.6L V6 Gas,Rear Suspension / Rear Suspension And Cradle,pending,0,0,https://www.moparamerica.com/v-2017-chrysler-300--c--3-6l-v6-gas/rear-suspension--rear-suspension-and-cradle,,
Chrysler 300,C,3.6L V6 Gas,Rear Wheel Drive Differential And Drive Line / Drive Shaft,pending,0,0,https://www.moparamerica.com/v-2017-chrysler-300--c--3-6l-v6-gas/rear-wheel-drive-differential-and-drive-line--drive-shaft,,
Chrysler 300,C,3.6L V6 Gas,Rear Wheel Drive Differential And Drive Line / Rear Axle Assembly,pending,0,0,https://www.moparamerica.com/v-2017-chrysler-300--c--3-6l-v6-gas/rear-wheel-drive-differential-and-drive-line--rear-axle-assembly,,
Chrysler 300,C,3.6L V6 Gas,Rear Wheel Drive Differential And Drive Line / Rear Axle Housing Differential And Vent,pending,0,0,https://www.moparamerica.com/v-2017-chrysler-300--c--3-6l-v6-gas/rear-wheel-drive-differential-and-drive-line--rear-axle-housing-differential-and-vent,,
Chrysler 300,C,3.6L V6 Gas,Rear Wheel Drive Differential And Drive Line / Rear Axle Shafts,pending,0,0,https://www.moparamerica.com/v-2017-chrysler-300--c--3-6l-v6-gas/rear-wheel-drive-differential-and-drive-line--rear-axle-shafts,,
Chrysler 300,C,3.6L V6 Gas,Restraints / Air Bags,pending,0,0,https://www.moparamerica.com/v-2017-chrysler-300--c--3-6l-v6-gas/restraints--air-bags,,
Chrysler 300,C,3.6L V6 Gas,Restraints / Seat Belts,pending,0,0,https://www.moparamerica.com/v-2017-chrysler-300--c--3-6l-v6-gas/restraints--seat-belts,,
Chrysler 300,C,3.6L V6 Gas,Steering / Steering Column And Intermediate Shaft,pending,0,0,https://www.moparamerica.com/v-2017-chrysler-300--c--3-6l-v6-gas/steering--steering-column-and-intermediate-shaft,,
Chrysler 300,C,3.6L V6 Gas,Steering / Steering Gear,pending,0,0,https://www.moparamerica.com/v-2017-chrysler-300--c--3-6l-v6-gas/steering--steering-gear,,
Chrysler 300,C,3.6L V6 Gas,Steering / Steering Wheel,pending,0,0,https://www.moparamerica.com/v-2017-chrysler-300--c--3-6l-v6-gas/steering--steering-wheel,,
Chrysler 300,C,3.6L V6 Gas,Wheels / Emergency Kit,pending,0,0,https://www.moparamerica.com/v-2017-chrysler-300--c--3-6l-v6-gas/wheels--emergency-kit,,
Chrysler 300,C,3.6L V6 Gas,Wheels / Jack Stowage,pending,0,0,https://www.moparamerica.com/v-2017-chrysler-300--c--3-6l-v6-gas/wheels--jack-stowage,,
Chrysler 300,C,3.6L V6 Gas,Wheels / Tire Monitoring System,pending,0,0,https://www.moparamerica.com/v-2017-chrysler-300--c--3-6l-v6-gas/wheels--tire-monitoring-system,,
Chrysler 300,C,3.6L V6 Gas,Wheels / Wheel Covers And Center Caps,pending,0,0,https://www.moparamerica.com/v-2017-chrysler-300--c--3-6l-v6-gas/wheels--wheel-covers-and-center-caps,,
Chrysler 300,C,3.6L V6 Gas,Wheels / Wheel Spare,pending,0,0,https://www.moparamerica.com/v-2017-chrysler-300--c--3-6l-v6-gas/wheels--wheel-spare,,
Chrysler 300,C,3.6L V6 Gas,Wheels / Wheels Tires And Hardware,pending,0,0,https://www.moparamerica.com/v-2017-chrysler-300--c--3-6l-v6-gas/wheels--wheels-tires-and-hardware,,
Chrysler 300,C,5.7L V8 Gas,3 0L Gas Engine / Engine Mounting,pending,0,0,https://www.moparamerica.com/v-2017-chrysler-300--c--5-7l-v8-gas/3-0l-gas-engine--engine-mounting,,
Chrysler 300,C,5.7L V8 Gas,3 0L Gas Engine / Engine Oiling Oil Pan And Indicator Dipstick,pending,0,0,https://www.moparamerica.com/v-2017-chrysler-300--c--5-7l-v8-gas/3-0l-gas-engine--engine-oiling-oil-pan-and-indicator-dipstick,,
Chrysler 300,C,5.7L V8 Gas,3 0L Gas Engine / Timing Belt Chain And Cover And Balance Shaft,pending,0,0,https://www.moparamerica.com/v-2017-chrysler-300--c--5-7l-v8-gas/3-0l-gas-engine--timing-belt-chain-and-cover-and-balance-shaft,,
Chrysler 300,C,5.7L V8 Gas,3 6L Gas Engine / Engine Mounting,pending,0,0,https://www.moparamerica.com/v-2017-chrysler-300--c--5-7l-v8-gas/3-6l-gas-engine--engine-mounting,,
Chrysler 300,C,5.7L V8 Gas,3 6L Gas Engine / Engine Oiling Oil Pan And Indicator Dipstick,pending,0,0,https://www.moparamerica.com/v-2017-chrysler-300--c--5-7l-v8-gas/3-6l-gas-engine--engine-oiling-oil-pan-and-indicator-dipstick,,
Chrysler 300,C,5.7L V8 Gas,3 6L Gas Engine / Timing Belt Chain And Cover And Balance Shaft,pending,0,0,https://www.moparamerica.com/v-2017-chrysler-300--c--5-7l-v8-gas/3-6l-gas-engine--timing-belt-chain-and-cover-and-balance-shaft,,
Chrysler 300,C,5.7L V8 Gas,5 7L Gas Engine / Camshaft And Valve,pending,0,0,https://www.moparamerica.com/v-2017-chrysler-300--c--5-7l-v8-gas/5-7l-gas-engine--camshaft-and-valve,,
Chrysler 300,C,5.7L V8 Gas,5 7L Gas Engine / Crankcase Ventilation,pending,0,0,https://www.moparamerica.com/v-2017-chrysler-300--c--5-7l-v8-gas/5-7l-gas-engine--crankcase-ventilation,,
Chrysler 300,C,5.7L V8 Gas,5 7L Gas Engine / Crankshaft Piston Drive Plate Flywheel And Damper,pending,0,0,https://www.moparamerica.com/v-2017-chrysler-300--c--5-7l-v8-gas/5-7l-gas-engine--crankshaft-piston-drive-plate-flywheel-and-damper,,
Chrysler 300,C,5.7L V8 Gas,5 7L Gas Engine / Cylinder Block,pending,0,0,https://www.moparamerica.com/v-2017-chrysler-300--c--5-7l-v8-gas/5-7l-gas-engine--cylinder-block,,
Chrysler 300,C,5.7L V8 Gas,5 7L Gas Engine / Cylinder Head,pending,0,0,https://www.moparamerica.com/v-2017-chrysler-300--c--5-7l-v8-gas/5-7l-gas-engine--cylinder-head,,
Chrysler 300,C,5.7L V8 Gas,5 7L Gas Engine / Engine Identification Service Engines And Engine Service Kits,pending,0,0,https://www.moparamerica.com/v-2017-chrysler-300--c--5-7l-v8-gas/5-7l-gas-engine--engine-identification-service-engines-and-engine-service-kits,,
Chrysler 300,C,5.7L V8 Gas,5 7L Gas Engine / Engine Mounting,pending,0,0,https://www.moparamerica.com/v-2017-chrysler-300--c--5-7l-v8-gas/5-7l-gas-engine--engine-mounting,,
Chrysler 300,C,5.7L V8 Gas,5 7L Gas Engine / Engine Oiling Oil Pan And Indicator Dipstick,pending,0,0,https://www.moparamerica.com/v-2017-chrysler-300--c--5-7l-v8-gas/5-7l-gas-engine--engine-oiling-oil-pan-and-indicator-dipstick,,
Chrysler 300,C,5.7L V8 Gas,5 7L Gas Engine / Manifolds And Vacuum Fittings,pending,0,0,https://www.moparamerica.com/v-2017-chrysler-300--c--5-7l-v8-gas/5-7l-gas-engine--manifolds-and-vacuum-fittings,,
Chrysler 300,C,5.7L V8 Gas,5 7L Gas Engine / Timing Belt Chain And Cover And Balance Shaft,pending,0,0,https://www.moparamerica.com/v-2017-chrysler-300--c--5-7l-v8-gas/5-7l-gas-engine--timing-belt-chain-and-cover-and-balance-shaft,,
Chrysler 300,C,5.7L V8 Gas,6 4L Gas Engine / Camshaft And Valve,pending,0,0,https://www.moparamerica.com/v-2017-chrysler-300--c--5-7l-v8-gas/6-4l-gas-engine--camshaft-and-valve,,
Chrysler 300,C,5.7L V8 Gas,6 4L Gas Engine / Cylinder Block,pending,0,0,https://www.moparamerica.com/v-2017-chrysler-300--c--5-7l-v8-gas/6-4l-gas-engine--cylinder-block,,
Chrysler 300,C,5.7L V8 Gas,6 4L Gas Engine / Engine Mounting,pending,0,0,https://www.moparamerica.com/v-2017-chrysler-300--c--5-7l-v8-gas/6-4l-gas-engine--engine-mounting,,
Chrysler 300,C,5.7L V8 Gas,6 4L Gas Engine / Engine Oil Cooler,pending,0,0,https://www.moparamerica.com/v-2017-chrysler-300--c--5-7l-v8-gas/6-4l-gas-engine--engine-oil-cooler,,
Chrysler 300,C,5.7L V8 Gas,6 4L Gas Engine / Engine Oiling Oil Pan And Indicator Dipstick,pending,0,0,https://www.moparamerica.com/v-2017-chrysler-300--c--5-7l-v8-gas/6-4l-gas-engine--engine-oiling-oil-pan-and-indicator-dipstick,,
Chrysler 300,C,5.7L V8 Gas,6 4L Gas Engine / Manifolds And Vacuum Fittings,pending,0,0,https://www.moparamerica.com/v-2017-chrysler-300--c--5-7l-v8-gas/6-4l-gas-engine--manifolds-and-vacuum-fittings,,
Chrysler 300,C,5.7L V8 Gas,845Re 8 Speed Automatic Transmission / Automatic Transmission Transaxle And Torque Converter,pending,0,0,https://www.moparamerica.com/v-2017-chrysler-300--c--5-7l-v8-gas/845re-8-speed-automatic-transmission--automatic-transmission-transaxle-and-torque-converter,,
Chrysler 300,C,5.7L V8 Gas,845Re 8 Speed Automatic Transmission / Gearshift Controls And Related Parts,pending,0,0,https://www.moparamerica.com/v-2017-chrysler-300--c--5-7l-v8-gas/845re-8-speed-automatic-transmission--gearshift-controls-and-related-parts,,
Chrysler 300,C,5.7L V8 Gas,845Re 8 Speed Automatic Transmission / Mounting And Skid Plate,pending,0,0,https://www.moparamerica.com/v-2017-chrysler-300--c--5-7l-v8-gas/845re-8-speed-automatic-transmission--mounting-and-skid-plate,,
Chrysler 300,C,5.7L V8 Gas,845Re 8 Speed Automatic Transmission / Oil Pump,pending,0,0,https://www.moparamerica.com/v-2017-chrysler-300--c--5-7l-v8-gas/845re-8-speed-automatic-transmission--oil-pump,,
Chrysler 300,C,5.7L V8 Gas,8Hp70 8 Speed Automatic Transmission / Automatic Transmission Transaxle And Torque Converter,pending,0,0,https://www.moparamerica.com/v-2017-chrysler-300--c--5-7l-v8-gas/8hp70-8-speed-automatic-transmission--automatic-transmission-transaxle-and-torque-converter,,
Chrysler 300,C,5.7L V8 Gas,8Hp70 8 Speed Automatic Transmission / Case Extension Oil Pan And Indicator Dipstick,pending,0,0,https://www.moparamerica.com/v-2017-chrysler-300--c--5-7l-v8-gas/8hp70-8-speed-automatic-transmission--case-extension-oil-pan-and-indicator-dipstick,,
Chrysler 300,C,5.7L V8 Gas,8Hp70 8 Speed Automatic Transmission / Gearshift Controls And Related Parts,pending,0,0,https://www.moparamerica.com/v-2017-chrysler-300--c--5-7l-v8-gas/8hp70-8-speed-automatic-transmission--gearshift-controls-and-related-parts,,
Chrysler 300,C,5.7L V8 Gas,8Hp70 8 Speed Automatic Transmission / Mounting And Skid Plate,pending,0,0,https://www.moparamerica.com/v-2017-chrysler-300--c--5-7l-v8-gas/8hp70-8-speed-automatic-transmission--mounting-and-skid-plate,,
Chrysler 300,C,5.7L V8 Gas,8Hp70 8 Speed Automatic Transmission / Oil Pump,pending,0,0,https://www.moparamerica.com/v-2017-chrysler-300--c--5-7l-v8-gas/8hp70-8-speed-automatic-transmission--oil-pump,,
Chrysler 300,C,5.7L V8 Gas,8Hp70 8 Speed Automatic Transmission / Valve Body Accumulator Solenoid And Parking Sprag,pending,0,0,https://www.moparamerica.com/v-2017-chrysler-300--c--5-7l-v8-gas/8hp70-8-speed-automatic-transmission--valve-body-accumulator-solenoid-and-parking-sprag,,
Chrysler 300,C,5.7L V8 Gas,Accessories,pending,0,0,https://www.moparamerica.com/v-2017-chrysler-300--c--5-7l-v8-gas/accessories,,
Chrysler 300,C,5.7L V8 Gas,Accessories Audio Video And Electronics Accessories / Charging Unit,pending,0,0,https://www.moparamerica.com/v-2017-chrysler-300--c--5-7l-v8-gas/accessories-audio-video-and-electronics-accessories--charging-unit,,
Chrysler 300,C,5.7L V8 Gas,Accessories Audio Video And Electronics Accessories / Remote Start,pending,0,0,https://www.moparamerica.com/v-2017-chrysler-300--c--5-7l-v8-gas/accessories-audio-video-and-electronics-accessories--remote-start,,
Chrysler 300,C,5.7L V8 Gas,Accessories Audio Video And Electronics Accessories / Security,pending,0,0,https://www.moparamerica.com/v-2017-chrysler-300--c--5-7l-v8-gas/accessories-audio-video-and-electronics-accessories--security,,
Chrysler 300,C,5.7L V8 Gas,Accessories Exterior Accessories / Air Deflectors,pending,0,0,https://www.moparamerica.com/v-2017-chrysler-300--c--5-7l-v8-gas/accessories-exterior-accessories--air-deflectors,,
Chrysler 300,C,5.7L V8 Gas,Accessories Exterior Accessories / Exterior Appearance,pending,0,0,https://www.moparamerica.com/v-2017-chrysler-300--c--5-7l-v8-gas/accessories-exterior-accessories--exterior-appearance,,
Chrysler 300,C,5.7L V8 Gas,Accessories Exterior Accessories / License Plate,pending,0,0,https://www.moparamerica.com/v-2017-chrysler-300--c--5-7l-v8-gas/accessories-exterior-accessories--license-plate,,
Chrysler 300,C,5.7L V8 Gas,Accessories Exterior Accessories / Locks,pending,0,0,https://www.moparamerica.com/v-2017-chrysler-300--c--5-7l-v8-gas/accessories-exterior-accessories--locks,,
Chrysler 300,C,5.7L V8 Gas,Accessories Exterior Accessories / Protective Guards,pending,0,0,https://www.moparamerica.com/v-2017-chrysler-300--c--5-7l-v8-gas/accessories-exterior-accessories--protective-guards,,
Chrysler 300,C,5.7L V8 Gas,Accessories Exterior Accessories / Splash Guards,pending,0,0,https://www.moparamerica.com/v-2017-chrysler-300--c--5-7l-v8-gas/accessories-exterior-accessories--splash-guards,,
Chrysler 300,C,5.7L V8 Gas,Accessories Exterior Accessories / Wheels,pending,0,0,https://www.moparamerica.com/v-2017-chrysler-300--c--5-7l-v8-gas/accessories-exterior-accessories--wheels,,
Chrysler 300,C,5.7L V8 Gas,Accessories Interior Accessories / Air Purification,pending,0,0,https://www.moparamerica.com/v-2017-chrysler-300--c--5-7l-v8-gas/accessories-interior-accessories--air-purification,,
Chrysler 300,C,5.7L V8 Gas,Accessories Interior Accessories / Cargo Trays And Mats,pending,0,0,https://www.moparamerica.com/v-2017-chrysler-300--c--5-7l-v8-gas/accessories-interior-accessories--cargo-trays-and-mats,,
Chrysler 300,C,5.7L V8 Gas,Accessories Interior Accessories / Floor Mats,pending,0,0,https://www.moparamerica.com/v-2017-chrysler-300--c--5-7l-v8-gas/accessories-interior-accessories--floor-mats,,
Chrysler 300,C,5.7L V8 Gas,Accessories Interior Accessories / Interior Appearance,pending,0,0,https://www.moparamerica.com/v-2017-chrysler-300--c--5-7l-v8-gas/accessories-interior-accessories--interior-appearance,,
Chrysler 300,C,5.7L V8 Gas,Accessories Lifestyle And Off Road Accessories / Safety Kits,pending,0,0,https://www.moparamerica.com/v-2017-chrysler-300--c--5-7l-v8-gas/accessories-lifestyle-and-off-road-accessories--safety-kits,,
Chrysler 300,C,5.7L V8 Gas,Accessories Lighting And Electrical Accessories / Charging Unit,pending,0,0,https://www.moparamerica.com/v-2017-chrysler-300--c--5-7l-v8-gas/accessories-lighting-and-electrical-accessories--charging-unit,,
Chrysler 300,C,5.7L V8 Gas,Accessories Modern Performance / Engine Parts,pending,0,0,https://www.moparamerica.com/v-2017-chrysler-300--c--5-7l-v8-gas/accessories-modern-performance--engine-parts,,
Chrysler 300,C,5.7L V8 Gas,Accessories Modern Performance / Intake And Air,pending,0,0,https://www.moparamerica.com/v-2017-chrysler-300--c--5-7l-v8-gas/accessories-modern-performance--intake-and-air,,
Chrysler 300,C,5.7L V8 Gas,Accessories Modern Performance / Suspension,pending,0,0,https://www.moparamerica.com/v-2017-chrysler-300--c--5-7l-v8-gas/accessories-modern-performance--suspension,,
Chrysler 300,C,5.7L V8 Gas,Accessories Performance / Brakes,pending,0,0,https://www.moparamerica.com/v-2017-chrysler-300--c--5-7l-v8-gas/accessories-performance--brakes,,
Chrysler 300,C,5.7L V8 Gas,Accessories Performance / Performance Packages,pending,0,0,https://www.moparamerica.com/v-2017-chrysler-300--c--5-7l-v8-gas/accessories-performance--performance-packages,,
Chrysler 300,C,5.7L V8 Gas,Accessories Vehicle Care Products / Mopar,pending,0,0,https://www.moparamerica.com/v-2017-chrysler-300--c--5-7l-v8-gas/accessories-vehicle-care-products--mopar,,
Chrysler 300,C,5.7L V8 Gas,Accessories Vehicle Care Products / Touch Up Paint,pending,0,0,https://www.moparamerica.com/v-2017-chrysler-300--c--5-7l-v8-gas/accessories-vehicle-care-products--touch-up-paint,,
Chrysler 300,C,5.7L V8 Gas,Air Conditioners And Heaters / Air Conditioner And Heater Controls,pending,0,0,https://www.moparamerica.com/v-2017-chrysler-300--c--5-7l-v8-gas/air-conditioners-and-heaters--air-conditioner-and-heater-controls,,
Chrysler 300,C,5.7L V8 Gas,Air Conditioners And Heaters / Air Conditioner And Heater Plumbing,pending,0,0,https://www.moparamerica.com/v-2017-chrysler-300--c--5-7l-v8-gas/air-conditioners-and-heaters--air-conditioner-and-heater-plumbing,,
Chrysler 300,C,5.7L V8 Gas,Air Conditioners And Heaters / Air Conditioner And Heater Units,pending,0,0,https://www.moparamerica.com/v-2017-chrysler-300--c--5-7l-v8-gas/air-conditioners-and-heaters--air-conditioner-and-heater-units,,
Chrysler 300,C,5.7L V8 Gas,Air Conditioners And Heaters / Air Conditioner Compressor And Mounting,pending,0,0,https://www.moparamerica.com/v-2017-chrysler-300--c--5-7l-v8-gas/air-conditioners-and-heaters--air-conditioner-compressor-and-mounting,,
Chrysler 300,C,5.7L V8 Gas,Air Conditioners And Heaters / Air Ducts,pending,0,0,https://www.moparamerica.com/v-2017-chrysler-300--c--5-7l-v8-gas/air-conditioners-and-heaters--air-ducts,,
Chrysler 300,C,5.7L V8 Gas,All Wheel Drive Differential And Drive Line / Drive Shaft,pending,0,0,https://www.moparamerica.com/v-2017-chrysler-300--c--5-7l-v8-gas/all-wheel-drive-differential-and-drive-line--drive-shaft,,
Chrysler 300,C,5.7L V8 Gas,All Wheel Drive Differential And Drive Line / Front Axle Assembly,pending,0,0,https://www.moparamerica.com/v-2017-chrysler-300--c--5-7l-v8-gas/all-wheel-drive-differential-and-drive-line--front-axle-assembly,,
Chrysler 300,C,5.7L V8 Gas,All Wheel Drive Differential And Drive Line / Front Axle Drive Shafts,pending,0,0,https://www.moparamerica.com/v-2017-chrysler-300--c--5-7l-v8-gas/all-wheel-drive-differential-and-drive-line--front-axle-drive-shafts,,
Chrysler 300,C,5.7L V8 Gas,All Wheel Drive Differential And Drive Line / Rear Axle Assembly,pending,0,0,https://www.moparamerica.com/v-2017-chrysler-300--c--5-7l-v8-gas/all-wheel-drive-differential-and-drive-line--rear-axle-assembly,,
Chrysler 300,C,5.7L V8 Gas,All Wheel Drive Differential And Drive Line / Rear Axle Housing Differential And Vent,pending,0,0,https://www.moparamerica.com/v-2017-chrysler-300--c--5-7l-v8-gas/all-wheel-drive-differential-and-drive-line--rear-axle-housing-differential-and-vent,,
Chrysler 300,C,5.7L V8 Gas,Auto Parts,pending,0,0,https://www.moparamerica.com/v-2017-chrysler-300--c--5-7l-v8-gas/auto-parts,,
Chrysler 300,C,5.7L V8 Gas,Body Sheet Metal Except Doors / Aperture Panel And Pillar Supports,pending,0,0,https://www.moparamerica.com/v-2017-chrysler-300--c--5-7l-v8-gas/body-sheet-metal-except-doors--aperture-panel-and-pillar-supports,,
Chrysler 300,C,5.7L V8 Gas,Body Sheet Metal Except Doors / Cowl And Dash Panel,pending,0,0,https://www.moparamerica.com/v-2017-chrysler-300--c--5-7l-v8-gas/body-sheet-metal-except-doors--cowl-and-dash-panel,,
Chrysler 300,C,5.7L V8 Gas,Body Sheet Metal Except Doors / Deck Lid,pending,0,0,https://www.moparamerica.com/v-2017-chrysler-300--c--5-7l-v8-gas/body-sheet-metal-except-doors--deck-lid,,
Chrysler 300,C,5.7L V8 Gas,Body Sheet Metal Except Doors / Fenders,pending,0,0,https://www.moparamerica.com/v-2017-chrysler-300--c--5-7l-v8-gas/body-sheet-metal-except-doors--fenders,,
Chrysler 300,C,5.7L V8 Gas,Body Sheet Metal Except Doors / Floor Pans,pending,0,0,https://www.moparamerica.com/v-2017-chrysler-300--c--5-7l-v8-gas/body-sheet-metal-except-doors--floor-pans,,
Chrysler 300,C,5.7L V8 Gas,Body Sheet Metal Except Doors / Hood And Hood Release,pending,0,0,https://www.moparamerica.com/v-2017-chrysler-300--c--5-7l-v8-gas/body-sheet-metal-except-doors--hood-and-hood-release,,
Chrysler 300,C,5.7L V8 Gas,Body Sheet Metal Except Doors / Pick Up Box And Fuel Filler Door,pending,0,0,https://www.moparamerica.com/v-2017-chrysler-300--c--5-7l-v8-gas/body-sheet-metal-except-doors--pick-up-box-and-fuel-filler-door,,
Chrysler 300,C,5.7L V8 Gas,Body Sheet Metal Except Doors / Plugs,pending,0,0,https://www.moparamerica.com/v-2017-chrysler-300--c--5-7l-v8-gas/body-sheet-metal-except-doors--plugs,,
Chrysler 300,C,5.7L V8 Gas,Body Sheet Metal Except Doors / Roof,pending,0,0,https://www.moparamerica.com/v-2017-chrysler-300--c--5-7l-v8-gas/body-sheet-metal-except-doors--roof,,
Chrysler 300,C,5.7L V8 Gas,Body Sheet Metal Except Doors / Shelf Panel,pending,0,0,https://www.moparamerica.com/v-2017-chrysler-300--c--5-7l-v8-gas/body-sheet-metal-except-doors--shelf-panel,,
Chrysler 300,C,5.7L V8 Gas,Body Sheet Metal Except Doors / Sunroof,pending,0,0,https://www.moparamerica.com/v-2017-chrysler-300--c--5-7l-v8-gas/body-sheet-metal-except-doors--sunroof,,
Chrysler 300,C,5.7L V8 Gas,Brakes / Brake Master Cylinder,pending,0,0,https://www.moparamerica.com/v-2017-chrysler-300--c--5-7l-v8-gas/brakes--brake-master-cylinder,,
Chrysler 300,C,5.7L V8 Gas,Brakes / Brake Pedals,pending,0,0,https://www.moparamerica.com/v-2017-chrysler-300--c--5-7l-v8-gas/brakes--brake-pedals,,
Chrysler 300,C,5.7L V8 Gas,Brakes / Front Brakes,pending,0,0,https://www.moparamerica.com/v-2017-chrysler-300--c--5-7l-v8-gas/brakes--front-brakes,,
Chrysler 300,C,5.7L V8 Gas,Brakes / Hydraulic Control Unit Brake Tubes And Hoses,pending,0,0,https://www.moparamerica.com/v-2017-chrysler-300--c--5-7l-v8-gas/brakes--hydraulic-control-unit-brake-tubes-and-hoses,,
Chrysler 300,C,5.7L V8 Gas,Brakes / Parking Brake Lever Cables And Rear Disc Park Brake Assembly,pending,0,0,https://www.moparamerica.com/v-2017-chrysler-300--c--5-7l-v8-gas/brakes--parking-brake-lever-cables-and-rear-disc-park-brake-assembly,,
Chrysler 300,C,5.7L V8 Gas,Brakes / Power Brake Booster,pending,0,0,https://www.moparamerica.com/v-2017-chrysler-300--c--5-7l-v8-gas/brakes--power-brake-booster,,
Chrysler 300,C,5.7L V8 Gas,Brakes / Rear Brakes,pending,0,0,https://www.moparamerica.com/v-2017-chrysler-300--c--5-7l-v8-gas/brakes--rear-brakes,,
Chrysler 300,C,5.7L V8 Gas,Cooling / Drive Belts,pending,0,0,https://www.moparamerica.com/v-2017-chrysler-300--c--5-7l-v8-gas/cooling--drive-belts,,
Chrysler 300,C,5.7L V8 Gas,Cooling / Engine Coolant Reservoir Bottle,pending,0,0,https://www.moparamerica.com/v-2017-chrysler-300--c--5-7l-v8-gas/cooling--engine-coolant-reservoir-bottle,,
Chrysler 300,C,5.7L V8 Gas,Cooling / Pulleys And Related Parts,pending,0,0,https://www.moparamerica.com/v-2017-chrysler-300--c--5-7l-v8-gas/cooling--pulleys-and-related-parts,,
Chrysler 300,C,5.7L V8 Gas,Cooling / Radiator And Related Parts Charge Air Cooler,pending,0,0,https://www.moparamerica.com/v-2017-chrysler-300--c--5-7l-v8-gas/cooling--radiator-and-related-parts-charge-air-cooler,,
Chrysler 300,C,5.7L V8 Gas,Cooling / Transmission Oil Cooler And Lines,pending,0,0,https://www.moparamerica.com/v-2017-chrysler-300--c--5-7l-v8-gas/cooling--transmission-oil-cooler-and-lines,,
Chrysler 300,C,5.7L V8 Gas,Cooling / Water Pump And Related Parts,pending,0,0,https://www.moparamerica.com/v-2017-chrysler-300--c--5-7l-v8-gas/cooling--water-pump-and-related-parts,,
Chrysler 300,C,5.7L V8 Gas,Doors Door Mirrors And Related Parts / Exterior Mirror,pending,0,0,https://www.moparamerica.com/v-2017-chrysler-300--c--5-7l-v8-gas/doors-door-mirrors-and-related-parts--exterior-mirror,,
Chrysler 300,C,5.7L V8 Gas,Doors Door Mirrors And Related Parts / Front Door,pending,0,0,https://www.moparamerica.com/v-2017-chrysler-300--c--5-7l-v8-gas/doors-door-mirrors-and-related-parts--front-door,,
Chrysler 300,C,5.7L V8 Gas,Doors Door Mirrors And Related Parts / Rear Door,pending,0,0,https://www.moparamerica.com/v-2017-chrysler-300--c--5-7l-v8-gas/doors-door-mirrors-and-related-parts--rear-door,,
Chrysler 300,C,5.7L V8 Gas,Doors Door Mirrors And Related Parts / Weatherstrips And Seals,pending,0,0,https://www.moparamerica.com/v-2017-chrysler-300--c--5-7l-v8-gas/doors-door-mirrors-and-related-parts--weatherstrips-and-seals,,
Chrysler 300,C,5.7L V8 Gas,Electrical / Battery Battery Tray And Cables,pending,0,0,https://www.moparamerica.com/v-2017-chrysler-300--c--5-7l-v8-gas/electrical--battery-battery-tray-and-cables,,
Chrysler 300,C,5.7L V8 Gas,Electrical / Generators Alternators,pending,0,0,https://www.moparamerica.com/v-2017-chrysler-300--c--5-7l-v8-gas/electrical--generators-alternators,,
Chrysler 300,C,5.7L V8 Gas,Electrical / Horns,pending,0,0,https://www.moparamerica.com/v-2017-chrysler-300--c--5-7l-v8-gas/electrical--horns,,
Chrysler 300,C,5.7L V8 Gas,Electrical / Ignition Spark Plugs Cables Coils And Glow Plugs,pending,0,0,https://www.moparamerica.com/v-2017-chrysler-300--c--5-7l-v8-gas/electrical--ignition-spark-plugs-cables-coils-and-glow-plugs,,
Chrysler 300,C,5.7L V8 Gas,Electrical / Instrument Panel Cluster,pending,0,0,https://www.moparamerica.com/v-2017-chrysler-300--c--5-7l-v8-gas/electrical--instrument-panel-cluster,,
Chrysler 300,C,5.7L V8 Gas,Electrical / Keys Modules And Engine Controllers,pending,0,0,https://www.moparamerica.com/v-2017-chrysler-300--c--5-7l-v8-gas/electrical--keys-modules-and-engine-controllers,,
Chrysler 300,C,5.7L V8 Gas,Electrical / Lamps Interior And Exterior,pending,0,0,https://www.moparamerica.com/v-2017-chrysler-300--c--5-7l-v8-gas/electrical--lamps-interior-and-exterior,,
Chrysler 300,C,5.7L V8 Gas,Electrical / Park Assist,pending,0,0,https://www.moparamerica.com/v-2017-chrysler-300--c--5-7l-v8-gas/electrical--park-assist,,
Chrysler 300,C,5.7L V8 Gas,Electrical / Power Distribution Center Fuse Block Junction Block Relays And Fuses,pending,0,0,https://www.moparamerica.com/v-2017-chrysler-300--c--5-7l-v8-gas/electrical--power-distribution-center-fuse-block-junction-block-relays-and-fuses,,
Chrysler 300,C,5.7L V8 Gas,Electrical / Radio Antenna Speakers Dvd And Video Systems,pending,0,0,https://www.moparamerica.com/v-2017-chrysler-300--c--5-7l-v8-gas/electrical--radio-antenna-speakers-dvd-and-video-systems,,
Chrysler 300,C,5.7L V8 Gas,Electrical / Sensors,pending,0,0,https://www.moparamerica.com/v-2017-chrysler-300--c--5-7l-v8-gas/electrical--sensors,,
Chrysler 300,C,5.7L V8 Gas,Electrical / Speed Control,pending,0,0,https://www.moparamerica.com/v-2017-chrysler-300--c--5-7l-v8-gas/electrical--speed-control,,
Chrysler 300,C,5.7L V8 Gas,Electrical / Starters,pending,0,0,https://www.moparamerica.com/v-2017-chrysler-300--c--5-7l-v8-gas/electrical--starters,,
Chrysler 300,C,5.7L V8 Gas,Electrical / Switches,pending,0,0,https://www.moparamerica.com/v-2017-chrysler-300--c--5-7l-v8-gas/electrical--switches,,
Chrysler 300,C,5.7L V8 Gas,Electrical / Wiper And Washer System,pending,0,0,https://www.moparamerica.com/v-2017-chrysler-300--c--5-7l-v8-gas/electrical--wiper-and-washer-system,,
Chrysler 300,C,5.7L V8 Gas,Electrical / Wiring Body And Accessories,pending,0,0,https://www.moparamerica.com/v-2017-chrysler-300--c--5-7l-v8-gas/electrical--wiring-body-and-accessories,,
Chrysler 300,C,5.7L V8 Gas,Electrical / Wiring Headlamp To Dash,pending,0,0,https://www.moparamerica.com/v-2017-chrysler-300--c--5-7l-v8-gas/electrical--wiring-headlamp-to-dash,,
Chrysler 300,C,5.7L V8 Gas,Electrical / Wiring Instrument Panel,pending,0,0,https://www.moparamerica.com/v-2017-chrysler-300--c--5-7l-v8-gas/electrical--wiring-instrument-panel,,
Chrysler 300,C,5.7L V8 Gas,Electrical / Wiring Powertrain,pending,0,0,https://www.moparamerica.com/v-2017-chrysler-300--c--5-7l-v8-gas/electrical--wiring-powertrain,,
Chrysler 300,C,5.7L V8 Gas,Emission Controls / Emission Harness,pending,0,0,https://www.moparamerica.com/v-2017-chrysler-300--c--5-7l-v8-gas/emission-controls--emission-harness,,
Chrysler 300,C,5.7L V8 Gas,Emission Controls / Vacuum Canister Leak Detection Pump,pending,0,0,https://www.moparamerica.com/v-2017-chrysler-300--c--5-7l-v8-gas/emission-controls--vacuum-canister-leak-detection-pump,,
Chrysler 300,C,5.7L V8 Gas,Exhaust / Exhaust System,pending,0,0,https://www.moparamerica.com/v-2017-chrysler-300--c--5-7l-v8-gas/exhaust--exhaust-system,,
Chrysler 300,C,5.7L V8 Gas,Exterior Ornamentation / Grilles,pending,0,0,https://www.moparamerica.com/v-2017-chrysler-300--c--5-7l-v8-gas/exterior-ornamentation--grilles,,
Chrysler 300,C,5.7L V8 Gas,Exterior Ornamentation / Moldings And Ornamentation,pending,0,0,https://www.moparamerica.com/v-2017-chrysler-300--c--5-7l-v8-gas/exterior-ornamentation--moldings-and-ornamentation,,
Chrysler 300,C,5.7L V8 Gas,Exterior Ornamentation / Nameplates,pending,0,0,https://www.moparamerica.com/v-2017-chrysler-300--c--5-7l-v8-gas/exterior-ornamentation--nameplates,,
Chrysler 300,C,5.7L V8 Gas,Frame Bumper And Fascia / Frames,pending,0,0,https://www.moparamerica.com/v-2017-chrysler-300--c--5-7l-v8-gas/frame-bumper-and-fascia--frames,,
Chrysler 300,C,5.7L V8 Gas,Frame Bumper And Fascia / Front Bumper And Fascia,pending,0,0,https://www.moparamerica.com/v-2017-chrysler-300--c--5-7l-v8-gas/frame-bumper-and-fascia--front-bumper-and-fascia,,
Chrysler 300,C,5.7L V8 Gas,Frame Bumper And Fascia / Rear Bumper And Fascia,pending,0,0,https://www.moparamerica.com/v-2017-chrysler-300--c--5-7l-v8-gas/frame-bumper-and-fascia--rear-bumper-and-fascia,,
Chrysler 300,C,5.7L V8 Gas,Front Suspension / Front Stabilizer Bar,pending,0,0,https://www.moparamerica.com/v-2017-chrysler-300--c--5-7l-v8-gas/front-suspension--front-stabilizer-bar,,
Chrysler 300,C,5.7L V8 Gas,Front Suspension / Front Suspension Strut And Cradle,pending,0,0,https://www.moparamerica.com/v-2017-chrysler-300--c--5-7l-v8-gas/front-suspension--front-suspension-strut-and-cradle,,
Chrysler 300,C,5.7L V8 Gas,Fuel / Accelerator Pedal,pending,0,0,https://www.moparamerica.com/v-2017-chrysler-300--c--5-7l-v8-gas/fuel--accelerator-pedal,,
Chrysler 300,C,5.7L V8 Gas,Fuel / Air Cleaner,pending,0,0,https://www.moparamerica.com/v-2017-chrysler-300--c--5-7l-v8-gas/fuel--air-cleaner,,
Chrysler 300,C,5.7L V8 Gas,Fuel / Fuel Lines,pending,0,0,https://www.moparamerica.com/v-2017-chrysler-300--c--5-7l-v8-gas/fuel--fuel-lines,,
Chrysler 300,C,5.7L V8 Gas,Fuel / Fuel Pump And Sending Unit,pending,0,0,https://www.moparamerica.com/v-2017-chrysler-300--c--5-7l-v8-gas/fuel--fuel-pump-and-sending-unit,,
Chrysler 300,C,5.7L V8 Gas,Fuel / Fuel Rail And Injectors,pending,0,0,https://www.moparamerica.com/v-2017-chrysler-300--c--5-7l-v8-gas/fuel--fuel-rail-and-injectors,,
Chrysler 300,C,5.7L V8 Gas,Fuel / Fuel Tank,pending,0,0,https://www.moparamerica.com/v-2017-chrysler-300--c--5-7l-v8-gas/fuel--fuel-tank,,
Chrysler 300,C,5.7L V8 Gas,Fuel / Fuel Tank Filler Tube,pending,0,0,https://www.moparamerica.com/v-2017-chrysler-300--c--5-7l-v8-gas/fuel--fuel-tank-filler-tube,,
Chrysler 300,C,5.7L V8 Gas,Fuel / Throttle Body,pending,0,0,https://www.moparamerica.com/v-2017-chrysler-300--c--5-7l-v8-gas/fuel--throttle-body,,
Chrysler 300,C,5.7L V8 Gas,Glass / Glass And Interior Rear View Mirror,pending,0,0,https://www.moparamerica.com/v-2017-chrysler-300--c--5-7l-v8-gas/glass--glass-and-interior-rear-view-mirror,,
Chrysler 300,C,5.7L V8 Gas,Interior Trim / Carpets Floor Mats Load Floor And Silencers,pending,0,0,https://www.moparamerica.com/v-2017-chrysler-300--c--5-7l-v8-gas/interior-trim--carpets-floor-mats-load-floor-and-silencers,,
Chrysler 300,C,5.7L V8 Gas,Interior Trim / Consoles,pending,0,0,https://www.moparamerica.com/v-2017-chrysler-300--c--5-7l-v8-gas/interior-trim--consoles,,
Chrysler 300,C,5.7L V8 Gas,Interior Trim / Door Trim Panels Front And Rear,pending,0,0,https://www.moparamerica.com/v-2017-chrysler-300--c--5-7l-v8-gas/interior-trim--door-trim-panels-front-and-rear,,
Chrysler 300,C,5.7L V8 Gas,Interior Trim / Front Seats Adjusters Recliners Shields And Risers,pending,0,0,https://www.moparamerica.com/v-2017-chrysler-300--c--5-7l-v8-gas/interior-trim--front-seats-adjusters-recliners-shields-and-risers,,
Chrysler 300,C,5.7L V8 Gas,Interior Trim / Front Seats First Row,pending,0,0,https://www.moparamerica.com/v-2017-chrysler-300--c--5-7l-v8-gas/interior-trim--front-seats-first-row,,
Chrysler 300,C,5.7L V8 Gas,Interior Trim / Headliners Visors Assist Straps,pending,0,0,https://www.moparamerica.com/v-2017-chrysler-300--c--5-7l-v8-gas/interior-trim--headliners-visors-assist-straps,,
Chrysler 300,C,5.7L V8 Gas,Interior Trim / Instrument Panel,pending,0,0,https://www.moparamerica.com/v-2017-chrysler-300--c--5-7l-v8-gas/interior-trim--instrument-panel,,
Chrysler 300,C,5.7L V8 Gas,Interior Trim / Panels Moldings Scuff Plates Pillar Cowl 1 4 Panel Trim And Cargo Covers,pending,0,0,https://www.moparamerica.com/v-2017-chrysler-300--c--5-7l-v8-gas/interior-trim--panels-moldings-scuff-plates-pillar-cowl-1-4-panel-trim-and-cargo-covers,,
Chrysler 300,C,5.7L V8 Gas,Interior Trim / Rear Seats Second Row,pending,0,0,https://www.moparamerica.com/v-2017-chrysler-300--c--5-7l-v8-gas/interior-trim--rear-seats-second-row,,
Chrysler 300,C,5.7L V8 Gas,Interior Trim / Rear Seats Second Row Adjusters Recliners Shields And Risers,pending,0,0,https://www.moparamerica.com/v-2017-chrysler-300--c--5-7l-v8-gas/interior-trim--rear-seats-second-row-adjusters-recliners-shields-and-risers,,
Chrysler 300,C,5.7L V8 Gas,Labels / Trunk,pending,0,0,https://www.moparamerica.com/v-2017-chrysler-300--c--5-7l-v8-gas/labels--trunk,,
Chrysler 300,C,5.7L V8 Gas,Labels / Under Hood,pending,0,0,https://www.moparamerica.com/v-2017-chrysler-300--c--5-7l-v8-gas/labels--under-hood,,
Chrysler 300,C,5.7L V8 Gas,Mopar Accessories Component Parts / Audio And Electronics,pending,0,0,https://www.moparamerica.com/v-2017-chrysler-300--c--5-7l-v8-gas/mopar-accessories-component-parts--audio-and-electronics,,
Chrysler 300,C,5.7L V8 Gas,Mopar Accessories Component Parts / Driver Convenience,pending,0,0,https://www.moparamerica.com/v-2017-chrysler-300--c--5-7l-v8-gas/mopar-accessories-component-parts--driver-convenience,,
Chrysler 300,C,5.7L V8 Gas,Mopar Accessories Component Parts / Exterior Appearance,pending,0,0,https://www.moparamerica.com/v-2017-chrysler-300--c--5-7l-v8-gas/mopar-accessories-component-parts--exterior-appearance,,
Chrysler 300,C,5.7L V8 Gas,Mopar Accessories Component Parts / Fog Lights And Electrical,pending,0,0,https://www.moparamerica.com/v-2017-chrysler-300--c--5-7l-v8-gas/mopar-accessories-component-parts--fog-lights-and-electrical,,
Chrysler 300,C,5.7L V8 Gas,Mopar Accessories Component Parts / Interior Protection,pending,0,0,https://www.moparamerica.com/v-2017-chrysler-300--c--5-7l-v8-gas/mopar-accessories-component-parts--interior-protection,,
Chrysler 300,C,5.7L V8 Gas,Mopar Accessories Component Parts / Powertrain,pending,0,0,https://www.moparamerica.com/v-2017-chrysler-300--c--5-7l-v8-gas/mopar-accessories-component-parts--powertrain,,
Chrysler 300,C,5.7L V8 Gas,Power Transfer Unit Transfer Case / Case And Extension,pending,0,0,https://www.moparamerica.com/v-2017-chrysler-300--c--5-7l-v8-gas/power-transfer-unit-transfer-case--case-and-extension,,
Chrysler 300,C,5.7L V8 Gas,Rear Suspension / Rear Stabilizer,pending,0,0,https://www.moparamerica.com/v-2017-chrysler-300--c--5-7l-v8-gas/rear-suspension--rear-stabilizer,,
Chrysler 300,C,5.7L V8 Gas,Rear Suspension / Rear Suspension And Cradle,pending,0,0,https://www.moparamerica.com/v-2017-chrysler-300--c--5-7l-v8-gas/rear-suspension--rear-suspension-and-cradle,,
Chrysler 300,C,5.7L V8 Gas,Rear Wheel Drive Differential And Drive Line / Drive Shaft,pending,0,0,https://www.moparamerica.com/v-2017-chrysler-300--c--5-7l-v8-gas/rear-wheel-drive-differential-and-drive-line--drive-shaft,,
Chrysler 300,C,5.7L V8 Gas,Rear Wheel Drive Differential And Drive Line / Rear Axle Assembly,pending,0,0,https://www.moparamerica.com/v-2017-chrysler-300--c--5-7l-v8-gas/rear-wheel-drive-differential-and-drive-line--rear-axle-assembly,,
Chrysler 300,C,5.7L V8 Gas,Rear Wheel Drive Differential And Drive Line / Rear Axle Housing Differential And Vent,pending,0,0,https://www.moparamerica.com/v-2017-chrysler-300--c--5-7l-v8-gas/rear-wheel-drive-differential-and-drive-line--rear-axle-housing-differential-and-vent,,
Chrysler 300,C,5.7L V8 Gas,Rear Wheel Drive Differential And Drive Line / Rear Axle Shafts,pending,0,0,https://www.moparamerica.com/v-2017-chrysler-300--c--5-7l-v8-gas/rear-wheel-drive-differential-and-drive-line--rear-axle-shafts,,
Chrysler 300,C,5.7L V8 Gas,Restraints / Air Bags,pending,0,0,https://www.moparamerica.com/v-2017-chrysler-300--c--5-7l-v8-gas/restraints--air-bags,,
Chrysler 300,C,5.7L V8 Gas,Restraints / Seat Belts,pending,0,0,https://www.moparamerica.com/v-2017-chrysler-300--c--5-7l-v8-gas/restraints--seat-belts,,
Chrysler 300,C,5.7L V8 Gas,Steering / Steering Column And Intermediate Shaft,pending,0,0,https://www.moparamerica.com/v-2017-chrysler-300--c--5-7l-v8-gas/steering--steering-column-and-intermediate-shaft,,
Chrysler 300,C,5.7L V8 Gas,Steering / Steering Gear,pending,0,0,https://www.moparamerica.com/v-2017-chrysler-300--c--5-7l-v8-gas/steering--steering-gear,,
Chrysler 300,C,5.7L V8 Gas,Steering / Steering Wheel,pending,0,0,https://www.moparamerica.com/v-2017-chrysler-300--c--5-7l-v8-gas/steering--steering-wheel,,
Chrysler 300,C,5.7L V8 Gas,Wheels / Emergency Kit,pending,0,0,https://www.moparamerica.com/v-2017-chrysler-300--c--5-7l-v8-gas/wheels--emergency-kit,,
Chrysler 300,C,5.7L V8 Gas,Wheels / Jack Stowage,pending,0,0,https://www.moparamerica.com/v-2017-chrysler-300--c--5-7l-v8-gas/wheels--jack-stowage,,
Chrysler 300,C,5.7L V8 Gas,Wheels / Tire Monitoring System,pending,0,0,https://www.moparamerica.com/v-2017-chrysler-300--c--5-7l-v8-gas/wheels--tire-monitoring-system,,
Chrysler 300,C,5.7L V8 Gas,Wheels / Wheel Covers And Center Caps,pending,0,0,https://www.moparamerica.com/v-2017-chrysler-300--c--5-7l-v8-gas/wheels--wheel-covers-and-center-caps,,
Chrysler 300,C,5.7L V8 Gas,Wheels / Wheel Spare,pending,0,0,https://www.moparamerica.com/v-2017-chrysler-300--c--5-7l-v8-gas/wheels--wheel-spare,,
Chrysler 300,C,5.7L V8 Gas,Wheels / Wheels Tires And Hardware,pending,0,0,https://www.moparamerica.com/v-2017-chrysler-300--c--5-7l-v8-gas/wheels--wheels-tires-and-hardware,,
Chrysler 300,C Platinum,3.6L V6 Flex,3 0L Gas Engine / Cylinder Block,pending,0,0,https://www.moparamerica.com/v-2017-chrysler-300--c-platinum--3-6l-v6-flex/3-0l-gas-engine--cylinder-block,,
Chrysler 300,C Platinum,3.6L V6 Flex,3 0L Gas Engine / Cylinder Head,pending,0,0,https://www.moparamerica.com/v-2017-chrysler-300--c-platinum--3-6l-v6-flex/3-0l-gas-engine--cylinder-head,,
Chrysler 300,C Platinum,3.6L V6 Flex,3 0L Gas Engine / Engine Mounting,pending,0,0,https://www.moparamerica.com/v-2017-chrysler-300--c-platinum--3-6l-v6-flex/3-0l-gas-engine--engine-mounting,,
Chrysler 300,C Platinum,3.6L V6 Flex,3 0L Gas Engine / Engine Oiling Oil Pan And Indicator Dipstick,pending,0,0,https://www.moparamerica.com/v-2017-chrysler-300--c-platinum--3-6l-v6-flex/3-0l-gas-engine--engine-oiling-oil-pan-and-indicator-dipstick,,
Chrysler 300,C Platinum,3.6L V6 Flex,3 0L Gas Engine / Timing Belt Chain And Cover And Balance Shaft,pending,0,0,https://www.moparamerica.com/v-2017-chrysler-300--c-platinum--3-6l-v6-flex/3-0l-gas-engine--timing-belt-chain-and-cover-and-balance-shaft,,
Chrysler 300,C Platinum,3.6L V6 Flex,3 6L Gas Engine / Camshaft And Valve,pending,0,0,https://www.moparamerica.com/v-2017-chrysler-300--c-platinum--3-6l-v6-flex/3-6l-gas-engine--camshaft-and-valve,,
Chrysler 300,C Platinum,3.6L V6 Flex,3 6L Gas Engine / Crankcase Ventilation,pending,0,0,https://www.moparamerica.com/v-2017-chrysler-300--c-platinum--3-6l-v6-flex/3-6l-gas-engine--crankcase-ventilation,,
Chrysler 300,C Platinum,3.6L V6 Flex,3 6L Gas Engine / Crankshaft Piston Drive Plate Flywheel And Damper,pending,0,0,https://www.moparamerica.com/v-2017-chrysler-300--c-platinum--3-6l-v6-flex/3-6l-gas-engine--crankshaft-piston-drive-plate-flywheel-and-damper,,
Chrysler 300,C Platinum,3.6L V6 Flex,3 6L Gas Engine / Cylinder Block,pending,0,0,https://www.moparamerica.com/v-2017-chrysler-300--c-platinum--3-6l-v6-flex/3-6l-gas-engine--cylinder-block,,
Chrysler 300,C Platinum,3.6L V6 Flex,3 6L Gas Engine / Cylinder Head,pending,0,0,https://www.moparamerica.com/v-2017-chrysler-300--c-platinum--3-6l-v6-flex/3-6l-gas-engine--cylinder-head,,
Chrysler 300,C Platinum,3.6L V6 Flex,3 6L Gas Engine / Engine Identification Service Engines And Engine Service Kits,pending,0,0,https://www.moparamerica.com/v-2017-chrysler-300--c-platinum--3-6l-v6-flex/3-6l-gas-engine--engine-identification-service-engines-and-engine-service-kits,,
Chrysler 300,C Platinum,3.6L V6 Flex,3 6L Gas Engine / Engine Mounting,pending,0,0,https://www.moparamerica.com/v-2017-chrysler-300--c-platinum--3-6l-v6-flex/3-6l-gas-engine--engine-mounting,,
Chrysler 300,C Platinum,3.6L V6 Flex,3 6L Gas Engine / Engine Oiling Oil Pan And Indicator Dipstick,pending,0,0,https://www.moparamerica.com/v-2017-chrysler-300--c-platinum--3-6l-v6-flex/3-6l-gas-engine--engine-oiling-oil-pan-and-indicator-dipstick,,
Chrysler 300,C Platinum,3.6L V6 Flex,3 6L Gas Engine / Manifolds And Vacuum Fittings,pending,0,0,https://www.moparamerica.com/v-2017-chrysler-300--c-platinum--3-6l-v6-flex/3-6l-gas-engine--manifolds-and-vacuum-fittings,,
Chrysler 300,C Platinum,3.6L V6 Flex,3 6L Gas Engine / Timing Belt Chain And Cover And Balance Shaft,pending,0,0,https://www.moparamerica.com/v-2017-chrysler-300--c-platinum--3-6l-v6-flex/3-6l-gas-engine--timing-belt-chain-and-cover-and-balance-shaft,,
Chrysler 300,C Platinum,3.6L V6 Flex,5 7L Gas Engine / Camshaft And Valve,pending,0,0,https://www.moparamerica.com/v-2017-chrysler-300--c-platinum--3-6l-v6-flex/5-7l-gas-engine--camshaft-and-valve,,
Chrysler 300,C Platinum,3.6L V6 Flex,5 7L Gas Engine / Engine Mounting,pending,0,0,https://www.moparamerica.com/v-2017-chrysler-300--c-platinum--3-6l-v6-flex/5-7l-gas-engine--engine-mounting,,
Chrysler 300,C Platinum,3.6L V6 Flex,5 7L Gas Engine / Engine Oiling Oil Pan And Indicator Dipstick,pending,0,0,https://www.moparamerica.com/v-2017-chrysler-300--c-platinum--3-6l-v6-flex/5-7l-gas-engine--engine-oiling-oil-pan-and-indicator-dipstick,,
Chrysler 300,C Platinum,3.6L V6 Flex,6 4L Gas Engine / Camshaft And Valve,pending,0,0,https://www.moparamerica.com/v-2017-chrysler-300--c-platinum--3-6l-v6-flex/6-4l-gas-engine--camshaft-and-valve,,
Chrysler 300,C Platinum,3.6L V6 Flex,6 4L Gas Engine / Engine Mounting,pending,0,0,https://www.moparamerica.com/v-2017-chrysler-300--c-platinum--3-6l-v6-flex/6-4l-gas-engine--engine-mounting,,
Chrysler 300,C Platinum,3.6L V6 Flex,6 4L Gas Engine / Engine Oiling Oil Pan And Indicator Dipstick,pending,0,0,https://www.moparamerica.com/v-2017-chrysler-300--c-platinum--3-6l-v6-flex/6-4l-gas-engine--engine-oiling-oil-pan-and-indicator-dipstick,,
Chrysler 300,C Platinum,3.6L V6 Flex,845Re 8 Speed Automatic Transmission / Automatic Transmission Transaxle And Torque Converter,pending,0,0,https://www.moparamerica.com/v-2017-chrysler-300--c-platinum--3-6l-v6-flex/845re-8-speed-automatic-transmission--automatic-transmission-transaxle-and-torque-converter,,
Chrysler 300,C Platinum,3.6L V6 Flex,845Re 8 Speed Automatic Transmission / Case Extension Oil Pan And Indicator Dipstick,pending,0,0,https://www.moparamerica.com/v-2017-chrysler-300--c-platinum--3-6l-v6-flex/845re-8-speed-automatic-transmission--case-extension-oil-pan-and-indicator-dipstick,,
Chrysler 300,C Platinum,3.6L V6 Flex,845Re 8 Speed Automatic Transmission / Gearshift Controls And Related Parts,pending,0,0,https://www.moparamerica.com/v-2017-chrysler-300--c-platinum--3-6l-v6-flex/845re-8-speed-automatic-transmission--gearshift-controls-and-related-parts,,
Chrysler 300,C Platinum,3.6L V6 Flex,845Re 8 Speed Automatic Transmission / Mounting And Skid Plate,pending,0,0,https://www.moparamerica.com/v-2017-chrysler-300--c-platinum--3-6l-v6-flex/845re-8-speed-automatic-transmission--mounting-and-skid-plate,,
Chrysler 300,C Platinum,3.6L V6 Flex,845Re 8 Speed Automatic Transmission / Oil Pump,pending,0,0,https://www.moparamerica.com/v-2017-chrysler-300--c-platinum--3-6l-v6-flex/845re-8-speed-automatic-transmission--oil-pump,,
Chrysler 300,C Platinum,3.6L V6 Flex,845Re 8 Speed Automatic Transmission / Valve Body Accumulator Solenoid And Parking Sprag,pending,0,0,https://www.moparamerica.com/v-2017-chrysler-300--c-platinum--3-6l-v6-flex/845re-8-speed-automatic-transmission--valve-body-accumulator-solenoid-and-parking-sprag,,
Chrysler 300,C Platinum,3.6L V6 Flex,8Hp70 8 Speed Automatic Transmission / Automatic Transmission Transaxle And Torque Converter,pending,0,0,https://www.moparamerica.com/v-2017-chrysler-300--c-platinum--3-6l-v6-flex/8hp70-8-speed-automatic-transmission--automatic-transmission-transaxle-and-torque-converter,,
Chrysler 300,C Platinum,3.6L V6 Flex,8Hp70 8 Speed Automatic Transmission / Gearshift Controls And Related Parts,pending,0,0,https://www.moparamerica.com/v-2017-chrysler-300--c-platinum--3-6l-v6-flex/8hp70-8-speed-automatic-transmission--gearshift-controls-and-related-parts,,
Chrysler 300,C Platinum,3.6L V6 Flex,8Hp70 8 Speed Automatic Transmission / Mounting And Skid Plate,pending,0,0,https://www.moparamerica.com/v-2017-chrysler-300--c-platinum--3-6l-v6-flex/8hp70-8-speed-automatic-transmission--mounting-and-skid-plate,,
Chrysler 300,C Platinum,3.6L V6 Flex,Accessories,pending,0,0,https://www.moparamerica.com/v-2017-chrysler-300--c-platinum--3-6l-v6-flex/accessories,,
Chrysler 300,C Platinum,3.6L V6 Flex,Accessories Audio Video And Electronics Accessories / Charging Unit,pending,0,0,https://www.moparamerica.com/v-2017-chrysler-300--c-platinum--3-6l-v6-flex/accessories-audio-video-and-electronics-accessories--charging-unit,,
Chrysler 300,C Platinum,3.6L V6 Flex,Accessories Audio Video And Electronics Accessories / Remote Start,pending,0,0,https://www.moparamerica.com/v-2017-chrysler-300--c-platinum--3-6l-v6-flex/accessories-audio-video-and-electronics-accessories--remote-start,,
Chrysler 300,C Platinum,3.6L V6 Flex,Accessories Audio Video And Electronics Accessories / Security,pending,0,0,https://www.moparamerica.com/v-2017-chrysler-300--c-platinum--3-6l-v6-flex/accessories-audio-video-and-electronics-accessories--security,,
Chrysler 300,C Platinum,3.6L V6 Flex,Accessories Exterior Accessories / Air Deflectors,pending,0,0,https://www.moparamerica.com/v-2017-chrysler-300--c-platinum--3-6l-v6-flex/accessories-exterior-accessories--air-deflectors,,
Chrysler 300,C Platinum,3.6L V6 Flex,Accessories Exterior Accessories / Exterior Appearance,pending,0,0,https://www.moparamerica.com/v-2017-chrysler-300--c-platinum--3-6l-v6-flex/accessories-exterior-accessories--exterior-appearance,,
Chrysler 300,C Platinum,3.6L V6 Flex,Accessories Exterior Accessories / License Plate,pending,0,0,https://www.moparamerica.com/v-2017-chrysler-300--c-platinum--3-6l-v6-flex/accessories-exterior-accessories--license-plate,,
Chrysler 300,C Platinum,3.6L V6 Flex,Accessories Exterior Accessories / Locks,pending,0,0,https://www.moparamerica.com/v-2017-chrysler-300--c-platinum--3-6l-v6-flex/accessories-exterior-accessories--locks,,
Chrysler 300,C Platinum,3.6L V6 Flex,Accessories Exterior Accessories / Protective Guards,pending,0,0,https://www.moparamerica.com/v-2017-chrysler-300--c-platinum--3-6l-v6-flex/accessories-exterior-accessories--protective-guards,,
Chrysler 300,C Platinum,3.6L V6 Flex,Accessories Exterior Accessories / Splash Guards,pending,0,0,https://www.moparamerica.com/v-2017-chrysler-300--c-platinum--3-6l-v6-flex/accessories-exterior-accessories--splash-guards,,
Chrysler 300,C Platinum,3.6L V6 Flex,Accessories Exterior Accessories / Wheels,pending,0,0,https://www.moparamerica.com/v-2017-chrysler-300--c-platinum--3-6l-v6-flex/accessories-exterior-accessories--wheels,,
Chrysler 300,C Platinum,3.6L V6 Flex,Accessories Interior Accessories / Air Purification,pending,0,0,https://www.moparamerica.com/v-2017-chrysler-300--c-platinum--3-6l-v6-flex/accessories-interior-accessories--air-purification,,
Chrysler 300,C Platinum,3.6L V6 Flex,Accessories Interior Accessories / Cargo Trays And Mats,pending,0,0,https://www.moparamerica.com/v-2017-chrysler-300--c-platinum--3-6l-v6-flex/accessories-interior-accessories--cargo-trays-and-mats,,
Chrysler 300,C Platinum,3.6L V6 Flex,Accessories Interior Accessories / Floor Mats,pending,0,0,https://www.moparamerica.com/v-2017-chrysler-300--c-platinum--3-6l-v6-flex/accessories-interior-accessories--floor-mats,,
Chrysler 300,C Platinum,3.6L V6 Flex,Accessories Interior Accessories / Interior Appearance,pending,0,0,https://www.moparamerica.com/v-2017-chrysler-300--c-platinum--3-6l-v6-flex/accessories-interior-accessories--interior-appearance,,
Chrysler 300,C Platinum,3.6L V6 Flex,Accessories Lifestyle And Off Road Accessories / Safety Kits,pending,0,0,https://www.moparamerica.com/v-2017-chrysler-300--c-platinum--3-6l-v6-flex/accessories-lifestyle-and-off-road-accessories--safety-kits,,
Chrysler 300,C Platinum,3.6L V6 Flex,Accessories Lighting And Electrical Accessories / Charging Unit,pending,0,0,https://www.moparamerica.com/v-2017-chrysler-300--c-platinum--3-6l-v6-flex/accessories-lighting-and-electrical-accessories--charging-unit,,
Chrysler 300,C Platinum,3.6L V6 Flex,Accessories Modern Performance / Engine Parts,pending,0,0,https://www.moparamerica.com/v-2017-chrysler-300--c-platinum--3-6l-v6-flex/accessories-modern-performance--engine-parts,,
Chrysler 300,C Platinum,3.6L V6 Flex,Accessories Modern Performance / Intake And Air,pending,0,0,https://www.moparamerica.com/v-2017-chrysler-300--c-platinum--3-6l-v6-flex/accessories-modern-performance--intake-and-air,,
Chrysler 300,C Platinum,3.6L V6 Flex,Accessories Modern Performance / Suspension,pending,0,0,https://www.moparamerica.com/v-2017-chrysler-300--c-platinum--3-6l-v6-flex/accessories-modern-performance--suspension,,
Chrysler 300,C Platinum,3.6L V6 Flex,Accessories Vehicle Care Products / Mopar,pending,0,0,https://www.moparamerica.com/v-2017-chrysler-300--c-platinum--3-6l-v6-flex/accessories-vehicle-care-products--mopar,,
Chrysler 300,C Platinum,3.6L V6 Flex,Accessories Vehicle Care Products / Touch Up Paint,pending,0,0,https://www.moparamerica.com/v-2017-chrysler-300--c-platinum--3-6l-v6-flex/accessories-vehicle-care-products--touch-up-paint,,
Chrysler 300,C Platinum,3.6L V6 Flex,Air Conditioners And Heaters / Air Conditioner And Heater Controls,pending,0,0,https://www.moparamerica.com/v-2017-chrysler-300--c-platinum--3-6l-v6-flex/air-conditioners-and-heaters--air-conditioner-and-heater-controls,,
Chrysler 300,C Platinum,3.6L V6 Flex,Air Conditioners And Heaters / Air Conditioner And Heater Plumbing,pending,0,0,https://www.moparamerica.com/v-2017-chrysler-300--c-platinum--3-6l-v6-flex/air-conditioners-and-heaters--air-conditioner-and-heater-plumbing,,
Chrysler 300,C Platinum,3.6L V6 Flex,Air Conditioners And Heaters / Air Conditioner And Heater Units,pending,0,0,https://www.moparamerica.com/v-2017-chrysler-300--c-platinum--3-6l-v6-flex/air-conditioners-and-heaters--air-conditioner-and-heater-units,,
Chrysler 300,C Platinum,3.6L V6 Flex,Air Conditioners And Heaters / Air Conditioner Compressor And Mounting,pending,0,0,https://www.moparamerica.com/v-2017-chrysler-300--c-platinum--3-6l-v6-flex/air-conditioners-and-heaters--air-conditioner-compressor-and-mounting,,
Chrysler 300,C Platinum,3.6L V6 Flex,Air Conditioners And Heaters / Air Ducts,pending,0,0,https://www.moparamerica.com/v-2017-chrysler-300--c-platinum--3-6l-v6-flex/air-conditioners-and-heaters--air-ducts,,
Chrysler 300,C Platinum,3.6L V6 Flex,All Wheel Drive Differential And Drive Line / Drive Shaft,pending,0,0,https://www.moparamerica.com/v-2017-chrysler-300--c-platinum--3-6l-v6-flex/all-wheel-drive-differential-and-drive-line--drive-shaft,,
Chrysler 300,C Platinum,3.6L V6 Flex,All Wheel Drive Differential And Drive Line / Front Axle Assembly,pending,0,0,https://www.moparamerica.com/v-2017-chrysler-300--c-platinum--3-6l-v6-flex/all-wheel-drive-differential-and-drive-line--front-axle-assembly,,
Chrysler 300,C Platinum,3.6L V6 Flex,All Wheel Drive Differential And Drive Line / Front Axle Drive Shafts,pending,0,0,https://www.moparamerica.com/v-2017-chrysler-300--c-platinum--3-6l-v6-flex/all-wheel-drive-differential-and-drive-line--front-axle-drive-shafts,,
Chrysler 300,C Platinum,3.6L V6 Flex,All Wheel Drive Differential And Drive Line / Rear Axle Assembly,pending,0,0,https://www.moparamerica.com/v-2017-chrysler-300--c-platinum--3-6l-v6-flex/all-wheel-drive-differential-and-drive-line--rear-axle-assembly,,
Chrysler 300,C Platinum,3.6L V6 Flex,All Wheel Drive Differential And Drive Line / Rear Axle Housing Differential And Vent,pending,0,0,https://www.moparamerica.com/v-2017-chrysler-300--c-platinum--3-6l-v6-flex/all-wheel-drive-differential-and-drive-line--rear-axle-housing-differential-and-vent,,
Chrysler 300,C Platinum,3.6L V6 Flex,All Wheel Drive Differential And Drive Line / Rear Axle Shafts,pending,0,0,https://www.moparamerica.com/v-2017-chrysler-300--c-platinum--3-6l-v6-flex/all-wheel-drive-differential-and-drive-line--rear-axle-shafts,,
Chrysler 300,C Platinum,3.6L V6 Flex,Auto Parts,pending,0,0,https://www.moparamerica.com/v-2017-chrysler-300--c-platinum--3-6l-v6-flex/auto-parts,,
Chrysler 300,C Platinum,3.6L V6 Flex,Body Sheet Metal Except Doors / Aperture Panel And Pillar Supports,pending,0,0,https://www.moparamerica.com/v-2017-chrysler-300--c-platinum--3-6l-v6-flex/body-sheet-metal-except-doors--aperture-panel-and-pillar-supports,,
Chrysler 300,C Platinum,3.6L V6 Flex,Body Sheet Metal Except Doors / Cowl And Dash Panel,pending,0,0,https://www.moparamerica.com/v-2017-chrysler-300--c-platinum--3-6l-v6-flex/body-sheet-metal-except-doors--cowl-and-dash-panel,,
Chrysler 300,C Platinum,3.6L V6 Flex,Body Sheet Metal Except Doors / Deck Lid,pending,0,0,https://www.moparamerica.com/v-2017-chrysler-300--c-platinum--3-6l-v6-flex/body-sheet-metal-except-doors--deck-lid,,
Chrysler 300,C Platinum,3.6L V6 Flex,Body Sheet Metal Except Doors / Fenders,pending,0,0,https://www.moparamerica.com/v-2017-chrysler-300--c-platinum--3-6l-v6-flex/body-sheet-metal-except-doors--fenders,,
Chrysler 300,C Platinum,3.6L V6 Flex,Body Sheet Metal Except Doors / Floor Pans,pending,0,0,https://www.moparamerica.com/v-2017-chrysler-300--c-platinum--3-6l-v6-flex/body-sheet-metal-except-doors--floor-pans,,
Chrysler 300,C Platinum,3.6L V6 Flex,Body Sheet Metal Except Doors / Hood And Hood Release,pending,0,0,https://www.moparamerica.com/v-2017-chrysler-300--c-platinum--3-6l-v6-flex/body-sheet-metal-except-doors--hood-and-hood-release,,
Chrysler 300,C Platinum,3.6L V6 Flex,Body Sheet Metal Except Doors / Pick Up Box And Fuel Filler Door,pending,0,0,https://www.moparamerica.com/v-2017-chrysler-300--c-platinum--3-6l-v6-flex/body-sheet-metal-except-doors--pick-up-box-and-fuel-filler-door,,
Chrysler 300,C Platinum,3.6L V6 Flex,Body Sheet Metal Except Doors / Plugs,pending,0,0,https://www.moparamerica.com/v-2017-chrysler-300--c-platinum--3-6l-v6-flex/body-sheet-metal-except-doors--plugs,,
Chrysler 300,C Platinum,3.6L V6 Flex,Body Sheet Metal Except Doors / Roof,pending,0,0,https://www.moparamerica.com/v-2017-chrysler-300--c-platinum--3-6l-v6-flex/body-sheet-metal-except-doors--roof,,
Chrysler 300,C Platinum,3.6L V6 Flex,Body Sheet Metal Except Doors / Shelf Panel,pending,0,0,https://www.moparamerica.com/v-2017-chrysler-300--c-platinum--3-6l-v6-flex/body-sheet-metal-except-doors--shelf-panel,,
Chrysler 300,C Platinum,3.6L V6 Flex,Body Sheet Metal Except Doors / Sunroof,pending,0,0,https://www.moparamerica.com/v-2017-chrysler-300--c-platinum--3-6l-v6-flex/body-sheet-metal-except-doors--sunroof,,
Chrysler 300,C Platinum,3.6L V6 Flex,Brakes / Brake Master Cylinder,pending,0,0,https://www.moparamerica.com/v-2017-chrysler-300--c-platinum--3-6l-v6-flex/brakes--brake-master-cylinder,,
Chrysler 300,C Platinum,3.6L V6 Flex,Brakes / Brake Pedals,pending,0,0,https://www.moparamerica.com/v-2017-chrysler-300--c-platinum--3-6l-v6-flex/brakes--brake-pedals,,
Chrysler 300,C Platinum,3.6L V6 Flex,Brakes / Front Brakes,pending,0,0,https://www.moparamerica.com/v-2017-chrysler-300--c-platinum--3-6l-v6-flex/brakes--front-brakes,,
Chrysler 300,C Platinum,3.6L V6 Flex,Brakes / Hydraulic Control Unit Brake Tubes And Hoses,pending,0,0,https://www.moparamerica.com/v-2017-chrysler-300--c-platinum--3-6l-v6-flex/brakes--hydraulic-control-unit-brake-tubes-and-hoses,,
Chrysler 300,C Platinum,3.6L V6 Flex,Brakes / Parking Brake Lever Cables And Rear Disc Park Brake Assembly,pending,0,0,https://www.moparamerica.com/v-2017-chrysler-300--c-platinum--3-6l-v6-flex/brakes--parking-brake-lever-cables-and-rear-disc-park-brake-assembly,,
Chrysler 300,C Platinum,3.6L V6 Flex,Brakes / Power Brake Booster,pending,0,0,https://www.moparamerica.com/v-2017-chrysler-300--c-platinum--3-6l-v6-flex/brakes--power-brake-booster,,
Chrysler 300,C Platinum,3.6L V6 Flex,Brakes / Rear Brakes,pending,0,0,https://www.moparamerica.com/v-2017-chrysler-300--c-platinum--3-6l-v6-flex/brakes--rear-brakes,,
Chrysler 300,C Platinum,3.6L V6 Flex,Cooling / Drive Belts,pending,0,0,https://www.moparamerica.com/v-2017-chrysler-300--c-platinum--3-6l-v6-flex/cooling--drive-belts,,
Chrysler 300,C Platinum,3.6L V6 Flex,Cooling / Engine Coolant Reservoir Bottle,pending,0,0,https://www.moparamerica.com/v-2017-chrysler-300--c-platinum--3-6l-v6-flex/cooling--engine-coolant-reservoir-bottle,,
Chrysler 300,C Platinum,3.6L V6 Flex,Cooling / Pulleys And Related Parts,pending,0,0,https://www.moparamerica.com/v-2017-chrysler-300--c-platinum--3-6l-v6-flex/cooling--pulleys-and-related-parts,,
Chrysler 300,C Platinum,3.6L V6 Flex,Cooling / Radiator And Related Parts Charge Air Cooler,pending,0,0,https://www.moparamerica.com/v-2017-chrysler-300--c-platinum--3-6l-v6-flex/cooling--radiator-and-related-parts-charge-air-cooler,,
Chrysler 300,C Platinum,3.6L V6 Flex,Cooling / Transmission Oil Cooler And Lines,pending,0,0,https://www.moparamerica.com/v-2017-chrysler-300--c-platinum--3-6l-v6-flex/cooling--transmission-oil-cooler-and-lines,,
Chrysler 300,C Platinum,3.6L V6 Flex,Cooling / Water Pump And Related Parts,pending,0,0,https://www.moparamerica.com/v-2017-chrysler-300--c-platinum--3-6l-v6-flex/cooling--water-pump-and-related-parts,,
Chrysler 300,C Platinum,3.6L V6 Flex,Doors Door Mirrors And Related Parts / Exterior Mirror,pending,0,0,https://www.moparamerica.com/v-2017-chrysler-300--c-platinum--3-6l-v6-flex/doors-door-mirrors-and-related-parts--exterior-mirror,,
Chrysler 300,C Platinum,3.6L V6 Flex,Doors Door Mirrors And Related Parts / Front Door,pending,0,0,https://www.moparamerica.com/v-2017-chrysler-300--c-platinum--3-6l-v6-flex/doors-door-mirrors-and-related-parts--front-door,,
Chrysler 300,C Platinum,3.6L V6 Flex,Doors Door Mirrors And Related Parts / Rear Door,pending,0,0,https://www.moparamerica.com/v-2017-chrysler-300--c-platinum--3-6l-v6-flex/doors-door-mirrors-and-related-parts--rear-door,,
Chrysler 300,C Platinum,3.6L V6 Flex,Doors Door Mirrors And Related Parts / Weatherstrips And Seals,pending,0,0,https://www.moparamerica.com/v-2017-chrysler-300--c-platinum--3-6l-v6-flex/doors-door-mirrors-and-related-parts--weatherstrips-and-seals,,
Chrysler 300,C Platinum,3.6L V6 Flex,Electrical / Battery Battery Tray And Cables,pending,0,0,https://www.moparamerica.com/v-2017-chrysler-300--c-platinum--3-6l-v6-flex/electrical--battery-battery-tray-and-cables,,
Chrysler 300,C Platinum,3.6L V6 Flex,Electrical / Generators Alternators,pending,0,0,https://www.moparamerica.com/v-2017-chrysler-300--c-platinum--3-6l-v6-flex/electrical--generators-alternators,,
Chrysler 300,C Platinum,3.6L V6 Flex,Electrical / Horns,pending,0,0,https://www.moparamerica.com/v-2017-chrysler-300--c-platinum--3-6l-v6-flex/electrical--horns,,
Chrysler 300,C Platinum,3.6L V6 Flex,Electrical / Ignition Spark Plugs Cables Coils And Glow Plugs,pending,0,0,https://www.moparamerica.com/v-2017-chrysler-300--c-platinum--3-6l-v6-flex/electrical--ignition-spark-plugs-cables-coils-and-glow-plugs,,
Chrysler 300,C Platinum,3.6L V6 Flex,Electrical / Instrument Panel Cluster,pending,0,0,https://www.moparamerica.com/v-2017-chrysler-300--c-platinum--3-6l-v6-flex/electrical--instrument-panel-cluster,,
Chrysler 300,C Platinum,3.6L V6 Flex,Electrical / Keys Modules And Engine Controllers,pending,0,0,https://www.moparamerica.com/v-2017-chrysler-300--c-platinum--3-6l-v6-flex/electrical--keys-modules-and-engine-controllers,,
Chrysler 300,C Platinum,3.6L V6 Flex,Electrical / Lamps Interior And Exterior,pending,0,0,https://www.moparamerica.com/v-2017-chrysler-300--c-platinum--3-6l-v6-flex/electrical--lamps-interior-and-exterior,,
Chrysler 300,C Platinum,3.6L V6 Flex,Electrical / Park Assist,pending,0,0,https://www.moparamerica.com/v-2017-chrysler-300--c-platinum--3-6l-v6-flex/electrical--park-assist,,
Chrysler 300,C Platinum,3.6L V6 Flex,Electrical / Power Distribution Center Fuse Block Junction Block Relays And Fuses,pending,0,0,https://www.moparamerica.com/v-2017-chrysler-300--c-platinum--3-6l-v6-flex/electrical--power-distribution-center-fuse-block-junction-block-relays-and-fuses,,
Chrysler 300,C Platinum,3.6L V6 Flex,Electrical / Radio Antenna Speakers Dvd And Video Systems,pending,0,0,https://www.moparamerica.com/v-2017-chrysler-300--c-platinum--3-6l-v6-flex/electrical--radio-antenna-speakers-dvd-and-video-systems,,
Chrysler 300,C Platinum,3.6L V6 Flex,Electrical / Sensors,pending,0,0,https://www.moparamerica.com/v-2017-chrysler-300--c-platinum--3-6l-v6-flex/electrical--sensors,,
Chrysler 300,C Platinum,3.6L V6 Flex,Electrical / Speed Control,pending,0,0,https://www.moparamerica.com/v-2017-chrysler-300--c-platinum--3-6l-v6-flex/electrical--speed-control,,
Chrysler 300,C Platinum,3.6L V6 Flex,Electrical / Starters,pending,0,0,https://www.moparamerica.com/v-2017-chrysler-300--c-platinum--3-6l-v6-flex/electrical--starters,,
Chrysler 300,C Platinum,3.6L V6 Flex,Electrical / Switches,pending,0,0,https://www.moparamerica.com/v-2017-chrysler-300--c-platinum--3-6l-v6-flex/electrical--switches,,
Chrysler 300,C Platinum,3.6L V6 Flex,Electrical / Wiper And Washer System,pending,0,0,https://www.moparamerica.com/v-2017-chrysler-300--c-platinum--3-6l-v6-flex/electrical--wiper-and-washer-system,,
Chrysler 300,C Platinum,3.6L V6 Flex,Electrical / Wiring Body And Accessories,pending,0,0,https://www.moparamerica.com/v-2017-chrysler-300--c-platinum--3-6l-v6-flex/electrical--wiring-body-and-accessories,,
Chrysler 300,C Platinum,3.6L V6 Flex,Electrical / Wiring Headlamp To Dash,pending,0,0,https://www.moparamerica.com/v-2017-chrysler-300--c-platinum--3-6l-v6-flex/electrical--wiring-headlamp-to-dash,,
Chrysler 300,C Platinum,3.6L V6 Flex,Electrical / Wiring Instrument Panel,pending,0,0,https://www.moparamerica.com/v-2017-chrysler-300--c-platinum--3-6l-v6-flex/electrical--wiring-instrument-panel,,
Chrysler 300,C Platinum,3.6L V6 Flex,Electrical / Wiring Powertrain,pending,0,0,https://www.moparamerica.com/v-2017-chrysler-300--c-platinum--3-6l-v6-flex/electrical--wiring-powertrain,,
Chrysler 300,C Platinum,3.6L V6 Flex,Emission Controls / Emission Harness,pending,0,0,https://www.moparamerica.com/v-2017-chrysler-300--c-platinum--3-6l-v6-flex/emission-controls--emission-harness,,
Chrysler 300,C Platinum,3.6L V6 Flex,Emission Controls / Vacuum Canister Leak Detection Pump,pending,0,0,https://www.moparamerica.com/v-2017-chrysler-300--c-platinum--3-6l-v6-flex/emission-controls--vacuum-canister-leak-detection-pump,,
Chrysler 300,C Platinum,3.6L V6 Flex,Exhaust / Exhaust System,pending,0,0,https://www.moparamerica.com/v-2017-chrysler-300--c-platinum--3-6l-v6-flex/exhaust--exhaust-system,,
Chrysler 300,C Platinum,3.6L V6 Flex,Exterior Ornamentation / Grilles,pending,0,0,https://www.moparamerica.com/v-2017-chrysler-300--c-platinum--3-6l-v6-flex/exterior-ornamentation--grilles,,
Chrysler 300,C Platinum,3.6L V6 Flex,Exterior Ornamentation / Moldings And Ornamentation,pending,0,0,https://www.moparamerica.com/v-2017-chrysler-300--c-platinum--3-6l-v6-flex/exterior-ornamentation--moldings-and-ornamentation,,
Chrysler 300,C Platinum,3.6L V6 Flex,Exterior Ornamentation / Nameplates,pending,0,0,https://www.moparamerica.com/v-2017-chrysler-300--c-platinum--3-6l-v6-flex/exterior-ornamentation--nameplates,,
Chrysler 300,C Platinum,3.6L V6 Flex,Frame Bumper And Fascia / Frames,pending,0,0,https://www.moparamerica.com/v-2017-chrysler-300--c-platinum--3-6l-v6-flex/frame-bumper-and-fascia--frames,,
Chrysler 300,C Platinum,3.6L V6 Flex,Frame Bumper And Fascia / Front Bumper And Fascia,pending,0,0,https://www.moparamerica.com/v-2017-chrysler-300--c-platinum--3-6l-v6-flex/frame-bumper-and-fascia--front-bumper-and-fascia,,
Chrysler 300,C Platinum,3.6L V6 Flex,Frame Bumper And Fascia / Rear Bumper And Fascia,pending,0,0,https://www.moparamerica.com/v-2017-chrysler-300--c-platinum--3-6l-v6-flex/frame-bumper-and-fascia--rear-bumper-and-fascia,,
Chrysler 300,C Platinum,3.6L V6 Flex,Front Suspension / Front Stabilizer Bar,pending,0,0,https://www.moparamerica.com/v-2017-chrysler-300--c-platinum--3-6l-v6-flex/front-suspension--front-stabilizer-bar,,
Chrysler 300,C Platinum,3.6L V6 Flex,Front Suspension / Front Suspension Strut And Cradle,pending,0,0,https://www.moparamerica.com/v-2017-chrysler-300--c-platinum--3-6l-v6-flex/front-suspension--front-suspension-strut-and-cradle,,
Chrysler 300,C Platinum,3.6L V6 Flex,Fuel / Accelerator Pedal,pending,0,0,https://www.moparamerica.com/v-2017-chrysler-300--c-platinum--3-6l-v6-flex/fuel--accelerator-pedal,,
Chrysler 300,C Platinum,3.6L V6 Flex,Fuel / Air Cleaner,pending,0,0,https://www.moparamerica.com/v-2017-chrysler-300--c-platinum--3-6l-v6-flex/fuel--air-cleaner,,
Chrysler 300,C Platinum,3.6L V6 Flex,Fuel / Fuel Lines,pending,0,0,https://www.moparamerica.com/v-2017-chrysler-300--c-platinum--3-6l-v6-flex/fuel--fuel-lines,,
Chrysler 300,C Platinum,3.6L V6 Flex,Fuel / Fuel Pump And Sending Unit,pending,0,0,https://www.moparamerica.com/v-2017-chrysler-300--c-platinum--3-6l-v6-flex/fuel--fuel-pump-and-sending-unit,,
Chrysler 300,C Platinum,3.6L V6 Flex,Fuel / Fuel Rail And Injectors,pending,0,0,https://www.moparamerica.com/v-2017-chrysler-300--c-platinum--3-6l-v6-flex/fuel--fuel-rail-and-injectors,,
Chrysler 300,C Platinum,3.6L V6 Flex,Fuel / Fuel Tank,pending,0,0,https://www.moparamerica.com/v-2017-chrysler-300--c-platinum--3-6l-v6-flex/fuel--fuel-tank,,
Chrysler 300,C Platinum,3.6L V6 Flex,Fuel / Fuel Tank Filler Tube,pending,0,0,https://www.moparamerica.com/v-2017-chrysler-300--c-platinum--3-6l-v6-flex/fuel--fuel-tank-filler-tube,,
Chrysler 300,C Platinum,3.6L V6 Flex,Fuel / Throttle Body,pending,0,0,https://www.moparamerica.com/v-2017-chrysler-300--c-platinum--3-6l-v6-flex/fuel--throttle-body,,
Chrysler 300,C Platinum,3.6L V6 Flex,Glass / Glass And Interior Rear View Mirror,pending,0,0,https://www.moparamerica.com/v-2017-chrysler-300--c-platinum--3-6l-v6-flex/glass--glass-and-interior-rear-view-mirror,,
Chrysler 300,C Platinum,3.6L V6 Flex,Interior Trim / Carpets Floor Mats Load Floor And Silencers,pending,0,0,https://www.moparamerica.com/v-2017-chrysler-300--c-platinum--3-6l-v6-flex/interior-trim--carpets-floor-mats-load-floor-and-silencers,,
Chrysler 300,C Platinum,3.6L V6 Flex,Interior Trim / Consoles,pending,0,0,https://www.moparamerica.com/v-2017-chrysler-300--c-platinum--3-6l-v6-flex/interior-trim--consoles,,
Chrysler 300,C Platinum,3.6L V6 Flex,Interior Trim / Door Trim Panels Front And Rear,pending,0,0,https://www.moparamerica.com/v-2017-chrysler-300--c-platinum--3-6l-v6-flex/interior-trim--door-trim-panels-front-and-rear,,
Chrysler 300,C Platinum,3.6L V6 Flex,Interior Trim / Front Seats Adjusters Recliners Shields And Risers,pending,0,0,https://www.moparamerica.com/v-2017-chrysler-300--c-platinum--3-6l-v6-flex/interior-trim--front-seats-adjusters-recliners-shields-and-risers,,
Chrysler 300,C Platinum,3.6L V6 Flex,Interior Trim / Front Seats First Row,pending,0,0,https://www.moparamerica.com/v-2017-chrysler-300--c-platinum--3-6l-v6-flex/interior-trim--front-seats-first-row,,
Chrysler 300,C Platinum,3.6L V6 Flex,Interior Trim / Headliners Visors Assist Straps,pending,0,0,https://www.moparamerica.com/v-2017-chrysler-300--c-platinum--3-6l-v6-flex/interior-trim--headliners-visors-assist-straps,,
Chrysler 300,C Platinum,3.6L V6 Flex,Interior Trim / Instrument Panel,pending,0,0,https://www.moparamerica.com/v-2017-chrysler-300--c-platinum--3-6l-v6-flex/interior-trim--instrument-panel,,
Chrysler 300,C Platinum,3.6L V6 Flex,Interior Trim / Panels Moldings Scuff Plates Pillar Cowl 1 4 Panel Trim And Cargo Covers,pending,0,0,https://www.moparamerica.com/v-2017-chrysler-300--c-platinum--3-6l-v6-flex/interior-trim--panels-moldings-scuff-plates-pillar-cowl-1-4-panel-trim-and-cargo-covers,,
Chrysler 300,C Platinum,3.6L V6 Flex,Interior Trim / Rear Seats Second Row,pending,0,0,https://www.moparamerica.com/v-2017-chrysler-300--c-platinum--3-6l-v6-flex/interior-trim--rear-seats-second-row,,
Chrysler 300,C Platinum,3.6L V6 Flex,Interior Trim / Rear Seats Second Row Adjusters Recliners Shields And Risers,pending,0,0,https://www.moparamerica.com/v-2017-chrysler-300--c-platinum--3-6l-v6-flex/interior-trim--rear-seats-second-row-adjusters-recliners-shields-and-risers,,
Chrysler 300,C Platinum,3.6L V6 Flex,Labels / Exterior,pending,0,0,https://www.moparamerica.com/v-2017-chrysler-300--c-platinum--3-6l-v6-flex/labels--exterior,,
Chrysler 300,C Platinum,3.6L V6 Flex,Labels / Trunk,pending,0,0,https://www.moparamerica.com/v-2017-chrysler-300--c-platinum--3-6l-v6-flex/labels--trunk,,
Chrysler 300,C Platinum,3.6L V6 Flex,Labels / Under Hood,pending,0,0,https://www.moparamerica.com/v-2017-chrysler-300--c-platinum--3-6l-v6-flex/labels--under-hood,,
Chrysler 300,C Platinum,3.6L V6 Flex,Mopar Accessories Component Parts / Audio And Electronics,pending,0,0,https://www.moparamerica.com/v-2017-chrysler-300--c-platinum--3-6l-v6-flex/mopar-accessories-component-parts--audio-and-electronics,,
Chrysler 300,C Platinum,3.6L V6 Flex,Mopar Accessories Component Parts / Driver Convenience,pending,0,0,https://www.moparamerica.com/v-2017-chrysler-300--c-platinum--3-6l-v6-flex/mopar-accessories-component-parts--driver-convenience,,
Chrysler 300,C Platinum,3.6L V6 Flex,Mopar Accessories Component Parts / Exterior Appearance,pending,0,0,https://www.moparamerica.com/v-2017-chrysler-300--c-platinum--3-6l-v6-flex/mopar-accessories-component-parts--exterior-appearance,,
Chrysler 300,C Platinum,3.6L V6 Flex,Mopar Accessories Component Parts / Fog Lights And Electrical,pending,0,0,https://www.moparamerica.com/v-2017-chrysler-300--c-platinum--3-6l-v6-flex/mopar-accessories-component-parts--fog-lights-and-electrical,,
Chrysler 300,C Platinum,3.6L V6 Flex,Mopar Accessories Component Parts / Interior Protection,pending,0,0,https://www.moparamerica.com/v-2017-chrysler-300--c-platinum--3-6l-v6-flex/mopar-accessories-component-parts--interior-protection,,
Chrysler 300,C Platinum,3.6L V6 Flex,Mopar Accessories Component Parts / Powertrain,pending,0,0,https://www.moparamerica.com/v-2017-chrysler-300--c-platinum--3-6l-v6-flex/mopar-accessories-component-parts--powertrain,,
Chrysler 300,C Platinum,3.6L V6 Flex,Power Transfer Unit Transfer Case / Case And Extension,pending,0,0,https://www.moparamerica.com/v-2017-chrysler-300--c-platinum--3-6l-v6-flex/power-transfer-unit-transfer-case--case-and-extension,,
Chrysler 300,C Platinum,3.6L V6 Flex,Power Transfer Unit Transfer Case / Gear Train,pending,0,0,https://www.moparamerica.com/v-2017-chrysler-300--c-platinum--3-6l-v6-flex/power-transfer-unit-transfer-case--gear-train,,
Chrysler 300,C Platinum,3.6L V6 Flex,Power Transfer Unit Transfer Case / Transfer Case Assembly,pending,0,0,https://www.moparamerica.com/v-2017-chrysler-300--c-platinum--3-6l-v6-flex/power-transfer-unit-transfer-case--transfer-case-assembly,,
Chrysler 300,C Platinum,3.6L V6 Flex,Rear Suspension / Rear Stabilizer,pending,0,0,https://www.moparamerica.com/v-2017-chrysler-300--c-platinum--3-6l-v6-flex/rear-suspension--rear-stabilizer,,
Chrysler 300,C Platinum,3.6L V6 Flex,Rear Suspension / Rear Suspension And Cradle,pending,0,0,https://www.moparamerica.com/v-2017-chrysler-300--c-platinum--3-6l-v6-flex/rear-suspension--rear-suspension-and-cradle,,
Chrysler 300,C Platinum,3.6L V6 Flex,Rear Wheel Drive Differential And Drive Line / Drive Shaft,pending,0,0,https://www.moparamerica.com/v-2017-chrysler-300--c-platinum--3-6l-v6-flex/rear-wheel-drive-differential-and-drive-line--drive-shaft,,
Chrysler 300,C Platinum,3.6L V6 Flex,Rear Wheel Drive Differential And Drive Line / Rear Axle Assembly,pending,0,0,https://www.moparamerica.com/v-2017-chrysler-300--c-platinum--3-6l-v6-flex/rear-wheel-drive-differential-and-drive-line--rear-axle-assembly,,
Chrysler 300,C Platinum,3.6L V6 Flex,Rear Wheel Drive Differential And Drive Line / Rear Axle Housing Differential And Vent,pending,0,0,https://www.moparamerica.com/v-2017-chrysler-300--c-platinum--3-6l-v6-flex/rear-wheel-drive-differential-and-drive-line--rear-axle-housing-differential-and-vent,,
Chrysler 300,C Platinum,3.6L V6 Flex,Rear Wheel Drive Differential And Drive Line / Rear Axle Shafts,pending,0,0,https://www.moparamerica.com/v-2017-chrysler-300--c-platinum--3-6l-v6-flex/rear-wheel-drive-differential-and-drive-line--rear-axle-shafts,,
Chrysler 300,C Platinum,3.6L V6 Flex,Restraints / Air Bags,pending,0,0,https://www.moparamerica.com/v-2017-chrysler-300--c-platinum--3-6l-v6-flex/restraints--air-bags,,
Chrysler 300,C Platinum,3.6L V6 Flex,Restraints / Seat Belts,pending,0,0,https://www.moparamerica.com/v-2017-chrysler-300--c-platinum--3-6l-v6-flex/restraints--seat-belts,,
Chrysler 300,C Platinum,3.6L V6 Flex,Steering / Steering Column And Intermediate Shaft,pending,0,0,https://www.moparamerica.com/v-2017-chrysler-300--c-platinum--3-6l-v6-flex/steering--steering-column-and-intermediate-shaft,,
Chrysler 300,C Platinum,3.6L V6 Flex,Steering / Steering Gear,pending,0,0,https://www.moparamerica.com/v-2017-chrysler-300--c-platinum--3-6l-v6-flex/steering--steering-gear,,
Chrysler 300,C Platinum,3.6L V6 Flex,Steering / Steering Wheel,pending,0,0,https://www.moparamerica.com/v-2017-chrysler-300--c-platinum--3-6l-v6-flex/steering--steering-wheel,,
Chrysler 300,C Platinum,3.6L V6 Flex,Wheels / Emergency Kit,pending,0,0,https://www.moparamerica.com/v-2017-chrysler-300--c-platinum--3-6l-v6-flex/wheels--emergency-kit,,
Chrysler 300,C Platinum,3.6L V6 Flex,Wheels / Jack Stowage,pending,0,0,https://www.moparamerica.com/v-2017-chrysler-300--c-platinum--3-6l-v6-flex/wheels--jack-stowage,,
Chrysler 300,C Platinum,3.6L V6 Flex,Wheels / Tire Monitoring System,pending,0,0,https://www.moparamerica.com/v-2017-chrysler-300--c-platinum--3-6l-v6-flex/wheels--tire-monitoring-system,,
Chrysler 300,C Platinum,3.6L V6 Flex,Wheels / Wheel Covers And Center Caps,pending,0,0,https://www.moparamerica.com/v-2017-chrysler-300--c-platinum--3-6l-v6-flex/wheels--wheel-covers-and-center-caps,,
Chrysler 300,C Platinum,3.6L V6 Flex,Wheels / Wheel Spare,pending,0,0,https://www.moparamerica.com/v-2017-chrysler-300--c-platinum--3-6l-v6-flex/wheels--wheel-spare,,
Chrysler 300,C Platinum,3.6L V6 Flex,Wheels / Wheels Tires And Hardware,pending,0,0,https://www.moparamerica.com/v-2017-chrysler-300--c-platinum--3-6l-v6-flex/wheels--wheels-tires-and-hardware,,
Chrysler 300,C Platinum,3.6L V6 Gas,3 0L Gas Engine / Cylinder Block,pending,0,0,https://www.moparamerica.com/v-2017-chrysler-300--c-platinum--3-6l-v6-gas/3-0l-gas-engine--cylinder-block,,
Chrysler 300,C Platinum,3.6L V6 Gas,3 0L Gas Engine / Cylinder Head,pending,0,0,https://www.moparamerica.com/v-2017-chrysler-300--c-platinum--3-6l-v6-gas/3-0l-gas-engine--cylinder-head,,
Chrysler 300,C Platinum,3.6L V6 Gas,3 0L Gas Engine / Engine Mounting,pending,0,0,https://www.moparamerica.com/v-2017-chrysler-300--c-platinum--3-6l-v6-gas/3-0l-gas-engine--engine-mounting,,
Chrysler 300,C Platinum,3.6L V6 Gas,3 0L Gas Engine / Engine Oiling Oil Pan And Indicator Dipstick,pending,0,0,https://www.moparamerica.com/v-2017-chrysler-300--c-platinum--3-6l-v6-gas/3-0l-gas-engine--engine-oiling-oil-pan-and-indicator-dipstick,,
Chrysler 300,C Platinum,3.6L V6 Gas,3 0L Gas Engine / Timing Belt Chain And Cover And Balance Shaft,pending,0,0,https://www.moparamerica.com/v-2017-chrysler-300--c-platinum--3-6l-v6-gas/3-0l-gas-engine--timing-belt-chain-and-cover-and-balance-shaft,,
Chrysler 300,C Platinum,3.6L V6 Gas,3 6L Gas Engine / Camshaft And Valve,pending,0,0,https://www.moparamerica.com/v-2017-chrysler-300--c-platinum--3-6l-v6-gas/3-6l-gas-engine--camshaft-and-valve,,
Chrysler 300,C Platinum,3.6L V6 Gas,3 6L Gas Engine / Crankcase Ventilation,pending,0,0,https://www.moparamerica.com/v-2017-chrysler-300--c-platinum--3-6l-v6-gas/3-6l-gas-engine--crankcase-ventilation,,
Chrysler 300,C Platinum,3.6L V6 Gas,3 6L Gas Engine / Crankshaft Piston Drive Plate Flywheel And Damper,pending,0,0,https://www.moparamerica.com/v-2017-chrysler-300--c-platinum--3-6l-v6-gas/3-6l-gas-engine--crankshaft-piston-drive-plate-flywheel-and-damper,,
Chrysler 300,C Platinum,3.6L V6 Gas,3 6L Gas Engine / Cylinder Block,pending,0,0,https://www.moparamerica.com/v-2017-chrysler-300--c-platinum--3-6l-v6-gas/3-6l-gas-engine--cylinder-block,,
Chrysler 300,C Platinum,3.6L V6 Gas,3 6L Gas Engine / Cylinder Head,pending,0,0,https://www.moparamerica.com/v-2017-chrysler-300--c-platinum--3-6l-v6-gas/3-6l-gas-engine--cylinder-head,,
Chrysler 300,C Platinum,3.6L V6 Gas,3 6L Gas Engine / Engine Identification Service Engines And Engine Service Kits,pending,0,0,https://www.moparamerica.com/v-2017-chrysler-300--c-platinum--3-6l-v6-gas/3-6l-gas-engine--engine-identification-service-engines-and-engine-service-kits,,
Chrysler 300,C Platinum,3.6L V6 Gas,3 6L Gas Engine / Engine Mounting,pending,0,0,https://www.moparamerica.com/v-2017-chrysler-300--c-platinum--3-6l-v6-gas/3-6l-gas-engine--engine-mounting,,
Chrysler 300,C Platinum,3.6L V6 Gas,3 6L Gas Engine / Engine Oiling Oil Pan And Indicator Dipstick,pending,0,0,https://www.moparamerica.com/v-2017-chrysler-300--c-platinum--3-6l-v6-gas/3-6l-gas-engine--engine-oiling-oil-pan-and-indicator-dipstick,,
Chrysler 300,C Platinum,3.6L V6 Gas,3 6L Gas Engine / Manifolds And Vacuum Fittings,pending,0,0,https://www.moparamerica.com/v-2017-chrysler-300--c-platinum--3-6l-v6-gas/3-6l-gas-engine--manifolds-and-vacuum-fittings,,
Chrysler 300,C Platinum,3.6L V6 Gas,3 6L Gas Engine / Timing Belt Chain And Cover And Balance Shaft,pending,0,0,https://www.moparamerica.com/v-2017-chrysler-300--c-platinum--3-6l-v6-gas/3-6l-gas-engine--timing-belt-chain-and-cover-and-balance-shaft,,
Chrysler 300,C Platinum,3.6L V6 Gas,5 7L Gas Engine / Camshaft And Valve,pending,0,0,https://www.moparamerica.com/v-2017-chrysler-300--c-platinum--3-6l-v6-gas/5-7l-gas-engine--camshaft-and-valve,,
Chrysler 300,C Platinum,3.6L V6 Gas,5 7L Gas Engine / Engine Mounting,pending,0,0,https://www.moparamerica.com/v-2017-chrysler-300--c-platinum--3-6l-v6-gas/5-7l-gas-engine--engine-mounting,,
Chrysler 300,C Platinum,3.6L V6 Gas,5 7L Gas Engine / Engine Oiling Oil Pan And Indicator Dipstick,pending,0,0,https://www.moparamerica.com/v-2017-chrysler-300--c-platinum--3-6l-v6-gas/5-7l-gas-engine--engine-oiling-oil-pan-and-indicator-dipstick,,
Chrysler 300,C Platinum,3.6L V6 Gas,6 4L Gas Engine / Camshaft And Valve,pending,0,0,https://www.moparamerica.com/v-2017-chrysler-300--c-platinum--3-6l-v6-gas/6-4l-gas-engine--camshaft-and-valve,,
Chrysler 300,C Platinum,3.6L V6 Gas,6 4L Gas Engine / Engine Mounting,pending,0,0,https://www.moparamerica.com/v-2017-chrysler-300--c-platinum--3-6l-v6-gas/6-4l-gas-engine--engine-mounting,,
Chrysler 300,C Platinum,3.6L V6 Gas,6 4L Gas Engine / Engine Oiling Oil Pan And Indicator Dipstick,pending,0,0,https://www.moparamerica.com/v-2017-chrysler-300--c-platinum--3-6l-v6-gas/6-4l-gas-engine--engine-oiling-oil-pan-and-indicator-dipstick,,
Chrysler 300,C Platinum,3.6L V6 Gas,845Re 8 Speed Automatic Transmission / Automatic Transmission Transaxle And Torque Converter,pending,0,0,https://www.moparamerica.com/v-2017-chrysler-300--c-platinum--3-6l-v6-gas/845re-8-speed-automatic-transmission--automatic-transmission-transaxle-and-torque-converter,,
Chrysler 300,C Platinum,3.6L V6 Gas,845Re 8 Speed Automatic Transmission / Case Extension Oil Pan And Indicator Dipstick,pending,0,0,https://www.moparamerica.com/v-2017-chrysler-300--c-platinum--3-6l-v6-gas/845re-8-speed-automatic-transmission--case-extension-oil-pan-and-indicator-dipstick,,
Chrysler 300,C Platinum,3.6L V6 Gas,845Re 8 Speed Automatic Transmission / Gearshift Controls And Related Parts,pending,0,0,https://www.moparamerica.com/v-2017-chrysler-300--c-platinum--3-6l-v6-gas/845re-8-speed-automatic-transmission--gearshift-controls-and-related-parts,,
Chrysler 300,C Platinum,3.6L V6 Gas,845Re 8 Speed Automatic Transmission / Mounting And Skid Plate,pending,0,0,https://www.moparamerica.com/v-2017-chrysler-300--c-platinum--3-6l-v6-gas/845re-8-speed-automatic-transmission--mounting-and-skid-plate,,
Chrysler 300,C Platinum,3.6L V6 Gas,845Re 8 Speed Automatic Transmission / Oil Pump,pending,0,0,https://www.moparamerica.com/v-2017-chrysler-300--c-platinum--3-6l-v6-gas/845re-8-speed-automatic-transmission--oil-pump,,
Chrysler 300,C Platinum,3.6L V6 Gas,845Re 8 Speed Automatic Transmission / Valve Body Accumulator Solenoid And Parking Sprag,pending,0,0,https://www.moparamerica.com/v-2017-chrysler-300--c-platinum--3-6l-v6-gas/845re-8-speed-automatic-transmission--valve-body-accumulator-solenoid-and-parking-sprag,,
Chrysler 300,C Platinum,3.6L V6 Gas,8Hp70 8 Speed Automatic Transmission / Automatic Transmission Transaxle And Torque Converter,pending,0,0,https://www.moparamerica.com/v-2017-chrysler-300--c-platinum--3-6l-v6-gas/8hp70-8-speed-automatic-transmission--automatic-transmission-transaxle-and-torque-converter,,
Chrysler 300,C Platinum,3.6L V6 Gas,8Hp70 8 Speed Automatic Transmission / Gearshift Controls And Related Parts,pending,0,0,https://www.moparamerica.com/v-2017-chrysler-300--c-platinum--3-6l-v6-gas/8hp70-8-speed-automatic-transmission--gearshift-controls-and-related-parts,,
Chrysler 300,C Platinum,3.6L V6 Gas,8Hp70 8 Speed Automatic Transmission / Mounting And Skid Plate,pending,0,0,https://www.moparamerica.com/v-2017-chrysler-300--c-platinum--3-6l-v6-gas/8hp70-8-speed-automatic-transmission--mounting-and-skid-plate,,
Chrysler 300,C Platinum,3.6L V6 Gas,Accessories,pending,0,0,https://www.moparamerica.com/v-2017-chrysler-300--c-platinum--3-6l-v6-gas/accessories,,
Chrysler 300,C Platinum,3.6L V6 Gas,Accessories Audio Video And Electronics Accessories / Charging Unit,pending,0,0,https://www.moparamerica.com/v-2017-chrysler-300--c-platinum--3-6l-v6-gas/accessories-audio-video-and-electronics-accessories--charging-unit,,
Chrysler 300,C Platinum,3.6L V6 Gas,Accessories Audio Video And Electronics Accessories / Remote Start,pending,0,0,https://www.moparamerica.com/v-2017-chrysler-300--c-platinum--3-6l-v6-gas/accessories-audio-video-and-electronics-accessories--remote-start,,
Chrysler 300,C Platinum,3.6L V6 Gas,Accessories Audio Video And Electronics Accessories / Security,pending,0,0,https://www.moparamerica.com/v-2017-chrysler-300--c-platinum--3-6l-v6-gas/accessories-audio-video-and-electronics-accessories--security,,
Chrysler 300,C Platinum,3.6L V6 Gas,Accessories Exterior Accessories / Air Deflectors,pending,0,0,https://www.moparamerica.com/v-2017-chrysler-300--c-platinum--3-6l-v6-gas/accessories-exterior-accessories--air-deflectors,,
Chrysler 300,C Platinum,3.6L V6 Gas,Accessories Exterior Accessories / Exterior Appearance,pending,0,0,https://www.moparamerica.com/v-2017-chrysler-300--c-platinum--3-6l-v6-gas/accessories-exterior-accessories--exterior-appearance,,
Chrysler 300,C Platinum,3.6L V6 Gas,Accessories Exterior Accessories / License Plate,pending,0,0,https://www.moparamerica.com/v-2017-chrysler-300--c-platinum--3-6l-v6-gas/accessories-exterior-accessories--license-plate,,
Chrysler 300,C Platinum,3.6L V6 Gas,Accessories Exterior Accessories / Locks,pending,0,0,https://www.moparamerica.com/v-2017-chrysler-300--c-platinum--3-6l-v6-gas/accessories-exterior-accessories--locks,,
Chrysler 300,C Platinum,3.6L V6 Gas,Accessories Exterior Accessories / Protective Guards,pending,0,0,https://www.moparamerica.com/v-2017-chrysler-300--c-platinum--3-6l-v6-gas/accessories-exterior-accessories--protective-guards,,
Chrysler 300,C Platinum,3.6L V6 Gas,Accessories Exterior Accessories / Splash Guards,pending,0,0,https://www.moparamerica.com/v-2017-chrysler-300--c-platinum--3-6l-v6-gas/accessories-exterior-accessories--splash-guards,,
Chrysler 300,C Platinum,3.6L V6 Gas,Accessories Exterior Accessories / Wheels,pending,0,0,https://www.moparamerica.com/v-2017-chrysler-300--c-platinum--3-6l-v6-gas/accessories-exterior-accessories--wheels,,
Chrysler 300,C Platinum,3.6L V6 Gas,Accessories Interior Accessories / Air Purification,pending,0,0,https://www.moparamerica.com/v-2017-chrysler-300--c-platinum--3-6l-v6-gas/accessories-interior-accessories--air-purification,,
Chrysler 300,C Platinum,3.6L V6 Gas,Accessories Interior Accessories / Cargo Trays And Mats,pending,0,0,https://www.moparamerica.com/v-2017-chrysler-300--c-platinum--3-6l-v6-gas/accessories-interior-accessories--cargo-trays-and-mats,,
Chrysler 300,C Platinum,3.6L V6 Gas,Accessories Interior Accessories / Floor Mats,pending,0,0,https://www.moparamerica.com/v-2017-chrysler-300--c-platinum--3-6l-v6-gas/accessories-interior-accessories--floor-mats,,
Chrysler 300,C Platinum,3.6L V6 Gas,Accessories Interior Accessories / Interior Appearance,pending,0,0,https://www.moparamerica.com/v-2017-chrysler-300--c-platinum--3-6l-v6-gas/accessories-interior-accessories--interior-appearance,,
Chrysler 300,C Platinum,3.6L V6 Gas,Accessories Lifestyle And Off Road Accessories / Safety Kits,pending,0,0,https://www.moparamerica.com/v-2017-chrysler-300--c-platinum--3-6l-v6-gas/accessories-lifestyle-and-off-road-accessories--safety-kits,,
Chrysler 300,C Platinum,3.6L V6 Gas,Accessories Lighting And Electrical Accessories / Charging Unit,pending,0,0,https://www.moparamerica.com/v-2017-chrysler-300--c-platinum--3-6l-v6-gas/accessories-lighting-and-electrical-accessories--charging-unit,,
Chrysler 300,C Platinum,3.6L V6 Gas,Accessories Modern Performance / Engine Parts,pending,0,0,https://www.moparamerica.com/v-2017-chrysler-300--c-platinum--3-6l-v6-gas/accessories-modern-performance--engine-parts,,
Chrysler 300,C Platinum,3.6L V6 Gas,Accessories Modern Performance / Intake And Air,pending,0,0,https://www.moparamerica.com/v-2017-chrysler-300--c-platinum--3-6l-v6-gas/accessories-modern-performance--intake-and-air,,
Chrysler 300,C Platinum,3.6L V6 Gas,Accessories Modern Performance / Suspension,pending,0,0,https://www.moparamerica.com/v-2017-chrysler-300--c-platinum--3-6l-v6-gas/accessories-modern-performance--suspension,,
Chrysler 300,C Platinum,3.6L V6 Gas,Accessories Vehicle Care Products / Mopar,pending,0,0,https://www.moparamerica.com/v-2017-chrysler-300--c-platinum--3-6l-v6-gas/accessories-vehicle-care-products--mopar,,
Chrysler 300,C Platinum,3.6L V6 Gas,Accessories Vehicle Care Products / Touch Up Paint,pending,0,0,https://www.moparamerica.com/v-2017-chrysler-300--c-platinum--3-6l-v6-gas/accessories-vehicle-care-products--touch-up-paint,,
Chrysler 300,C Platinum,3.6L V6 Gas,Air Conditioners And Heaters / Air Conditioner And Heater Controls,pending,0,0,https://www.moparamerica.com/v-2017-chrysler-300--c-platinum--3-6l-v6-gas/air-conditioners-and-heaters--air-conditioner-and-heater-controls,,
Chrysler 300,C Platinum,3.6L V6 Gas,Air Conditioners And Heaters / Air Conditioner And Heater Plumbing,pending,0,0,https://www.moparamerica.com/v-2017-chrysler-300--c-platinum--3-6l-v6-gas/air-conditioners-and-heaters--air-conditioner-and-heater-plumbing,,
Chrysler 300,C Platinum,3.6L V6 Gas,Air Conditioners And Heaters / Air Conditioner And Heater Units,pending,0,0,https://www.moparamerica.com/v-2017-chrysler-300--c-platinum--3-6l-v6-gas/air-conditioners-and-heaters--air-conditioner-and-heater-units,,
Chrysler 300,C Platinum,3.6L V6 Gas,Air Conditioners And Heaters / Air Conditioner Compressor And Mounting,pending,0,0,https://www.moparamerica.com/v-2017-chrysler-300--c-platinum--3-6l-v6-gas/air-conditioners-and-heaters--air-conditioner-compressor-and-mounting,,
Chrysler 300,C Platinum,3.6L V6 Gas,Air Conditioners And Heaters / Air Ducts,pending,0,0,https://www.moparamerica.com/v-2017-chrysler-300--c-platinum--3-6l-v6-gas/air-conditioners-and-heaters--air-ducts,,
Chrysler 300,C Platinum,3.6L V6 Gas,All Wheel Drive Differential And Drive Line / Drive Shaft,pending,0,0,https://www.moparamerica.com/v-2017-chrysler-300--c-platinum--3-6l-v6-gas/all-wheel-drive-differential-and-drive-line--drive-shaft,,
Chrysler 300,C Platinum,3.6L V6 Gas,All Wheel Drive Differential And Drive Line / Front Axle Assembly,pending,0,0,https://www.moparamerica.com/v-2017-chrysler-300--c-platinum--3-6l-v6-gas/all-wheel-drive-differential-and-drive-line--front-axle-assembly,,
Chrysler 300,C Platinum,3.6L V6 Gas,All Wheel Drive Differential And Drive Line / Front Axle Drive Shafts,pending,0,0,https://www.moparamerica.com/v-2017-chrysler-300--c-platinum--3-6l-v6-gas/all-wheel-drive-differential-and-drive-line--front-axle-drive-shafts,,
Chrysler 300,C Platinum,3.6L V6 Gas,All Wheel Drive Differential And Drive Line / Rear Axle Assembly,pending,0,0,https://www.moparamerica.com/v-2017-chrysler-300--c-platinum--3-6l-v6-gas/all-wheel-drive-differential-and-drive-line--rear-axle-assembly,,
Chrysler 300,C Platinum,3.6L V6 Gas,All Wheel Drive Differential And Drive Line / Rear Axle Housing Differential And Vent,pending,0,0,https://www.moparamerica.com/v-2017-chrysler-300--c-platinum--3-6l-v6-gas/all-wheel-drive-differential-and-drive-line--rear-axle-housing-differential-and-vent,,
Chrysler 300,C Platinum,3.6L V6 Gas,All Wheel Drive Differential And Drive Line / Rear Axle Shafts,pending,0,0,https://www.moparamerica.com/v-2017-chrysler-300--c-platinum--3-6l-v6-gas/all-wheel-drive-differential-and-drive-line--rear-axle-shafts,,
Chrysler 300,C Platinum,3.6L V6 Gas,Auto Parts,pending,0,0,https://www.moparamerica.com/v-2017-chrysler-300--c-platinum--3-6l-v6-gas/auto-parts,,
Chrysler 300,C Platinum,3.6L V6 Gas,Body Sheet Metal Except Doors / Aperture Panel And Pillar Supports,pending,0,0,https://www.moparamerica.com/v-2017-chrysler-300--c-platinum--3-6l-v6-gas/body-sheet-metal-except-doors--aperture-panel-and-pillar-supports,,
Chrysler 300,C Platinum,3.6L V6 Gas,Body Sheet Metal Except Doors / Cowl And Dash Panel,pending,0,0,https://www.moparamerica.com/v-2017-chrysler-300--c-platinum--3-6l-v6-gas/body-sheet-metal-except-doors--cowl-and-dash-panel,,
Chrysler 300,C Platinum,3.6L V6 Gas,Body Sheet Metal Except Doors / Deck Lid,pending,0,0,https://www.moparamerica.com/v-2017-chrysler-300--c-platinum--3-6l-v6-gas/body-sheet-metal-except-doors--deck-lid,,
Chrysler 300,C Platinum,3.6L V6 Gas,Body Sheet Metal Except Doors / Fenders,pending,0,0,https://www.moparamerica.com/v-2017-chrysler-300--c-platinum--3-6l-v6-gas/body-sheet-metal-except-doors--fenders,,
Chrysler 300,C Platinum,3.6L V6 Gas,Body Sheet Metal Except Doors / Floor Pans,pending,0,0,https://www.moparamerica.com/v-2017-chrysler-300--c-platinum--3-6l-v6-gas/body-sheet-metal-except-doors--floor-pans,,
Chrysler 300,C Platinum,3.6L V6 Gas,Body Sheet Metal Except Doors / Hood And Hood Release,pending,0,0,https://www.moparamerica.com/v-2017-chrysler-300--c-platinum--3-6l-v6-gas/body-sheet-metal-except-doors--hood-and-hood-release,,
Chrysler 300,C Platinum,3.6L V6 Gas,Body Sheet Metal Except Doors / Pick Up Box And Fuel Filler Door,pending,0,0,https://www.moparamerica.com/v-2017-chrysler-300--c-platinum--3-6l-v6-gas/body-sheet-metal-except-doors--pick-up-box-and-fuel-filler-door,,
Chrysler 300,C Platinum,3.6L V6 Gas,Body Sheet Metal Except Doors / Plugs,pending,0,0,https://www.moparamerica.com/v-2017-chrysler-300--c-platinum--3-6l-v6-gas/body-sheet-metal-except-doors--plugs,,
Chrysler 300,C Platinum,3.6L V6 Gas,Body Sheet Metal Except Doors / Roof,pending,0,0,https://www.moparamerica.com/v-2017-chrysler-300--c-platinum--3-6l-v6-gas/body-sheet-metal-except-doors--roof,,
Chrysler 300,C Platinum,3.6L V6 Gas,Body Sheet Metal Except Doors / Shelf Panel,pending,0,0,https://www.moparamerica.com/v-2017-chrysler-300--c-platinum--3-6l-v6-gas/body-sheet-metal-except-doors--shelf-panel,,
Chrysler 300,C Platinum,3.6L V6 Gas,Body Sheet Metal Except Doors / Sunroof,pending,0,0,https://www.moparamerica.com/v-2017-chrysler-300--c-platinum--3-6l-v6-gas/body-sheet-metal-except-doors--sunroof,,
Chrysler 300,C Platinum,3.6L V6 Gas,Brakes / Brake Master Cylinder,pending,0,0,https://www.moparamerica.com/v-2017-chrysler-300--c-platinum--3-6l-v6-gas/brakes--brake-master-cylinder,,
Chrysler 300,C Platinum,3.6L V6 Gas,Brakes / Brake Pedals,pending,0,0,https://www.moparamerica.com/v-2017-chrysler-300--c-platinum--3-6l-v6-gas/brakes--brake-pedals,,
Chrysler 300,C Platinum,3.6L V6 Gas,Brakes / Front Brakes,pending,0,0,https://www.moparamerica.com/v-2017-chrysler-300--c-platinum--3-6l-v6-gas/brakes--front-brakes,,
Chrysler 300,C Platinum,3.6L V6 Gas,Brakes / Hydraulic Control Unit Brake Tubes And Hoses,pending,0,0,https://www.moparamerica.com/v-2017-chrysler-300--c-platinum--3-6l-v6-gas/brakes--hydraulic-control-unit-brake-tubes-and-hoses,,
Chrysler 300,C Platinum,3.6L V6 Gas,Brakes / Parking Brake Lever Cables And Rear Disc Park Brake Assembly,pending,0,0,https://www.moparamerica.com/v-2017-chrysler-300--c-platinum--3-6l-v6-gas/brakes--parking-brake-lever-cables-and-rear-disc-park-brake-assembly,,
Chrysler 300,C Platinum,3.6L V6 Gas,Brakes / Power Brake Booster,pending,0,0,https://www.moparamerica.com/v-2017-chrysler-300--c-platinum--3-6l-v6-gas/brakes--power-brake-booster,,
Chrysler 300,C Platinum,3.6L V6 Gas,Brakes / Rear Brakes,pending,0,0,https://www.moparamerica.com/v-2017-chrysler-300--c-platinum--3-6l-v6-gas/brakes--rear-brakes,,
Chrysler 300,C Platinum,3.6L V6 Gas,Cooling / Drive Belts,pending,0,0,https://www.moparamerica.com/v-2017-chrysler-300--c-platinum--3-6l-v6-gas/cooling--drive-belts,,
Chrysler 300,C Platinum,3.6L V6 Gas,Cooling / Engine Coolant Reservoir Bottle,pending,0,0,https://www.moparamerica.com/v-2017-chrysler-300--c-platinum--3-6l-v6-gas/cooling--engine-coolant-reservoir-bottle,,
Chrysler 300,C Platinum,3.6L V6 Gas,Cooling / Pulleys And Related Parts,pending,0,0,https://www.moparamerica.com/v-2017-chrysler-300--c-platinum--3-6l-v6-gas/cooling--pulleys-and-related-parts,,
Chrysler 300,C Platinum,3.6L V6 Gas,Cooling / Radiator And Related Parts Charge Air Cooler,pending,0,0,https://www.moparamerica.com/v-2017-chrysler-300--c-platinum--3-6l-v6-gas/cooling--radiator-and-related-parts-charge-air-cooler,,
Chrysler 300,C Platinum,3.6L V6 Gas,Cooling / Transmission Oil Cooler And Lines,pending,0,0,https://www.moparamerica.com/v-2017-chrysler-300--c-platinum--3-6l-v6-gas/cooling--transmission-oil-cooler-and-lines,,
Chrysler 300,C Platinum,3.6L V6 Gas,Cooling / Water Pump And Related Parts,pending,0,0,https://www.moparamerica.com/v-2017-chrysler-300--c-platinum--3-6l-v6-gas/cooling--water-pump-and-related-parts,,
Chrysler 300,C Platinum,3.6L V6 Gas,Doors Door Mirrors And Related Parts / Exterior Mirror,pending,0,0,https://www.moparamerica.com/v-2017-chrysler-300--c-platinum--3-6l-v6-gas/doors-door-mirrors-and-related-parts--exterior-mirror,,
Chrysler 300,C Platinum,3.6L V6 Gas,Doors Door Mirrors And Related Parts / Front Door,pending,0,0,https://www.moparamerica.com/v-2017-chrysler-300--c-platinum--3-6l-v6-gas/doors-door-mirrors-and-related-parts--front-door,,
Chrysler 300,C Platinum,3.6L V6 Gas,Doors Door Mirrors And Related Parts / Rear Door,pending,0,0,https://www.moparamerica.com/v-2017-chrysler-300--c-platinum--3-6l-v6-gas/doors-door-mirrors-and-related-parts--rear-door,,
Chrysler 300,C Platinum,3.6L V6 Gas,Doors Door Mirrors And Related Parts / Weatherstrips And Seals,pending,0,0,https://www.moparamerica.com/v-2017-chrysler-300--c-platinum--3-6l-v6-gas/doors-door-mirrors-and-related-parts--weatherstrips-and-seals,,
Chrysler 300,C Platinum,3.6L V6 Gas,Electrical / Battery Battery Tray And Cables,pending,0,0,https://www.moparamerica.com/v-2017-chrysler-300--c-platinum--3-6l-v6-gas/electrical--battery-battery-tray-and-cables,,
Chrysler 300,C Platinum,3.6L V6 Gas,Electrical / Generators Alternators,pending,0,0,https://www.moparamerica.com/v-2017-chrysler-300--c-platinum--3-6l-v6-gas/electrical--generators-alternators,,
Chrysler 300,C Platinum,3.6L V6 Gas,Electrical / Horns,pending,0,0,https://www.moparamerica.com/v-2017-chrysler-300--c-platinum--3-6l-v6-gas/electrical--horns,,
Chrysler 300,C Platinum,3.6L V6 Gas,Electrical / Ignition Spark Plugs Cables Coils And Glow Plugs,pending,0,0,https://www.moparamerica.com/v-2017-chrysler-300--c-platinum--3-6l-v6-gas/electrical--ignition-spark-plugs-cables-coils-and-glow-plugs,,
Chrysler 300,C Platinum,3.6L V6 Gas,Electrical / Instrument Panel Cluster,pending,0,0,https://www.moparamerica.com/v-2017-chrysler-300--c-platinum--3-6l-v6-gas/electrical--instrument-panel-cluster,,
Chrysler 300,C Platinum,3.6L V6 Gas,Electrical / Keys Modules And Engine Controllers,pending,0,0,https://www.moparamerica.com/v-2017-chrysler-300--c-platinum--3-6l-v6-gas/electrical--keys-modules-and-engine-controllers,,
Chrysler 300,C Platinum,3.6L V6 Gas,Electrical / Lamps Interior And Exterior,pending,0,0,https://www.moparamerica.com/v-2017-chrysler-300--c-platinum--3-6l-v6-gas/electrical--lamps-interior-and-exterior,,
Chrysler 300,C Platinum,3.6L V6 Gas,Electrical / Park Assist,pending,0,0,https://www.moparamerica.com/v-2017-chrysler-300--c-platinum--3-6l-v6-gas/electrical--park-assist,,
Chrysler 300,C Platinum,3.6L V6 Gas,Electrical / Power Distribution Center Fuse Block Junction Block Relays And Fuses,pending,0,0,https://www.moparamerica.com/v-2017-chrysler-300--c-platinum--3-6l-v6-gas/electrical--power-distribution-center-fuse-block-junction-block-relays-and-fuses,,
Chrysler 300,C Platinum,3.6L V6 Gas,Electrical / Radio Antenna Speakers Dvd And Video Systems,pending,0,0,https://www.moparamerica.com/v-2017-chrysler-300--c-platinum--3-6l-v6-gas/electrical--radio-antenna-speakers-dvd-and-video-systems,,
Chrysler 300,C Platinum,3.6L V6 Gas,Electrical / Sensors,pending,0,0,https://www.moparamerica.com/v-2017-chrysler-300--c-platinum--3-6l-v6-gas/electrical--sensors,,
Chrysler 300,C Platinum,3.6L V6 Gas,Electrical / Speed Control,pending,0,0,https://www.moparamerica.com/v-2017-chrysler-300--c-platinum--3-6l-v6-gas/electrical--speed-control,,
Chrysler 300,C Platinum,3.6L V6 Gas,Electrical / Starters,pending,0,0,https://www.moparamerica.com/v-2017-chrysler-300--c-platinum--3-6l-v6-gas/electrical--starters,,
Chrysler 300,C Platinum,3.6L V6 Gas,Electrical / Switches,pending,0,0,https://www.moparamerica.com/v-2017-chrysler-300--c-platinum--3-6l-v6-gas/electrical--switches,,
Chrysler 300,C Platinum,3.6L V6 Gas,Electrical / Wiper And Washer System,pending,0,0,https://www.moparamerica.com/v-2017-chrysler-300--c-platinum--3-6l-v6-gas/electrical--wiper-and-washer-system,,
Chrysler 300,C Platinum,3.6L V6 Gas,Electrical / Wiring Body And Accessories,pending,0,0,https://www.moparamerica.com/v-2017-chrysler-300--c-platinum--3-6l-v6-gas/electrical--wiring-body-and-accessories,,
Chrysler 300,C Platinum,3.6L V6 Gas,Electrical / Wiring Headlamp To Dash,pending,0,0,https://www.moparamerica.com/v-2017-chrysler-300--c-platinum--3-6l-v6-gas/electrical--wiring-headlamp-to-dash,,
Chrysler 300,C Platinum,3.6L V6 Gas,Electrical / Wiring Instrument Panel,pending,0,0,https://www.moparamerica.com/v-2017-chrysler-300--c-platinum--3-6l-v6-gas/electrical--wiring-instrument-panel,,
Chrysler 300,C Platinum,3.6L V6 Gas,Electrical / Wiring Powertrain,pending,0,0,https://www.moparamerica.com/v-2017-chrysler-300--c-platinum--3-6l-v6-gas/electrical--wiring-powertrain,,
Chrysler 300,C Platinum,3.6L V6 Gas,Emission Controls / Emission Harness,pending,0,0,https://www.moparamerica.com/v-2017-chrysler-300--c-platinum--3-6l-v6-gas/emission-controls--emission-harness,,
Chrysler 300,C Platinum,3.6L V6 Gas,Emission Controls / Vacuum Canister Leak Detection Pump,pending,0,0,https://www.moparamerica.com/v-2017-chrysler-300--c-platinum--3-6l-v6-gas/emission-controls--vacuum-canister-leak-detection-pump,,
Chrysler 300,C Platinum,3.6L V6 Gas,Exhaust / Exhaust System,pending,0,0,https://www.moparamerica.com/v-2017-chrysler-300--c-platinum--3-6l-v6-gas/exhaust--exhaust-system,,
Chrysler 300,C Platinum,3.6L V6 Gas,Exterior Ornamentation / Grilles,pending,0,0,https://www.moparamerica.com/v-2017-chrysler-300--c-platinum--3-6l-v6-gas/exterior-ornamentation--grilles,,
Chrysler 300,C Platinum,3.6L V6 Gas,Exterior Ornamentation / Moldings And Ornamentation,pending,0,0,https://www.moparamerica.com/v-2017-chrysler-300--c-platinum--3-6l-v6-gas/exterior-ornamentation--moldings-and-ornamentation,,
Chrysler 300,C Platinum,3.6L V6 Gas,Exterior Ornamentation / Nameplates,pending,0,0,https://www.moparamerica.com/v-2017-chrysler-300--c-platinum--3-6l-v6-gas/exterior-ornamentation--nameplates,,
Chrysler 300,C Platinum,3.6L V6 Gas,Frame Bumper And Fascia / Frames,pending,0,0,https://www.moparamerica.com/v-2017-chrysler-300--c-platinum--3-6l-v6-gas/frame-bumper-and-fascia--frames,,
Chrysler 300,C Platinum,3.6L V6 Gas,Frame Bumper And Fascia / Front Bumper And Fascia,pending,0,0,https://www.moparamerica.com/v-2017-chrysler-300--c-platinum--3-6l-v6-gas/frame-bumper-and-fascia--front-bumper-and-fascia,,
Chrysler 300,C Platinum,3.6L V6 Gas,Frame Bumper And Fascia / Rear Bumper And Fascia,pending,0,0,https://www.moparamerica.com/v-2017-chrysler-300--c-platinum--3-6l-v6-gas/frame-bumper-and-fascia--rear-bumper-and-fascia,,
Chrysler 300,C Platinum,3.6L V6 Gas,Front Suspension / Front Stabilizer Bar,pending,0,0,https://www.moparamerica.com/v-2017-chrysler-300--c-platinum--3-6l-v6-gas/front-suspension--front-stabilizer-bar,,
Chrysler 300,C Platinum,3.6L V6 Gas,Front Suspension / Front Suspension Strut And Cradle,pending,0,0,https://www.moparamerica.com/v-2017-chrysler-300--c-platinum--3-6l-v6-gas/front-suspension--front-suspension-strut-and-cradle,,
Chrysler 300,C Platinum,3.6L V6 Gas,Fuel / Accelerator Pedal,pending,0,0,https://www.moparamerica.com/v-2017-chrysler-300--c-platinum--3-6l-v6-gas/fuel--accelerator-pedal,,
Chrysler 300,C Platinum,3.6L V6 Gas,Fuel / Air Cleaner,pending,0,0,https://www.moparamerica.com/v-2017-chrysler-300--c-platinum--3-6l-v6-gas/fuel--air-cleaner,,
Chrysler 300,C Platinum,3.6L V6 Gas,Fuel / Fuel Lines,pending,0,0,https://www.moparamerica.com/v-2017-chrysler-300--c-platinum--3-6l-v6-gas/fuel--fuel-lines,,
Chrysler 300,C Platinum,3.6L V6 Gas,Fuel / Fuel Pump And Sending Unit,pending,0,0,https://www.moparamerica.com/v-2017-chrysler-300--c-platinum--3-6l-v6-gas/fuel--fuel-pump-and-sending-unit,,
Chrysler 300,C Platinum,3.6L V6 Gas,Fuel / Fuel Rail And Injectors,pending,0,0,https://www.moparamerica.com/v-2017-chrysler-300--c-platinum--3-6l-v6-gas/fuel--fuel-rail-and-injectors,,
Chrysler 300,C Platinum,3.6L V6 Gas,Fuel / Fuel Tank,pending,0,0,https://www.moparamerica.com/v-2017-chrysler-300--c-platinum--3-6l-v6-gas/fuel--fuel-tank,,
Chrysler 300,C Platinum,3.6L V6 Gas,Fuel / Fuel Tank Filler Tube,pending,0,0,https://www.moparamerica.com/v-2017-chrysler-300--c-platinum--3-6l-v6-gas/fuel--fuel-tank-filler-tube,,
Chrysler 300,C Platinum,3.6L V6 Gas,Fuel / Throttle Body,pending,0,0,https://www.moparamerica.com/v-2017-chrysler-300--c-platinum--3-6l-v6-gas/fuel--throttle-body,,
Chrysler 300,C Platinum,3.6L V6 Gas,Glass / Glass And Interior Rear View Mirror,pending,0,0,https://www.moparamerica.com/v-2017-chrysler-300--c-platinum--3-6l-v6-gas/glass--glass-and-interior-rear-view-mirror,,
Chrysler 300,C Platinum,3.6L V6 Gas,Interior Trim / Carpets Floor Mats Load Floor And Silencers,pending,0,0,https://www.moparamerica.com/v-2017-chrysler-300--c-platinum--3-6l-v6-gas/interior-trim--carpets-floor-mats-load-floor-and-silencers,,
Chrysler 300,C Platinum,3.6L V6 Gas,Interior Trim / Consoles,pending,0,0,https://www.moparamerica.com/v-2017-chrysler-300--c-platinum--3-6l-v6-gas/interior-trim--consoles,,
Chrysler 300,C Platinum,3.6L V6 Gas,Interior Trim / Door Trim Panels Front And Rear,pending,0,0,https://www.moparamerica.com/v-2017-chrysler-300--c-platinum--3-6l-v6-gas/interior-trim--door-trim-panels-front-and-rear,,
Chrysler 300,C Platinum,3.6L V6 Gas,Interior Trim / Front Seats Adjusters Recliners Shields And Risers,pending,0,0,https://www.moparamerica.com/v-2017-chrysler-300--c-platinum--3-6l-v6-gas/interior-trim--front-seats-adjusters-recliners-shields-and-risers,,
Chrysler 300,C Platinum,3.6L V6 Gas,Interior Trim / Front Seats First Row,pending,0,0,https://www.moparamerica.com/v-2017-chrysler-300--c-platinum--3-6l-v6-gas/interior-trim--front-seats-first-row,,
Chrysler 300,C Platinum,3.6L V6 Gas,Interior Trim / Headliners Visors Assist Straps,pending,0,0,https://www.moparamerica.com/v-2017-chrysler-300--c-platinum--3-6l-v6-gas/interior-trim--headliners-visors-assist-straps,,
Chrysler 300,C Platinum,3.6L V6 Gas,Interior Trim / Instrument Panel,pending,0,0,https://www.moparamerica.com/v-2017-chrysler-300--c-platinum--3-6l-v6-gas/interior-trim--instrument-panel,,
Chrysler 300,C Platinum,3.6L V6 Gas,Interior Trim / Panels Moldings Scuff Plates Pillar Cowl 1 4 Panel Trim And Cargo Covers,pending,0,0,https://www.moparamerica.com/v-2017-chrysler-300--c-platinum--3-6l-v6-gas/interior-trim--panels-moldings-scuff-plates-pillar-cowl-1-4-panel-trim-and-cargo-covers,,
Chrysler 300,C Platinum,3.6L V6 Gas,Interior Trim / Rear Seats Second Row,pending,0,0,https://www.moparamerica.com/v-2017-chrysler-300--c-platinum--3-6l-v6-gas/interior-trim--rear-seats-second-row,,
Chrysler 300,C Platinum,3.6L V6 Gas,Interior Trim / Rear Seats Second Row Adjusters Recliners Shields And Risers,pending,0,0,https://www.moparamerica.com/v-2017-chrysler-300--c-platinum--3-6l-v6-gas/interior-trim--rear-seats-second-row-adjusters-recliners-shields-and-risers,,
Chrysler 300,C Platinum,3.6L V6 Gas,Labels / Exterior,pending,0,0,https://www.moparamerica.com/v-2017-chrysler-300--c-platinum--3-6l-v6-gas/labels--exterior,,
Chrysler 300,C Platinum,3.6L V6 Gas,Labels / Trunk,pending,0,0,https://www.moparamerica.com/v-2017-chrysler-300--c-platinum--3-6l-v6-gas/labels--trunk,,
Chrysler 300,C Platinum,3.6L V6 Gas,Labels / Under Hood,pending,0,0,https://www.moparamerica.com/v-2017-chrysler-300--c-platinum--3-6l-v6-gas/labels--under-hood,,
Chrysler 300,C Platinum,3.6L V6 Gas,Mopar Accessories Component Parts / Audio And Electronics,pending,0,0,https://www.moparamerica.com/v-2017-chrysler-300--c-platinum--3-6l-v6-gas/mopar-accessories-component-parts--audio-and-electronics,,
Chrysler 300,C Platinum,3.6L V6 Gas,Mopar Accessories Component Parts / Driver Convenience,pending,0,0,https://www.moparamerica.com/v-2017-chrysler-300--c-platinum--3-6l-v6-gas/mopar-accessories-component-parts--driver-convenience,,
Chrysler 300,C Platinum,3.6L V6 Gas,Mopar Accessories Component Parts / Exterior Appearance,pending,0,0,https://www.moparamerica.com/v-2017-chrysler-300--c-platinum--3-6l-v6-gas/mopar-accessories-component-parts--exterior-appearance,,
Chrysler 300,C Platinum,3.6L V6 Gas,Mopar Accessories Component Parts / Fog Lights And Electrical,pending,0,0,https://www.moparamerica.com/v-2017-chrysler-300--c-platinum--3-6l-v6-gas/mopar-accessories-component-parts--fog-lights-and-electrical,,
Chrysler 300,C Platinum,3.6L V6 Gas,Mopar Accessories Component Parts / Interior Protection,pending,0,0,https://www.moparamerica.com/v-2017-chrysler-300--c-platinum--3-6l-v6-gas/mopar-accessories-component-parts--interior-protection,,
Chrysler 300,C Platinum,3.6L V6 Gas,Mopar Accessories Component Parts / Powertrain,pending,0,0,https://www.moparamerica.com/v-2017-chrysler-300--c-platinum--3-6l-v6-gas/mopar-accessories-component-parts--powertrain,,
Chrysler 300,C Platinum,3.6L V6 Gas,Power Transfer Unit Transfer Case / Case And Extension,pending,0,0,https://www.moparamerica.com/v-2017-chrysler-300--c-platinum--3-6l-v6-gas/power-transfer-unit-transfer-case--case-and-extension,,
Chrysler 300,C Platinum,3.6L V6 Gas,Power Transfer Unit Transfer Case / Gear Train,pending,0,0,https://www.moparamerica.com/v-2017-chrysler-300--c-platinum--3-6l-v6-gas/power-transfer-unit-transfer-case--gear-train,,
Chrysler 300,C Platinum,3.6L V6 Gas,Power Transfer Unit Transfer Case / Transfer Case Assembly,pending,0,0,https://www.moparamerica.com/v-2017-chrysler-300--c-platinum--3-6l-v6-gas/power-transfer-unit-transfer-case--transfer-case-assembly,,
Chrysler 300,C Platinum,3.6L V6 Gas,Rear Suspension / Rear Stabilizer,pending,0,0,https://www.moparamerica.com/v-2017-chrysler-300--c-platinum--3-6l-v6-gas/rear-suspension--rear-stabilizer,,
Chrysler 300,C Platinum,3.6L V6 Gas,Rear Suspension / Rear Suspension And Cradle,pending,0,0,https://www.moparamerica.com/v-2017-chrysler-300--c-platinum--3-6l-v6-gas/rear-suspension--rear-suspension-and-cradle,,
Chrysler 300,C Platinum,3.6L V6 Gas,Rear Wheel Drive Differential And Drive Line / Drive Shaft,pending,0,0,https://www.moparamerica.com/v-2017-chrysler-300--c-platinum--3-6l-v6-gas/rear-wheel-drive-differential-and-drive-line--drive-shaft,,
Chrysler 300,C Platinum,3.6L V6 Gas,Rear Wheel Drive Differential And Drive Line / Rear Axle Assembly,pending,0,0,https://www.moparamerica.com/v-2017-chrysler-300--c-platinum--3-6l-v6-gas/rear-wheel-drive-differential-and-drive-line--rear-axle-assembly,,
Chrysler 300,C Platinum,3.6L V6 Gas,Rear Wheel Drive Differential And Drive Line / Rear Axle Housing Differential And Vent,pending,0,0,https://www.moparamerica.com/v-2017-chrysler-300--c-platinum--3-6l-v6-gas/rear-wheel-drive-differential-and-drive-line--rear-axle-housing-differential-and-vent,,
Chrysler 300,C Platinum,3.6L V6 Gas,Rear Wheel Drive Differential And Drive Line / Rear Axle Shafts,pending,0,0,https://www.moparamerica.com/v-2017-chrysler-300--c-platinum--3-6l-v6-gas/rear-wheel-drive-differential-and-drive-line--rear-axle-shafts,,
Chrysler 300,C Platinum,3.6L V6 Gas,Restraints / Air Bags,pending,0,0,https://www.moparamerica.com/v-2017-chrysler-300--c-platinum--3-6l-v6-gas/restraints--air-bags,,
Chrysler 300,C Platinum,3.6L V6 Gas,Restraints / Seat Belts,pending,0,0,https://www.moparamerica.com/v-2017-chrysler-300--c-platinum--3-6l-v6-gas/restraints--seat-belts,,
Chrysler 300,C Platinum,3.6L V6 Gas,Steering / Steering Column And Intermediate Shaft,pending,0,0,https://www.moparamerica.com/v-2017-chrysler-300--c-platinum--3-6l-v6-gas/steering--steering-column-and-intermediate-shaft,,
Chrysler 300,C Platinum,3.6L V6 Gas,Steering / Steering Gear,pending,0,0,https://www.moparamerica.com/v-2017-chrysler-300--c-platinum--3-6l-v6-gas/steering--steering-gear,,
Chrysler 300,C Platinum,3.6L V6 Gas,Steering / Steering Wheel,pending,0,0,https://www.moparamerica.com/v-2017-chrysler-300--c-platinum--3-6l-v6-gas/steering--steering-wheel,,
Chrysler 300,C Platinum,3.6L V6 Gas,Wheels / Emergency Kit,pending,0,0,https://www.moparamerica.com/v-2017-chrysler-300--c-platinum--3-6l-v6-gas/wheels--emergency-kit,,
Chrysler 300,C Platinum,3.6L V6 Gas,Wheels / Jack Stowage,pending,0,0,https://www.moparamerica.com/v-2017-chrysler-300--c-platinum--3-6l-v6-gas/wheels--jack-stowage,,
Chrysler 300,C Platinum,3.6L V6 Gas,Wheels / Tire Monitoring System,pending,0,0,https://www.moparamerica.com/v-2017-chrysler-300--c-platinum--3-6l-v6-gas/wheels--tire-monitoring-system,,
Chrysler 300,C Platinum,3.6L V6 Gas,Wheels / Wheel Covers And Center Caps,pending,0,0,https://www.moparamerica.com/v-2017-chrysler-300--c-platinum--3-6l-v6-gas/wheels--wheel-covers-and-center-caps,,
Chrysler 300,C Platinum,3.6L V6 Gas,Wheels / Wheel Spare,pending,0,0,https://www.moparamerica.com/v-2017-chrysler-300--c-platinum--3-6l-v6-gas/wheels--wheel-spare,,
Chrysler 300,C Platinum,3.6L V6 Gas,Wheels / Wheels Tires And Hardware,pending,0,0,https://www.moparamerica.com/v-2017-chrysler-300--c-platinum--3-6l-v6-gas/wheels--wheels-tires-and-hardware,,
Chrysler 300,C Platinum,5.7L V8 Gas,3 0L Gas Engine / Engine Mounting,pending,0,0,https://www.moparamerica.com/v-2017-chrysler-300--c-platinum--5-7l-v8-gas/3-0l-gas-engine--engine-mounting,,
Chrysler 300,C Platinum,5.7L V8 Gas,3 0L Gas Engine / Engine Oiling Oil Pan And Indicator Dipstick,pending,0,0,https://www.moparamerica.com/v-2017-chrysler-300--c-platinum--5-7l-v8-gas/3-0l-gas-engine--engine-oiling-oil-pan-and-indicator-dipstick,,
Chrysler 300,C Platinum,5.7L V8 Gas,3 0L Gas Engine / Timing Belt Chain And Cover And Balance Shaft,pending,0,0,https://www.moparamerica.com/v-2017-chrysler-300--c-platinum--5-7l-v8-gas/3-0l-gas-engine--timing-belt-chain-and-cover-and-balance-shaft,,
Chrysler 300,C Platinum,5.7L V8 Gas,3 6L Gas Engine / Engine Mounting,pending,0,0,https://www.moparamerica.com/v-2017-chrysler-300--c-platinum--5-7l-v8-gas/3-6l-gas-engine--engine-mounting,,
Chrysler 300,C Platinum,5.7L V8 Gas,3 6L Gas Engine / Engine Oiling Oil Pan And Indicator Dipstick,pending,0,0,https://www.moparamerica.com/v-2017-chrysler-300--c-platinum--5-7l-v8-gas/3-6l-gas-engine--engine-oiling-oil-pan-and-indicator-dipstick,,
Chrysler 300,C Platinum,5.7L V8 Gas,3 6L Gas Engine / Timing Belt Chain And Cover And Balance Shaft,pending,0,0,https://www.moparamerica.com/v-2017-chrysler-300--c-platinum--5-7l-v8-gas/3-6l-gas-engine--timing-belt-chain-and-cover-and-balance-shaft,,
Chrysler 300,C Platinum,5.7L V8 Gas,5 7L Gas Engine / Camshaft And Valve,pending,0,0,https://www.moparamerica.com/v-2017-chrysler-300--c-platinum--5-7l-v8-gas/5-7l-gas-engine--camshaft-and-valve,,
Chrysler 300,C Platinum,5.7L V8 Gas,5 7L Gas Engine / Crankcase Ventilation,pending,0,0,https://www.moparamerica.com/v-2017-chrysler-300--c-platinum--5-7l-v8-gas/5-7l-gas-engine--crankcase-ventilation,,
Chrysler 300,C Platinum,5.7L V8 Gas,5 7L Gas Engine / Crankshaft Piston Drive Plate Flywheel And Damper,pending,0,0,https://www.moparamerica.com/v-2017-chrysler-300--c-platinum--5-7l-v8-gas/5-7l-gas-engine--crankshaft-piston-drive-plate-flywheel-and-damper,,
Chrysler 300,C Platinum,5.7L V8 Gas,5 7L Gas Engine / Cylinder Block,pending,0,0,https://www.moparamerica.com/v-2017-chrysler-300--c-platinum--5-7l-v8-gas/5-7l-gas-engine--cylinder-block,,
Chrysler 300,C Platinum,5.7L V8 Gas,5 7L Gas Engine / Cylinder Head,pending,0,0,https://www.moparamerica.com/v-2017-chrysler-300--c-platinum--5-7l-v8-gas/5-7l-gas-engine--cylinder-head,,
Chrysler 300,C Platinum,5.7L V8 Gas,5 7L Gas Engine / Engine Identification Service Engines And Engine Service Kits,pending,0,0,https://www.moparamerica.com/v-2017-chrysler-300--c-platinum--5-7l-v8-gas/5-7l-gas-engine--engine-identification-service-engines-and-engine-service-kits,,
Chrysler 300,C Platinum,5.7L V8 Gas,5 7L Gas Engine / Engine Mounting,pending,0,0,https://www.moparamerica.com/v-2017-chrysler-300--c-platinum--5-7l-v8-gas/5-7l-gas-engine--engine-mounting,,
Chrysler 300,C Platinum,5.7L V8 Gas,5 7L Gas Engine / Engine Oiling Oil Pan And Indicator Dipstick,pending,0,0,https://www.moparamerica.com/v-2017-chrysler-300--c-platinum--5-7l-v8-gas/5-7l-gas-engine--engine-oiling-oil-pan-and-indicator-dipstick,,
Chrysler 300,C Platinum,5.7L V8 Gas,5 7L Gas Engine / Manifolds And Vacuum Fittings,pending,0,0,https://www.moparamerica.com/v-2017-chrysler-300--c-platinum--5-7l-v8-gas/5-7l-gas-engine--manifolds-and-vacuum-fittings,,
Chrysler 300,C Platinum,5.7L V8 Gas,5 7L Gas Engine / Timing Belt Chain And Cover And Balance Shaft,pending,0,0,https://www.moparamerica.com/v-2017-chrysler-300--c-platinum--5-7l-v8-gas/5-7l-gas-engine--timing-belt-chain-and-cover-and-balance-shaft,,
Chrysler 300,C Platinum,5.7L V8 Gas,6 4L Gas Engine / Camshaft And Valve,pending,0,0,https://www.moparamerica.com/v-2017-chrysler-300--c-platinum--5-7l-v8-gas/6-4l-gas-engine--camshaft-and-valve,,
Chrysler 300,C Platinum,5.7L V8 Gas,6 4L Gas Engine / Cylinder Block,pending,0,0,https://www.moparamerica.com/v-2017-chrysler-300--c-platinum--5-7l-v8-gas/6-4l-gas-engine--cylinder-block,,
Chrysler 300,C Platinum,5.7L V8 Gas,6 4L Gas Engine / Engine Mounting,pending,0,0,https://www.moparamerica.com/v-2017-chrysler-300--c-platinum--5-7l-v8-gas/6-4l-gas-engine--engine-mounting,,
Chrysler 300,C Platinum,5.7L V8 Gas,6 4L Gas Engine / Engine Oil Cooler,pending,0,0,https://www.moparamerica.com/v-2017-chrysler-300--c-platinum--5-7l-v8-gas/6-4l-gas-engine--engine-oil-cooler,,
Chrysler 300,C Platinum,5.7L V8 Gas,6 4L Gas Engine / Engine Oiling Oil Pan And Indicator Dipstick,pending,0,0,https://www.moparamerica.com/v-2017-chrysler-300--c-platinum--5-7l-v8-gas/6-4l-gas-engine--engine-oiling-oil-pan-and-indicator-dipstick,,
Chrysler 300,C Platinum,5.7L V8 Gas,6 4L Gas Engine / Manifolds And Vacuum Fittings,pending,0,0,https://www.moparamerica.com/v-2017-chrysler-300--c-platinum--5-7l-v8-gas/6-4l-gas-engine--manifolds-and-vacuum-fittings,,
Chrysler 300,C Platinum,5.7L V8 Gas,845Re 8 Speed Automatic Transmission / Automatic Transmission Transaxle And Torque Converter,pending,0,0,https://www.moparamerica.com/v-2017-chrysler-300--c-platinum--5-7l-v8-gas/845re-8-speed-automatic-transmission--automatic-transmission-transaxle-and-torque-converter,,
Chrysler 300,C Platinum,5.7L V8 Gas,845Re 8 Speed Automatic Transmission / Gearshift Controls And Related Parts,pending,0,0,https://www.moparamerica.com/v-2017-chrysler-300--c-platinum--5-7l-v8-gas/845re-8-speed-automatic-transmission--gearshift-controls-and-related-parts,,
Chrysler 300,C Platinum,5.7L V8 Gas,845Re 8 Speed Automatic Transmission / Mounting And Skid Plate,pending,0,0,https://www.moparamerica.com/v-2017-chrysler-300--c-platinum--5-7l-v8-gas/845re-8-speed-automatic-transmission--mounting-and-skid-plate,,
Chrysler 300,C Platinum,5.7L V8 Gas,845Re 8 Speed Automatic Transmission / Oil Pump,pending,0,0,https://www.moparamerica.com/v-2017-chrysler-300--c-platinum--5-7l-v8-gas/845re-8-speed-automatic-transmission--oil-pump,,
Chrysler 300,C Platinum,5.7L V8 Gas,8Hp70 8 Speed Automatic Transmission / Automatic Transmission Transaxle And Torque Converter,pending,0,0,https://www.moparamerica.com/v-2017-chrysler-300--c-platinum--5-7l-v8-gas/8hp70-8-speed-automatic-transmission--automatic-transmission-transaxle-and-torque-converter,,
Chrysler 300,C Platinum,5.7L V8 Gas,8Hp70 8 Speed Automatic Transmission / Case Extension Oil Pan And Indicator Dipstick,pending,0,0,https://www.moparamerica.com/v-2017-chrysler-300--c-platinum--5-7l-v8-gas/8hp70-8-speed-automatic-transmission--case-extension-oil-pan-and-indicator-dipstick,,
Chrysler 300,C Platinum,5.7L V8 Gas,8Hp70 8 Speed Automatic Transmission / Gearshift Controls And Related Parts,pending,0,0,https://www.moparamerica.com/v-2017-chrysler-300--c-platinum--5-7l-v8-gas/8hp70-8-speed-automatic-transmission--gearshift-controls-and-related-parts,,
Chrysler 300,C Platinum,5.7L V8 Gas,8Hp70 8 Speed Automatic Transmission / Mounting And Skid Plate,pending,0,0,https://www.moparamerica.com/v-2017-chrysler-300--c-platinum--5-7l-v8-gas/8hp70-8-speed-automatic-transmission--mounting-and-skid-plate,,
Chrysler 300,C Platinum,5.7L V8 Gas,8Hp70 8 Speed Automatic Transmission / Oil Pump,pending,0,0,https://www.moparamerica.com/v-2017-chrysler-300--c-platinum--5-7l-v8-gas/8hp70-8-speed-automatic-transmission--oil-pump,,
Chrysler 300,C Platinum,5.7L V8 Gas,8Hp70 8 Speed Automatic Transmission / Valve Body Accumulator Solenoid And Parking Sprag,pending,0,0,https://www.moparamerica.com/v-2017-chrysler-300--c-platinum--5-7l-v8-gas/8hp70-8-speed-automatic-transmission--valve-body-accumulator-solenoid-and-parking-sprag,,
Chrysler 300,C Platinum,5.7L V8 Gas,Accessories,pending,0,0,https://www.moparamerica.com/v-2017-chrysler-300--c-platinum--5-7l-v8-gas/accessories,,
Chrysler 300,C Platinum,5.7L V8 Gas,Accessories Audio Video And Electronics Accessories / Charging Unit,pending,0,0,https://www.moparamerica.com/v-2017-chrysler-300--c-platinum--5-7l-v8-gas/accessories-audio-video-and-electronics-accessories--charging-unit,,
Chrysler 300,C Platinum,5.7L V8 Gas,Accessories Audio Video And Electronics Accessories / Remote Start,pending,0,0,https://www.moparamerica.com/v-2017-chrysler-300--c-platinum--5-7l-v8-gas/accessories-audio-video-and-electronics-accessories--remote-start,,
Chrysler 300,C Platinum,5.7L V8 Gas,Accessories Audio Video And Electronics Accessories / Security,pending,0,0,https://www.moparamerica.com/v-2017-chrysler-300--c-platinum--5-7l-v8-gas/accessories-audio-video-and-electronics-accessories--security,,
Chrysler 300,C Platinum,5.7L V8 Gas,Accessories Exterior Accessories / Air Deflectors,pending,0,0,https://www.moparamerica.com/v-2017-chrysler-300--c-platinum--5-7l-v8-gas/accessories-exterior-accessories--air-deflectors,,
Chrysler 300,C Platinum,5.7L V8 Gas,Accessories Exterior Accessories / Exterior Appearance,pending,0,0,https://www.moparamerica.com/v-2017-chrysler-300--c-platinum--5-7l-v8-gas/accessories-exterior-accessories--exterior-appearance,,
Chrysler 300,C Platinum,5.7L V8 Gas,Accessories Exterior Accessories / License Plate,pending,0,0,https://www.moparamerica.com/v-2017-chrysler-300--c-platinum--5-7l-v8-gas/accessories-exterior-accessories--license-plate,,
Chrysler 300,C Platinum,5.7L V8 Gas,Accessories Exterior Accessories / Locks,pending,0,0,https://www.moparamerica.com/v-2017-chrysler-300--c-platinum--5-7l-v8-gas/accessories-exterior-accessories--locks,,
Chrysler 300,C Platinum,5.7L V8 Gas,Accessories Exterior Accessories / Protective Guards,pending,0,0,https://www.moparamerica.com/v-2017-chrysler-300--c-platinum--5-7l-v8-gas/accessories-exterior-accessories--protective-guards,,
Chrysler 300,C Platinum,5.7L V8 Gas,Accessories Exterior Accessories / Splash Guards,pending,0,0,https://www.moparamerica.com/v-2017-chrysler-300--c-platinum--5-7l-v8-gas/accessories-exterior-accessories--splash-guards,,
Chrysler 300,C Platinum,5.7L V8 Gas,Accessories Exterior Accessories / Wheels,pending,0,0,https://www.moparamerica.com/v-2017-chrysler-300--c-platinum--5-7l-v8-gas/accessories-exterior-accessories--wheels,,
Chrysler 300,C Platinum,5.7L V8 Gas,Accessories Interior Accessories / Air Purification,pending,0,0,https://www.moparamerica.com/v-2017-chrysler-300--c-platinum--5-7l-v8-gas/accessories-interior-accessories--air-purification,,
Chrysler 300,C Platinum,5.7L V8 Gas,Accessories Interior Accessories / Cargo Trays And Mats,pending,0,0,https://www.moparamerica.com/v-2017-chrysler-300--c-platinum--5-7l-v8-gas/accessories-interior-accessories--cargo-trays-and-mats,,
Chrysler 300,C Platinum,5.7L V8 Gas,Accessories Interior Accessories / Floor Mats,pending,0,0,https://www.moparamerica.com/v-2017-chrysler-300--c-platinum--5-7l-v8-gas/accessories-interior-accessories--floor-mats,,
Chrysler 300,C Platinum,5.7L V8 Gas,Accessories Interior Accessories / Interior Appearance,pending,0,0,https://www.moparamerica.com/v-2017-chrysler-300--c-platinum--5-7l-v8-gas/accessories-interior-accessories--interior-appearance,,
Chrysler 300,C Platinum,5.7L V8 Gas,Accessories Lifestyle And Off Road Accessories / Safety Kits,pending,0,0,https://www.moparamerica.com/v-2017-chrysler-300--c-platinum--5-7l-v8-gas/accessories-lifestyle-and-off-road-accessories--safety-kits,,
Chrysler 300,C Platinum,5.7L V8 Gas,Accessories Lighting And Electrical Accessories / Charging Unit,pending,0,0,https://www.moparamerica.com/v-2017-chrysler-300--c-platinum--5-7l-v8-gas/accessories-lighting-and-electrical-accessories--charging-unit,,
Chrysler 300,C Platinum,5.7L V8 Gas,Accessories Modern Performance / Engine Parts,pending,0,0,https://www.moparamerica.com/v-2017-chrysler-300--c-platinum--5-7l-v8-gas/accessories-modern-performance--engine-parts,,
Chrysler 300,C Platinum,5.7L V8 Gas,Accessories Modern Performance / Intake And Air,pending,0,0,https://www.moparamerica.com/v-2017-chrysler-300--c-platinum--5-7l-v8-gas/accessories-modern-performance--intake-and-air,,
Chrysler 300,C Platinum,5.7L V8 Gas,Accessories Modern Performance / Suspension,pending,0,0,https://www.moparamerica.com/v-2017-chrysler-300--c-platinum--5-7l-v8-gas/accessories-modern-performance--suspension,,
Chrysler 300,C Platinum,5.7L V8 Gas,Accessories Vehicle Care Products / Mopar,pending,0,0,https://www.moparamerica.com/v-2017-chrysler-300--c-platinum--5-7l-v8-gas/accessories-vehicle-care-products--mopar,,
Chrysler 300,C Platinum,5.7L V8 Gas,Accessories Vehicle Care Products / Touch Up Paint,pending,0,0,https://www.moparamerica.com/v-2017-chrysler-300--c-platinum--5-7l-v8-gas/accessories-vehicle-care-products--touch-up-paint,,
Chrysler 300,C Platinum,5.7L V8 Gas,Air Conditioners And Heaters / Air Conditioner And Heater Controls,pending,0,0,https://www.moparamerica.com/v-2017-chrysler-300--c-platinum--5-7l-v8-gas/air-conditioners-and-heaters--air-conditioner-and-heater-controls,,
Chrysler 300,C Platinum,5.7L V8 Gas,Air Conditioners And Heaters / Air Conditioner And Heater Plumbing,pending,0,0,https://www.moparamerica.com/v-2017-chrysler-300--c-platinum--5-7l-v8-gas/air-conditioners-and-heaters--air-conditioner-and-heater-plumbing,,
Chrysler 300,C Platinum,5.7L V8 Gas,Air Conditioners And Heaters / Air Conditioner And Heater Units,pending,0,0,https://www.moparamerica.com/v-2017-chrysler-300--c-platinum--5-7l-v8-gas/air-conditioners-and-heaters--air-conditioner-and-heater-units,,
Chrysler 300,C Platinum,5.7L V8 Gas,Air Conditioners And Heaters / Air Conditioner Compressor And Mounting,pending,0,0,https://www.moparamerica.com/v-2017-chrysler-300--c-platinum--5-7l-v8-gas/air-conditioners-and-heaters--air-conditioner-compressor-and-mounting,,
Chrysler 300,C Platinum,5.7L V8 Gas,Air Conditioners And Heaters / Air Ducts,pending,0,0,https://www.moparamerica.com/v-2017-chrysler-300--c-platinum--5-7l-v8-gas/air-conditioners-and-heaters--air-ducts,,
Chrysler 300,C Platinum,5.7L V8 Gas,All Wheel Drive Differential And Drive Line / Drive Shaft,pending,0,0,https://www.moparamerica.com/v-2017-chrysler-300--c-platinum--5-7l-v8-gas/all-wheel-drive-differential-and-drive-line--drive-shaft,,
Chrysler 300,C Platinum,5.7L V8 Gas,All Wheel Drive Differential And Drive Line / Front Axle Assembly,pending,0,0,https://www.moparamerica.com/v-2017-chrysler-300--c-platinum--5-7l-v8-gas/all-wheel-drive-differential-and-drive-line--front-axle-assembly,,
Chrysler 300,C Platinum,5.7L V8 Gas,All Wheel Drive Differential And Drive Line / Front Axle Drive Shafts,pending,0,0,https://www.moparamerica.com/v-2017-chrysler-300--c-platinum--5-7l-v8-gas/all-wheel-drive-differential-and-drive-line--front-axle-drive-shafts,,
Chrysler 300,C Platinum,5.7L V8 Gas,All Wheel Drive Differential And Drive Line / Rear Axle Assembly,pending,0,0,https://www.moparamerica.com/v-2017-chrysler-300--c-platinum--5-7l-v8-gas/all-wheel-drive-differential-and-drive-line--rear-axle-assembly,,
Chrysler 300,C Platinum,5.7L V8 Gas,All Wheel Drive Differential And Drive Line / Rear Axle Housing Differential And Vent,pending,0,0,https://www.moparamerica.com/v-2017-chrysler-300--c-platinum--5-7l-v8-gas/all-wheel-drive-differential-and-drive-line--rear-axle-housing-differential-and-vent,,
Chrysler 300,C Platinum,5.7L V8 Gas,Auto Parts,pending,0,0,https://www.moparamerica.com/v-2017-chrysler-300--c-platinum--5-7l-v8-gas/auto-parts,,
Chrysler 300,C Platinum,5.7L V8 Gas,Body Sheet Metal Except Doors / Aperture Panel And Pillar Supports,pending,0,0,https://www.moparamerica.com/v-2017-chrysler-300--c-platinum--5-7l-v8-gas/body-sheet-metal-except-doors--aperture-panel-and-pillar-supports,,
Chrysler 300,C Platinum,5.7L V8 Gas,Body Sheet Metal Except Doors / Cowl And Dash Panel,pending,0,0,https://www.moparamerica.com/v-2017-chrysler-300--c-platinum--5-7l-v8-gas/body-sheet-metal-except-doors--cowl-and-dash-panel,,
Chrysler 300,C Platinum,5.7L V8 Gas,Body Sheet Metal Except Doors / Deck Lid,pending,0,0,https://www.moparamerica.com/v-2017-chrysler-300--c-platinum--5-7l-v8-gas/body-sheet-metal-except-doors--deck-lid,,
Chrysler 300,C Platinum,5.7L V8 Gas,Body Sheet Metal Except Doors / Fenders,pending,0,0,https://www.moparamerica.com/v-2017-chrysler-300--c-platinum--5-7l-v8-gas/body-sheet-metal-except-doors--fenders,,
Chrysler 300,C Platinum,5.7L V8 Gas,Body Sheet Metal Except Doors / Floor Pans,pending,0,0,https://www.moparamerica.com/v-2017-chrysler-300--c-platinum--5-7l-v8-gas/body-sheet-metal-except-doors--floor-pans,,
Chrysler 300,C Platinum,5.7L V8 Gas,Body Sheet Metal Except Doors / Hood And Hood Release,pending,0,0,https://www.moparamerica.com/v-2017-chrysler-300--c-platinum--5-7l-v8-gas/body-sheet-metal-except-doors--hood-and-hood-release,,
Chrysler 300,C Platinum,5.7L V8 Gas,Body Sheet Metal Except Doors / Pick Up Box And Fuel Filler Door,pending,0,0,https://www.moparamerica.com/v-2017-chrysler-300--c-platinum--5-7l-v8-gas/body-sheet-metal-except-doors--pick-up-box-and-fuel-filler-door,,
Chrysler 300,C Platinum,5.7L V8 Gas,Body Sheet Metal Except Doors / Plugs,pending,0,0,https://www.moparamerica.com/v-2017-chrysler-300--c-platinum--5-7l-v8-gas/body-sheet-metal-except-doors--plugs,,
Chrysler 300,C Platinum,5.7L V8 Gas,Body Sheet Metal Except Doors / Roof,pending,0,0,https://www.moparamerica.com/v-2017-chrysler-300--c-platinum--5-7l-v8-gas/body-sheet-metal-except-doors--roof,,
Chrysler 300,C Platinum,5.7L V8 Gas,Body Sheet Metal Except Doors / Shelf Panel,pending,0,0,https://www.moparamerica.com/v-2017-chrysler-300--c-platinum--5-7l-v8-gas/body-sheet-metal-except-doors--shelf-panel,,
Chrysler 300,C Platinum,5.7L V8 Gas,Body Sheet Metal Except Doors / Sunroof,pending,0,0,https://www.moparamerica.com/v-2017-chrysler-300--c-platinum--5-7l-v8-gas/body-sheet-metal-except-doors--sunroof,,
Chrysler 300,C Platinum,5.7L V8 Gas,Brakes / Brake Master Cylinder,pending,0,0,https://www.moparamerica.com/v-2017-chrysler-300--c-platinum--5-7l-v8-gas/brakes--brake-master-cylinder,,
Chrysler 300,C Platinum,5.7L V8 Gas,Brakes / Brake Pedals,pending,0,0,https://www.moparamerica.com/v-2017-chrysler-300--c-platinum--5-7l-v8-gas/brakes--brake-pedals,,
Chrysler 300,C Platinum,5.7L V8 Gas,Brakes / Front Brakes,pending,0,0,https://www.moparamerica.com/v-2017-chrysler-300--c-platinum--5-7l-v8-gas/brakes--front-brakes,,
Chrysler 300,C Platinum,5.7L V8 Gas,Brakes / Hydraulic Control Unit Brake Tubes And Hoses,pending,0,0,https://www.moparamerica.com/v-2017-chrysler-300--c-platinum--5-7l-v8-gas/brakes--hydraulic-control-unit-brake-tubes-and-hoses,,
Chrysler 300,C Platinum,5.7L V8 Gas,Brakes / Parking Brake Lever Cables And Rear Disc Park Brake Assembly,pending,0,0,https://www.moparamerica.com/v-2017-chrysler-300--c-platinum--5-7l-v8-gas/brakes--parking-brake-lever-cables-and-rear-disc-park-brake-assembly,,
Chrysler 300,C Platinum,5.7L V8 Gas,Brakes / Power Brake Booster,pending,0,0,https://www.moparamerica.com/v-2017-chrysler-300--c-platinum--5-7l-v8-gas/brakes--power-brake-booster,,
Chrysler 300,C Platinum,5.7L V8 Gas,Brakes / Rear Brakes,pending,0,0,https://www.moparamerica.com/v-2017-chrysler-300--c-platinum--5-7l-v8-gas/brakes--rear-brakes,,
Chrysler 300,C Platinum,5.7L V8 Gas,Cooling / Drive Belts,pending,0,0,https://www.moparamerica.com/v-2017-chrysler-300--c-platinum--5-7l-v8-gas/cooling--drive-belts,,
Chrysler 300,C Platinum,5.7L V8 Gas,Cooling / Engine Coolant Reservoir Bottle,pending,0,0,https://www.moparamerica.com/v-2017-chrysler-300--c-platinum--5-7l-v8-gas/cooling--engine-coolant-reservoir-bottle,,
Chrysler 300,C Platinum,5.7L V8 Gas,Cooling / Pulleys And Related Parts,pending,0,0,https://www.moparamerica.com/v-2017-chrysler-300--c-platinum--5-7l-v8-gas/cooling--pulleys-and-related-parts,,
Chrysler 300,C Platinum,5.7L V8 Gas,Cooling / Radiator And Related Parts Charge Air Cooler,pending,0,0,https://www.moparamerica.com/v-2017-chrysler-300--c-platinum--5-7l-v8-gas/cooling--radiator-and-related-parts-charge-air-cooler,,
Chrysler 300,C Platinum,5.7L V8 Gas,Cooling / Transmission Oil Cooler And Lines,pending,0,0,https://www.moparamerica.com/v-2017-chrysler-300--c-platinum--5-7l-v8-gas/cooling--transmission-oil-cooler-and-lines,,
Chrysler 300,C Platinum,5.7L V8 Gas,Cooling / Water Pump And Related Parts,pending,0,0,https://www.moparamerica.com/v-2017-chrysler-300--c-platinum--5-7l-v8-gas/cooling--water-pump-and-related-parts,,
Chrysler 300,C Platinum,5.7L V8 Gas,Doors Door Mirrors And Related Parts / Exterior Mirror,pending,0,0,https://www.moparamerica.com/v-2017-chrysler-300--c-platinum--5-7l-v8-gas/doors-door-mirrors-and-related-parts--exterior-mirror,,
Chrysler 300,C Platinum,5.7L V8 Gas,Doors Door Mirrors And Related Parts / Front Door,pending,0,0,https://www.moparamerica.com/v-2017-chrysler-300--c-platinum--5-7l-v8-gas/doors-door-mirrors-and-related-parts--front-door,,
Chrysler 300,C Platinum,5.7L V8 Gas,Doors Door Mirrors And Related Parts / Rear Door,pending,0,0,https://www.moparamerica.com/v-2017-chrysler-300--c-platinum--5-7l-v8-gas/doors-door-mirrors-and-related-parts--rear-door,,
Chrysler 300,C Platinum,5.7L V8 Gas,Doors Door Mirrors And Related Parts / Weatherstrips And Seals,pending,0,0,https://www.moparamerica.com/v-2017-chrysler-300--c-platinum--5-7l-v8-gas/doors-door-mirrors-and-related-parts--weatherstrips-and-seals,,
Chrysler 300,C Platinum,5.7L V8 Gas,Electrical / Battery Battery Tray And Cables,pending,0,0,https://www.moparamerica.com/v-2017-chrysler-300--c-platinum--5-7l-v8-gas/electrical--battery-battery-tray-and-cables,,
Chrysler 300,C Platinum,5.7L V8 Gas,Electrical / Generators Alternators,pending,0,0,https://www.moparamerica.com/v-2017-chrysler-300--c-platinum--5-7l-v8-gas/electrical--generators-alternators,,
Chrysler 300,C Platinum,5.7L V8 Gas,Electrical / Horns,pending,0,0,https://www.moparamerica.com/v-2017-chrysler-300--c-platinum--5-7l-v8-gas/electrical--horns,,
Chrysler 300,C Platinum,5.7L V8 Gas,Electrical / Ignition Spark Plugs Cables Coils And Glow Plugs,pending,0,0,https://www.moparamerica.com/v-2017-chrysler-300--c-platinum--5-7l-v8-gas/electrical--ignition-spark-plugs-cables-coils-and-glow-plugs,,
Chrysler 300,C Platinum,5.7L V8 Gas,Electrical / Instrument Panel Cluster,pending,0,0,https://www.moparamerica.com/v-2017-chrysler-300--c-platinum--5-7l-v8-gas/electrical--instrument-panel-cluster,,
Chrysler 300,C Platinum,5.7L V8 Gas,Electrical / Keys Modules And Engine Controllers,pending,0,0,https://www.moparamerica.com/v-2017-chrysler-300--c-platinum--5-7l-v8-gas/electrical--keys-modules-and-engine-controllers,,
Chrysler 300,C Platinum,5.7L V8 Gas,Electrical / Lamps Interior And Exterior,pending,0,0,https://www.moparamerica.com/v-2017-chrysler-300--c-platinum--5-7l-v8-gas/electrical--lamps-interior-and-exterior,,
Chrysler 300,C Platinum,5.7L V8 Gas,Electrical / Park Assist,pending,0,0,https://www.moparamerica.com/v-2017-chrysler-300--c-platinum--5-7l-v8-gas/electrical--park-assist,,
Chrysler 300,C Platinum,5.7L V8 Gas,Electrical / Power Distribution Center Fuse Block Junction Block Relays And Fuses,pending,0,0,https://www.moparamerica.com/v-2017-chrysler-300--c-platinum--5-7l-v8-gas/electrical--power-distribution-center-fuse-block-junction-block-relays-and-fuses,,
Chrysler 300,C Platinum,5.7L V8 Gas,Electrical / Radio Antenna Speakers Dvd And Video Systems,pending,0,0,https://www.moparamerica.com/v-2017-chrysler-300--c-platinum--5-7l-v8-gas/electrical--radio-antenna-speakers-dvd-and-video-systems,,
Chrysler 300,C Platinum,5.7L V8 Gas,Electrical / Sensors,pending,0,0,https://www.moparamerica.com/v-2017-chrysler-300--c-platinum--5-7l-v8-gas/electrical--sensors,,
Chrysler 300,C Platinum,5.7L V8 Gas,Electrical / Speed Control,pending,0,0,https://www.moparamerica.com/v-2017-chrysler-300--c-platinum--5-7l-v8-gas/electrical--speed-control,,
Chrysler 300,C Platinum,5.7L V8 Gas,Electrical / Starters,pending,0,0,https://www.moparamerica.com/v-2017-chrysler-300--c-platinum--5-7l-v8-gas/electrical--starters,,
Chrysler 300,C Platinum,5.7L V8 Gas,Electrical / Switches,pending,0,0,https://www.moparamerica.com/v-2017-chrysler-300--c-platinum--5-7l-v8-gas/electrical--switches,,
Chrysler 300,C Platinum,5.7L V8 Gas,Electrical / Wiper And Washer System,pending,0,0,https://www.moparamerica.com/v-2017-chrysler-300--c-platinum--5-7l-v8-gas/electrical--wiper-and-washer-system,,
Chrysler 300,C Platinum,5.7L V8 Gas,Electrical / Wiring Body And Accessories,pending,0,0,https://www.moparamerica.com/v-2017-chrysler-300--c-platinum--5-7l-v8-gas/electrical--wiring-body-and-accessories,,
Chrysler 300,C Platinum,5.7L V8 Gas,Electrical / Wiring Headlamp To Dash,pending,0,0,https://www.moparamerica.com/v-2017-chrysler-300--c-platinum--5-7l-v8-gas/electrical--wiring-headlamp-to-dash,,
Chrysler 300,C Platinum,5.7L V8 Gas,Electrical / Wiring Instrument Panel,pending,0,0,https://www.moparamerica.com/v-2017-chrysler-300--c-platinum--5-7l-v8-gas/electrical--wiring-instrument-panel,,
Chrysler 300,C Platinum,5.7L V8 Gas,Electrical / Wiring Powertrain,pending,0,0,https://www.moparamerica.com/v-2017-chrysler-300--c-platinum--5-7l-v8-gas/electrical--wiring-powertrain,,
Chrysler 300,C Platinum,5.7L V8 Gas,Emission Controls / Emission Harness,pending,0,0,https://www.moparamerica.com/v-2017-chrysler-300--c-platinum--5-7l-v8-gas/emission-controls--emission-harness,,
Chrysler 300,C Platinum,5.7L V8 Gas,Emission Controls / Vacuum Canister Leak Detection Pump,pending,0,0,https://www.moparamerica.com/v-2017-chrysler-300--c-platinum--5-7l-v8-gas/emission-controls--vacuum-canister-leak-detection-pump,,
Chrysler 300,C Platinum,5.7L V8 Gas,Exhaust / Exhaust System,pending,0,0,https://www.moparamerica.com/v-2017-chrysler-300--c-platinum--5-7l-v8-gas/exhaust--exhaust-system,,
Chrysler 300,C Platinum,5.7L V8 Gas,Exterior Ornamentation / Grilles,pending,0,0,https://www.moparamerica.com/v-2017-chrysler-300--c-platinum--5-7l-v8-gas/exterior-ornamentation--grilles,,
Chrysler 300,C Platinum,5.7L V8 Gas,Exterior Ornamentation / Moldings And Ornamentation,pending,0,0,https://www.moparamerica.com/v-2017-chrysler-300--c-platinum--5-7l-v8-gas/exterior-ornamentation--moldings-and-ornamentation,,
Chrysler 300,C Platinum,5.7L V8 Gas,Exterior Ornamentation / Nameplates,pending,0,0,https://www.moparamerica.com/v-2017-chrysler-300--c-platinum--5-7l-v8-gas/exterior-ornamentation--nameplates,,
Chrysler 300,C Platinum,5.7L V8 Gas,Frame Bumper And Fascia / Frames,pending,0,0,https://www.moparamerica.com/v-2017-chrysler-300--c-platinum--5-7l-v8-gas/frame-bumper-and-fascia--frames,,
Chrysler 300,C Platinum,5.7L V8 Gas,Frame Bumper And Fascia / Front Bumper And Fascia,pending,0,0,https://www.moparamerica.com/v-2017-chrysler-300--c-platinum--5-7l-v8-gas/frame-bumper-and-fascia--front-bumper-and-fascia,,
Chrysler 300,C Platinum,5.7L V8 Gas,Frame Bumper And Fascia / Rear Bumper And Fascia,pending,0,0,https://www.moparamerica.com/v-2017-chrysler-300--c-platinum--5-7l-v8-gas/frame-bumper-and-fascia--rear-bumper-and-fascia,,
Chrysler 300,C Platinum,5.7L V8 Gas,Front Suspension / Front Stabilizer Bar,pending,0,0,https://www.moparamerica.com/v-2017-chrysler-300--c-platinum--5-7l-v8-gas/front-suspension--front-stabilizer-bar,,
Chrysler 300,C Platinum,5.7L V8 Gas,Front Suspension / Front Suspension Strut And Cradle,pending,0,0,https://www.moparamerica.com/v-2017-chrysler-300--c-platinum--5-7l-v8-gas/front-suspension--front-suspension-strut-and-cradle,,
Chrysler 300,C Platinum,5.7L V8 Gas,Fuel / Accelerator Pedal,pending,0,0,https://www.moparamerica.com/v-2017-chrysler-300--c-platinum--5-7l-v8-gas/fuel--accelerator-pedal,,
Chrysler 300,C Platinum,5.7L V8 Gas,Fuel / Air Cleaner,pending,0,0,https://www.moparamerica.com/v-2017-chrysler-300--c-platinum--5-7l-v8-gas/fuel--air-cleaner,,
Chrysler 300,C Platinum,5.7L V8 Gas,Fuel / Fuel Lines,pending,0,0,https://www.moparamerica.com/v-2017-chrysler-300--c-platinum--5-7l-v8-gas/fuel--fuel-lines,,
Chrysler 300,C Platinum,5.7L V8 Gas,Fuel / Fuel Pump And Sending Unit,pending,0,0,https://www.moparamerica.com/v-2017-chrysler-300--c-platinum--5-7l-v8-gas/fuel--fuel-pump-and-sending-unit,,
Chrysler 300,C Platinum,5.7L V8 Gas,Fuel / Fuel Rail And Injectors,pending,0,0,https://www.moparamerica.com/v-2017-chrysler-300--c-platinum--5-7l-v8-gas/fuel--fuel-rail-and-injectors,,
Chrysler 300,C Platinum,5.7L V8 Gas,Fuel / Fuel Tank,pending,0,0,https://www.moparamerica.com/v-2017-chrysler-300--c-platinum--5-7l-v8-gas/fuel--fuel-tank,,
Chrysler 300,C Platinum,5.7L V8 Gas,Fuel / Fuel Tank Filler Tube,pending,0,0,https://www.moparamerica.com/v-2017-chrysler-300--c-platinum--5-7l-v8-gas/fuel--fuel-tank-filler-tube,,
Chrysler 300,C Platinum,5.7L V8 Gas,Fuel / Throttle Body,pending,0,0,https://www.moparamerica.com/v-2017-chrysler-300--c-platinum--5-7l-v8-gas/fuel--throttle-body,,
Chrysler 300,C Platinum,5.7L V8 Gas,Glass / Glass And Interior Rear View Mirror,pending,0,0,https://www.moparamerica.com/v-2017-chrysler-300--c-platinum--5-7l-v8-gas/glass--glass-and-interior-rear-view-mirror,,
Chrysler 300,C Platinum,5.7L V8 Gas,Interior Trim / Carpets Floor Mats Load Floor And Silencers,pending,0,0,https://www.moparamerica.com/v-2017-chrysler-300--c-platinum--5-7l-v8-gas/interior-trim--carpets-floor-mats-load-floor-and-silencers,,
Chrysler 300,C Platinum,5.7L V8 Gas,Interior Trim / Consoles,pending,0,0,https://www.moparamerica.com/v-2017-chrysler-300--c-platinum--5-7l-v8-gas/interior-trim--consoles,,
Chrysler 300,C Platinum,5.7L V8 Gas,Interior Trim / Door Trim Panels Front And Rear,pending,0,0,https://www.moparamerica.com/v-2017-chrysler-300--c-platinum--5-7l-v8-gas/interior-trim--door-trim-panels-front-and-rear,,
Chrysler 300,C Platinum,5.7L V8 Gas,Interior Trim / Front Seats Adjusters Recliners Shields And Risers,pending,0,0,https://www.moparamerica.com/v-2017-chrysler-300--c-platinum--5-7l-v8-gas/interior-trim--front-seats-adjusters-recliners-shields-and-risers,,
Chrysler 300,C Platinum,5.7L V8 Gas,Interior Trim / Front Seats First Row,pending,0,0,https://www.moparamerica.com/v-2017-chrysler-300--c-platinum--5-7l-v8-gas/interior-trim--front-seats-first-row,,
Chrysler 300,C Platinum,5.7L V8 Gas,Interior Trim / Headliners Visors Assist Straps,pending,0,0,https://www.moparamerica.com/v-2017-chrysler-300--c-platinum--5-7l-v8-gas/interior-trim--headliners-visors-assist-straps,,
Chrysler 300,C Platinum,5.7L V8 Gas,Interior Trim / Instrument Panel,pending,0,0,https://www.moparamerica.com/v-2017-chrysler-300--c-platinum--5-7l-v8-gas/interior-trim--instrument-panel,,
Chrysler 300,C Platinum,5.7L V8 Gas,Interior Trim / Panels Moldings Scuff Plates Pillar Cowl 1 4 Panel Trim And Cargo Covers,pending,0,0,https://www.moparamerica.com/v-2017-chrysler-300--c-platinum--5-7l-v8-gas/interior-trim--panels-moldings-scuff-plates-pillar-cowl-1-4-panel-trim-and-cargo-covers,,
Chrysler 300,C Platinum,5.7L V8 Gas,Interior Trim / Rear Seats Second Row,pending,0,0,https://www.moparamerica.com/v-2017-chrysler-300--c-platinum--5-7l-v8-gas/interior-trim--rear-seats-second-row,,
Chrysler 300,C Platinum,5.7L V8 Gas,Interior Trim / Rear Seats Second Row Adjusters Recliners Shields And Risers,pending,0,0,https://www.moparamerica.com/v-2017-chrysler-300--c-platinum--5-7l-v8-gas/interior-trim--rear-seats-second-row-adjusters-recliners-shields-and-risers,,
Chrysler 300,C Platinum,5.7L V8 Gas,Labels / Trunk,pending,0,0,https://www.moparamerica.com/v-2017-chrysler-300--c-platinum--5-7l-v8-gas/labels--trunk,,
Chrysler 300,C Platinum,5.7L V8 Gas,Labels / Under Hood,pending,0,0,https://www.moparamerica.com/v-2017-chrysler-300--c-platinum--5-7l-v8-gas/labels--under-hood,,
Chrysler 300,C Platinum,5.7L V8 Gas,Mopar Accessories Component Parts / Audio And Electronics,pending,0,0,https://www.moparamerica.com/v-2017-chrysler-300--c-platinum--5-7l-v8-gas/mopar-accessories-component-parts--audio-and-electronics,,
Chrysler 300,C Platinum,5.7L V8 Gas,Mopar Accessories Component Parts / Driver Convenience,pending,0,0,https://www.moparamerica.com/v-2017-chrysler-300--c-platinum--5-7l-v8-gas/mopar-accessories-component-parts--driver-convenience,,
Chrysler 300,C Platinum,5.7L V8 Gas,Mopar Accessories Component Parts / Exterior Appearance,pending,0,0,https://www.moparamerica.com/v-2017-chrysler-300--c-platinum--5-7l-v8-gas/mopar-accessories-component-parts--exterior-appearance,,
Chrysler 300,C Platinum,5.7L V8 Gas,Mopar Accessories Component Parts / Fog Lights And Electrical,pending,0,0,https://www.moparamerica.com/v-2017-chrysler-300--c-platinum--5-7l-v8-gas/mopar-accessories-component-parts--fog-lights-and-electrical,,
Chrysler 300,C Platinum,5.7L V8 Gas,Mopar Accessories Component Parts / Interior Protection,pending,0,0,https://www.moparamerica.com/v-2017-chrysler-300--c-platinum--5-7l-v8-gas/mopar-accessories-component-parts--interior-protection,,
Chrysler 300,C Platinum,5.7L V8 Gas,Mopar Accessories Component Parts / Powertrain,pending,0,0,https://www.moparamerica.com/v-2017-chrysler-300--c-platinum--5-7l-v8-gas/mopar-accessories-component-parts--powertrain,,
Chrysler 300,C Platinum,5.7L V8 Gas,Power Transfer Unit Transfer Case / Case And Extension,pending,0,0,https://www.moparamerica.com/v-2017-chrysler-300--c-platinum--5-7l-v8-gas/power-transfer-unit-transfer-case--case-and-extension,,
Chrysler 300,C Platinum,5.7L V8 Gas,Rear Suspension / Rear Stabilizer,pending,0,0,https://www.moparamerica.com/v-2017-chrysler-300--c-platinum--5-7l-v8-gas/rear-suspension--rear-stabilizer,,
Chrysler 300,C Platinum,5.7L V8 Gas,Rear Suspension / Rear Suspension And Cradle,pending,0,0,https://www.moparamerica.com/v-2017-chrysler-300--c-platinum--5-7l-v8-gas/rear-suspension--rear-suspension-and-cradle,,
Chrysler 300,C Platinum,5.7L V8 Gas,Rear Wheel Drive Differential And Drive Line / Drive Shaft,pending,0,0,https://www.moparamerica.com/v-2017-chrysler-300--c-platinum--5-7l-v8-gas/rear-wheel-drive-differential-and-drive-line--drive-shaft,,
Chrysler 300,C Platinum,5.7L V8 Gas,Rear Wheel Drive Differential And Drive Line / Rear Axle Assembly,pending,0,0,https://www.moparamerica.com/v-2017-chrysler-300--c-platinum--5-7l-v8-gas/rear-wheel-drive-differential-and-drive-line--rear-axle-assembly,,
Chrysler 300,C Platinum,5.7L V8 Gas,Rear Wheel Drive Differential And Drive Line / Rear Axle Housing Differential And Vent,pending,0,0,https://www.moparamerica.com/v-2017-chrysler-300--c-platinum--5-7l-v8-gas/rear-wheel-drive-differential-and-drive-line--rear-axle-housing-differential-and-vent,,
Chrysler 300,C Platinum,5.7L V8 Gas,Rear Wheel Drive Differential And Drive Line / Rear Axle Shafts,pending,0,0,https://www.moparamerica.com/v-2017-chrysler-300--c-platinum--5-7l-v8-gas/rear-wheel-drive-differential-and-drive-line--rear-axle-shafts,,
Chrysler 300,C Platinum,5.7L V8 Gas,Restraints / Air Bags,pending,0,0,https://www.moparamerica.com/v-2017-chrysler-300--c-platinum--5-7l-v8-gas/restraints--air-bags,,
Chrysler 300,C Platinum,5.7L V8 Gas,Restraints / Seat Belts,pending,0,0,https://www.moparamerica.com/v-2017-chrysler-300--c-platinum--5-7l-v8-gas/restraints--seat-belts,,
Chrysler 300,C Platinum,5.7L V8 Gas,Steering / Steering Column And Intermediate Shaft,pending,0,0,https://www.moparamerica.com/v-2017-chrysler-300--c-platinum--5-7l-v8-gas/steering--steering-column-and-intermediate-shaft,,
Chrysler 300,C Platinum,5.7L V8 Gas,Steering / Steering Gear,pending,0,0,https://www.moparamerica.com/v-2017-chrysler-300--c-platinum--5-7l-v8-gas/steering--steering-gear,,
Chrysler 300,C Platinum,5.7L V8 Gas,Steering / Steering Wheel,pending,0,0,https://www.moparamerica.com/v-2017-chrysler-300--c-platinum--5-7l-v8-gas/steering--steering-wheel,,
Chrysler 300,C Platinum,5.7L V8 Gas,Wheels / Emergency Kit,pending,0,0,https://www.moparamerica.com/v-2017-chrysler-300--c-platinum--5-7l-v8-gas/wheels--emergency-kit,,
Chrysler 300,C Platinum,5.7L V8 Gas,Wheels / Jack Stowage,pending,0,0,https://www.moparamerica.com/v-2017-chrysler-300--c-platinum--5-7l-v8-gas/wheels--jack-stowage,,
Chrysler 300,C Platinum,5.7L V8 Gas,Wheels / Tire Monitoring System,pending,0,0,https://www.moparamerica.com/v-2017-chrysler-300--c-platinum--5-7l-v8-gas/wheels--tire-monitoring-system,,
Chrysler 300,C Platinum,5.7L V8 Gas,Wheels / Wheel Covers And Center Caps,pending,0,0,https://www.moparamerica.com/v-2017-chrysler-300--c-platinum--5-7l-v8-gas/wheels--wheel-covers-and-center-caps,,
Chrysler 300,C Platinum,5.7L V8 Gas,Wheels / Wheel Spare,pending,0,0,https://www.moparamerica.com/v-2017-chrysler-300--c-platinum--5-7l-v8-gas/wheels--wheel-spare,,
Chrysler 300,C Platinum,5.7L V8 Gas,Wheels / Wheels Tires And Hardware,pending,0,0,https://www.moparamerica.com/v-2017-chrysler-300--c-platinum--5-7l-v8-gas/wheels--wheels-tires-and-hardware,,
Chrysler 300,Limited,3.6L V6 Flex,3 0L Gas Engine / Cylinder Block,pending,0,0,https://www.moparamerica.com/v-2017-chrysler-300--limited--3-6l-v6-flex/3-0l-gas-engine--cylinder-block,,
Chrysler 300,Limited,3.6L V6 Flex,3 0L Gas Engine / Cylinder Head,pending,0,0,https://www.moparamerica.com/v-2017-chrysler-300--limited--3-6l-v6-flex/3-0l-gas-engine--cylinder-head,,
Chrysler 300,Limited,3.6L V6 Flex,3 0L Gas Engine / Engine Mounting,pending,0,0,https://www.moparamerica.com/v-2017-chrysler-300--limited--3-6l-v6-flex/3-0l-gas-engine--engine-mounting,,
Chrysler 300,Limited,3.6L V6 Flex,3 0L Gas Engine / Engine Oiling Oil Pan And Indicator Dipstick,pending,0,0,https://www.moparamerica.com/v-2017-chrysler-300--limited--3-6l-v6-flex/3-0l-gas-engine--engine-oiling-oil-pan-and-indicator-dipstick,,
Chrysler 300,Limited,3.6L V6 Flex,3 0L Gas Engine / Timing Belt Chain And Cover And Balance Shaft,pending,0,0,https://www.moparamerica.com/v-2017-chrysler-300--limited--3-6l-v6-flex/3-0l-gas-engine--timing-belt-chain-and-cover-and-balance-shaft,,
Chrysler 300,Limited,3.6L V6 Flex,3 6L Gas Engine / Camshaft And Valve,pending,0,0,https://www.moparamerica.com/v-2017-chrysler-300--limited--3-6l-v6-flex/3-6l-gas-engine--camshaft-and-valve,,
Chrysler 300,Limited,3.6L V6 Flex,3 6L Gas Engine / Crankcase Ventilation,pending,0,0,https://www.moparamerica.com/v-2017-chrysler-300--limited--3-6l-v6-flex/3-6l-gas-engine--crankcase-ventilation,,
Chrysler 300,Limited,3.6L V6 Flex,3 6L Gas Engine / Crankshaft Piston Drive Plate Flywheel And Damper,pending,0,0,https://www.moparamerica.com/v-2017-chrysler-300--limited--3-6l-v6-flex/3-6l-gas-engine--crankshaft-piston-drive-plate-flywheel-and-damper,,
Chrysler 300,Limited,3.6L V6 Flex,3 6L Gas Engine / Cylinder Block,pending,0,0,https://www.moparamerica.com/v-2017-chrysler-300--limited--3-6l-v6-flex/3-6l-gas-engine--cylinder-block,,
Chrysler 300,Limited,3.6L V6 Flex,3 6L Gas Engine / Cylinder Head,pending,0,0,https://www.moparamerica.com/v-2017-chrysler-300--limited--3-6l-v6-flex/3-6l-gas-engine--cylinder-head,,
Chrysler 300,Limited,3.6L V6 Flex,3 6L Gas Engine / Engine Identification Service Engines And Engine Service Kits,pending,0,0,https://www.moparamerica.com/v-2017-chrysler-300--limited--3-6l-v6-flex/3-6l-gas-engine--engine-identification-service-engines-and-engine-service-kits,,
Chrysler 300,Limited,3.6L V6 Flex,3 6L Gas Engine / Engine Mounting,pending,0,0,https://www.moparamerica.com/v-2017-chrysler-300--limited--3-6l-v6-flex/3-6l-gas-engine--engine-mounting,,
Chrysler 300,Limited,3.6L V6 Flex,3 6L Gas Engine / Engine Oiling Oil Pan And Indicator Dipstick,pending,0,0,https://www.moparamerica.com/v-2017-chrysler-300--limited--3-6l-v6-flex/3-6l-gas-engine--engine-oiling-oil-pan-and-indicator-dipstick,,
Chrysler 300,Limited,3.6L V6 Flex,3 6L Gas Engine / Manifolds And Vacuum Fittings,pending,0,0,https://www.moparamerica.com/v-2017-chrysler-300--limited--3-6l-v6-flex/3-6l-gas-engine--manifolds-and-vacuum-fittings,,
Chrysler 300,Limited,3.6L V6 Flex,3 6L Gas Engine / Timing Belt Chain And Cover And Balance Shaft,pending,0,0,https://www.moparamerica.com/v-2017-chrysler-300--limited--3-6l-v6-flex/3-6l-gas-engine--timing-belt-chain-and-cover-and-balance-shaft,,
Chrysler 300,Limited,3.6L V6 Flex,5 7L Gas Engine / Camshaft And Valve,pending,0,0,https://www.moparamerica.com/v-2017-chrysler-300--limited--3-6l-v6-flex/5-7l-gas-engine--camshaft-and-valve,,
Chrysler 300,Limited,3.6L V6 Flex,5 7L Gas Engine / Engine Mounting,pending,0,0,https://www.moparamerica.com/v-2017-chrysler-300--limited--3-6l-v6-flex/5-7l-gas-engine--engine-mounting,,
Chrysler 300,Limited,3.6L V6 Flex,5 7L Gas Engine / Engine Oiling Oil Pan And Indicator Dipstick,pending,0,0,https://www.moparamerica.com/v-2017-chrysler-300--limited--3-6l-v6-flex/5-7l-gas-engine--engine-oiling-oil-pan-and-indicator-dipstick,,
Chrysler 300,Limited,3.6L V6 Flex,6 4L Gas Engine / Camshaft And Valve,pending,0,0,https://www.moparamerica.com/v-2017-chrysler-300--limited--3-6l-v6-flex/6-4l-gas-engine--camshaft-and-valve,,
Chrysler 300,Limited,3.6L V6 Flex,6 4L Gas Engine / Engine Mounting,pending,0,0,https://www.moparamerica.com/v-2017-chrysler-300--limited--3-6l-v6-flex/6-4l-gas-engine--engine-mounting,,
Chrysler 300,Limited,3.6L V6 Flex,6 4L Gas Engine / Engine Oiling Oil Pan And Indicator Dipstick,pending,0,0,https://www.moparamerica.com/v-2017-chrysler-300--limited--3-6l-v6-flex/6-4l-gas-engine--engine-oiling-oil-pan-and-indicator-dipstick,,
Chrysler 300,Limited,3.6L V6 Flex,845Re 8 Speed Automatic Transmission / Automatic Transmission Transaxle And Torque Converter,pending,0,0,https://www.moparamerica.com/v-2017-chrysler-300--limited--3-6l-v6-flex/845re-8-speed-automatic-transmission--automatic-transmission-transaxle-and-torque-converter,,
Chrysler 300,Limited,3.6L V6 Flex,845Re 8 Speed Automatic Transmission / Case Extension Oil Pan And Indicator Dipstick,pending,0,0,https://www.moparamerica.com/v-2017-chrysler-300--limited--3-6l-v6-flex/845re-8-speed-automatic-transmission--case-extension-oil-pan-and-indicator-dipstick,,
Chrysler 300,Limited,3.6L V6 Flex,845Re 8 Speed Automatic Transmission / Gearshift Controls And Related Parts,pending,0,0,https://www.moparamerica.com/v-2017-chrysler-300--limited--3-6l-v6-flex/845re-8-speed-automatic-transmission--gearshift-controls-and-related-parts,,
Chrysler 300,Limited,3.6L V6 Flex,845Re 8 Speed Automatic Transmission / Mounting And Skid Plate,pending,0,0,https://www.moparamerica.com/v-2017-chrysler-300--limited--3-6l-v6-flex/845re-8-speed-automatic-transmission--mounting-and-skid-plate,,
Chrysler 300,Limited,3.6L V6 Flex,845Re 8 Speed Automatic Transmission / Oil Pump,pending,0,0,https://www.moparamerica.com/v-2017-chrysler-300--limited--3-6l-v6-flex/845re-8-speed-automatic-transmission--oil-pump,,
Chrysler 300,Limited,3.6L V6 Flex,845Re 8 Speed Automatic Transmission / Valve Body Accumulator Solenoid And Parking Sprag,pending,0,0,https://www.moparamerica.com/v-2017-chrysler-300--limited--3-6l-v6-flex/845re-8-speed-automatic-transmission--valve-body-accumulator-solenoid-and-parking-sprag,,
Chrysler 300,Limited,3.6L V6 Flex,8Hp70 8 Speed Automatic Transmission / Automatic Transmission Transaxle And Torque Converter,pending,0,0,https://www.moparamerica.com/v-2017-chrysler-300--limited--3-6l-v6-flex/8hp70-8-speed-automatic-transmission--automatic-transmission-transaxle-and-torque-converter,,
Chrysler 300,Limited,3.6L V6 Flex,8Hp70 8 Speed Automatic Transmission / Gearshift Controls And Related Parts,pending,0,0,https://www.moparamerica.com/v-2017-chrysler-300--limited--3-6l-v6-flex/8hp70-8-speed-automatic-transmission--gearshift-controls-and-related-parts,,
Chrysler 300,Limited,3.6L V6 Flex,8Hp70 8 Speed Automatic Transmission / Mounting And Skid Plate,pending,0,0,https://www.moparamerica.com/v-2017-chrysler-300--limited--3-6l-v6-flex/8hp70-8-speed-automatic-transmission--mounting-and-skid-plate,,
Chrysler 300,Limited,3.6L V6 Flex,Accessories,pending,0,0,https://www.moparamerica.com/v-2017-chrysler-300--limited--3-6l-v6-flex/accessories,,
Chrysler 300,Limited,3.6L V6 Flex,Accessories Audio Video And Electronics Accessories / Charging Unit,pending,0,0,https://www.moparamerica.com/v-2017-chrysler-300--limited--3-6l-v6-flex/accessories-audio-video-and-electronics-accessories--charging-unit,,
Chrysler 300,Limited,3.6L V6 Flex,Accessories Audio Video And Electronics Accessories / Remote Start,pending,0,0,https://www.moparamerica.com/v-2017-chrysler-300--limited--3-6l-v6-flex/accessories-audio-video-and-electronics-accessories--remote-start,,
Chrysler 300,Limited,3.6L V6 Flex,Accessories Audio Video And Electronics Accessories / Security,pending,0,0,https://www.moparamerica.com/v-2017-chrysler-300--limited--3-6l-v6-flex/accessories-audio-video-and-electronics-accessories--security,,
Chrysler 300,Limited,3.6L V6 Flex,Accessories Exterior Accessories / Air Deflectors,pending,0,0,https://www.moparamerica.com/v-2017-chrysler-300--limited--3-6l-v6-flex/accessories-exterior-accessories--air-deflectors,,
Chrysler 300,Limited,3.6L V6 Flex,Accessories Exterior Accessories / Exterior Appearance,pending,0,0,https://www.moparamerica.com/v-2017-chrysler-300--limited--3-6l-v6-flex/accessories-exterior-accessories--exterior-appearance,,
Chrysler 300,Limited,3.6L V6 Flex,Accessories Exterior Accessories / License Plate,pending,0,0,https://www.moparamerica.com/v-2017-chrysler-300--limited--3-6l-v6-flex/accessories-exterior-accessories--license-plate,,
Chrysler 300,Limited,3.6L V6 Flex,Accessories Exterior Accessories / Locks,pending,0,0,https://www.moparamerica.com/v-2017-chrysler-300--limited--3-6l-v6-flex/accessories-exterior-accessories--locks,,
Chrysler 300,Limited,3.6L V6 Flex,Accessories Exterior Accessories / Protective Guards,pending,0,0,https://www.moparamerica.com/v-2017-chrysler-300--limited--3-6l-v6-flex/accessories-exterior-accessories--protective-guards,,
Chrysler 300,Limited,3.6L V6 Flex,Accessories Exterior Accessories / Splash Guards,pending,0,0,https://www.moparamerica.com/v-2017-chrysler-300--limited--3-6l-v6-flex/accessories-exterior-accessories--splash-guards,,
Chrysler 300,Limited,3.6L V6 Flex,Accessories Exterior Accessories / Wheels,pending,0,0,https://www.moparamerica.com/v-2017-chrysler-300--limited--3-6l-v6-flex/accessories-exterior-accessories--wheels,,
Chrysler 300,Limited,3.6L V6 Flex,Accessories Interior Accessories / Air Purification,pending,0,0,https://www.moparamerica.com/v-2017-chrysler-300--limited--3-6l-v6-flex/accessories-interior-accessories--air-purification,,
Chrysler 300,Limited,3.6L V6 Flex,Accessories Interior Accessories / Cargo Trays And Mats,pending,0,0,https://www.moparamerica.com/v-2017-chrysler-300--limited--3-6l-v6-flex/accessories-interior-accessories--cargo-trays-and-mats,,
Chrysler 300,Limited,3.6L V6 Flex,Accessories Interior Accessories / Floor Mats,pending,0,0,https://www.moparamerica.com/v-2017-chrysler-300--limited--3-6l-v6-flex/accessories-interior-accessories--floor-mats,,
Chrysler 300,Limited,3.6L V6 Flex,Accessories Interior Accessories / Interior Appearance,pending,0,0,https://www.moparamerica.com/v-2017-chrysler-300--limited--3-6l-v6-flex/accessories-interior-accessories--interior-appearance,,
Chrysler 300,Limited,3.6L V6 Flex,Accessories Lifestyle And Off Road Accessories / Safety Kits,pending,0,0,https://www.moparamerica.com/v-2017-chrysler-300--limited--3-6l-v6-flex/accessories-lifestyle-and-off-road-accessories--safety-kits,,
Chrysler 300,Limited,3.6L V6 Flex,Accessories Lighting And Electrical Accessories / Charging Unit,pending,0,0,https://www.moparamerica.com/v-2017-chrysler-300--limited--3-6l-v6-flex/accessories-lighting-and-electrical-accessories--charging-unit,,
Chrysler 300,Limited,3.6L V6 Flex,Accessories Modern Performance / Engine Parts,pending,0,0,https://www.moparamerica.com/v-2017-chrysler-300--limited--3-6l-v6-flex/accessories-modern-performance--engine-parts,,
Chrysler 300,Limited,3.6L V6 Flex,Accessories Modern Performance / Intake And Air,pending,0,0,https://www.moparamerica.com/v-2017-chrysler-300--limited--3-6l-v6-flex/accessories-modern-performance--intake-and-air,,
Chrysler 300,Limited,3.6L V6 Flex,Accessories Modern Performance / Suspension,pending,0,0,https://www.moparamerica.com/v-2017-chrysler-300--limited--3-6l-v6-flex/accessories-modern-performance--suspension,,
Chrysler 300,Limited,3.6L V6 Flex,Accessories Performance / Brakes,pending,0,0,https://www.moparamerica.com/v-2017-chrysler-300--limited--3-6l-v6-flex/accessories-performance--brakes,,
Chrysler 300,Limited,3.6L V6 Flex,Accessories Vehicle Care Products / Mopar,pending,0,0,https://www.moparamerica.com/v-2017-chrysler-300--limited--3-6l-v6-flex/accessories-vehicle-care-products--mopar,,
Chrysler 300,Limited,3.6L V6 Flex,Accessories Vehicle Care Products / Touch Up Paint,pending,0,0,https://www.moparamerica.com/v-2017-chrysler-300--limited--3-6l-v6-flex/accessories-vehicle-care-products--touch-up-paint,,
Chrysler 300,Limited,3.6L V6 Flex,Air Conditioners And Heaters / Air Conditioner And Heater Controls,pending,0,0,https://www.moparamerica.com/v-2017-chrysler-300--limited--3-6l-v6-flex/air-conditioners-and-heaters--air-conditioner-and-heater-controls,,
Chrysler 300,Limited,3.6L V6 Flex,Air Conditioners And Heaters / Air Conditioner And Heater Plumbing,pending,0,0,https://www.moparamerica.com/v-2017-chrysler-300--limited--3-6l-v6-flex/air-conditioners-and-heaters--air-conditioner-and-heater-plumbing,,
Chrysler 300,Limited,3.6L V6 Flex,Air Conditioners And Heaters / Air Conditioner And Heater Units,pending,0,0,https://www.moparamerica.com/v-2017-chrysler-300--limited--3-6l-v6-flex/air-conditioners-and-heaters--air-conditioner-and-heater-units,,
Chrysler 300,Limited,3.6L V6 Flex,Air Conditioners And Heaters / Air Conditioner Compressor And Mounting,pending,0,0,https://www.moparamerica.com/v-2017-chrysler-300--limited--3-6l-v6-flex/air-conditioners-and-heaters--air-conditioner-compressor-and-mounting,,
Chrysler 300,Limited,3.6L V6 Flex,Air Conditioners And Heaters / Air Ducts,pending,0,0,https://www.moparamerica.com/v-2017-chrysler-300--limited--3-6l-v6-flex/air-conditioners-and-heaters--air-ducts,,
Chrysler 300,Limited,3.6L V6 Flex,All Wheel Drive Differential And Drive Line / Drive Shaft,pending,0,0,https://www.moparamerica.com/v-2017-chrysler-300--limited--3-6l-v6-flex/all-wheel-drive-differential-and-drive-line--drive-shaft,,
Chrysler 300,Limited,3.6L V6 Flex,All Wheel Drive Differential And Drive Line / Front Axle Assembly,pending,0,0,https://www.moparamerica.com/v-2017-chrysler-300--limited--3-6l-v6-flex/all-wheel-drive-differential-and-drive-line--front-axle-assembly,,
Chrysler 300,Limited,3.6L V6 Flex,All Wheel Drive Differential And Drive Line / Front Axle Drive Shafts,pending,0,0,https://www.moparamerica.com/v-2017-chrysler-300--limited--3-6l-v6-flex/all-wheel-drive-differential-and-drive-line--front-axle-drive-shafts,,
Chrysler 300,Limited,3.6L V6 Flex,All Wheel Drive Differential And Drive Line / Rear Axle Assembly,pending,0,0,https://www.moparamerica.com/v-2017-chrysler-300--limited--3-6l-v6-flex/all-wheel-drive-differential-and-drive-line--rear-axle-assembly,,
Chrysler 300,Limited,3.6L V6 Flex,All Wheel Drive Differential And Drive Line / Rear Axle Housing Differential And Vent,pending,0,0,https://www.moparamerica.com/v-2017-chrysler-300--limited--3-6l-v6-flex/all-wheel-drive-differential-and-drive-line--rear-axle-housing-differential-and-vent,,
Chrysler 300,Limited,3.6L V6 Flex,All Wheel Drive Differential And Drive Line / Rear Axle Shafts,pending,0,0,https://www.moparamerica.com/v-2017-chrysler-300--limited--3-6l-v6-flex/all-wheel-drive-differential-and-drive-line--rear-axle-shafts,,
Chrysler 300,Limited,3.6L V6 Flex,Auto Parts,pending,0,0,https://www.moparamerica.com/v-2017-chrysler-300--limited--3-6l-v6-flex/auto-parts,,
Chrysler 300,Limited,3.6L V6 Flex,Body Sheet Metal Except Doors / Aperture Panel And Pillar Supports,pending,0,0,https://www.moparamerica.com/v-2017-chrysler-300--limited--3-6l-v6-flex/body-sheet-metal-except-doors--aperture-panel-and-pillar-supports,,
Chrysler 300,Limited,3.6L V6 Flex,Body Sheet Metal Except Doors / Cowl And Dash Panel,pending,0,0,https://www.moparamerica.com/v-2017-chrysler-300--limited--3-6l-v6-flex/body-sheet-metal-except-doors--cowl-and-dash-panel,,
Chrysler 300,Limited,3.6L V6 Flex,Body Sheet Metal Except Doors / Deck Lid,pending,0,0,https://www.moparamerica.com/v-2017-chrysler-300--limited--3-6l-v6-flex/body-sheet-metal-except-doors--deck-lid,,
Chrysler 300,Limited,3.6L V6 Flex,Body Sheet Metal Except Doors / Fenders,pending,0,0,https://www.moparamerica.com/v-2017-chrysler-300--limited--3-6l-v6-flex/body-sheet-metal-except-doors--fenders,,
Chrysler 300,Limited,3.6L V6 Flex,Body Sheet Metal Except Doors / Floor Pans,pending,0,0,https://www.moparamerica.com/v-2017-chrysler-300--limited--3-6l-v6-flex/body-sheet-metal-except-doors--floor-pans,,
Chrysler 300,Limited,3.6L V6 Flex,Body Sheet Metal Except Doors / Hood And Hood Release,pending,0,0,https://www.moparamerica.com/v-2017-chrysler-300--limited--3-6l-v6-flex/body-sheet-metal-except-doors--hood-and-hood-release,,
Chrysler 300,Limited,3.6L V6 Flex,Body Sheet Metal Except Doors / Pick Up Box And Fuel Filler Door,pending,0,0,https://www.moparamerica.com/v-2017-chrysler-300--limited--3-6l-v6-flex/body-sheet-metal-except-doors--pick-up-box-and-fuel-filler-door,,
Chrysler 300,Limited,3.6L V6 Flex,Body Sheet Metal Except Doors / Plugs,pending,0,0,https://www.moparamerica.com/v-2017-chrysler-300--limited--3-6l-v6-flex/body-sheet-metal-except-doors--plugs,,
Chrysler 300,Limited,3.6L V6 Flex,Body Sheet Metal Except Doors / Roof,pending,0,0,https://www.moparamerica.com/v-2017-chrysler-300--limited--3-6l-v6-flex/body-sheet-metal-except-doors--roof,,
Chrysler 300,Limited,3.6L V6 Flex,Body Sheet Metal Except Doors / Shelf Panel,pending,0,0,https://www.moparamerica.com/v-2017-chrysler-300--limited--3-6l-v6-flex/body-sheet-metal-except-doors--shelf-panel,,
Chrysler 300,Limited,3.6L V6 Flex,Body Sheet Metal Except Doors / Sunroof,pending,0,0,https://www.moparamerica.com/v-2017-chrysler-300--limited--3-6l-v6-flex/body-sheet-metal-except-doors--sunroof,,
Chrysler 300,Limited,3.6L V6 Flex,Brakes / Brake Master Cylinder,pending,0,0,https://www.moparamerica.com/v-2017-chrysler-300--limited--3-6l-v6-flex/brakes--brake-master-cylinder,,
Chrysler 300,Limited,3.6L V6 Flex,Brakes / Brake Pedals,pending,0,0,https://www.moparamerica.com/v-2017-chrysler-300--limited--3-6l-v6-flex/brakes--brake-pedals,,
Chrysler 300,Limited,3.6L V6 Flex,Brakes / Front Brakes,pending,0,0,https://www.moparamerica.com/v-2017-chrysler-300--limited--3-6l-v6-flex/brakes--front-brakes,,
Chrysler 300,Limited,3.6L V6 Flex,Brakes / Hydraulic Control Unit Brake Tubes And Hoses,pending,0,0,https://www.moparamerica.com/v-2017-chrysler-300--limited--3-6l-v6-flex/brakes--hydraulic-control-unit-brake-tubes-and-hoses,,
Chrysler 300,Limited,3.6L V6 Flex,Brakes / Parking Brake Lever Cables And Rear Disc Park Brake Assembly,pending,0,0,https://www.moparamerica.com/v-2017-chrysler-300--limited--3-6l-v6-flex/brakes--parking-brake-lever-cables-and-rear-disc-park-brake-assembly,,
Chrysler 300,Limited,3.6L V6 Flex,Brakes / Power Brake Booster,pending,0,0,https://www.moparamerica.com/v-2017-chrysler-300--limited--3-6l-v6-flex/brakes--power-brake-booster,,
Chrysler 300,Limited,3.6L V6 Flex,Brakes / Rear Brakes,pending,0,0,https://www.moparamerica.com/v-2017-chrysler-300--limited--3-6l-v6-flex/brakes--rear-brakes,,
Chrysler 300,Limited,3.6L V6 Flex,Cooling / Drive Belts,pending,0,0,https://www.moparamerica.com/v-2017-chrysler-300--limited--3-6l-v6-flex/cooling--drive-belts,,
Chrysler 300,Limited,3.6L V6 Flex,Cooling / Engine Coolant Reservoir Bottle,pending,0,0,https://www.moparamerica.com/v-2017-chrysler-300--limited--3-6l-v6-flex/cooling--engine-coolant-reservoir-bottle,,
Chrysler 300,Limited,3.6L V6 Flex,Cooling / Pulleys And Related Parts,pending,0,0,https://www.moparamerica.com/v-2017-chrysler-300--limited--3-6l-v6-flex/cooling--pulleys-and-related-parts,,
Chrysler 300,Limited,3.6L V6 Flex,Cooling / Radiator And Related Parts Charge Air Cooler,pending,0,0,https://www.moparamerica.com/v-2017-chrysler-300--limited--3-6l-v6-flex/cooling--radiator-and-related-parts-charge-air-cooler,,
Chrysler 300,Limited,3.6L V6 Flex,Cooling / Transmission Oil Cooler And Lines,pending,0,0,https://www.moparamerica.com/v-2017-chrysler-300--limited--3-6l-v6-flex/cooling--transmission-oil-cooler-and-lines,,
Chrysler 300,Limited,3.6L V6 Flex,Cooling / Water Pump And Related Parts,pending,0,0,https://www.moparamerica.com/v-2017-chrysler-300--limited--3-6l-v6-flex/cooling--water-pump-and-related-parts,,
Chrysler 300,Limited,3.6L V6 Flex,Doors Door Mirrors And Related Parts / Exterior Mirror,pending,0,0,https://www.moparamerica.com/v-2017-chrysler-300--limited--3-6l-v6-flex/doors-door-mirrors-and-related-parts--exterior-mirror,,
Chrysler 300,Limited,3.6L V6 Flex,Doors Door Mirrors And Related Parts / Front Door,pending,0,0,https://www.moparamerica.com/v-2017-chrysler-300--limited--3-6l-v6-flex/doors-door-mirrors-and-related-parts--front-door,,
Chrysler 300,Limited,3.6L V6 Flex,Doors Door Mirrors And Related Parts / Rear Door,pending,0,0,https://www.moparamerica.com/v-2017-chrysler-300--limited--3-6l-v6-flex/doors-door-mirrors-and-related-parts--rear-door,,
Chrysler 300,Limited,3.6L V6 Flex,Doors Door Mirrors And Related Parts / Weatherstrips And Seals,pending,0,0,https://www.moparamerica.com/v-2017-chrysler-300--limited--3-6l-v6-flex/doors-door-mirrors-and-related-parts--weatherstrips-and-seals,,
Chrysler 300,Limited,3.6L V6 Flex,Electrical / Battery Battery Tray And Cables,pending,0,0,https://www.moparamerica.com/v-2017-chrysler-300--limited--3-6l-v6-flex/electrical--battery-battery-tray-and-cables,,
Chrysler 300,Limited,3.6L V6 Flex,Electrical / Generators Alternators,pending,0,0,https://www.moparamerica.com/v-2017-chrysler-300--limited--3-6l-v6-flex/electrical--generators-alternators,,
Chrysler 300,Limited,3.6L V6 Flex,Electrical / Horns,pending,0,0,https://www.moparamerica.com/v-2017-chrysler-300--limited--3-6l-v6-flex/electrical--horns,,
Chrysler 300,Limited,3.6L V6 Flex,Electrical / Ignition Spark Plugs Cables Coils And Glow Plugs,pending,0,0,https://www.moparamerica.com/v-2017-chrysler-300--limited--3-6l-v6-flex/electrical--ignition-spark-plugs-cables-coils-and-glow-plugs,,
Chrysler 300,Limited,3.6L V6 Flex,Electrical / Instrument Panel Cluster,pending,0,0,https://www.moparamerica.com/v-2017-chrysler-300--limited--3-6l-v6-flex/electrical--instrument-panel-cluster,,
Chrysler 300,Limited,3.6L V6 Flex,Electrical / Keys Modules And Engine Controllers,pending,0,0,https://www.moparamerica.com/v-2017-chrysler-300--limited--3-6l-v6-flex/electrical--keys-modules-and-engine-controllers,,
Chrysler 300,Limited,3.6L V6 Flex,Electrical / Lamps Interior And Exterior,pending,0,0,https://www.moparamerica.com/v-2017-chrysler-300--limited--3-6l-v6-flex/electrical--lamps-interior-and-exterior,,
Chrysler 300,Limited,3.6L V6 Flex,Electrical / Park Assist,pending,0,0,https://www.moparamerica.com/v-2017-chrysler-300--limited--3-6l-v6-flex/electrical--park-assist,,
Chrysler 300,Limited,3.6L V6 Flex,Electrical / Power Distribution Center Fuse Block Junction Block Relays And Fuses,pending,0,0,https://www.moparamerica.com/v-2017-chrysler-300--limited--3-6l-v6-flex/electrical--power-distribution-center-fuse-block-junction-block-relays-and-fuses,,
Chrysler 300,Limited,3.6L V6 Flex,Electrical / Radio Antenna Speakers Dvd And Video Systems,pending,0,0,https://www.moparamerica.com/v-2017-chrysler-300--limited--3-6l-v6-flex/electrical--radio-antenna-speakers-dvd-and-video-systems,,
Chrysler 300,Limited,3.6L V6 Flex,Electrical / Sensors,pending,0,0,https://www.moparamerica.com/v-2017-chrysler-300--limited--3-6l-v6-flex/electrical--sensors,,
Chrysler 300,Limited,3.6L V6 Flex,Electrical / Speed Control,pending,0,0,https://www.moparamerica.com/v-2017-chrysler-300--limited--3-6l-v6-flex/electrical--speed-control,,
Chrysler 300,Limited,3.6L V6 Flex,Electrical / Starters,pending,0,0,https://www.moparamerica.com/v-2017-chrysler-300--limited--3-6l-v6-flex/electrical--starters,,
Chrysler 300,Limited,3.6L V6 Flex,Electrical / Switches,pending,0,0,https://www.moparamerica.com/v-2017-chrysler-300--limited--3-6l-v6-flex/electrical--switches,,
Chrysler 300,Limited,3.6L V6 Flex,Electrical / Wiper And Washer System,pending,0,0,https://www.moparamerica.com/v-2017-chrysler-300--limited--3-6l-v6-flex/electrical--wiper-and-washer-system,,
Chrysler 300,Limited,3.6L V6 Flex,Electrical / Wiring Body And Accessories,pending,0,0,https://www.moparamerica.com/v-2017-chrysler-300--limited--3-6l-v6-flex/electrical--wiring-body-and-accessories,,
Chrysler 300,Limited,3.6L V6 Flex,Electrical / Wiring Headlamp To Dash,pending,0,0,https://www.moparamerica.com/v-2017-chrysler-300--limited--3-6l-v6-flex/electrical--wiring-headlamp-to-dash,,
Chrysler 300,Limited,3.6L V6 Flex,Electrical / Wiring Instrument Panel,pending,0,0,https://www.moparamerica.com/v-2017-chrysler-300--limited--3-6l-v6-flex/electrical--wiring-instrument-panel,,
Chrysler 300,Limited,3.6L V6 Flex,Electrical / Wiring Powertrain,pending,0,0,https://www.moparamerica.com/v-2017-chrysler-300--limited--3-6l-v6-flex/electrical--wiring-powertrain,,
Chrysler 300,Limited,3.6L V6 Flex,Emission Controls / Emission Harness,pending,0,0,https://www.moparamerica.com/v-2017-chrysler-300--limited--3-6l-v6-flex/emission-controls--emission-harness,,
Chrysler 300,Limited,3.6L V6 Flex,Emission Controls / Vacuum Canister Leak Detection Pump,pending,0,0,https://www.moparamerica.com/v-2017-chrysler-300--limited--3-6l-v6-flex/emission-controls--vacuum-canister-leak-detection-pump,,
Chrysler 300,Limited,3.6L V6 Flex,Exhaust / Exhaust System,pending,0,0,https://www.moparamerica.com/v-2017-chrysler-300--limited--3-6l-v6-flex/exhaust--exhaust-system,,
Chrysler 300,Limited,3.6L V6 Flex,Exterior Ornamentation / Grilles,pending,0,0,https://www.moparamerica.com/v-2017-chrysler-300--limited--3-6l-v6-flex/exterior-ornamentation--grilles,,
Chrysler 300,Limited,3.6L V6 Flex,Exterior Ornamentation / Moldings And Ornamentation,pending,0,0,https://www.moparamerica.com/v-2017-chrysler-300--limited--3-6l-v6-flex/exterior-ornamentation--moldings-and-ornamentation,,
Chrysler 300,Limited,3.6L V6 Flex,Exterior Ornamentation / Nameplates,pending,0,0,https://www.moparamerica.com/v-2017-chrysler-300--limited--3-6l-v6-flex/exterior-ornamentation--nameplates,,
Chrysler 300,Limited,3.6L V6 Flex,Frame Bumper And Fascia / Frames,pending,0,0,https://www.moparamerica.com/v-2017-chrysler-300--limited--3-6l-v6-flex/frame-bumper-and-fascia--frames,,
Chrysler 300,Limited,3.6L V6 Flex,Frame Bumper And Fascia / Front Bumper And Fascia,pending,0,0,https://www.moparamerica.com/v-2017-chrysler-300--limited--3-6l-v6-flex/frame-bumper-and-fascia--front-bumper-and-fascia,,
Chrysler 300,Limited,3.6L V6 Flex,Frame Bumper And Fascia / Rear Bumper And Fascia,pending,0,0,https://www.moparamerica.com/v-2017-chrysler-300--limited--3-6l-v6-flex/frame-bumper-and-fascia--rear-bumper-and-fascia,,
Chrysler 300,Limited,3.6L V6 Flex,Front Suspension / Front Stabilizer Bar,pending,0,0,https://www.moparamerica.com/v-2017-chrysler-300--limited--3-6l-v6-flex/front-suspension--front-stabilizer-bar,,
Chrysler 300,Limited,3.6L V6 Flex,Front Suspension / Front Suspension Strut And Cradle,pending,0,0,https://www.moparamerica.com/v-2017-chrysler-300--limited--3-6l-v6-flex/front-suspension--front-suspension-strut-and-cradle,,
Chrysler 300,Limited,3.6L V6 Flex,Fuel / Accelerator Pedal,pending,0,0,https://www.moparamerica.com/v-2017-chrysler-300--limited--3-6l-v6-flex/fuel--accelerator-pedal,,
Chrysler 300,Limited,3.6L V6 Flex,Fuel / Air Cleaner,pending,0,0,https://www.moparamerica.com/v-2017-chrysler-300--limited--3-6l-v6-flex/fuel--air-cleaner,,
Chrysler 300,Limited,3.6L V6 Flex,Fuel / Fuel Lines,pending,0,0,https://www.moparamerica.com/v-2017-chrysler-300--limited--3-6l-v6-flex/fuel--fuel-lines,,
Chrysler 300,Limited,3.6L V6 Flex,Fuel / Fuel Pump And Sending Unit,pending,0,0,https://www.moparamerica.com/v-2017-chrysler-300--limited--3-6l-v6-flex/fuel--fuel-pump-and-sending-unit,,
Chrysler 300,Limited,3.6L V6 Flex,Fuel / Fuel Rail And Injectors,pending,0,0,https://www.moparamerica.com/v-2017-chrysler-300--limited--3-6l-v6-flex/fuel--fuel-rail-and-injectors,,
Chrysler 300,Limited,3.6L V6 Flex,Fuel / Fuel Tank,pending,0,0,https://www.moparamerica.com/v-2017-chrysler-300--limited--3-6l-v6-flex/fuel--fuel-tank,,
Chrysler 300,Limited,3.6L V6 Flex,Fuel / Fuel Tank Filler Tube,pending,0,0,https://www.moparamerica.com/v-2017-chrysler-300--limited--3-6l-v6-flex/fuel--fuel-tank-filler-tube,,
Chrysler 300,Limited,3.6L V6 Flex,Fuel / Throttle Body,pending,0,0,https://www.moparamerica.com/v-2017-chrysler-300--limited--3-6l-v6-flex/fuel--throttle-body,,
Chrysler 300,Limited,3.6L V6 Flex,Glass / Glass And Interior Rear View Mirror,pending,0,0,https://www.moparamerica.com/v-2017-chrysler-300--limited--3-6l-v6-flex/glass--glass-and-interior-rear-view-mirror,,
Chrysler 300,Limited,3.6L V6 Flex,Interior Trim / Carpets Floor Mats Load Floor And Silencers,pending,0,0,https://www.moparamerica.com/v-2017-chrysler-300--limited--3-6l-v6-flex/interior-trim--carpets-floor-mats-load-floor-and-silencers,,
Chrysler 300,Limited,3.6L V6 Flex,Interior Trim / Consoles,pending,0,0,https://www.moparamerica.com/v-2017-chrysler-300--limited--3-6l-v6-flex/interior-trim--consoles,,
Chrysler 300,Limited,3.6L V6 Flex,Interior Trim / Door Trim Panels Front And Rear,pending,0,0,https://www.moparamerica.com/v-2017-chrysler-300--limited--3-6l-v6-flex/interior-trim--door-trim-panels-front-and-rear,,
Chrysler 300,Limited,3.6L V6 Flex,Interior Trim / Front Seats Adjusters Recliners Shields And Risers,pending,0,0,https://www.moparamerica.com/v-2017-chrysler-300--limited--3-6l-v6-flex/interior-trim--front-seats-adjusters-recliners-shields-and-risers,,
Chrysler 300,Limited,3.6L V6 Flex,Interior Trim / Front Seats First Row,pending,0,0,https://www.moparamerica.com/v-2017-chrysler-300--limited--3-6l-v6-flex/interior-trim--front-seats-first-row,,
Chrysler 300,Limited,3.6L V6 Flex,Interior Trim / Headliners Visors Assist Straps,pending,0,0,https://www.moparamerica.com/v-2017-chrysler-300--limited--3-6l-v6-flex/interior-trim--headliners-visors-assist-straps,,
Chrysler 300,Limited,3.6L V6 Flex,Interior Trim / Instrument Panel,pending,0,0,https://www.moparamerica.com/v-2017-chrysler-300--limited--3-6l-v6-flex/interior-trim--instrument-panel,,
Chrysler 300,Limited,3.6L V6 Flex,Interior Trim / Panels Moldings Scuff Plates Pillar Cowl 1 4 Panel Trim And Cargo Covers,pending,0,0,https://www.moparamerica.com/v-2017-chrysler-300--limited--3-6l-v6-flex/interior-trim--panels-moldings-scuff-plates-pillar-cowl-1-4-panel-trim-and-cargo-covers,,
Chrysler 300,Limited,3.6L V6 Flex,Interior Trim / Rear Seats Second Row,pending,0,0,https://www.moparamerica.com/v-2017-chrysler-300--limited--3-6l-v6-flex/interior-trim--rear-seats-second-row,,
Chrysler 300,Limited,3.6L V6 Flex,Interior Trim / Rear Seats Second Row Adjusters Recliners Shields And Risers,pending,0,0,https://www.moparamerica.com/v-2017-chrysler-300--limited--3-6l-v6-flex/interior-trim--rear-seats-second-row-adjusters-recliners-shields-and-risers,,
Chrysler 300,Limited,3.6L V6 Flex,Labels / Exterior,pending,0,0,https://www.moparamerica.com/v-2017-chrysler-300--limited--3-6l-v6-flex/labels--exterior,,
Chrysler 300,Limited,3.6L V6 Flex,Labels / Trunk,pending,0,0,https://www.moparamerica.com/v-2017-chrysler-300--limited--3-6l-v6-flex/labels--trunk,,
Chrysler 300,Limited,3.6L V6 Flex,Labels / Under Hood,pending,0,0,https://www.moparamerica.com/v-2017-chrysler-300--limited--3-6l-v6-flex/labels--under-hood,,
Chrysler 300,Limited,3.6L V6 Flex,Mopar Accessories Component Parts / Audio And Electronics,pending,0,0,https://www.moparamerica.com/v-2017-chrysler-300--limited--3-6l-v6-flex/mopar-accessories-component-parts--audio-and-electronics,,
Chrysler 300,Limited,3.6L V6 Flex,Mopar Accessories Component Parts / Driver Convenience,pending,0,0,https://www.moparamerica.com/v-2017-chrysler-300--limited--3-6l-v6-flex/mopar-accessories-component-parts--driver-convenience,,
Chrysler 300,Limited,3.6L V6 Flex,Mopar Accessories Component Parts / Exterior Appearance,pending,0,0,https://www.moparamerica.com/v-2017-chrysler-300--limited--3-6l-v6-flex/mopar-accessories-component-parts--exterior-appearance,,
Chrysler 300,Limited,3.6L V6 Flex,Mopar Accessories Component Parts / Fog Lights And Electrical,pending,0,0,https://www.moparamerica.com/v-2017-chrysler-300--limited--3-6l-v6-flex/mopar-accessories-component-parts--fog-lights-and-electrical,,
Chrysler 300,Limited,3.6L V6 Flex,Mopar Accessories Component Parts / Interior Protection,pending,0,0,https://www.moparamerica.com/v-2017-chrysler-300--limited--3-6l-v6-flex/mopar-accessories-component-parts--interior-protection,,
Chrysler 300,Limited,3.6L V6 Flex,Mopar Accessories Component Parts / Powertrain,pending,0,0,https://www.moparamerica.com/v-2017-chrysler-300--limited--3-6l-v6-flex/mopar-accessories-component-parts--powertrain,,
Chrysler 300,Limited,3.6L V6 Flex,Power Transfer Unit Transfer Case / Case And Extension,pending,0,0,https://www.moparamerica.com/v-2017-chrysler-300--limited--3-6l-v6-flex/power-transfer-unit-transfer-case--case-and-extension,,
Chrysler 300,Limited,3.6L V6 Flex,Power Transfer Unit Transfer Case / Gear Train,pending,0,0,https://www.moparamerica.com/v-2017-chrysler-300--limited--3-6l-v6-flex/power-transfer-unit-transfer-case--gear-train,,
Chrysler 300,Limited,3.6L V6 Flex,Power Transfer Unit Transfer Case / Transfer Case Assembly,pending,0,0,https://www.moparamerica.com/v-2017-chrysler-300--limited--3-6l-v6-flex/power-transfer-unit-transfer-case--transfer-case-assembly,,
Chrysler 300,Limited,3.6L V6 Flex,Rear Suspension / Rear Stabilizer,pending,0,0,https://www.moparamerica.com/v-2017-chrysler-300--limited--3-6l-v6-flex/rear-suspension--rear-stabilizer,,
Chrysler 300,Limited,3.6L V6 Flex,Rear Suspension / Rear Suspension And Cradle,pending,0,0,https://www.moparamerica.com/v-2017-chrysler-300--limited--3-6l-v6-flex/rear-suspension--rear-suspension-and-cradle,,
Chrysler 300,Limited,3.6L V6 Flex,Rear Wheel Drive Differential And Drive Line / Drive Shaft,pending,0,0,https://www.moparamerica.com/v-2017-chrysler-300--limited--3-6l-v6-flex/rear-wheel-drive-differential-and-drive-line--drive-shaft,,
Chrysler 300,Limited,3.6L V6 Flex,Rear Wheel Drive Differential And Drive Line / Rear Axle Assembly,pending,0,0,https://www.moparamerica.com/v-2017-chrysler-300--limited--3-6l-v6-flex/rear-wheel-drive-differential-and-drive-line--rear-axle-assembly,,
Chrysler 300,Limited,3.6L V6 Flex,Rear Wheel Drive Differential And Drive Line / Rear Axle Housing Differential And Vent,pending,0,0,https://www.moparamerica.com/v-2017-chrysler-300--limited--3-6l-v6-flex/rear-wheel-drive-differential-and-drive-line--rear-axle-housing-differential-and-vent,,
Chrysler 300,Limited,3.6L V6 Flex,Rear Wheel Drive Differential And Drive Line / Rear Axle Shafts,pending,0,0,https://www.moparamerica.com/v-2017-chrysler-300--limited--3-6l-v6-flex/rear-wheel-drive-differential-and-drive-line--rear-axle-shafts,,
Chrysler 300,Limited,3.6L V6 Flex,Restraints / Air Bags,pending,0,0,https://www.moparamerica.com/v-2017-chrysler-300--limited--3-6l-v6-flex/restraints--air-bags,,
Chrysler 300,Limited,3.6L V6 Flex,Restraints / Seat Belts,pending,0,0,https://www.moparamerica.com/v-2017-chrysler-300--limited--3-6l-v6-flex/restraints--seat-belts,,
Chrysler 300,Limited,3.6L V6 Flex,Steering / Steering Column And Intermediate Shaft,pending,0,0,https://www.moparamerica.com/v-2017-chrysler-300--limited--3-6l-v6-flex/steering--steering-column-and-intermediate-shaft,,
Chrysler 300,Limited,3.6L V6 Flex,Steering / Steering Gear,pending,0,0,https://www.moparamerica.com/v-2017-chrysler-300--limited--3-6l-v6-flex/steering--steering-gear,,
Chrysler 300,Limited,3.6L V6 Flex,Steering / Steering Wheel,pending,0,0,https://www.moparamerica.com/v-2017-chrysler-300--limited--3-6l-v6-flex/steering--steering-wheel,,
Chrysler 300,Limited,3.6L V6 Flex,Wheels / Emergency Kit,pending,0,0,https://www.moparamerica.com/v-2017-chrysler-300--limited--3-6l-v6-flex/wheels--emergency-kit,,
Chrysler 300,Limited,3.6L V6 Flex,Wheels / Jack Stowage,pending,0,0,https://www.moparamerica.com/v-2017-chrysler-300--limited--3-6l-v6-flex/wheels--jack-stowage,,
Chrysler 300,Limited,3.6L V6 Flex,Wheels / Tire Monitoring System,pending,0,0,https://www.moparamerica.com/v-2017-chrysler-300--limited--3-6l-v6-flex/wheels--tire-monitoring-system,,
Chrysler 300,Limited,3.6L V6 Flex,Wheels / Wheel Covers And Center Caps,pending,0,0,https://www.moparamerica.com/v-2017-chrysler-300--limited--3-6l-v6-flex/wheels--wheel-covers-and-center-caps,,
Chrysler 300,Limited,3.6L V6 Flex,Wheels / Wheel Spare,pending,0,0,https://www.moparamerica.com/v-2017-chrysler-300--limited--3-6l-v6-flex/wheels--wheel-spare,,
Chrysler 300,Limited,3.6L V6 Flex,Wheels / Wheels Tires And Hardware,pending,0,0,https://www.moparamerica.com/v-2017-chrysler-300--limited--3-6l-v6-flex/wheels--wheels-tires-and-hardware,,
Chrysler 300,Limited,3.6L V6 Gas,3 0L Gas Engine / Cylinder Block,pending,0,0,https://www.moparamerica.com/v-2017-chrysler-300--limited--3-6l-v6-gas/3-0l-gas-engine--cylinder-block,,
Chrysler 300,Limited,3.6L V6 Gas,3 0L Gas Engine / Cylinder Head,pending,0,0,https://www.moparamerica.com/v-2017-chrysler-300--limited--3-6l-v6-gas/3-0l-gas-engine--cylinder-head,,
Chrysler 300,Limited,3.6L V6 Gas,3 0L Gas Engine / Engine Mounting,pending,0,0,https://www.moparamerica.com/v-2017-chrysler-300--limited--3-6l-v6-gas/3-0l-gas-engine--engine-mounting,,
Chrysler 300,Limited,3.6L V6 Gas,3 0L Gas Engine / Engine Oiling Oil Pan And Indicator Dipstick,pending,0,0,https://www.moparamerica.com/v-2017-chrysler-300--limited--3-6l-v6-gas/3-0l-gas-engine--engine-oiling-oil-pan-and-indicator-dipstick,,
Chrysler 300,Limited,3.6L V6 Gas,3 0L Gas Engine / Timing Belt Chain And Cover And Balance Shaft,pending,0,0,https://www.moparamerica.com/v-2017-chrysler-300--limited--3-6l-v6-gas/3-0l-gas-engine--timing-belt-chain-and-cover-and-balance-shaft,,
Chrysler 300,Limited,3.6L V6 Gas,3 6L Gas Engine / Camshaft And Valve,pending,0,0,https://www.moparamerica.com/v-2017-chrysler-300--limited--3-6l-v6-gas/3-6l-gas-engine--camshaft-and-valve,,
Chrysler 300,Limited,3.6L V6 Gas,3 6L Gas Engine / Crankcase Ventilation,pending,0,0,https://www.moparamerica.com/v-2017-chrysler-300--limited--3-6l-v6-gas/3-6l-gas-engine--crankcase-ventilation,,
Chrysler 300,Limited,3.6L V6 Gas,3 6L Gas Engine / Crankshaft Piston Drive Plate Flywheel And Damper,pending,0,0,https://www.moparamerica.com/v-2017-chrysler-300--limited--3-6l-v6-gas/3-6l-gas-engine--crankshaft-piston-drive-plate-flywheel-and-damper,,
Chrysler 300,Limited,3.6L V6 Gas,3 6L Gas Engine / Cylinder Block,pending,0,0,https://www.moparamerica.com/v-2017-chrysler-300--limited--3-6l-v6-gas/3-6l-gas-engine--cylinder-block,,
Chrysler 300,Limited,3.6L V6 Gas,3 6L Gas Engine / Cylinder Head,pending,0,0,https://www.moparamerica.com/v-2017-chrysler-300--limited--3-6l-v6-gas/3-6l-gas-engine--cylinder-head,,
Chrysler 300,Limited,3.6L V6 Gas,3 6L Gas Engine / Engine Identification Service Engines And Engine Service Kits,pending,0,0,https://www.moparamerica.com/v-2017-chrysler-300--limited--3-6l-v6-gas/3-6l-gas-engine--engine-identification-service-engines-and-engine-service-kits,,
Chrysler 300,Limited,3.6L V6 Gas,3 6L Gas Engine / Engine Mounting,pending,0,0,https://www.moparamerica.com/v-2017-chrysler-300--limited--3-6l-v6-gas/3-6l-gas-engine--engine-mounting,,
Chrysler 300,Limited,3.6L V6 Gas,3 6L Gas Engine / Engine Oiling Oil Pan And Indicator Dipstick,pending,0,0,https://www.moparamerica.com/v-2017-chrysler-300--limited--3-6l-v6-gas/3-6l-gas-engine--engine-oiling-oil-pan-and-indicator-dipstick,,
Chrysler 300,Limited,3.6L V6 Gas,3 6L Gas Engine / Manifolds And Vacuum Fittings,pending,0,0,https://www.moparamerica.com/v-2017-chrysler-300--limited--3-6l-v6-gas/3-6l-gas-engine--manifolds-and-vacuum-fittings,,
Chrysler 300,Limited,3.6L V6 Gas,3 6L Gas Engine / Timing Belt Chain And Cover And Balance Shaft,pending,0,0,https://www.moparamerica.com/v-2017-chrysler-300--limited--3-6l-v6-gas/3-6l-gas-engine--timing-belt-chain-and-cover-and-balance-shaft,,
Chrysler 300,Limited,3.6L V6 Gas,5 7L Gas Engine / Camshaft And Valve,pending,0,0,https://www.moparamerica.com/v-2017-chrysler-300--limited--3-6l-v6-gas/5-7l-gas-engine--camshaft-and-valve,,
Chrysler 300,Limited,3.6L V6 Gas,5 7L Gas Engine / Engine Mounting,pending,0,0,https://www.moparamerica.com/v-2017-chrysler-300--limited--3-6l-v6-gas/5-7l-gas-engine--engine-mounting,,
Chrysler 300,Limited,3.6L V6 Gas,5 7L Gas Engine / Engine Oiling Oil Pan And Indicator Dipstick,pending,0,0,https://www.moparamerica.com/v-2017-chrysler-300--limited--3-6l-v6-gas/5-7l-gas-engine--engine-oiling-oil-pan-and-indicator-dipstick,,
Chrysler 300,Limited,3.6L V6 Gas,6 4L Gas Engine / Camshaft And Valve,pending,0,0,https://www.moparamerica.com/v-2017-chrysler-300--limited--3-6l-v6-gas/6-4l-gas-engine--camshaft-and-valve,,
Chrysler 300,Limited,3.6L V6 Gas,6 4L Gas Engine / Engine Mounting,pending,0,0,https://www.moparamerica.com/v-2017-chrysler-300--limited--3-6l-v6-gas/6-4l-gas-engine--engine-mounting,,
Chrysler 300,Limited,3.6L V6 Gas,6 4L Gas Engine / Engine Oiling Oil Pan And Indicator Dipstick,pending,0,0,https://www.moparamerica.com/v-2017-chrysler-300--limited--3-6l-v6-gas/6-4l-gas-engine--engine-oiling-oil-pan-and-indicator-dipstick,,
Chrysler 300,Limited,3.6L V6 Gas,845Re 8 Speed Automatic Transmission / Automatic Transmission Transaxle And Torque Converter,pending,0,0,https://www.moparamerica.com/v-2017-chrysler-300--limited--3-6l-v6-gas/845re-8-speed-automatic-transmission--automatic-transmission-transaxle-and-torque-converter,,
Chrysler 300,Limited,3.6L V6 Gas,845Re 8 Speed Automatic Transmission / Case Extension Oil Pan And Indicator Dipstick,pending,0,0,https://www.moparamerica.com/v-2017-chrysler-300--limited--3-6l-v6-gas/845re-8-speed-automatic-transmission--case-extension-oil-pan-and-indicator-dipstick,,
Chrysler 300,Limited,3.6L V6 Gas,845Re 8 Speed Automatic Transmission / Gearshift Controls And Related Parts,pending,0,0,https://www.moparamerica.com/v-2017-chrysler-300--limited--3-6l-v6-gas/845re-8-speed-automatic-transmission--gearshift-controls-and-related-parts,,
Chrysler 300,Limited,3.6L V6 Gas,845Re 8 Speed Automatic Transmission / Mounting And Skid Plate,pending,0,0,https://www.moparamerica.com/v-2017-chrysler-300--limited--3-6l-v6-gas/845re-8-speed-automatic-transmission--mounting-and-skid-plate,,
Chrysler 300,Limited,3.6L V6 Gas,845Re 8 Speed Automatic Transmission / Oil Pump,pending,0,0,https://www.moparamerica.com/v-2017-chrysler-300--limited--3-6l-v6-gas/845re-8-speed-automatic-transmission--oil-pump,,
Chrysler 300,Limited,3.6L V6 Gas,845Re 8 Speed Automatic Transmission / Valve Body Accumulator Solenoid And Parking Sprag,pending,0,0,https://www.moparamerica.com/v-2017-chrysler-300--limited--3-6l-v6-gas/845re-8-speed-automatic-transmission--valve-body-accumulator-solenoid-and-parking-sprag,,
Chrysler 300,Limited,3.6L V6 Gas,8Hp70 8 Speed Automatic Transmission / Automatic Transmission Transaxle And Torque Converter,pending,0,0,https://www.moparamerica.com/v-2017-chrysler-300--limited--3-6l-v6-gas/8hp70-8-speed-automatic-transmission--automatic-transmission-transaxle-and-torque-converter,,
Chrysler 300,Limited,3.6L V6 Gas,8Hp70 8 Speed Automatic Transmission / Gearshift Controls And Related Parts,pending,0,0,https://www.moparamerica.com/v-2017-chrysler-300--limited--3-6l-v6-gas/8hp70-8-speed-automatic-transmission--gearshift-controls-and-related-parts,,
Chrysler 300,Limited,3.6L V6 Gas,8Hp70 8 Speed Automatic Transmission / Mounting And Skid Plate,pending,0,0,https://www.moparamerica.com/v-2017-chrysler-300--limited--3-6l-v6-gas/8hp70-8-speed-automatic-transmission--mounting-and-skid-plate,,
Chrysler 300,Limited,3.6L V6 Gas,Accessories,pending,0,0,https://www.moparamerica.com/v-2017-chrysler-300--limited--3-6l-v6-gas/accessories,,
Chrysler 300,Limited,3.6L V6 Gas,Accessories Audio Video And Electronics Accessories / Charging Unit,pending,0,0,https://www.moparamerica.com/v-2017-chrysler-300--limited--3-6l-v6-gas/accessories-audio-video-and-electronics-accessories--charging-unit,,
Chrysler 300,Limited,3.6L V6 Gas,Accessories Audio Video And Electronics Accessories / Remote Start,pending,0,0,https://www.moparamerica.com/v-2017-chrysler-300--limited--3-6l-v6-gas/accessories-audio-video-and-electronics-accessories--remote-start,,
Chrysler 300,Limited,3.6L V6 Gas,Accessories Audio Video And Electronics Accessories / Security,pending,0,0,https://www.moparamerica.com/v-2017-chrysler-300--limited--3-6l-v6-gas/accessories-audio-video-and-electronics-accessories--security,,
Chrysler 300,Limited,3.6L V6 Gas,Accessories Exterior Accessories / Air Deflectors,pending,0,0,https://www.moparamerica.com/v-2017-chrysler-300--limited--3-6l-v6-gas/accessories-exterior-accessories--air-deflectors,,
Chrysler 300,Limited,3.6L V6 Gas,Accessories Exterior Accessories / Exterior Appearance,pending,0,0,https://www.moparamerica.com/v-2017-chrysler-300--limited--3-6l-v6-gas/accessories-exterior-accessories--exterior-appearance,,
Chrysler 300,Limited,3.6L V6 Gas,Accessories Exterior Accessories / License Plate,pending,0,0,https://www.moparamerica.com/v-2017-chrysler-300--limited--3-6l-v6-gas/accessories-exterior-accessories--license-plate,,
Chrysler 300,Limited,3.6L V6 Gas,Accessories Exterior Accessories / Locks,pending,0,0,https://www.moparamerica.com/v-2017-chrysler-300--limited--3-6l-v6-gas/accessories-exterior-accessories--locks,,
Chrysler 300,Limited,3.6L V6 Gas,Accessories Exterior Accessories / Protective Guards,pending,0,0,https://www.moparamerica.com/v-2017-chrysler-300--limited--3-6l-v6-gas/accessories-exterior-accessories--protective-guards,,
Chrysler 300,Limited,3.6L V6 Gas,Accessories Exterior Accessories / Splash Guards,pending,0,0,https://www.moparamerica.com/v-2017-chrysler-300--limited--3-6l-v6-gas/accessories-exterior-accessories--splash-guards,,
Chrysler 300,Limited,3.6L V6 Gas,Accessories Exterior Accessories / Wheels,pending,0,0,https://www.moparamerica.com/v-2017-chrysler-300--limited--3-6l-v6-gas/accessories-exterior-accessories--wheels,,
Chrysler 300,Limited,3.6L V6 Gas,Accessories Interior Accessories / Air Purification,pending,0,0,https://www.moparamerica.com/v-2017-chrysler-300--limited--3-6l-v6-gas/accessories-interior-accessories--air-purification,,
Chrysler 300,Limited,3.6L V6 Gas,Accessories Interior Accessories / Cargo Trays And Mats,pending,0,0,https://www.moparamerica.com/v-2017-chrysler-300--limited--3-6l-v6-gas/accessories-interior-accessories--cargo-trays-and-mats,,
Chrysler 300,Limited,3.6L V6 Gas,Accessories Interior Accessories / Floor Mats,pending,0,0,https://www.moparamerica.com/v-2017-chrysler-300--limited--3-6l-v6-gas/accessories-interior-accessories--floor-mats,,
Chrysler 300,Limited,3.6L V6 Gas,Accessories Interior Accessories / Interior Appearance,pending,0,0,https://www.moparamerica.com/v-2017-chrysler-300--limited--3-6l-v6-gas/accessories-interior-accessories--interior-appearance,,
Chrysler 300,Limited,3.6L V6 Gas,Accessories Lifestyle And Off Road Accessories / Safety Kits,pending,0,0,https://www.moparamerica.com/v-2017-chrysler-300--limited--3-6l-v6-gas/accessories-lifestyle-and-off-road-accessories--safety-kits,,
Chrysler 300,Limited,3.6L V6 Gas,Accessories Lighting And Electrical Accessories / Charging Unit,pending,0,0,https://www.moparamerica.com/v-2017-chrysler-300--limited--3-6l-v6-gas/accessories-lighting-and-electrical-accessories--charging-unit,,
Chrysler 300,Limited,3.6L V6 Gas,Accessories Modern Performance / Engine Parts,pending,0,0,https://www.moparamerica.com/v-2017-chrysler-300--limited--3-6l-v6-gas/accessories-modern-performance--engine-parts,,
Chrysler 300,Limited,3.6L V6 Gas,Accessories Modern Performance / Intake And Air,pending,0,0,https://www.moparamerica.com/v-2017-chrysler-300--limited--3-6l-v6-gas/accessories-modern-performance--intake-and-air,,
Chrysler 300,Limited,3.6L V6 Gas,Accessories Modern Performance / Suspension,pending,0,0,https://www.moparamerica.com/v-2017-chrysler-300--limited--3-6l-v6-gas/accessories-modern-performance--suspension,,
Chrysler 300,Limited,3.6L V6 Gas,Accessories Performance / Brakes,pending,0,0,https://www.moparamerica.com/v-2017-chrysler-300--limited--3-6l-v6-gas/accessories-performance--brakes,,
Chrysler 300,Limited,3.6L V6 Gas,Accessories Vehicle Care Products / Mopar,pending,0,0,https://www.moparamerica.com/v-2017-chrysler-300--limited--3-6l-v6-gas/accessories-vehicle-care-products--mopar,,
Chrysler 300,Limited,3.6L V6 Gas,Accessories Vehicle Care Products / Touch Up Paint,pending,0,0,https://www.moparamerica.com/v-2017-chrysler-300--limited--3-6l-v6-gas/accessories-vehicle-care-products--touch-up-paint,,
Chrysler 300,Limited,3.6L V6 Gas,Air Conditioners And Heaters / Air Conditioner And Heater Controls,pending,0,0,https://www.moparamerica.com/v-2017-chrysler-300--limited--3-6l-v6-gas/air-conditioners-and-heaters--air-conditioner-and-heater-controls,,
Chrysler 300,Limited,3.6L V6 Gas,Air Conditioners And Heaters / Air Conditioner And Heater Plumbing,pending,0,0,https://www.moparamerica.com/v-2017-chrysler-300--limited--3-6l-v6-gas/air-conditioners-and-heaters--air-conditioner-and-heater-plumbing,,
Chrysler 300,Limited,3.6L V6 Gas,Air Conditioners And Heaters / Air Conditioner And Heater Units,pending,0,0,https://www.moparamerica.com/v-2017-chrysler-300--limited--3-6l-v6-gas/air-conditioners-and-heaters--air-conditioner-and-heater-units,,
Chrysler 300,Limited,3.6L V6 Gas,Air Conditioners And Heaters / Air Conditioner Compressor And Mounting,pending,0,0,https://www.moparamerica.com/v-2017-chrysler-300--limited--3-6l-v6-gas/air-conditioners-and-heaters--air-conditioner-compressor-and-mounting,,
Chrysler 300,Limited,3.6L V6 Gas,Air Conditioners And Heaters / Air Ducts,pending,0,0,https://www.moparamerica.com/v-2017-chrysler-300--limited--3-6l-v6-gas/air-conditioners-and-heaters--air-ducts,,
Chrysler 300,Limited,3.6L V6 Gas,All Wheel Drive Differential And Drive Line / Drive Shaft,pending,0,0,https://www.moparamerica.com/v-2017-chrysler-300--limited--3-6l-v6-gas/all-wheel-drive-differential-and-drive-line--drive-shaft,,
Chrysler 300,Limited,3.6L V6 Gas,All Wheel Drive Differential And Drive Line / Front Axle Assembly,pending,0,0,https://www.moparamerica.com/v-2017-chrysler-300--limited--3-6l-v6-gas/all-wheel-drive-differential-and-drive-line--front-axle-assembly,,
Chrysler 300,Limited,3.6L V6 Gas,All Wheel Drive Differential And Drive Line / Front Axle Drive Shafts,pending,0,0,https://www.moparamerica.com/v-2017-chrysler-300--limited--3-6l-v6-gas/all-wheel-drive-differential-and-drive-line--front-axle-drive-shafts,,
Chrysler 300,Limited,3.6L V6 Gas,All Wheel Drive Differential And Drive Line / Rear Axle Assembly,pending,0,0,https://www.moparamerica.com/v-2017-chrysler-300--limited--3-6l-v6-gas/all-wheel-drive-differential-and-drive-line--rear-axle-assembly,,
Chrysler 300,Limited,3.6L V6 Gas,All Wheel Drive Differential And Drive Line / Rear Axle Housing Differential And Vent,pending,0,0,https://www.moparamerica.com/v-2017-chrysler-300--limited--3-6l-v6-gas/all-wheel-drive-differential-and-drive-line--rear-axle-housing-differential-and-vent,,
Chrysler 300,Limited,3.6L V6 Gas,All Wheel Drive Differential And Drive Line / Rear Axle Shafts,pending,0,0,https://www.moparamerica.com/v-2017-chrysler-300--limited--3-6l-v6-gas/all-wheel-drive-differential-and-drive-line--rear-axle-shafts,,
Chrysler 300,Limited,3.6L V6 Gas,Auto Parts,pending,0,0,https://www.moparamerica.com/v-2017-chrysler-300--limited--3-6l-v6-gas/auto-parts,,
Chrysler 300,Limited,3.6L V6 Gas,Body Sheet Metal Except Doors / Aperture Panel And Pillar Supports,pending,0,0,https://www.moparamerica.com/v-2017-chrysler-300--limited--3-6l-v6-gas/body-sheet-metal-except-doors--aperture-panel-and-pillar-supports,,
Chrysler 300,Limited,3.6L V6 Gas,Body Sheet Metal Except Doors / Cowl And Dash Panel,pending,0,0,https://www.moparamerica.com/v-2017-chrysler-300--limited--3-6l-v6-gas/body-sheet-metal-except-doors--cowl-and-dash-panel,,
Chrysler 300,Limited,3.6L V6 Gas,Body Sheet Metal Except Doors / Deck Lid,pending,0,0,https://www.moparamerica.com/v-2017-chrysler-300--limited--3-6l-v6-gas/body-sheet-metal-except-doors--deck-lid,,
Chrysler 300,Limited,3.6L V6 Gas,Body Sheet Metal Except Doors / Fenders,pending,0,0,https://www.moparamerica.com/v-2017-chrysler-300--limited--3-6l-v6-gas/body-sheet-metal-except-doors--fenders,,
Chrysler 300,Limited,3.6L V6 Gas,Body Sheet Metal Except Doors / Floor Pans,pending,0,0,https://www.moparamerica.com/v-2017-chrysler-300--limited--3-6l-v6-gas/body-sheet-metal-except-doors--floor-pans,,
Chrysler 300,Limited,3.6L V6 Gas,Body Sheet Metal Except Doors / Hood And Hood Release,pending,0,0,https://www.moparamerica.com/v-2017-chrysler-300--limited--3-6l-v6-gas/body-sheet-metal-except-doors--hood-and-hood-release,,
Chrysler 300,Limited,3.6L V6 Gas,Body Sheet Metal Except Doors / Pick Up Box And Fuel Filler Door,pending,0,0,https://www.moparamerica.com/v-2017-chrysler-300--limited--3-6l-v6-gas/body-sheet-metal-except-doors--pick-up-box-and-fuel-filler-door,,
Chrysler 300,Limited,3.6L V6 Gas,Body Sheet Metal Except Doors / Plugs,pending,0,0,https://www.moparamerica.com/v-2017-chrysler-300--limited--3-6l-v6-gas/body-sheet-metal-except-doors--plugs,,
Chrysler 300,Limited,3.6L V6 Gas,Body Sheet Metal Except Doors / Roof,pending,0,0,https://www.moparamerica.com/v-2017-chrysler-300--limited--3-6l-v6-gas/body-sheet-metal-except-doors--roof,,
Chrysler 300,Limited,3.6L V6 Gas,Body Sheet Metal Except Doors / Shelf Panel,pending,0,0,https://www.moparamerica.com/v-2017-chrysler-300--limited--3-6l-v6-gas/body-sheet-metal-except-doors--shelf-panel,,
Chrysler 300,Limited,3.6L V6 Gas,Body Sheet Metal Except Doors / Sunroof,pending,0,0,https://www.moparamerica.com/v-2017-chrysler-300--limited--3-6l-v6-gas/body-sheet-metal-except-doors--sunroof,,
Chrysler 300,Limited,3.6L V6 Gas,Brakes / Brake Master Cylinder,pending,0,0,https://www.moparamerica.com/v-2017-chrysler-300--limited--3-6l-v6-gas/brakes--brake-master-cylinder,,
Chrysler 300,Limited,3.6L V6 Gas,Brakes / Brake Pedals,pending,0,0,https://www.moparamerica.com/v-2017-chrysler-300--limited--3-6l-v6-gas/brakes--brake-pedals,,
Chrysler 300,Limited,3.6L V6 Gas,Brakes / Front Brakes,pending,0,0,https://www.moparamerica.com/v-2017-chrysler-300--limited--3-6l-v6-gas/brakes--front-brakes,,
Chrysler 300,Limited,3.6L V6 Gas,Brakes / Hydraulic Control Unit Brake Tubes And Hoses,pending,0,0,https://www.moparamerica.com/v-2017-chrysler-300--limited--3-6l-v6-gas/brakes--hydraulic-control-unit-brake-tubes-and-hoses,,
Chrysler 300,Limited,3.6L V6 Gas,Brakes / Parking Brake Lever Cables And Rear Disc Park Brake Assembly,pending,0,0,https://www.moparamerica.com/v-2017-chrysler-300--limited--3-6l-v6-gas/brakes--parking-brake-lever-cables-and-rear-disc-park-brake-assembly,,
Chrysler 300,Limited,3.6L V6 Gas,Brakes / Power Brake Booster,pending,0,0,https://www.moparamerica.com/v-2017-chrysler-300--limited--3-6l-v6-gas/brakes--power-brake-booster,,
Chrysler 300,Limited,3.6L V6 Gas,Brakes / Rear Brakes,pending,0,0,https://www.moparamerica.com/v-2017-chrysler-300--limited--3-6l-v6-gas/brakes--rear-brakes,,
Chrysler 300,Limited,3.6L V6 Gas,Cooling / Drive Belts,pending,0,0,https://www.moparamerica.com/v-2017-chrysler-300--limited--3-6l-v6-gas/cooling--drive-belts,,
Chrysler 300,Limited,3.6L V6 Gas,Cooling / Engine Coolant Reservoir Bottle,pending,0,0,https://www.moparamerica.com/v-2017-chrysler-300--limited--3-6l-v6-gas/cooling--engine-coolant-reservoir-bottle,,
Chrysler 300,Limited,3.6L V6 Gas,Cooling / Pulleys And Related Parts,pending,0,0,https://www.moparamerica.com/v-2017-chrysler-300--limited--3-6l-v6-gas/cooling--pulleys-and-related-parts,,
Chrysler 300,Limited,3.6L V6 Gas,Cooling / Radiator And Related Parts Charge Air Cooler,pending,0,0,https://www.moparamerica.com/v-2017-chrysler-300--limited--3-6l-v6-gas/cooling--radiator-and-related-parts-charge-air-cooler,,
Chrysler 300,Limited,3.6L V6 Gas,Cooling / Transmission Oil Cooler And Lines,pending,0,0,https://www.moparamerica.com/v-2017-chrysler-300--limited--3-6l-v6-gas/cooling--transmission-oil-cooler-and-lines,,
Chrysler 300,Limited,3.6L V6 Gas,Cooling / Water Pump And Related Parts,pending,0,0,https://www.moparamerica.com/v-2017-chrysler-300--limited--3-6l-v6-gas/cooling--water-pump-and-related-parts,,
Chrysler 300,Limited,3.6L V6 Gas,Doors Door Mirrors And Related Parts / Exterior Mirror,pending,0,0,https://www.moparamerica.com/v-2017-chrysler-300--limited--3-6l-v6-gas/doors-door-mirrors-and-related-parts--exterior-mirror,,
Chrysler 300,Limited,3.6L V6 Gas,Doors Door Mirrors And Related Parts / Front Door,pending,0,0,https://www.moparamerica.com/v-2017-chrysler-300--limited--3-6l-v6-gas/doors-door-mirrors-and-related-parts--front-door,,
Chrysler 300,Limited,3.6L V6 Gas,Doors Door Mirrors And Related Parts / Rear Door,pending,0,0,https://www.moparamerica.com/v-2017-chrysler-300--limited--3-6l-v6-gas/doors-door-mirrors-and-related-parts--rear-door,,
Chrysler 300,Limited,3.6L V6 Gas,Doors Door Mirrors And Related Parts / Weatherstrips And Seals,pending,0,0,https://www.moparamerica.com/v-2017-chrysler-300--limited--3-6l-v6-gas/doors-door-mirrors-and-related-parts--weatherstrips-and-seals,,
Chrysler 300,Limited,3.6L V6 Gas,Electrical / Battery Battery Tray And Cables,pending,0,0,https://www.moparamerica.com/v-2017-chrysler-300--limited--3-6l-v6-gas/electrical--battery-battery-tray-and-cables,,
Chrysler 300,Limited,3.6L V6 Gas,Electrical / Generators Alternators,pending,0,0,https://www.moparamerica.com/v-2017-chrysler-300--limited--3-6l-v6-gas/electrical--generators-alternators,,
Chrysler 300,Limited,3.6L V6 Gas,Electrical / Horns,pending,0,0,https://www.moparamerica.com/v-2017-chrysler-300--limited--3-6l-v6-gas/electrical--horns,,
Chrysler 300,Limited,3.6L V6 Gas,Electrical / Ignition Spark Plugs Cables Coils And Glow Plugs,pending,0,0,https://www.moparamerica.com/v-2017-chrysler-300--limited--3-6l-v6-gas/electrical--ignition-spark-plugs-cables-coils-and-glow-plugs,,
Chrysler 300,Limited,3.6L V6 Gas,Electrical / Instrument Panel Cluster,pending,0,0,https://www.moparamerica.com/v-2017-chrysler-300--limited--3-6l-v6-gas/electrical--instrument-panel-cluster,,
Chrysler 300,Limited,3.6L V6 Gas,Electrical / Keys Modules And Engine Controllers,pending,0,0,https://www.moparamerica.com/v-2017-chrysler-300--limited--3-6l-v6-gas/electrical--keys-modules-and-engine-controllers,,
Chrysler 300,Limited,3.6L V6 Gas,Electrical / Lamps Interior And Exterior,pending,0,0,https://www.moparamerica.com/v-2017-chrysler-300--limited--3-6l-v6-gas/electrical--lamps-interior-and-exterior,,
Chrysler 300,Limited,3.6L V6 Gas,Electrical / Park Assist,pending,0,0,https://www.moparamerica.com/v-2017-chrysler-300--limited--3-6l-v6-gas/electrical--park-assist,,
Chrysler 300,Limited,3.6L V6 Gas,Electrical / Power Distribution Center Fuse Block Junction Block Relays And Fuses,pending,0,0,https://www.moparamerica.com/v-2017-chrysler-300--limited--3-6l-v6-gas/electrical--power-distribution-center-fuse-block-junction-block-relays-and-fuses,,
Chrysler 300,Limited,3.6L V6 Gas,Electrical / Radio Antenna Speakers Dvd And Video Systems,pending,0,0,https://www.moparamerica.com/v-2017-chrysler-300--limited--3-6l-v6-gas/electrical--radio-antenna-speakers-dvd-and-video-systems,,
Chrysler 300,Limited,3.6L V6 Gas,Electrical / Sensors,pending,0,0,https://www.moparamerica.com/v-2017-chrysler-300--limited--3-6l-v6-gas/electrical--sensors,,
Chrysler 300,Limited,3.6L V6 Gas,Electrical / Speed Control,pending,0,0,https://www.moparamerica.com/v-2017-chrysler-300--limited--3-6l-v6-gas/electrical--speed-control,,
Chrysler 300,Limited,3.6L V6 Gas,Electrical / Starters,pending,0,0,https://www.moparamerica.com/v-2017-chrysler-300--limited--3-6l-v6-gas/electrical--starters,,
Chrysler 300,Limited,3.6L V6 Gas,Electrical / Switches,pending,0,0,https://www.moparamerica.com/v-2017-chrysler-300--limited--3-6l-v6-gas/electrical--switches,,
Chrysler 300,Limited,3.6L V6 Gas,Electrical / Wiper And Washer System,pending,0,0,https://www.moparamerica.com/v-2017-chrysler-300--limited--3-6l-v6-gas/electrical--wiper-and-washer-system,,
Chrysler 300,Limited,3.6L V6 Gas,Electrical / Wiring Body And Accessories,pending,0,0,https://www.moparamerica.com/v-2017-chrysler-300--limited--3-6l-v6-gas/electrical--wiring-body-and-accessories,,
Chrysler 300,Limited,3.6L V6 Gas,Electrical / Wiring Headlamp To Dash,pending,0,0,https://www.moparamerica.com/v-2017-chrysler-300--limited--3-6l-v6-gas/electrical--wiring-headlamp-to-dash,,
Chrysler 300,Limited,3.6L V6 Gas,Electrical / Wiring Instrument Panel,pending,0,0,https://www.moparamerica.com/v-2017-chrysler-300--limited--3-6l-v6-gas/electrical--wiring-instrument-panel,,
Chrysler 300,Limited,3.6L V6 Gas,Electrical / Wiring Powertrain,pending,0,0,https://www.moparamerica.com/v-2017-chrysler-300--limited--3-6l-v6-gas/electrical--wiring-powertrain,,
Chrysler 300,Limited,3.6L V6 Gas,Emission Controls / Emission Harness,pending,0,0,https://www.moparamerica.com/v-2017-chrysler-300--limited--3-6l-v6-gas/emission-controls--emission-harness,,
Chrysler 300,Limited,3.6L V6 Gas,Emission Controls / Vacuum Canister Leak Detection Pump,pending,0,0,https://www.moparamerica.com/v-2017-chrysler-300--limited--3-6l-v6-gas/emission-controls--vacuum-canister-leak-detection-pump,,
Chrysler 300,Limited,3.6L V6 Gas,Exhaust / Exhaust System,pending,0,0,https://www.moparamerica.com/v-2017-chrysler-300--limited--3-6l-v6-gas/exhaust--exhaust-system,,
Chrysler 300,Limited,3.6L V6 Gas,Exterior Ornamentation / Grilles,pending,0,0,https://www.moparamerica.com/v-2017-chrysler-300--limited--3-6l-v6-gas/exterior-ornamentation--grilles,,
Chrysler 300,Limited,3.6L V6 Gas,Exterior Ornamentation / Moldings And Ornamentation,pending,0,0,https://www.moparamerica.com/v-2017-chrysler-300--limited--3-6l-v6-gas/exterior-ornamentation--moldings-and-ornamentation,,
Chrysler 300,Limited,3.6L V6 Gas,Exterior Ornamentation / Nameplates,pending,0,0,https://www.moparamerica.com/v-2017-chrysler-300--limited--3-6l-v6-gas/exterior-ornamentation--nameplates,,
Chrysler 300,Limited,3.6L V6 Gas,Frame Bumper And Fascia / Frames,pending,0,0,https://www.moparamerica.com/v-2017-chrysler-300--limited--3-6l-v6-gas/frame-bumper-and-fascia--frames,,
Chrysler 300,Limited,3.6L V6 Gas,Frame Bumper And Fascia / Front Bumper And Fascia,pending,0,0,https://www.moparamerica.com/v-2017-chrysler-300--limited--3-6l-v6-gas/frame-bumper-and-fascia--front-bumper-and-fascia,,
Chrysler 300,Limited,3.6L V6 Gas,Frame Bumper And Fascia / Rear Bumper And Fascia,pending,0,0,https://www.moparamerica.com/v-2017-chrysler-300--limited--3-6l-v6-gas/frame-bumper-and-fascia--rear-bumper-and-fascia,,
Chrysler 300,Limited,3.6L V6 Gas,Front Suspension / Front Stabilizer Bar,pending,0,0,https://www.moparamerica.com/v-2017-chrysler-300--limited--3-6l-v6-gas/front-suspension--front-stabilizer-bar,,
Chrysler 300,Limited,3.6L V6 Gas,Front Suspension / Front Suspension Strut And Cradle,pending,0,0,https://www.moparamerica.com/v-2017-chrysler-300--limited--3-6l-v6-gas/front-suspension--front-suspension-strut-and-cradle,,
Chrysler 300,Limited,3.6L V6 Gas,Fuel / Accelerator Pedal,pending,0,0,https://www.moparamerica.com/v-2017-chrysler-300--limited--3-6l-v6-gas/fuel--accelerator-pedal,,
Chrysler 300,Limited,3.6L V6 Gas,Fuel / Air Cleaner,pending,0,0,https://www.moparamerica.com/v-2017-chrysler-300--limited--3-6l-v6-gas/fuel--air-cleaner,,
Chrysler 300,Limited,3.6L V6 Gas,Fuel / Fuel Lines,pending,0,0,https://www.moparamerica.com/v-2017-chrysler-300--limited--3-6l-v6-gas/fuel--fuel-lines,,
Chrysler 300,Limited,3.6L V6 Gas,Fuel / Fuel Pump And Sending Unit,pending,0,0,https://www.moparamerica.com/v-2017-chrysler-300--limited--3-6l-v6-gas/fuel--fuel-pump-and-sending-unit,,
Chrysler 300,Limited,3.6L V6 Gas,Fuel / Fuel Rail And Injectors,pending,0,0,https://www.moparamerica.com/v-2017-chrysler-300--limited--3-6l-v6-gas/fuel--fuel-rail-and-injectors,,
Chrysler 300,Limited,3.6L V6 Gas,Fuel / Fuel Tank,pending,0,0,https://www.moparamerica.com/v-2017-chrysler-300--limited--3-6l-v6-gas/fuel--fuel-tank,,
Chrysler 300,Limited,3.6L V6 Gas,Fuel / Fuel Tank Filler Tube,pending,0,0,https://www.moparamerica.com/v-2017-chrysler-300--limited--3-6l-v6-gas/fuel--fuel-tank-filler-tube,,
Chrysler 300,Limited,3.6L V6 Gas,Fuel / Throttle Body,pending,0,0,https://www.moparamerica.com/v-2017-chrysler-300--limited--3-6l-v6-gas/fuel--throttle-body,,
Chrysler 300,Limited,3.6L V6 Gas,Glass / Glass And Interior Rear View Mirror,pending,0,0,https://www.moparamerica.com/v-2017-chrysler-300--limited--3-6l-v6-gas/glass--glass-and-interior-rear-view-mirror,,
Chrysler 300,Limited,3.6L V6 Gas,Interior Trim / Carpets Floor Mats Load Floor And Silencers,pending,0,0,https://www.moparamerica.com/v-2017-chrysler-300--limited--3-6l-v6-gas/interior-trim--carpets-floor-mats-load-floor-and-silencers,,
Chrysler 300,Limited,3.6L V6 Gas,Interior Trim / Consoles,pending,0,0,https://www.moparamerica.com/v-2017-chrysler-300--limited--3-6l-v6-gas/interior-trim--consoles,,
Chrysler 300,Limited,3.6L V6 Gas,Interior Trim / Door Trim Panels Front And Rear,pending,0,0,https://www.moparamerica.com/v-2017-chrysler-300--limited--3-6l-v6-gas/interior-trim--door-trim-panels-front-and-rear,,
Chrysler 300,Limited,3.6L V6 Gas,Interior Trim / Front Seats Adjusters Recliners Shields And Risers,pending,0,0,https://www.moparamerica.com/v-2017-chrysler-300--limited--3-6l-v6-gas/interior-trim--front-seats-adjusters-recliners-shields-and-risers,,
Chrysler 300,Limited,3.6L V6 Gas,Interior Trim / Front Seats First Row,pending,0,0,https://www.moparamerica.com/v-2017-chrysler-300--limited--3-6l-v6-gas/interior-trim--front-seats-first-row,,
Chrysler 300,Limited,3.6L V6 Gas,Interior Trim / Headliners Visors Assist Straps,pending,0,0,https://www.moparamerica.com/v-2017-chrysler-300--limited--3-6l-v6-gas/interior-trim--headliners-visors-assist-straps,,
Chrysler 300,Limited,3.6L V6 Gas,Interior Trim / Instrument Panel,pending,0,0,https://www.moparamerica.com/v-2017-chrysler-300--limited--3-6l-v6-gas/interior-trim--instrument-panel,,
Chrysler 300,Limited,3.6L V6 Gas,Interior Trim / Panels Moldings Scuff Plates Pillar Cowl 1 4 Panel Trim And Cargo Covers,pending,0,0,https://www.moparamerica.com/v-2017-chrysler-300--limited--3-6l-v6-gas/interior-trim--panels-moldings-scuff-plates-pillar-cowl-1-4-panel-trim-and-cargo-covers,,
Chrysler 300,Limited,3.6L V6 Gas,Interior Trim / Rear Seats Second Row,pending,0,0,https://www.moparamerica.com/v-2017-chrysler-300--limited--3-6l-v6-gas/interior-trim--rear-seats-second-row,,
Chrysler 300,Limited,3.6L V6 Gas,Interior Trim / Rear Seats Second Row Adjusters Recliners Shields And Risers,pending,0,0,https://www.moparamerica.com/v-2017-chrysler-300--limited--3-6l-v6-gas/interior-trim--rear-seats-second-row-adjusters-recliners-shields-and-risers,,
Chrysler 300,Limited,3.6L V6 Gas,Labels / Exterior,pending,0,0,https://www.moparamerica.com/v-2017-chrysler-300--limited--3-6l-v6-gas/labels--exterior,,
Chrysler 300,Limited,3.6L V6 Gas,Labels / Trunk,pending,0,0,https://www.moparamerica.com/v-2017-chrysler-300--limited--3-6l-v6-gas/labels--trunk,,
Chrysler 300,Limited,3.6L V6 Gas,Labels / Under Hood,pending,0,0,https://www.moparamerica.com/v-2017-chrysler-300--limited--3-6l-v6-gas/labels--under-hood,,
Chrysler 300,Limited,3.6L V6 Gas,Mopar Accessories Component Parts / Audio And Electronics,pending,0,0,https://www.moparamerica.com/v-2017-chrysler-300--limited--3-6l-v6-gas/mopar-accessories-component-parts--audio-and-electronics,,
Chrysler 300,Limited,3.6L V6 Gas,Mopar Accessories Component Parts / Driver Convenience,pending,0,0,https://www.moparamerica.com/v-2017-chrysler-300--limited--3-6l-v6-gas/mopar-accessories-component-parts--driver-convenience,,
Chrysler 300,Limited,3.6L V6 Gas,Mopar Accessories Component Parts / Exterior Appearance,pending,0,0,https://www.moparamerica.com/v-2017-chrysler-300--limited--3-6l-v6-gas/mopar-accessories-component-parts--exterior-appearance,,
Chrysler 300,Limited,3.6L V6 Gas,Mopar Accessories Component Parts / Fog Lights And Electrical,pending,0,0,https://www.moparamerica.com/v-2017-chrysler-300--limited--3-6l-v6-gas/mopar-accessories-component-parts--fog-lights-and-electrical,,
Chrysler 300,Limited,3.6L V6 Gas,Mopar Accessories Component Parts / Interior Protection,pending,0,0,https://www.moparamerica.com/v-2017-chrysler-300--limited--3-6l-v6-gas/mopar-accessories-component-parts--interior-protection,,
Chrysler 300,Limited,3.6L V6 Gas,Mopar Accessories Component Parts / Powertrain,pending,0,0,https://www.moparamerica.com/v-2017-chrysler-300--limited--3-6l-v6-gas/mopar-accessories-component-parts--powertrain,,
Chrysler 300,Limited,3.6L V6 Gas,Power Transfer Unit Transfer Case / Case And Extension,pending,0,0,https://www.moparamerica.com/v-2017-chrysler-300--limited--3-6l-v6-gas/power-transfer-unit-transfer-case--case-and-extension,,
Chrysler 300,Limited,3.6L V6 Gas,Power Transfer Unit Transfer Case / Gear Train,pending,0,0,https://www.moparamerica.com/v-2017-chrysler-300--limited--3-6l-v6-gas/power-transfer-unit-transfer-case--gear-train,,
Chrysler 300,Limited,3.6L V6 Gas,Power Transfer Unit Transfer Case / Transfer Case Assembly,pending,0,0,https://www.moparamerica.com/v-2017-chrysler-300--limited--3-6l-v6-gas/power-transfer-unit-transfer-case--transfer-case-assembly,,
Chrysler 300,Limited,3.6L V6 Gas,Rear Suspension / Rear Stabilizer,pending,0,0,https://www.moparamerica.com/v-2017-chrysler-300--limited--3-6l-v6-gas/rear-suspension--rear-stabilizer,,
Chrysler 300,Limited,3.6L V6 Gas,Rear Suspension / Rear Suspension And Cradle,pending,0,0,https://www.moparamerica.com/v-2017-chrysler-300--limited--3-6l-v6-gas/rear-suspension--rear-suspension-and-cradle,,
Chrysler 300,Limited,3.6L V6 Gas,Rear Wheel Drive Differential And Drive Line / Drive Shaft,pending,0,0,https://www.moparamerica.com/v-2017-chrysler-300--limited--3-6l-v6-gas/rear-wheel-drive-differential-and-drive-line--drive-shaft,,
Chrysler 300,Limited,3.6L V6 Gas,Rear Wheel Drive Differential And Drive Line / Rear Axle Assembly,pending,0,0,https://www.moparamerica.com/v-2017-chrysler-300--limited--3-6l-v6-gas/rear-wheel-drive-differential-and-drive-line--rear-axle-assembly,,
Chrysler 300,Limited,3.6L V6 Gas,Rear Wheel Drive Differential And Drive Line / Rear Axle Housing Differential And Vent,pending,0,0,https://www.moparamerica.com/v-2017-chrysler-300--limited--3-6l-v6-gas/rear-wheel-drive-differential-and-drive-line--rear-axle-housing-differential-and-vent,,
Chrysler 300,Limited,3.6L V6 Gas,Rear Wheel Drive Differential And Drive Line / Rear Axle Shafts,pending,0,0,https://www.moparamerica.com/v-2017-chrysler-300--limited--3-6l-v6-gas/rear-wheel-drive-differential-and-drive-line--rear-axle-shafts,,
Chrysler 300,Limited,3.6L V6 Gas,Restraints / Air Bags,pending,0,0,https://www.moparamerica.com/v-2017-chrysler-300--limited--3-6l-v6-gas/restraints--air-bags,,
Chrysler 300,Limited,3.6L V6 Gas,Restraints / Seat Belts,pending,0,0,https://www.moparamerica.com/v-2017-chrysler-300--limited--3-6l-v6-gas/restraints--seat-belts,,
Chrysler 300,Limited,3.6L V6 Gas,Steering / Steering Column And Intermediate Shaft,pending,0,0,https://www.moparamerica.com/v-2017-chrysler-300--limited--3-6l-v6-gas/steering--steering-column-and-intermediate-shaft,,
Chrysler 300,Limited,3.6L V6 Gas,Steering / Steering Gear,pending,0,0,https://www.moparamerica.com/v-2017-chrysler-300--limited--3-6l-v6-gas/steering--steering-gear,,
Chrysler 300,Limited,3.6L V6 Gas,Steering / Steering Wheel,pending,0,0,https://www.moparamerica.com/v-2017-chrysler-300--limited--3-6l-v6-gas/steering--steering-wheel,,
Chrysler 300,Limited,3.6L V6 Gas,Wheels / Emergency Kit,pending,0,0,https://www.moparamerica.com/v-2017-chrysler-300--limited--3-6l-v6-gas/wheels--emergency-kit,,
Chrysler 300,Limited,3.6L V6 Gas,Wheels / Jack Stowage,pending,0,0,https://www.moparamerica.com/v-2017-chrysler-300--limited--3-6l-v6-gas/wheels--jack-stowage,,
Chrysler 300,Limited,3.6L V6 Gas,Wheels / Tire Monitoring System,pending,0,0,https://www.moparamerica.com/v-2017-chrysler-300--limited--3-6l-v6-gas/wheels--tire-monitoring-system,,
Chrysler 300,Limited,3.6L V6 Gas,Wheels / Wheel Covers And Center Caps,pending,0,0,https://www.moparamerica.com/v-2017-chrysler-300--limited--3-6l-v6-gas/wheels--wheel-covers-and-center-caps,,
Chrysler 300,Limited,3.6L V6 Gas,Wheels / Wheel Spare,pending,0,0,https://www.moparamerica.com/v-2017-chrysler-300--limited--3-6l-v6-gas/wheels--wheel-spare,,
Chrysler 300,Limited,3.6L V6 Gas,Wheels / Wheels Tires And Hardware,pending,0,0,https://www.moparamerica.com/v-2017-chrysler-300--limited--3-6l-v6-gas/wheels--wheels-tires-and-hardware,,
Chrysler 300,S,3.6L V6 Flex,3 0L Gas Engine / Cylinder Block,pending,0,0,https://www.moparamerica.com/v-2017-chrysler-300--s--3-6l-v6-flex/3-0l-gas-engine--cylinder-block,,
Chrysler 300,S,3.6L V6 Flex,3 0L Gas Engine / Cylinder Head,pending,0,0,https://www.moparamerica.com/v-2017-chrysler-300--s--3-6l-v6-flex/3-0l-gas-engine--cylinder-head,,
Chrysler 300,S,3.6L V6 Flex,3 0L Gas Engine / Engine Mounting,pending,0,0,https://www.moparamerica.com/v-2017-chrysler-300--s--3-6l-v6-flex/3-0l-gas-engine--engine-mounting,,
Chrysler 300,S,3.6L V6 Flex,3 0L Gas Engine / Engine Oiling Oil Pan And Indicator Dipstick,pending,0,0,https://www.moparamerica.com/v-2017-chrysler-300--s--3-6l-v6-flex/3-0l-gas-engine--engine-oiling-oil-pan-and-indicator-dipstick,,
Chrysler 300,S,3.6L V6 Flex,3 0L Gas Engine / Timing Belt Chain And Cover And Balance Shaft,pending,0,0,https://www.moparamerica.com/v-2017-chrysler-300--s--3-6l-v6-flex/3-0l-gas-engine--timing-belt-chain-and-cover-and-balance-shaft,,
Chrysler 300,S,3.6L V6 Flex,3 6L Gas Engine / Camshaft And Valve,pending,0,0,https://www.moparamerica.com/v-2017-chrysler-300--s--3-6l-v6-flex/3-6l-gas-engine--camshaft-and-valve,,
Chrysler 300,S,3.6L V6 Flex,3 6L Gas Engine / Crankcase Ventilation,pending,0,0,https://www.moparamerica.com/v-2017-chrysler-300--s--3-6l-v6-flex/3-6l-gas-engine--crankcase-ventilation,,
Chrysler 300,S,3.6L V6 Flex,3 6L Gas Engine / Crankshaft Piston Drive Plate Flywheel And Damper,pending,0,0,https://www.moparamerica.com/v-2017-chrysler-300--s--3-6l-v6-flex/3-6l-gas-engine--crankshaft-piston-drive-plate-flywheel-and-damper,,
Chrysler 300,S,3.6L V6 Flex,3 6L Gas Engine / Cylinder Block,pending,0,0,https://www.moparamerica.com/v-2017-chrysler-300--s--3-6l-v6-flex/3-6l-gas-engine--cylinder-block,,
Chrysler 300,S,3.6L V6 Flex,3 6L Gas Engine / Cylinder Head,pending,0,0,https://www.moparamerica.com/v-2017-chrysler-300--s--3-6l-v6-flex/3-6l-gas-engine--cylinder-head,,
Chrysler 300,S,3.6L V6 Flex,3 6L Gas Engine / Engine Identification Service Engines And Engine Service Kits,pending,0,0,https://www.moparamerica.com/v-2017-chrysler-300--s--3-6l-v6-flex/3-6l-gas-engine--engine-identification-service-engines-and-engine-service-kits,,
Chrysler 300,S,3.6L V6 Flex,3 6L Gas Engine / Engine Mounting,pending,0,0,https://www.moparamerica.com/v-2017-chrysler-300--s--3-6l-v6-flex/3-6l-gas-engine--engine-mounting,,
Chrysler 300,S,3.6L V6 Flex,3 6L Gas Engine / Engine Oiling Oil Pan And Indicator Dipstick,pending,0,0,https://www.moparamerica.com/v-2017-chrysler-300--s--3-6l-v6-flex/3-6l-gas-engine--engine-oiling-oil-pan-and-indicator-dipstick,,
Chrysler 300,S,3.6L V6 Flex,3 6L Gas Engine / Manifolds And Vacuum Fittings,pending,0,0,https://www.moparamerica.com/v-2017-chrysler-300--s--3-6l-v6-flex/3-6l-gas-engine--manifolds-and-vacuum-fittings,,
Chrysler 300,S,3.6L V6 Flex,3 6L Gas Engine / Timing Belt Chain And Cover And Balance Shaft,pending,0,0,https://www.moparamerica.com/v-2017-chrysler-300--s--3-6l-v6-flex/3-6l-gas-engine--timing-belt-chain-and-cover-and-balance-shaft,,
Chrysler 300,S,3.6L V6 Flex,5 7L Gas Engine / Camshaft And Valve,pending,0,0,https://www.moparamerica.com/v-2017-chrysler-300--s--3-6l-v6-flex/5-7l-gas-engine--camshaft-and-valve,,
Chrysler 300,S,3.6L V6 Flex,5 7L Gas Engine / Engine Mounting,pending,0,0,https://www.moparamerica.com/v-2017-chrysler-300--s--3-6l-v6-flex/5-7l-gas-engine--engine-mounting,,
Chrysler 300,S,3.6L V6 Flex,5 7L Gas Engine / Engine Oiling Oil Pan And Indicator Dipstick,pending,0,0,https://www.moparamerica.com/v-2017-chrysler-300--s--3-6l-v6-flex/5-7l-gas-engine--engine-oiling-oil-pan-and-indicator-dipstick,,
Chrysler 300,S,3.6L V6 Flex,6 4L Gas Engine / Camshaft And Valve,pending,0,0,https://www.moparamerica.com/v-2017-chrysler-300--s--3-6l-v6-flex/6-4l-gas-engine--camshaft-and-valve,,
Chrysler 300,S,3.6L V6 Flex,6 4L Gas Engine / Engine Mounting,pending,0,0,https://www.moparamerica.com/v-2017-chrysler-300--s--3-6l-v6-flex/6-4l-gas-engine--engine-mounting,,
Chrysler 300,S,3.6L V6 Flex,6 4L Gas Engine / Engine Oiling Oil Pan And Indicator Dipstick,pending,0,0,https://www.moparamerica.com/v-2017-chrysler-300--s--3-6l-v6-flex/6-4l-gas-engine--engine-oiling-oil-pan-and-indicator-dipstick,,
Chrysler 300,S,3.6L V6 Flex,845Re 8 Speed Automatic Transmission / Automatic Transmission Transaxle And Torque Converter,pending,0,0,https://www.moparamerica.com/v-2017-chrysler-300--s--3-6l-v6-flex/845re-8-speed-automatic-transmission--automatic-transmission-transaxle-and-torque-converter,,
Chrysler 300,S,3.6L V6 Flex,845Re 8 Speed Automatic Transmission / Case Extension Oil Pan And Indicator Dipstick,pending,0,0,https://www.moparamerica.com/v-2017-chrysler-300--s--3-6l-v6-flex/845re-8-speed-automatic-transmission--case-extension-oil-pan-and-indicator-dipstick,,
Chrysler 300,S,3.6L V6 Flex,845Re 8 Speed Automatic Transmission / Gearshift Controls And Related Parts,pending,0,0,https://www.moparamerica.com/v-2017-chrysler-300--s--3-6l-v6-flex/845re-8-speed-automatic-transmission--gearshift-controls-and-related-parts,,
Chrysler 300,S,3.6L V6 Flex,845Re 8 Speed Automatic Transmission / Mounting And Skid Plate,pending,0,0,https://www.moparamerica.com/v-2017-chrysler-300--s--3-6l-v6-flex/845re-8-speed-automatic-transmission--mounting-and-skid-plate,,
Chrysler 300,S,3.6L V6 Flex,845Re 8 Speed Automatic Transmission / Oil Pump,pending,0,0,https://www.moparamerica.com/v-2017-chrysler-300--s--3-6l-v6-flex/845re-8-speed-automatic-transmission--oil-pump,,
Chrysler 300,S,3.6L V6 Flex,845Re 8 Speed Automatic Transmission / Valve Body Accumulator Solenoid And Parking Sprag,pending,0,0,https://www.moparamerica.com/v-2017-chrysler-300--s--3-6l-v6-flex/845re-8-speed-automatic-transmission--valve-body-accumulator-solenoid-and-parking-sprag,,
Chrysler 300,S,3.6L V6 Flex,8Hp70 8 Speed Automatic Transmission / Automatic Transmission Transaxle And Torque Converter,pending,0,0,https://www.moparamerica.com/v-2017-chrysler-300--s--3-6l-v6-flex/8hp70-8-speed-automatic-transmission--automatic-transmission-transaxle-and-torque-converter,,
Chrysler 300,S,3.6L V6 Flex,8Hp70 8 Speed Automatic Transmission / Gearshift Controls And Related Parts,pending,0,0,https://www.moparamerica.com/v-2017-chrysler-300--s--3-6l-v6-flex/8hp70-8-speed-automatic-transmission--gearshift-controls-and-related-parts,,
Chrysler 300,S,3.6L V6 Flex,8Hp70 8 Speed Automatic Transmission / Mounting And Skid Plate,pending,0,0,https://www.moparamerica.com/v-2017-chrysler-300--s--3-6l-v6-flex/8hp70-8-speed-automatic-transmission--mounting-and-skid-plate,,
Chrysler 300,S,3.6L V6 Flex,Accessories,pending,0,0,https://www.moparamerica.com/v-2017-chrysler-300--s--3-6l-v6-flex/accessories,,
Chrysler 300,S,3.6L V6 Flex,Accessories Audio Video And Electronics Accessories / Charging Unit,pending,0,0,https://www.moparamerica.com/v-2017-chrysler-300--s--3-6l-v6-flex/accessories-audio-video-and-electronics-accessories--charging-unit,,
Chrysler 300,S,3.6L V6 Flex,Accessories Audio Video And Electronics Accessories / Remote Start,pending,0,0,https://www.moparamerica.com/v-2017-chrysler-300--s--3-6l-v6-flex/accessories-audio-video-and-electronics-accessories--remote-start,,
Chrysler 300,S,3.6L V6 Flex,Accessories Audio Video And Electronics Accessories / Security,pending,0,0,https://www.moparamerica.com/v-2017-chrysler-300--s--3-6l-v6-flex/accessories-audio-video-and-electronics-accessories--security,,
Chrysler 300,S,3.6L V6 Flex,Accessories Exterior Accessories / Air Deflectors,pending,0,0,https://www.moparamerica.com/v-2017-chrysler-300--s--3-6l-v6-flex/accessories-exterior-accessories--air-deflectors,,
Chrysler 300,S,3.6L V6 Flex,Accessories Exterior Accessories / Exterior Appearance,pending,0,0,https://www.moparamerica.com/v-2017-chrysler-300--s--3-6l-v6-flex/accessories-exterior-accessories--exterior-appearance,,
Chrysler 300,S,3.6L V6 Flex,Accessories Exterior Accessories / License Plate,pending,0,0,https://www.moparamerica.com/v-2017-chrysler-300--s--3-6l-v6-flex/accessories-exterior-accessories--license-plate,,
Chrysler 300,S,3.6L V6 Flex,Accessories Exterior Accessories / Locks,pending,0,0,https://www.moparamerica.com/v-2017-chrysler-300--s--3-6l-v6-flex/accessories-exterior-accessories--locks,,
Chrysler 300,S,3.6L V6 Flex,Accessories Exterior Accessories / Protective Guards,pending,0,0,https://www.moparamerica.com/v-2017-chrysler-300--s--3-6l-v6-flex/accessories-exterior-accessories--protective-guards,,
Chrysler 300,S,3.6L V6 Flex,Accessories Exterior Accessories / Splash Guards,pending,0,0,https://www.moparamerica.com/v-2017-chrysler-300--s--3-6l-v6-flex/accessories-exterior-accessories--splash-guards,,
Chrysler 300,S,3.6L V6 Flex,Accessories Exterior Accessories / Wheels,pending,0,0,https://www.moparamerica.com/v-2017-chrysler-300--s--3-6l-v6-flex/accessories-exterior-accessories--wheels,,
Chrysler 300,S,3.6L V6 Flex,Accessories Interior Accessories / Air Purification,pending,0,0,https://www.moparamerica.com/v-2017-chrysler-300--s--3-6l-v6-flex/accessories-interior-accessories--air-purification,,
Chrysler 300,S,3.6L V6 Flex,Accessories Interior Accessories / Cargo Trays And Mats,pending,0,0,https://www.moparamerica.com/v-2017-chrysler-300--s--3-6l-v6-flex/accessories-interior-accessories--cargo-trays-and-mats,,
Chrysler 300,S,3.6L V6 Flex,Accessories Interior Accessories / Floor Mats,pending,0,0,https://www.moparamerica.com/v-2017-chrysler-300--s--3-6l-v6-flex/accessories-interior-accessories--floor-mats,,
Chrysler 300,S,3.6L V6 Flex,Accessories Interior Accessories / Interior Appearance,pending,0,0,https://www.moparamerica.com/v-2017-chrysler-300--s--3-6l-v6-flex/accessories-interior-accessories--interior-appearance,,
Chrysler 300,S,3.6L V6 Flex,Accessories Lifestyle And Off Road Accessories / Safety Kits,pending,0,0,https://www.moparamerica.com/v-2017-chrysler-300--s--3-6l-v6-flex/accessories-lifestyle-and-off-road-accessories--safety-kits,,
Chrysler 300,S,3.6L V6 Flex,Accessories Lighting And Electrical Accessories / Charging Unit,pending,0,0,https://www.moparamerica.com/v-2017-chrysler-300--s--3-6l-v6-flex/accessories-lighting-and-electrical-accessories--charging-unit,,
Chrysler 300,S,3.6L V6 Flex,Accessories Modern Performance / Engine Parts,pending,0,0,https://www.moparamerica.com/v-2017-chrysler-300--s--3-6l-v6-flex/accessories-modern-performance--engine-parts,,
Chrysler 300,S,3.6L V6 Flex,Accessories Modern Performance / Intake And Air,pending,0,0,https://www.moparamerica.com/v-2017-chrysler-300--s--3-6l-v6-flex/accessories-modern-performance--intake-and-air,,
Chrysler 300,S,3.6L V6 Flex,Accessories Modern Performance / Suspension,pending,0,0,https://www.moparamerica.com/v-2017-chrysler-300--s--3-6l-v6-flex/accessories-modern-performance--suspension,,
Chrysler 300,S,3.6L V6 Flex,Accessories Vehicle Care Products / Mopar,pending,0,0,https://www.moparamerica.com/v-2017-chrysler-300--s--3-6l-v6-flex/accessories-vehicle-care-products--mopar,,
Chrysler 300,S,3.6L V6 Flex,Accessories Vehicle Care Products / Touch Up Paint,pending,0,0,https://www.moparamerica.com/v-2017-chrysler-300--s--3-6l-v6-flex/accessories-vehicle-care-products--touch-up-paint,,
Chrysler 300,S,3.6L V6 Flex,Air Conditioners And Heaters / Air Conditioner And Heater Controls,pending,0,0,https://www.moparamerica.com/v-2017-chrysler-300--s--3-6l-v6-flex/air-conditioners-and-heaters--air-conditioner-and-heater-controls,,
Chrysler 300,S,3.6L V6 Flex,Air Conditioners And Heaters / Air Conditioner And Heater Plumbing,pending,0,0,https://www.moparamerica.com/v-2017-chrysler-300--s--3-6l-v6-flex/air-conditioners-and-heaters--air-conditioner-and-heater-plumbing,,
Chrysler 300,S,3.6L V6 Flex,Air Conditioners And Heaters / Air Conditioner And Heater Units,pending,0,0,https://www.moparamerica.com/v-2017-chrysler-300--s--3-6l-v6-flex/air-conditioners-and-heaters--air-conditioner-and-heater-units,,
Chrysler 300,S,3.6L V6 Flex,Air Conditioners And Heaters / Air Conditioner Compressor And Mounting,pending,0,0,https://www.moparamerica.com/v-2017-chrysler-300--s--3-6l-v6-flex/air-conditioners-and-heaters--air-conditioner-compressor-and-mounting,,
Chrysler 300,S,3.6L V6 Flex,Air Conditioners And Heaters / Air Ducts,pending,0,0,https://www.moparamerica.com/v-2017-chrysler-300--s--3-6l-v6-flex/air-conditioners-and-heaters--air-ducts,,
Chrysler 300,S,3.6L V6 Flex,All Wheel Drive Differential And Drive Line / Drive Shaft,pending,0,0,https://www.moparamerica.com/v-2017-chrysler-300--s--3-6l-v6-flex/all-wheel-drive-differential-and-drive-line--drive-shaft,,
Chrysler 300,S,3.6L V6 Flex,All Wheel Drive Differential And Drive Line / Front Axle Assembly,pending,0,0,https://www.moparamerica.com/v-2017-chrysler-300--s--3-6l-v6-flex/all-wheel-drive-differential-and-drive-line--front-axle-assembly,,
Chrysler 300,S,3.6L V6 Flex,All Wheel Drive Differential And Drive Line / Front Axle Drive Shafts,pending,0,0,https://www.moparamerica.com/v-2017-chrysler-300--s--3-6l-v6-flex/all-wheel-drive-differential-and-drive-line--front-axle-drive-shafts,,
Chrysler 300,S,3.6L V6 Flex,All Wheel Drive Differential And Drive Line / Rear Axle Assembly,pending,0,0,https://www.moparamerica.com/v-2017-chrysler-300--s--3-6l-v6-flex/all-wheel-drive-differential-and-drive-line--rear-axle-assembly,,
Chrysler 300,S,3.6L V6 Flex,All Wheel Drive Differential And Drive Line / Rear Axle Housing Differential And Vent,pending,0,0,https://www.moparamerica.com/v-2017-chrysler-300--s--3-6l-v6-flex/all-wheel-drive-differential-and-drive-line--rear-axle-housing-differential-and-vent,,
Chrysler 300,S,3.6L V6 Flex,All Wheel Drive Differential And Drive Line / Rear Axle Shafts,pending,0,0,https://www.moparamerica.com/v-2017-chrysler-300--s--3-6l-v6-flex/all-wheel-drive-differential-and-drive-line--rear-axle-shafts,,
Chrysler 300,S,3.6L V6 Flex,Auto Parts,pending,0,0,https://www.moparamerica.com/v-2017-chrysler-300--s--3-6l-v6-flex/auto-parts,,
Chrysler 300,S,3.6L V6 Flex,Body Sheet Metal Except Doors / Aperture Panel And Pillar Supports,pending,0,0,https://www.moparamerica.com/v-2017-chrysler-300--s--3-6l-v6-flex/body-sheet-metal-except-doors--aperture-panel-and-pillar-supports,,
Chrysler 300,S,3.6L V6 Flex,Body Sheet Metal Except Doors / Cowl And Dash Panel,pending,0,0,https://www.moparamerica.com/v-2017-chrysler-300--s--3-6l-v6-flex/body-sheet-metal-except-doors--cowl-and-dash-panel,,
Chrysler 300,S,3.6L V6 Flex,Body Sheet Metal Except Doors / Deck Lid,pending,0,0,https://www.moparamerica.com/v-2017-chrysler-300--s--3-6l-v6-flex/body-sheet-metal-except-doors--deck-lid,,
Chrysler 300,S,3.6L V6 Flex,Body Sheet Metal Except Doors / Fenders,pending,0,0,https://www.moparamerica.com/v-2017-chrysler-300--s--3-6l-v6-flex/body-sheet-metal-except-doors--fenders,,
Chrysler 300,S,3.6L V6 Flex,Body Sheet Metal Except Doors / Floor Pans,pending,0,0,https://www.moparamerica.com/v-2017-chrysler-300--s--3-6l-v6-flex/body-sheet-metal-except-doors--floor-pans,,
Chrysler 300,S,3.6L V6 Flex,Body Sheet Metal Except Doors / Hood And Hood Release,pending,0,0,https://www.moparamerica.com/v-2017-chrysler-300--s--3-6l-v6-flex/body-sheet-metal-except-doors--hood-and-hood-release,,
Chrysler 300,S,3.6L V6 Flex,Body Sheet Metal Except Doors / Pick Up Box And Fuel Filler Door,pending,0,0,https://www.moparamerica.com/v-2017-chrysler-300--s--3-6l-v6-flex/body-sheet-metal-except-doors--pick-up-box-and-fuel-filler-door,,
Chrysler 300,S,3.6L V6 Flex,Body Sheet Metal Except Doors / Plugs,pending,0,0,https://www.moparamerica.com/v-2017-chrysler-300--s--3-6l-v6-flex/body-sheet-metal-except-doors--plugs,,
Chrysler 300,S,3.6L V6 Flex,Body Sheet Metal Except Doors / Roof,pending,0,0,https://www.moparamerica.com/v-2017-chrysler-300--s--3-6l-v6-flex/body-sheet-metal-except-doors--roof,,
Chrysler 300,S,3.6L V6 Flex,Body Sheet Metal Except Doors / Shelf Panel,pending,0,0,https://www.moparamerica.com/v-2017-chrysler-300--s--3-6l-v6-flex/body-sheet-metal-except-doors--shelf-panel,,
Chrysler 300,S,3.6L V6 Flex,Body Sheet Metal Except Doors / Sunroof,pending,0,0,https://www.moparamerica.com/v-2017-chrysler-300--s--3-6l-v6-flex/body-sheet-metal-except-doors--sunroof,,
Chrysler 300,S,3.6L V6 Flex,Brakes / Brake Master Cylinder,pending,0,0,https://www.moparamerica.com/v-2017-chrysler-300--s--3-6l-v6-flex/brakes--brake-master-cylinder,,
Chrysler 300,S,3.6L V6 Flex,Brakes / Brake Pedals,pending,0,0,https://www.moparamerica.com/v-2017-chrysler-300--s--3-6l-v6-flex/brakes--brake-pedals,,
Chrysler 300,S,3.6L V6 Flex,Brakes / Front Brakes,pending,0,0,https://www.moparamerica.com/v-2017-chrysler-300--s--3-6l-v6-flex/brakes--front-brakes,,
Chrysler 300,S,3.6L V6 Flex,Brakes / Hydraulic Control Unit Brake Tubes And Hoses,pending,0,0,https://www.moparamerica.com/v-2017-chrysler-300--s--3-6l-v6-flex/brakes--hydraulic-control-unit-brake-tubes-and-hoses,,
Chrysler 300,S,3.6L V6 Flex,Brakes / Parking Brake Lever Cables And Rear Disc Park Brake Assembly,pending,0,0,https://www.moparamerica.com/v-2017-chrysler-300--s--3-6l-v6-flex/brakes--parking-brake-lever-cables-and-rear-disc-park-brake-assembly,,
Chrysler 300,S,3.6L V6 Flex,Brakes / Power Brake Booster,pending,0,0,https://www.moparamerica.com/v-2017-chrysler-300--s--3-6l-v6-flex/brakes--power-brake-booster,,
Chrysler 300,S,3.6L V6 Flex,Brakes / Rear Brakes,pending,0,0,https://www.moparamerica.com/v-2017-chrysler-300--s--3-6l-v6-flex/brakes--rear-brakes,,
Chrysler 300,S,3.6L V6 Flex,Cooling / Drive Belts,pending,0,0,https://www.moparamerica.com/v-2017-chrysler-300--s--3-6l-v6-flex/cooling--drive-belts,,
Chrysler 300,S,3.6L V6 Flex,Cooling / Engine Coolant Reservoir Bottle,pending,0,0,https://www.moparamerica.com/v-2017-chrysler-300--s--3-6l-v6-flex/cooling--engine-coolant-reservoir-bottle,,
Chrysler 300,S,3.6L V6 Flex,Cooling / Pulleys And Related Parts,pending,0,0,https://www.moparamerica.com/v-2017-chrysler-300--s--3-6l-v6-flex/cooling--pulleys-and-related-parts,,
Chrysler 300,S,3.6L V6 Flex,Cooling / Radiator And Related Parts Charge Air Cooler,pending,0,0,https://www.moparamerica.com/v-2017-chrysler-300--s--3-6l-v6-flex/cooling--radiator-and-related-parts-charge-air-cooler,,
Chrysler 300,S,3.6L V6 Flex,Cooling / Transmission Oil Cooler And Lines,pending,0,0,https://www.moparamerica.com/v-2017-chrysler-300--s--3-6l-v6-flex/cooling--transmission-oil-cooler-and-lines,,
Chrysler 300,S,3.6L V6 Flex,Cooling / Water Pump And Related Parts,pending,0,0,https://www.moparamerica.com/v-2017-chrysler-300--s--3-6l-v6-flex/cooling--water-pump-and-related-parts,,
Chrysler 300,S,3.6L V6 Flex,Doors Door Mirrors And Related Parts / Exterior Mirror,pending,0,0,https://www.moparamerica.com/v-2017-chrysler-300--s--3-6l-v6-flex/doors-door-mirrors-and-related-parts--exterior-mirror,,
Chrysler 300,S,3.6L V6 Flex,Doors Door Mirrors And Related Parts / Front Door,pending,0,0,https://www.moparamerica.com/v-2017-chrysler-300--s--3-6l-v6-flex/doors-door-mirrors-and-related-parts--front-door,,
Chrysler 300,S,3.6L V6 Flex,Doors Door Mirrors And Related Parts / Rear Door,pending,0,0,https://www.moparamerica.com/v-2017-chrysler-300--s--3-6l-v6-flex/doors-door-mirrors-and-related-parts--rear-door,,
Chrysler 300,S,3.6L V6 Flex,Doors Door Mirrors And Related Parts / Weatherstrips And Seals,pending,0,0,https://www.moparamerica.com/v-2017-chrysler-300--s--3-6l-v6-flex/doors-door-mirrors-and-related-parts--weatherstrips-and-seals,,
Chrysler 300,S,3.6L V6 Flex,Electrical / Battery Battery Tray And Cables,pending,0,0,https://www.moparamerica.com/v-2017-chrysler-300--s--3-6l-v6-flex/electrical--battery-battery-tray-and-cables,,
Chrysler 300,S,3.6L V6 Flex,Electrical / Generators Alternators,pending,0,0,https://www.moparamerica.com/v-2017-chrysler-300--s--3-6l-v6-flex/electrical--generators-alternators,,
Chrysler 300,S,3.6L V6 Flex,Electrical / Horns,pending,0,0,https://www.moparamerica.com/v-2017-chrysler-300--s--3-6l-v6-flex/electrical--horns,,
Chrysler 300,S,3.6L V6 Flex,Electrical / Ignition Spark Plugs Cables Coils And Glow Plugs,pending,0,0,https://www.moparamerica.com/v-2017-chrysler-300--s--3-6l-v6-flex/electrical--ignition-spark-plugs-cables-coils-and-glow-plugs,,
Chrysler 300,S,3.6L V6 Flex,Electrical / Instrument Panel Cluster,pending,0,0,https://www.moparamerica.com/v-2017-chrysler-300--s--3-6l-v6-flex/electrical--instrument-panel-cluster,,
Chrysler 300,S,3.6L V6 Flex,Electrical / Keys Modules And Engine Controllers,pending,0,0,https://www.moparamerica.com/v-2017-chrysler-300--s--3-6l-v6-flex/electrical--keys-modules-and-engine-controllers,,
Chrysler 300,S,3.6L V6 Flex,Electrical / Lamps Interior And Exterior,pending,0,0,https://www.moparamerica.com/v-2017-chrysler-300--s--3-6l-v6-flex/electrical--lamps-interior-and-exterior,,
Chrysler 300,S,3.6L V6 Flex,Electrical / Park Assist,pending,0,0,https://www.moparamerica.com/v-2017-chrysler-300--s--3-6l-v6-flex/electrical--park-assist,,
Chrysler 300,S,3.6L V6 Flex,Electrical / Power Distribution Center Fuse Block Junction Block Relays And Fuses,pending,0,0,https://www.moparamerica.com/v-2017-chrysler-300--s--3-6l-v6-flex/electrical--power-distribution-center-fuse-block-junction-block-relays-and-fuses,,
Chrysler 300,S,3.6L V6 Flex,Electrical / Radio Antenna Speakers Dvd And Video Systems,pending,0,0,https://www.moparamerica.com/v-2017-chrysler-300--s--3-6l-v6-flex/electrical--radio-antenna-speakers-dvd-and-video-systems,,
Chrysler 300,S,3.6L V6 Flex,Electrical / Sensors,pending,0,0,https://www.moparamerica.com/v-2017-chrysler-300--s--3-6l-v6-flex/electrical--sensors,,
Chrysler 300,S,3.6L V6 Flex,Electrical / Speed Control,pending,0,0,https://www.moparamerica.com/v-2017-chrysler-300--s--3-6l-v6-flex/electrical--speed-control,,
Chrysler 300,S,3.6L V6 Flex,Electrical / Starters,pending,0,0,https://www.moparamerica.com/v-2017-chrysler-300--s--3-6l-v6-flex/electrical--starters,,
Chrysler 300,S,3.6L V6 Flex,Electrical / Switches,pending,0,0,https://www.moparamerica.com/v-2017-chrysler-300--s--3-6l-v6-flex/electrical--switches,,
Chrysler 300,S,3.6L V6 Flex,Electrical / Wiper And Washer System,pending,0,0,https://www.moparamerica.com/v-2017-chrysler-300--s--3-6l-v6-flex/electrical--wiper-and-washer-system,,
Chrysler 300,S,3.6L V6 Flex,Electrical / Wiring Body And Accessories,pending,0,0,https://www.moparamerica.com/v-2017-chrysler-300--s--3-6l-v6-flex/electrical--wiring-body-and-accessories,,
Chrysler 300,S,3.6L V6 Flex,Electrical / Wiring Headlamp To Dash,pending,0,0,https://www.moparamerica.com/v-2017-chrysler-300--s--3-6l-v6-flex/electrical--wiring-headlamp-to-dash,,
Chrysler 300,S,3.6L V6 Flex,Electrical / Wiring Instrument Panel,pending,0,0,https://www.moparamerica.com/v-2017-chrysler-300--s--3-6l-v6-flex/electrical--wiring-instrument-panel,,
Chrysler 300,S,3.6L V6 Flex,Electrical / Wiring Powertrain,pending,0,0,https://www.moparamerica.com/v-2017-chrysler-300--s--3-6l-v6-flex/electrical--wiring-powertrain,,
Chrysler 300,S,3.6L V6 Flex,Emission Controls / Emission Harness,pending,0,0,https://www.moparamerica.com/v-2017-chrysler-300--s--3-6l-v6-flex/emission-controls--emission-harness,,
Chrysler 300,S,3.6L V6 Flex,Emission Controls / Vacuum Canister Leak Detection Pump,pending,0,0,https://www.moparamerica.com/v-2017-chrysler-300--s--3-6l-v6-flex/emission-controls--vacuum-canister-leak-detection-pump,,
Chrysler 300,S,3.6L V6 Flex,Exhaust / Exhaust System,pending,0,0,https://www.moparamerica.com/v-2017-chrysler-300--s--3-6l-v6-flex/exhaust--exhaust-system,,
Chrysler 300,S,3.6L V6 Flex,Exterior Ornamentation / Grilles,pending,0,0,https://www.moparamerica.com/v-2017-chrysler-300--s--3-6l-v6-flex/exterior-ornamentation--grilles,,
Chrysler 300,S,3.6L V6 Flex,Exterior Ornamentation / Moldings And Ornamentation,pending,0,0,https://www.moparamerica.com/v-2017-chrysler-300--s--3-6l-v6-flex/exterior-ornamentation--moldings-and-ornamentation,,
Chrysler 300,S,3.6L V6 Flex,Exterior Ornamentation / Nameplates,pending,0,0,https://www.moparamerica.com/v-2017-chrysler-300--s--3-6l-v6-flex/exterior-ornamentation--nameplates,,
Chrysler 300,S,3.6L V6 Flex,Frame Bumper And Fascia / Frames,pending,0,0,https://www.moparamerica.com/v-2017-chrysler-300--s--3-6l-v6-flex/frame-bumper-and-fascia--frames,,
Chrysler 300,S,3.6L V6 Flex,Frame Bumper And Fascia / Front Bumper And Fascia,pending,0,0,https://www.moparamerica.com/v-2017-chrysler-300--s--3-6l-v6-flex/frame-bumper-and-fascia--front-bumper-and-fascia,,
Chrysler 300,S,3.6L V6 Flex,Frame Bumper And Fascia / Rear Bumper And Fascia,pending,0,0,https://www.moparamerica.com/v-2017-chrysler-300--s--3-6l-v6-flex/frame-bumper-and-fascia--rear-bumper-and-fascia,,
Chrysler 300,S,3.6L V6 Flex,Front Suspension / Front Stabilizer Bar,pending,0,0,https://www.moparamerica.com/v-2017-chrysler-300--s--3-6l-v6-flex/front-suspension--front-stabilizer-bar,,
Chrysler 300,S,3.6L V6 Flex,Front Suspension / Front Suspension Strut And Cradle,pending,0,0,https://www.moparamerica.com/v-2017-chrysler-300--s--3-6l-v6-flex/front-suspension--front-suspension-strut-and-cradle,,
Chrysler 300,S,3.6L V6 Flex,Fuel / Accelerator Pedal,pending,0,0,https://www.moparamerica.com/v-2017-chrysler-300--s--3-6l-v6-flex/fuel--accelerator-pedal,,
Chrysler 300,S,3.6L V6 Flex,Fuel / Air Cleaner,pending,0,0,https://www.moparamerica.com/v-2017-chrysler-300--s--3-6l-v6-flex/fuel--air-cleaner,,
Chrysler 300,S,3.6L V6 Flex,Fuel / Fuel Lines,pending,0,0,https://www.moparamerica.com/v-2017-chrysler-300--s--3-6l-v6-flex/fuel--fuel-lines,,
Chrysler 300,S,3.6L V6 Flex,Fuel / Fuel Pump And Sending Unit,pending,0,0,https://www.moparamerica.com/v-2017-chrysler-300--s--3-6l-v6-flex/fuel--fuel-pump-and-sending-unit,,
Chrysler 300,S,3.6L V6 Flex,Fuel / Fuel Rail And Injectors,pending,0,0,https://www.moparamerica.com/v-2017-chrysler-300--s--3-6l-v6-flex/fuel--fuel-rail-and-injectors,,
Chrysler 300,S,3.6L V6 Flex,Fuel / Fuel Tank,pending,0,0,https://www.moparamerica.com/v-2017-chrysler-300--s--3-6l-v6-flex/fuel--fuel-tank,,
Chrysler 300,S,3.6L V6 Flex,Fuel / Fuel Tank Filler Tube,pending,0,0,https://www.moparamerica.com/v-2017-chrysler-300--s--3-6l-v6-flex/fuel--fuel-tank-filler-tube,,
Chrysler 300,S,3.6L V6 Flex,Fuel / Throttle Body,pending,0,0,https://www.moparamerica.com/v-2017-chrysler-300--s--3-6l-v6-flex/fuel--throttle-body,,
Chrysler 300,S,3.6L V6 Flex,Glass / Glass And Interior Rear View Mirror,pending,0,0,https://www.moparamerica.com/v-2017-chrysler-300--s--3-6l-v6-flex/glass--glass-and-interior-rear-view-mirror,,
Chrysler 300,S,3.6L V6 Flex,Interior Trim / Carpets Floor Mats Load Floor And Silencers,pending,0,0,https://www.moparamerica.com/v-2017-chrysler-300--s--3-6l-v6-flex/interior-trim--carpets-floor-mats-load-floor-and-silencers,,
Chrysler 300,S,3.6L V6 Flex,Interior Trim / Consoles,pending,0,0,https://www.moparamerica.com/v-2017-chrysler-300--s--3-6l-v6-flex/interior-trim--consoles,,
Chrysler 300,S,3.6L V6 Flex,Interior Trim / Door Trim Panels Front And Rear,pending,0,0,https://www.moparamerica.com/v-2017-chrysler-300--s--3-6l-v6-flex/interior-trim--door-trim-panels-front-and-rear,,
Chrysler 300,S,3.6L V6 Flex,Interior Trim / Front Seats Adjusters Recliners Shields And Risers,pending,0,0,https://www.moparamerica.com/v-2017-chrysler-300--s--3-6l-v6-flex/interior-trim--front-seats-adjusters-recliners-shields-and-risers,,
Chrysler 300,S,3.6L V6 Flex,Interior Trim / Front Seats First Row,pending,0,0,https://www.moparamerica.com/v-2017-chrysler-300--s--3-6l-v6-flex/interior-trim--front-seats-first-row,,
Chrysler 300,S,3.6L V6 Flex,Interior Trim / Headliners Visors Assist Straps,pending,0,0,https://www.moparamerica.com/v-2017-chrysler-300--s--3-6l-v6-flex/interior-trim--headliners-visors-assist-straps,,
Chrysler 300,S,3.6L V6 Flex,Interior Trim / Instrument Panel,pending,0,0,https://www.moparamerica.com/v-2017-chrysler-300--s--3-6l-v6-flex/interior-trim--instrument-panel,,
Chrysler 300,S,3.6L V6 Flex,Interior Trim / Panels Moldings Scuff Plates Pillar Cowl 1 4 Panel Trim And Cargo Covers,pending,0,0,https://www.moparamerica.com/v-2017-chrysler-300--s--3-6l-v6-flex/interior-trim--panels-moldings-scuff-plates-pillar-cowl-1-4-panel-trim-and-cargo-covers,,
Chrysler 300,S,3.6L V6 Flex,Interior Trim / Rear Seats Second Row,pending,0,0,https://www.moparamerica.com/v-2017-chrysler-300--s--3-6l-v6-flex/interior-trim--rear-seats-second-row,,
Chrysler 300,S,3.6L V6 Flex,Interior Trim / Rear Seats Second Row Adjusters Recliners Shields And Risers,pending,0,0,https://www.moparamerica.com/v-2017-chrysler-300--s--3-6l-v6-flex/interior-trim--rear-seats-second-row-adjusters-recliners-shields-and-risers,,
Chrysler 300,S,3.6L V6 Flex,Labels / Exterior,pending,0,0,https://www.moparamerica.com/v-2017-chrysler-300--s--3-6l-v6-flex/labels--exterior,,
Chrysler 300,S,3.6L V6 Flex,Labels / Trunk,pending,0,0,https://www.moparamerica.com/v-2017-chrysler-300--s--3-6l-v6-flex/labels--trunk,,
Chrysler 300,S,3.6L V6 Flex,Labels / Under Hood,pending,0,0,https://www.moparamerica.com/v-2017-chrysler-300--s--3-6l-v6-flex/labels--under-hood,,
Chrysler 300,S,3.6L V6 Flex,Mopar Accessories Component Parts / Audio And Electronics,pending,0,0,https://www.moparamerica.com/v-2017-chrysler-300--s--3-6l-v6-flex/mopar-accessories-component-parts--audio-and-electronics,,
Chrysler 300,S,3.6L V6 Flex,Mopar Accessories Component Parts / Driver Convenience,pending,0,0,https://www.moparamerica.com/v-2017-chrysler-300--s--3-6l-v6-flex/mopar-accessories-component-parts--driver-convenience,,
Chrysler 300,S,3.6L V6 Flex,Mopar Accessories Component Parts / Exterior Appearance,pending,0,0,https://www.moparamerica.com/v-2017-chrysler-300--s--3-6l-v6-flex/mopar-accessories-component-parts--exterior-appearance,,
Chrysler 300,S,3.6L V6 Flex,Mopar Accessories Component Parts / Fog Lights And Electrical,pending,0,0,https://www.moparamerica.com/v-2017-chrysler-300--s--3-6l-v6-flex/mopar-accessories-component-parts--fog-lights-and-electrical,,
Chrysler 300,S,3.6L V6 Flex,Mopar Accessories Component Parts / Interior Protection,pending,0,0,https://www.moparamerica.com/v-2017-chrysler-300--s--3-6l-v6-flex/mopar-accessories-component-parts--interior-protection,,
Chrysler 300,S,3.6L V6 Flex,Mopar Accessories Component Parts / Powertrain,pending,0,0,https://www.moparamerica.com/v-2017-chrysler-300--s--3-6l-v6-flex/mopar-accessories-component-parts--powertrain,,
Chrysler 300,S,3.6L V6 Flex,Power Transfer Unit Transfer Case / Case And Extension,pending,0,0,https://www.moparamerica.com/v-2017-chrysler-300--s--3-6l-v6-flex/power-transfer-unit-transfer-case--case-and-extension,,
Chrysler 300,S,3.6L V6 Flex,Power Transfer Unit Transfer Case / Gear Train,pending,0,0,https://www.moparamerica.com/v-2017-chrysler-300--s--3-6l-v6-flex/power-transfer-unit-transfer-case--gear-train,,
Chrysler 300,S,3.6L V6 Flex,Power Transfer Unit Transfer Case / Transfer Case Assembly,pending,0,0,https://www.moparamerica.com/v-2017-chrysler-300--s--3-6l-v6-flex/power-transfer-unit-transfer-case--transfer-case-assembly,,
Chrysler 300,S,3.6L V6 Flex,Rear Suspension / Rear Stabilizer,pending,0,0,https://www.moparamerica.com/v-2017-chrysler-300--s--3-6l-v6-flex/rear-suspension--rear-stabilizer,,
Chrysler 300,S,3.6L V6 Flex,Rear Suspension / Rear Suspension And Cradle,pending,0,0,https://www.moparamerica.com/v-2017-chrysler-300--s--3-6l-v6-flex/rear-suspension--rear-suspension-and-cradle,,
Chrysler 300,S,3.6L V6 Flex,Rear Wheel Drive Differential And Drive Line / Drive Shaft,pending,0,0,https://www.moparamerica.com/v-2017-chrysler-300--s--3-6l-v6-flex/rear-wheel-drive-differential-and-drive-line--drive-shaft,,
Chrysler 300,S,3.6L V6 Flex,Rear Wheel Drive Differential And Drive Line / Rear Axle Assembly,pending,0,0,https://www.moparamerica.com/v-2017-chrysler-300--s--3-6l-v6-flex/rear-wheel-drive-differential-and-drive-line--rear-axle-assembly,,
Chrysler 300,S,3.6L V6 Flex,Rear Wheel Drive Differential And Drive Line / Rear Axle Housing Differential And Vent,pending,0,0,https://www.moparamerica.com/v-2017-chrysler-300--s--3-6l-v6-flex/rear-wheel-drive-differential-and-drive-line--rear-axle-housing-differential-and-vent,,
Chrysler 300,S,3.6L V6 Flex,Rear Wheel Drive Differential And Drive Line / Rear Axle Shafts,pending,0,0,https://www.moparamerica.com/v-2017-chrysler-300--s--3-6l-v6-flex/rear-wheel-drive-differential-and-drive-line--rear-axle-shafts,,
Chrysler 300,S,3.6L V6 Flex,Restraints / Air Bags,pending,0,0,https://www.moparamerica.com/v-2017-chrysler-300--s--3-6l-v6-flex/restraints--air-bags,,
Chrysler 300,S,3.6L V6 Flex,Restraints / Seat Belts,pending,0,0,https://www.moparamerica.com/v-2017-chrysler-300--s--3-6l-v6-flex/restraints--seat-belts,,
Chrysler 300,S,3.6L V6 Flex,Steering / Steering Column And Intermediate Shaft,pending,0,0,https://www.moparamerica.com/v-2017-chrysler-300--s--3-6l-v6-flex/steering--steering-column-and-intermediate-shaft,,
Chrysler 300,S,3.6L V6 Flex,Steering / Steering Gear,pending,0,0,https://www.moparamerica.com/v-2017-chrysler-300--s--3-6l-v6-flex/steering--steering-gear,,
Chrysler 300,S,3.6L V6 Flex,Steering / Steering Wheel,pending,0,0,https://www.moparamerica.com/v-2017-chrysler-300--s--3-6l-v6-flex/steering--steering-wheel,,
Chrysler 300,S,3.6L V6 Flex,Wheels / Emergency Kit,pending,0,0,https://www.moparamerica.com/v-2017-chrysler-300--s--3-6l-v6-flex/wheels--emergency-kit,,
Chrysler 300,S,3.6L V6 Flex,Wheels / Jack Stowage,pending,0,0,https://www.moparamerica.com/v-2017-chrysler-300--s--3-6l-v6-flex/wheels--jack-stowage,,
Chrysler 300,S,3.6L V6 Flex,Wheels / Tire Monitoring System,pending,0,0,https://www.moparamerica.com/v-2017-chrysler-300--s--3-6l-v6-flex/wheels--tire-monitoring-system,,
Chrysler 300,S,3.6L V6 Flex,Wheels / Wheel Covers And Center Caps,pending,0,0,https://www.moparamerica.com/v-2017-chrysler-300--s--3-6l-v6-flex/wheels--wheel-covers-and-center-caps,,
Chrysler 300,S,3.6L V6 Flex,Wheels / Wheel Spare,pending,0,0,https://www.moparamerica.com/v-2017-chrysler-300--s--3-6l-v6-flex/wheels--wheel-spare,,
Chrysler 300,S,3.6L V6 Flex,Wheels / Wheels Tires And Hardware,pending,0,0,https://www.moparamerica.com/v-2017-chrysler-300--s--3-6l-v6-flex/wheels--wheels-tires-and-hardware,,
Chrysler 300,S,3.6L V6 Gas,3 0L Gas Engine / Cylinder Block,pending,0,0,https://www.moparamerica.com/v-2017-chrysler-300--s--3-6l-v6-gas/3-0l-gas-engine--cylinder-block,,
Chrysler 300,S,3.6L V6 Gas,3 0L Gas Engine / Cylinder Head,pending,0,0,https://www.moparamerica.com/v-2017-chrysler-300--s--3-6l-v6-gas/3-0l-gas-engine--cylinder-head,,
Chrysler 300,S,3.6L V6 Gas,3 0L Gas Engine / Engine Mounting,pending,0,0,https://www.moparamerica.com/v-2017-chrysler-300--s--3-6l-v6-gas/3-0l-gas-engine--engine-mounting,,
Chrysler 300,S,3.6L V6 Gas,3 0L Gas Engine / Engine Oiling Oil Pan And Indicator Dipstick,pending,0,0,https://www.moparamerica.com/v-2017-chrysler-300--s--3-6l-v6-gas/3-0l-gas-engine--engine-oiling-oil-pan-and-indicator-dipstick,,
Chrysler 300,S,3.6L V6 Gas,3 0L Gas Engine / Timing Belt Chain And Cover And Balance Shaft,pending,0,0,https://www.moparamerica.com/v-2017-chrysler-300--s--3-6l-v6-gas/3-0l-gas-engine--timing-belt-chain-and-cover-and-balance-shaft,,
Chrysler 300,S,3.6L V6 Gas,3 6L Gas Engine / Camshaft And Valve,pending,0,0,https://www.moparamerica.com/v-2017-chrysler-300--s--3-6l-v6-gas/3-6l-gas-engine--camshaft-and-valve,,
Chrysler 300,S,3.6L V6 Gas,3 6L Gas Engine / Crankcase Ventilation,pending,0,0,https://www.moparamerica.com/v-2017-chrysler-300--s--3-6l-v6-gas/3-6l-gas-engine--crankcase-ventilation,,
Chrysler 300,S,3.6L V6 Gas,3 6L Gas Engine / Crankshaft Piston Drive Plate Flywheel And Damper,pending,0,0,https://www.moparamerica.com/v-2017-chrysler-300--s--3-6l-v6-gas/3-6l-gas-engine--crankshaft-piston-drive-plate-flywheel-and-damper,,
Chrysler 300,S,3.6L V6 Gas,3 6L Gas Engine / Cylinder Block,pending,0,0,https://www.moparamerica.com/v-2017-chrysler-300--s--3-6l-v6-gas/3-6l-gas-engine--cylinder-block,,
Chrysler 300,S,3.6L V6 Gas,3 6L Gas Engine / Cylinder Head,pending,0,0,https://www.moparamerica.com/v-2017-chrysler-300--s--3-6l-v6-gas/3-6l-gas-engine--cylinder-head,,
Chrysler 300,S,3.6L V6 Gas,3 6L Gas Engine / Engine Identification Service Engines And Engine Service Kits,pending,0,0,https://www.moparamerica.com/v-2017-chrysler-300--s--3-6l-v6-gas/3-6l-gas-engine--engine-identification-service-engines-and-engine-service-kits,,
Chrysler 300,S,3.6L V6 Gas,3 6L Gas Engine / Engine Mounting,pending,0,0,https://www.moparamerica.com/v-2017-chrysler-300--s--3-6l-v6-gas/3-6l-gas-engine--engine-mounting,,
Chrysler 300,S,3.6L V6 Gas,3 6L Gas Engine / Engine Oiling Oil Pan And Indicator Dipstick,pending,0,0,https://www.moparamerica.com/v-2017-chrysler-300--s--3-6l-v6-gas/3-6l-gas-engine--engine-oiling-oil-pan-and-indicator-dipstick,,
Chrysler 300,S,3.6L V6 Gas,3 6L Gas Engine / Manifolds And Vacuum Fittings,pending,0,0,https://www.moparamerica.com/v-2017-chrysler-300--s--3-6l-v6-gas/3-6l-gas-engine--manifolds-and-vacuum-fittings,,
Chrysler 300,S,3.6L V6 Gas,3 6L Gas Engine / Timing Belt Chain And Cover And Balance Shaft,pending,0,0,https://www.moparamerica.com/v-2017-chrysler-300--s--3-6l-v6-gas/3-6l-gas-engine--timing-belt-chain-and-cover-and-balance-shaft,,
Chrysler 300,S,3.6L V6 Gas,5 7L Gas Engine / Camshaft And Valve,pending,0,0,https://www.moparamerica.com/v-2017-chrysler-300--s--3-6l-v6-gas/5-7l-gas-engine--camshaft-and-valve,,
Chrysler 300,S,3.6L V6 Gas,5 7L Gas Engine / Engine Mounting,pending,0,0,https://www.moparamerica.com/v-2017-chrysler-300--s--3-6l-v6-gas/5-7l-gas-engine--engine-mounting,,
Chrysler 300,S,3.6L V6 Gas,5 7L Gas Engine / Engine Oiling Oil Pan And Indicator Dipstick,pending,0,0,https://www.moparamerica.com/v-2017-chrysler-300--s--3-6l-v6-gas/5-7l-gas-engine--engine-oiling-oil-pan-and-indicator-dipstick,,
Chrysler 300,S,3.6L V6 Gas,6 4L Gas Engine / Camshaft And Valve,pending,0,0,https://www.moparamerica.com/v-2017-chrysler-300--s--3-6l-v6-gas/6-4l-gas-engine--camshaft-and-valve,,
Chrysler 300,S,3.6L V6 Gas,6 4L Gas Engine / Engine Mounting,pending,0,0,https://www.moparamerica.com/v-2017-chrysler-300--s--3-6l-v6-gas/6-4l-gas-engine--engine-mounting,,
Chrysler 300,S,3.6L V6 Gas,6 4L Gas Engine / Engine Oiling Oil Pan And Indicator Dipstick,pending,0,0,https://www.moparamerica.com/v-2017-chrysler-300--s--3-6l-v6-gas/6-4l-gas-engine--engine-oiling-oil-pan-and-indicator-dipstick,,
Chrysler 300,S,3.6L V6 Gas,845Re 8 Speed Automatic Transmission / Automatic Transmission Transaxle And Torque Converter,pending,0,0,https://www.moparamerica.com/v-2017-chrysler-300--s--3-6l-v6-gas/845re-8-speed-automatic-transmission--automatic-transmission-transaxle-and-torque-converter,,
Chrysler 300,S,3.6L V6 Gas,845Re 8 Speed Automatic Transmission / Case Extension Oil Pan And Indicator Dipstick,pending,0,0,https://www.moparamerica.com/v-2017-chrysler-300--s--3-6l-v6-gas/845re-8-speed-automatic-transmission--case-extension-oil-pan-and-indicator-dipstick,,
Chrysler 300,S,3.6L V6 Gas,845Re 8 Speed Automatic Transmission / Gearshift Controls And Related Parts,pending,0,0,https://www.moparamerica.com/v-2017-chrysler-300--s--3-6l-v6-gas/845re-8-speed-automatic-transmission--gearshift-controls-and-related-parts,,
Chrysler 300,S,3.6L V6 Gas,845Re 8 Speed Automatic Transmission / Mounting And Skid Plate,pending,0,0,https://www.moparamerica.com/v-2017-chrysler-300--s--3-6l-v6-gas/845re-8-speed-automatic-transmission--mounting-and-skid-plate,,
Chrysler 300,S,3.6L V6 Gas,845Re 8 Speed Automatic Transmission / Oil Pump,pending,0,0,https://www.moparamerica.com/v-2017-chrysler-300--s--3-6l-v6-gas/845re-8-speed-automatic-transmission--oil-pump,,
Chrysler 300,S,3.6L V6 Gas,845Re 8 Speed Automatic Transmission / Valve Body Accumulator Solenoid And Parking Sprag,pending,0,0,https://www.moparamerica.com/v-2017-chrysler-300--s--3-6l-v6-gas/845re-8-speed-automatic-transmission--valve-body-accumulator-solenoid-and-parking-sprag,,
Chrysler 300,S,3.6L V6 Gas,8Hp70 8 Speed Automatic Transmission / Automatic Transmission Transaxle And Torque Converter,pending,0,0,https://www.moparamerica.com/v-2017-chrysler-300--s--3-6l-v6-gas/8hp70-8-speed-automatic-transmission--automatic-transmission-transaxle-and-torque-converter,,
Chrysler 300,S,3.6L V6 Gas,8Hp70 8 Speed Automatic Transmission / Gearshift Controls And Related Parts,pending,0,0,https://www.moparamerica.com/v-2017-chrysler-300--s--3-6l-v6-gas/8hp70-8-speed-automatic-transmission--gearshift-controls-and-related-parts,,
Chrysler 300,S,3.6L V6 Gas,8Hp70 8 Speed Automatic Transmission / Mounting And Skid Plate,pending,0,0,https://www.moparamerica.com/v-2017-chrysler-300--s--3-6l-v6-gas/8hp70-8-speed-automatic-transmission--mounting-and-skid-plate,,
Chrysler 300,S,3.6L V6 Gas,Accessories,pending,0,0,https://www.moparamerica.com/v-2017-chrysler-300--s--3-6l-v6-gas/accessories,,
Chrysler 300,S,3.6L V6 Gas,Accessories Audio Video And Electronics Accessories / Charging Unit,pending,0,0,https://www.moparamerica.com/v-2017-chrysler-300--s--3-6l-v6-gas/accessories-audio-video-and-electronics-accessories--charging-unit,,
Chrysler 300,S,3.6L V6 Gas,Accessories Audio Video And Electronics Accessories / Remote Start,pending,0,0,https://www.moparamerica.com/v-2017-chrysler-300--s--3-6l-v6-gas/accessories-audio-video-and-electronics-accessories--remote-start,,
Chrysler 300,S,3.6L V6 Gas,Accessories Audio Video And Electronics Accessories / Security,pending,0,0,https://www.moparamerica.com/v-2017-chrysler-300--s--3-6l-v6-gas/accessories-audio-video-and-electronics-accessories--security,,
Chrysler 300,S,3.6L V6 Gas,Accessories Exterior Accessories / Air Deflectors,pending,0,0,https://www.moparamerica.com/v-2017-chrysler-300--s--3-6l-v6-gas/accessories-exterior-accessories--air-deflectors,,
Chrysler 300,S,3.6L V6 Gas,Accessories Exterior Accessories / Exterior Appearance,pending,0,0,https://www.moparamerica.com/v-2017-chrysler-300--s--3-6l-v6-gas/accessories-exterior-accessories--exterior-appearance,,
Chrysler 300,S,3.6L V6 Gas,Accessories Exterior Accessories / License Plate,pending,0,0,https://www.moparamerica.com/v-2017-chrysler-300--s--3-6l-v6-gas/accessories-exterior-accessories--license-plate,,
Chrysler 300,S,3.6L V6 Gas,Accessories Exterior Accessories / Locks,pending,0,0,https://www.moparamerica.com/v-2017-chrysler-300--s--3-6l-v6-gas/accessories-exterior-accessories--locks,,
Chrysler 300,S,3.6L V6 Gas,Accessories Exterior Accessories / Protective Guards,pending,0,0,https://www.moparamerica.com/v-2017-chrysler-300--s--3-6l-v6-gas/accessories-exterior-accessories--protective-guards,,
Chrysler 300,S,3.6L V6 Gas,Accessories Exterior Accessories / Splash Guards,pending,0,0,https://www.moparamerica.com/v-2017-chrysler-300--s--3-6l-v6-gas/accessories-exterior-accessories--splash-guards,,
Chrysler 300,S,3.6L V6 Gas,Accessories Exterior Accessories / Wheels,pending,0,0,https://www.moparamerica.com/v-2017-chrysler-300--s--3-6l-v6-gas/accessories-exterior-accessories--wheels,,
Chrysler 300,S,3.6L V6 Gas,Accessories Interior Accessories / Air Purification,pending,0,0,https://www.moparamerica.com/v-2017-chrysler-300--s--3-6l-v6-gas/accessories-interior-accessories--air-purification,,
Chrysler 300,S,3.6L V6 Gas,Accessories Interior Accessories / Cargo Trays And Mats,pending,0,0,https://www.moparamerica.com/v-2017-chrysler-300--s--3-6l-v6-gas/accessories-interior-accessories--cargo-trays-and-mats,,
Chrysler 300,S,3.6L V6 Gas,Accessories Interior Accessories / Floor Mats,pending,0,0,https://www.moparamerica.com/v-2017-chrysler-300--s--3-6l-v6-gas/accessories-interior-accessories--floor-mats,,
Chrysler 300,S,3.6L V6 Gas,Accessories Interior Accessories / Interior Appearance,pending,0,0,https://www.moparamerica.com/v-2017-chrysler-300--s--3-6l-v6-gas/accessories-interior-accessories--interior-appearance,,
Chrysler 300,S,3.6L V6 Gas,Accessories Lifestyle And Off Road Accessories / Safety Kits,pending,0,0,https://www.moparamerica.com/v-2017-chrysler-300--s--3-6l-v6-gas/accessories-lifestyle-and-off-road-accessories--safety-kits,,
Chrysler 300,S,3.6L V6 Gas,Accessories Lighting And Electrical Accessories / Charging Unit,pending,0,0,https://www.moparamerica.com/v-2017-chrysler-300--s--3-6l-v6-gas/accessories-lighting-and-electrical-accessories--charging-unit,,
Chrysler 300,S,3.6L V6 Gas,Accessories Modern Performance / Engine Parts,pending,0,0,https://www.moparamerica.com/v-2017-chrysler-300--s--3-6l-v6-gas/accessories-modern-performance--engine-parts,,
Chrysler 300,S,3.6L V6 Gas,Accessories Modern Performance / Intake And Air,pending,0,0,https://www.moparamerica.com/v-2017-chrysler-300--s--3-6l-v6-gas/accessories-modern-performance--intake-and-air,,
Chrysler 300,S,3.6L V6 Gas,Accessories Modern Performance / Suspension,pending,0,0,https://www.moparamerica.com/v-2017-chrysler-300--s--3-6l-v6-gas/accessories-modern-performance--suspension,,
Chrysler 300,S,3.6L V6 Gas,Accessories Vehicle Care Products / Mopar,pending,0,0,https://www.moparamerica.com/v-2017-chrysler-300--s--3-6l-v6-gas/accessories-vehicle-care-products--mopar,,
Chrysler 300,S,3.6L V6 Gas,Accessories Vehicle Care Products / Touch Up Paint,pending,0,0,https://www.moparamerica.com/v-2017-chrysler-300--s--3-6l-v6-gas/accessories-vehicle-care-products--touch-up-paint,,
Chrysler 300,S,3.6L V6 Gas,Air Conditioners And Heaters / Air Conditioner And Heater Controls,pending,0,0,https://www.moparamerica.com/v-2017-chrysler-300--s--3-6l-v6-gas/air-conditioners-and-heaters--air-conditioner-and-heater-controls,,
Chrysler 300,S,3.6L V6 Gas,Air Conditioners And Heaters / Air Conditioner And Heater Plumbing,pending,0,0,https://www.moparamerica.com/v-2017-chrysler-300--s--3-6l-v6-gas/air-conditioners-and-heaters--air-conditioner-and-heater-plumbing,,
Chrysler 300,S,3.6L V6 Gas,Air Conditioners And Heaters / Air Conditioner And Heater Units,pending,0,0,https://www.moparamerica.com/v-2017-chrysler-300--s--3-6l-v6-gas/air-conditioners-and-heaters--air-conditioner-and-heater-units,,
Chrysler 300,S,3.6L V6 Gas,Air Conditioners And Heaters / Air Conditioner Compressor And Mounting,pending,0,0,https://www.moparamerica.com/v-2017-chrysler-300--s--3-6l-v6-gas/air-conditioners-and-heaters--air-conditioner-compressor-and-mounting,,
Chrysler 300,S,3.6L V6 Gas,Air Conditioners And Heaters / Air Ducts,pending,0,0,https://www.moparamerica.com/v-2017-chrysler-300--s--3-6l-v6-gas/air-conditioners-and-heaters--air-ducts,,
Chrysler 300,S,3.6L V6 Gas,All Wheel Drive Differential And Drive Line / Drive Shaft,pending,0,0,https://www.moparamerica.com/v-2017-chrysler-300--s--3-6l-v6-gas/all-wheel-drive-differential-and-drive-line--drive-shaft,,
Chrysler 300,S,3.6L V6 Gas,All Wheel Drive Differential And Drive Line / Front Axle Assembly,pending,0,0,https://www.moparamerica.com/v-2017-chrysler-300--s--3-6l-v6-gas/all-wheel-drive-differential-and-drive-line--front-axle-assembly,,
Chrysler 300,S,3.6L V6 Gas,All Wheel Drive Differential And Drive Line / Front Axle Drive Shafts,pending,0,0,https://www.moparamerica.com/v-2017-chrysler-300--s--3-6l-v6-gas/all-wheel-drive-differential-and-drive-line--front-axle-drive-shafts,,
Chrysler 300,S,3.6L V6 Gas,All Wheel Drive Differential And Drive Line / Rear Axle Assembly,pending,0,0,https://www.moparamerica.com/v-2017-chrysler-300--s--3-6l-v6-gas/all-wheel-drive-differential-and-drive-line--rear-axle-assembly,,
Chrysler 300,S,3.6L V6 Gas,All Wheel Drive Differential And Drive Line / Rear Axle Housing Differential And Vent,pending,0,0,https://www.moparamerica.com/v-2017-chrysler-300--s--3-6l-v6-gas/all-wheel-drive-differential-and-drive-line--rear-axle-housing-differential-and-vent,,
Chrysler 300,S,3.6L V6 Gas,All Wheel Drive Differential And Drive Line / Rear Axle Shafts,pending,0,0,https://www.moparamerica.com/v-2017-chrysler-300--s--3-6l-v6-gas/all-wheel-drive-differential-and-drive-line--rear-axle-shafts,,
Chrysler 300,S,3.6L V6 Gas,Auto Parts,pending,0,0,https://www.moparamerica.com/v-2017-chrysler-300--s--3-6l-v6-gas/auto-parts,,
Chrysler 300,S,3.6L V6 Gas,Body Sheet Metal Except Doors / Aperture Panel And Pillar Supports,pending,0,0,https://www.moparamerica.com/v-2017-chrysler-300--s--3-6l-v6-gas/body-sheet-metal-except-doors--aperture-panel-and-pillar-supports,,
Chrysler 300,S,3.6L V6 Gas,Body Sheet Metal Except Doors / Cowl And Dash Panel,pending,0,0,https://www.moparamerica.com/v-2017-chrysler-300--s--3-6l-v6-gas/body-sheet-metal-except-doors--cowl-and-dash-panel,,
Chrysler 300,S,3.6L V6 Gas,Body Sheet Metal Except Doors / Deck Lid,pending,0,0,https://www.moparamerica.com/v-2017-chrysler-300--s--3-6l-v6-gas/body-sheet-metal-except-doors--deck-lid,,
Chrysler 300,S,3.6L V6 Gas,Body Sheet Metal Except Doors / Fenders,pending,0,0,https://www.moparamerica.com/v-2017-chrysler-300--s--3-6l-v6-gas/body-sheet-metal-except-doors--fenders,,
Chrysler 300,S,3.6L V6 Gas,Body Sheet Metal Except Doors / Floor Pans,pending,0,0,https://www.moparamerica.com/v-2017-chrysler-300--s--3-6l-v6-gas/body-sheet-metal-except-doors--floor-pans,,
Chrysler 300,S,3.6L V6 Gas,Body Sheet Metal Except Doors / Hood And Hood Release,pending,0,0,https://www.moparamerica.com/v-2017-chrysler-300--s--3-6l-v6-gas/body-sheet-metal-except-doors--hood-and-hood-release,,
Chrysler 300,S,3.6L V6 Gas,Body Sheet Metal Except Doors / Pick Up Box And Fuel Filler Door,pending,0,0,https://www.moparamerica.com/v-2017-chrysler-300--s--3-6l-v6-gas/body-sheet-metal-except-doors--pick-up-box-and-fuel-filler-door,,
Chrysler 300,S,3.6L V6 Gas,Body Sheet Metal Except Doors / Plugs,pending,0,0,https://www.moparamerica.com/v-2017-chrysler-300--s--3-6l-v6-gas/body-sheet-metal-except-doors--plugs,,
Chrysler 300,S,3.6L V6 Gas,Body Sheet Metal Except Doors / Roof,pending,0,0,https://www.moparamerica.com/v-2017-chrysler-300--s--3-6l-v6-gas/body-sheet-metal-except-doors--roof,,
Chrysler 300,S,3.6L V6 Gas,Body Sheet Metal Except Doors / Shelf Panel,pending,0,0,https://www.moparamerica.com/v-2017-chrysler-300--s--3-6l-v6-gas/body-sheet-metal-except-doors--shelf-panel,,
Chrysler 300,S,3.6L V6 Gas,Body Sheet Metal Except Doors / Sunroof,pending,0,0,https://www.moparamerica.com/v-2017-chrysler-300--s--3-6l-v6-gas/body-sheet-metal-except-doors--sunroof,,
Chrysler 300,S,3.6L V6 Gas,Brakes / Brake Master Cylinder,pending,0,0,https://www.moparamerica.com/v-2017-chrysler-300--s--3-6l-v6-gas/brakes--brake-master-cylinder,,
Chrysler 300,S,3.6L V6 Gas,Brakes / Brake Pedals,pending,0,0,https://www.moparamerica.com/v-2017-chrysler-300--s--3-6l-v6-gas/brakes--brake-pedals,,
Chrysler 300,S,3.6L V6 Gas,Brakes / Front Brakes,pending,0,0,https://www.moparamerica.com/v-2017-chrysler-300--s--3-6l-v6-gas/brakes--front-brakes,,
Chrysler 300,S,3.6L V6 Gas,Brakes / Hydraulic Control Unit Brake Tubes And Hoses,pending,0,0,https://www.moparamerica.com/v-2017-chrysler-300--s--3-6l-v6-gas/brakes--hydraulic-control-unit-brake-tubes-and-hoses,,
Chrysler 300,S,3.6L V6 Gas,Brakes / Parking Brake Lever Cables And Rear Disc Park Brake Assembly,pending,0,0,https://www.moparamerica.com/v-2017-chrysler-300--s--3-6l-v6-gas/brakes--parking-brake-lever-cables-and-rear-disc-park-brake-assembly,,
Chrysler 300,S,3.6L V6 Gas,Brakes / Power Brake Booster,pending,0,0,https://www.moparamerica.com/v-2017-chrysler-300--s--3-6l-v6-gas/brakes--power-brake-booster,,
Chrysler 300,S,3.6L V6 Gas,Brakes / Rear Brakes,pending,0,0,https://www.moparamerica.com/v-2017-chrysler-300--s--3-6l-v6-gas/brakes--rear-brakes,,
Chrysler 300,S,3.6L V6 Gas,Cooling / Drive Belts,pending,0,0,https://www.moparamerica.com/v-2017-chrysler-300--s--3-6l-v6-gas/cooling--drive-belts,,
Chrysler 300,S,3.6L V6 Gas,Cooling / Engine Coolant Reservoir Bottle,pending,0,0,https://www.moparamerica.com/v-2017-chrysler-300--s--3-6l-v6-gas/cooling--engine-coolant-reservoir-bottle,,
Chrysler 300,S,3.6L V6 Gas,Cooling / Pulleys And Related Parts,pending,0,0,https://www.moparamerica.com/v-2017-chrysler-300--s--3-6l-v6-gas/cooling--pulleys-and-related-parts,,
Chrysler 300,S,3.6L V6 Gas,Cooling / Radiator And Related Parts Charge Air Cooler,pending,0,0,https://www.moparamerica.com/v-2017-chrysler-300--s--3-6l-v6-gas/cooling--radiator-and-related-parts-charge-air-cooler,,
Chrysler 300,S,3.6L V6 Gas,Cooling / Transmission Oil Cooler And Lines,pending,0,0,https://www.moparamerica.com/v-2017-chrysler-300--s--3-6l-v6-gas/cooling--transmission-oil-cooler-and-lines,,
Chrysler 300,S,3.6L V6 Gas,Cooling / Water Pump And Related Parts,pending,0,0,https://www.moparamerica.com/v-2017-chrysler-300--s--3-6l-v6-gas/cooling--water-pump-and-related-parts,,
Chrysler 300,S,3.6L V6 Gas,Doors Door Mirrors And Related Parts / Exterior Mirror,pending,0,0,https://www.moparamerica.com/v-2017-chrysler-300--s--3-6l-v6-gas/doors-door-mirrors-and-related-parts--exterior-mirror,,
Chrysler 300,S,3.6L V6 Gas,Doors Door Mirrors And Related Parts / Front Door,pending,0,0,https://www.moparamerica.com/v-2017-chrysler-300--s--3-6l-v6-gas/doors-door-mirrors-and-related-parts--front-door,,
Chrysler 300,S,3.6L V6 Gas,Doors Door Mirrors And Related Parts / Rear Door,pending,0,0,https://www.moparamerica.com/v-2017-chrysler-300--s--3-6l-v6-gas/doors-door-mirrors-and-related-parts--rear-door,,
Chrysler 300,S,3.6L V6 Gas,Doors Door Mirrors And Related Parts / Weatherstrips And Seals,pending,0,0,https://www.moparamerica.com/v-2017-chrysler-300--s--3-6l-v6-gas/doors-door-mirrors-and-related-parts--weatherstrips-and-seals,,
Chrysler 300,S,3.6L V6 Gas,Electrical / Battery Battery Tray And Cables,pending,0,0,https://www.moparamerica.com/v-2017-chrysler-300--s--3-6l-v6-gas/electrical--battery-battery-tray-and-cables,,
Chrysler 300,S,3.6L V6 Gas,Electrical / Generators Alternators,pending,0,0,https://www.moparamerica.com/v-2017-chrysler-300--s--3-6l-v6-gas/electrical--generators-alternators,,
Chrysler 300,S,3.6L V6 Gas,Electrical / Horns,pending,0,0,https://www.moparamerica.com/v-2017-chrysler-300--s--3-6l-v6-gas/electrical--horns,,
Chrysler 300,S,3.6L V6 Gas,Electrical / Ignition Spark Plugs Cables Coils And Glow Plugs,pending,0,0,https://www.moparamerica.com/v-2017-chrysler-300--s--3-6l-v6-gas/electrical--ignition-spark-plugs-cables-coils-and-glow-plugs,,
Chrysler 300,S,3.6L V6 Gas,Electrical / Instrument Panel Cluster,pending,0,0,https://www.moparamerica.com/v-2017-chrysler-300--s--3-6l-v6-gas/electrical--instrument-panel-cluster,,
Chrysler 300,S,3.6L V6 Gas,Electrical / Keys Modules And Engine Controllers,pending,0,0,https://www.moparamerica.com/v-2017-chrysler-300--s--3-6l-v6-gas/electrical--keys-modules-and-engine-controllers,,
Chrysler 300,S,3.6L V6 Gas,Electrical / Lamps Interior And Exterior,pending,0,0,https://www.moparamerica.com/v-2017-chrysler-300--s--3-6l-v6-gas/electrical--lamps-interior-and-exterior,,
Chrysler 300,S,3.6L V6 Gas,Electrical / Park Assist,pending,0,0,https://www.moparamerica.com/v-2017-chrysler-300--s--3-6l-v6-gas/electrical--park-assist,,
Chrysler 300,S,3.6L V6 Gas,Electrical / Power Distribution Center Fuse Block Junction Block Relays And Fuses,pending,0,0,https://www.moparamerica.com/v-2017-chrysler-300--s--3-6l-v6-gas/electrical--power-distribution-center-fuse-block-junction-block-relays-and-fuses,,
Chrysler 300,S,3.6L V6 Gas,Electrical / Radio Antenna Speakers Dvd And Video Systems,pending,0,0,https://www.moparamerica.com/v-2017-chrysler-300--s--3-6l-v6-gas/electrical--radio-antenna-speakers-dvd-and-video-systems,,
Chrysler 300,S,3.6L V6 Gas,Electrical / Sensors,pending,0,0,https://www.moparamerica.com/v-2017-chrysler-300--s--3-6l-v6-gas/electrical--sensors,,
Chrysler 300,S,3.6L V6 Gas,Electrical / Speed Control,pending,0,0,https://www.moparamerica.com/v-2017-chrysler-300--s--3-6l-v6-gas/electrical--speed-control,,
Chrysler 300,S,3.6L V6 Gas,Electrical / Starters,pending,0,0,https://www.moparamerica.com/v-2017-chrysler-300--s--3-6l-v6-gas/electrical--starters,,
Chrysler 300,S,3.6L V6 Gas,Electrical / Switches,pending,0,0,https://www.moparamerica.com/v-2017-chrysler-300--s--3-6l-v6-gas/electrical--switches,,
Chrysler 300,S,3.6L V6 Gas,Electrical / Wiper And Washer System,pending,0,0,https://www.moparamerica.com/v-2017-chrysler-300--s--3-6l-v6-gas/electrical--wiper-and-washer-system,,
Chrysler 300,S,3.6L V6 Gas,Electrical / Wiring Body And Accessories,pending,0,0,https://www.moparamerica.com/v-2017-chrysler-300--s--3-6l-v6-gas/electrical--wiring-body-and-accessories,,
Chrysler 300,S,3.6L V6 Gas,Electrical / Wiring Headlamp To Dash,pending,0,0,https://www.moparamerica.com/v-2017-chrysler-300--s--3-6l-v6-gas/electrical--wiring-headlamp-to-dash,,
Chrysler 300,S,3.6L V6 Gas,Electrical / Wiring Instrument Panel,pending,0,0,https://www.moparamerica.com/v-2017-chrysler-300--s--3-6l-v6-gas/electrical--wiring-instrument-panel,,
Chrysler 300,S,3.6L V6 Gas,Electrical / Wiring Powertrain,pending,0,0,https://www.moparamerica.com/v-2017-chrysler-300--s--3-6l-v6-gas/electrical--wiring-powertrain,,
Chrysler 300,S,3.6L V6 Gas,Emission Controls / Emission Harness,pending,0,0,https://www.moparamerica.com/v-2017-chrysler-300--s--3-6l-v6-gas/emission-controls--emission-harness,,
Chrysler 300,S,3.6L V6 Gas,Emission Controls / Vacuum Canister Leak Detection Pump,pending,0,0,https://www.moparamerica.com/v-2017-chrysler-300--s--3-6l-v6-gas/emission-controls--vacuum-canister-leak-detection-pump,,
Chrysler 300,S,3.6L V6 Gas,Exhaust / Exhaust System,pending,0,0,https://www.moparamerica.com/v-2017-chrysler-300--s--3-6l-v6-gas/exhaust--exhaust-system,,
Chrysler 300,S,3.6L V6 Gas,Exterior Ornamentation / Grilles,pending,0,0,https://www.moparamerica.com/v-2017-chrysler-300--s--3-6l-v6-gas/exterior-ornamentation--grilles,,
Chrysler 300,S,3.6L V6 Gas,Exterior Ornamentation / Moldings And Ornamentation,pending,0,0,https://www.moparamerica.com/v-2017-chrysler-300--s--3-6l-v6-gas/exterior-ornamentation--moldings-and-ornamentation,,
Chrysler 300,S,3.6L V6 Gas,Exterior Ornamentation / Nameplates,pending,0,0,https://www.moparamerica.com/v-2017-chrysler-300--s--3-6l-v6-gas/exterior-ornamentation--nameplates,,
Chrysler 300,S,3.6L V6 Gas,Frame Bumper And Fascia / Frames,pending,0,0,https://www.moparamerica.com/v-2017-chrysler-300--s--3-6l-v6-gas/frame-bumper-and-fascia--frames,,
Chrysler 300,S,3.6L V6 Gas,Frame Bumper And Fascia / Front Bumper And Fascia,pending,0,0,https://www.moparamerica.com/v-2017-chrysler-300--s--3-6l-v6-gas/frame-bumper-and-fascia--front-bumper-and-fascia,,
Chrysler 300,S,3.6L V6 Gas,Frame Bumper And Fascia / Rear Bumper And Fascia,pending,0,0,https://www.moparamerica.com/v-2017-chrysler-300--s--3-6l-v6-gas/frame-bumper-and-fascia--rear-bumper-and-fascia,,
Chrysler 300,S,3.6L V6 Gas,Front Suspension / Front Stabilizer Bar,pending,0,0,https://www.moparamerica.com/v-2017-chrysler-300--s--3-6l-v6-gas/front-suspension--front-stabilizer-bar,,
Chrysler 300,S,3.6L V6 Gas,Front Suspension / Front Suspension Strut And Cradle,pending,0,0,https://www.moparamerica.com/v-2017-chrysler-300--s--3-6l-v6-gas/front-suspension--front-suspension-strut-and-cradle,,
Chrysler 300,S,3.6L V6 Gas,Fuel / Accelerator Pedal,pending,0,0,https://www.moparamerica.com/v-2017-chrysler-300--s--3-6l-v6-gas/fuel--accelerator-pedal,,
Chrysler 300,S,3.6L V6 Gas,Fuel / Air Cleaner,pending,0,0,https://www.moparamerica.com/v-2017-chrysler-300--s--3-6l-v6-gas/fuel--air-cleaner,,
Chrysler 300,S,3.6L V6 Gas,Fuel / Fuel Lines,pending,0,0,https://www.moparamerica.com/v-2017-chrysler-300--s--3-6l-v6-gas/fuel--fuel-lines,,
Chrysler 300,S,3.6L V6 Gas,Fuel / Fuel Pump And Sending Unit,pending,0,0,https://www.moparamerica.com/v-2017-chrysler-300--s--3-6l-v6-gas/fuel--fuel-pump-and-sending-unit,,
Chrysler 300,S,3.6L V6 Gas,Fuel / Fuel Rail And Injectors,pending,0,0,https://www.moparamerica.com/v-2017-chrysler-300--s--3-6l-v6-gas/fuel--fuel-rail-and-injectors,,
Chrysler 300,S,3.6L V6 Gas,Fuel / Fuel Tank,pending,0,0,https://www.moparamerica.com/v-2017-chrysler-300--s--3-6l-v6-gas/fuel--fuel-tank,,
Chrysler 300,S,3.6L V6 Gas,Fuel / Fuel Tank Filler Tube,pending,0,0,https://www.moparamerica.com/v-2017-chrysler-300--s--3-6l-v6-gas/fuel--fuel-tank-filler-tube,,
Chrysler 300,S,3.6L V6 Gas,Fuel / Throttle Body,pending,0,0,https://www.moparamerica.com/v-2017-chrysler-300--s--3-6l-v6-gas/fuel--throttle-body,,
Chrysler 300,S,3.6L V6 Gas,Glass / Glass And Interior Rear View Mirror,pending,0,0,https://www.moparamerica.com/v-2017-chrysler-300--s--3-6l-v6-gas/glass--glass-and-interior-rear-view-mirror,,
Chrysler 300,S,3.6L V6 Gas,Interior Trim / Carpets Floor Mats Load Floor And Silencers,pending,0,0,https://www.moparamerica.com/v-2017-chrysler-300--s--3-6l-v6-gas/interior-trim--carpets-floor-mats-load-floor-and-silencers,,
Chrysler 300,S,3.6L V6 Gas,Interior Trim / Consoles,pending,0,0,https://www.moparamerica.com/v-2017-chrysler-300--s--3-6l-v6-gas/interior-trim--consoles,,
Chrysler 300,S,3.6L V6 Gas,Interior Trim / Door Trim Panels Front And Rear,pending,0,0,https://www.moparamerica.com/v-2017-chrysler-300--s--3-6l-v6-gas/interior-trim--door-trim-panels-front-and-rear,,
Chrysler 300,S,3.6L V6 Gas,Interior Trim / Front Seats Adjusters Recliners Shields And Risers,pending,0,0,https://www.moparamerica.com/v-2017-chrysler-300--s--3-6l-v6-gas/interior-trim--front-seats-adjusters-recliners-shields-and-risers,,
Chrysler 300,S,3.6L V6 Gas,Interior Trim / Front Seats First Row,pending,0,0,https://www.moparamerica.com/v-2017-chrysler-300--s--3-6l-v6-gas/interior-trim--front-seats-first-row,,
Chrysler 300,S,3.6L V6 Gas,Interior Trim / Headliners Visors Assist Straps,pending,0,0,https://www.moparamerica.com/v-2017-chrysler-300--s--3-6l-v6-gas/interior-trim--headliners-visors-assist-straps,,
Chrysler 300,S,3.6L V6 Gas,Interior Trim / Instrument Panel,pending,0,0,https://www.moparamerica.com/v-2017-chrysler-300--s--3-6l-v6-gas/interior-trim--instrument-panel,,
Chrysler 300,S,3.6L V6 Gas,Interior Trim / Panels Moldings Scuff Plates Pillar Cowl 1 4 Panel Trim And Cargo Covers,pending,0,0,https://www.moparamerica.com/v-2017-chrysler-300--s--3-6l-v6-gas/interior-trim--panels-moldings-scuff-plates-pillar-cowl-1-4-panel-trim-and-cargo-covers,,
Chrysler 300,S,3.6L V6 Gas,Interior Trim / Rear Seats Second Row,pending,0,0,https://www.moparamerica.com/v-2017-chrysler-300--s--3-6l-v6-gas/interior-trim--rear-seats-second-row,,
Chrysler 300,S,3.6L V6 Gas,Interior Trim / Rear Seats Second Row Adjusters Recliners Shields And Risers,pending,0,0,https://www.moparamerica.com/v-2017-chrysler-300--s--3-6l-v6-gas/interior-trim--rear-seats-second-row-adjusters-recliners-shields-and-risers,,
Chrysler 300,S,3.6L V6 Gas,Labels / Exterior,pending,0,0,https://www.moparamerica.com/v-2017-chrysler-300--s--3-6l-v6-gas/labels--exterior,,
Chrysler 300,S,3.6L V6 Gas,Labels / Trunk,pending,0,0,https://www.moparamerica.com/v-2017-chrysler-300--s--3-6l-v6-gas/labels--trunk,,
Chrysler 300,S,3.6L V6 Gas,Labels / Under Hood,pending,0,0,https://www.moparamerica.com/v-2017-chrysler-300--s--3-6l-v6-gas/labels--under-hood,,
Chrysler 300,S,3.6L V6 Gas,Mopar Accessories Component Parts / Audio And Electronics,pending,0,0,https://www.moparamerica.com/v-2017-chrysler-300--s--3-6l-v6-gas/mopar-accessories-component-parts--audio-and-electronics,,
Chrysler 300,S,3.6L V6 Gas,Mopar Accessories Component Parts / Driver Convenience,pending,0,0,https://www.moparamerica.com/v-2017-chrysler-300--s--3-6l-v6-gas/mopar-accessories-component-parts--driver-convenience,,
Chrysler 300,S,3.6L V6 Gas,Mopar Accessories Component Parts / Exterior Appearance,pending,0,0,https://www.moparamerica.com/v-2017-chrysler-300--s--3-6l-v6-gas/mopar-accessories-component-parts--exterior-appearance,,
Chrysler 300,S,3.6L V6 Gas,Mopar Accessories Component Parts / Fog Lights And Electrical,pending,0,0,https://www.moparamerica.com/v-2017-chrysler-300--s--3-6l-v6-gas/mopar-accessories-component-parts--fog-lights-and-electrical,,
Chrysler 300,S,3.6L V6 Gas,Mopar Accessories Component Parts / Interior Protection,pending,0,0,https://www.moparamerica.com/v-2017-chrysler-300--s--3-6l-v6-gas/mopar-accessories-component-parts--interior-protection,,
Chrysler 300,S,3.6L V6 Gas,Mopar Accessories Component Parts / Powertrain,pending,0,0,https://www.moparamerica.com/v-2017-chrysler-300--s--3-6l-v6-gas/mopar-accessories-component-parts--powertrain,,
Chrysler 300,S,3.6L V6 Gas,Power Transfer Unit Transfer Case / Case And Extension,pending,0,0,https://www.moparamerica.com/v-2017-chrysler-300--s--3-6l-v6-gas/power-transfer-unit-transfer-case--case-and-extension,,
Chrysler 300,S,3.6L V6 Gas,Power Transfer Unit Transfer Case / Gear Train,pending,0,0,https://www.moparamerica.com/v-2017-chrysler-300--s--3-6l-v6-gas/power-transfer-unit-transfer-case--gear-train,,
Chrysler 300,S,3.6L V6 Gas,Power Transfer Unit Transfer Case / Transfer Case Assembly,pending,0,0,https://www.moparamerica.com/v-2017-chrysler-300--s--3-6l-v6-gas/power-transfer-unit-transfer-case--transfer-case-assembly,,
Chrysler 300,S,3.6L V6 Gas,Rear Suspension / Rear Stabilizer,pending,0,0,https://www.moparamerica.com/v-2017-chrysler-300--s--3-6l-v6-gas/rear-suspension--rear-stabilizer,,
Chrysler 300,S,3.6L V6 Gas,Rear Suspension / Rear Suspension And Cradle,pending,0,0,https://www.moparamerica.com/v-2017-chrysler-300--s--3-6l-v6-gas/rear-suspension--rear-suspension-and-cradle,,
Chrysler 300,S,3.6L V6 Gas,Rear Wheel Drive Differential And Drive Line / Drive Shaft,pending,0,0,https://www.moparamerica.com/v-2017-chrysler-300--s--3-6l-v6-gas/rear-wheel-drive-differential-and-drive-line--drive-shaft,,
Chrysler 300,S,3.6L V6 Gas,Rear Wheel Drive Differential And Drive Line / Rear Axle Assembly,pending,0,0,https://www.moparamerica.com/v-2017-chrysler-300--s--3-6l-v6-gas/rear-wheel-drive-differential-and-drive-line--rear-axle-assembly,,
Chrysler 300,S,3.6L V6 Gas,Rear Wheel Drive Differential And Drive Line / Rear Axle Housing Differential And Vent,pending,0,0,https://www.moparamerica.com/v-2017-chrysler-300--s--3-6l-v6-gas/rear-wheel-drive-differential-and-drive-line--rear-axle-housing-differential-and-vent,,
Chrysler 300,S,3.6L V6 Gas,Rear Wheel Drive Differential And Drive Line / Rear Axle Shafts,pending,0,0,https://www.moparamerica.com/v-2017-chrysler-300--s--3-6l-v6-gas/rear-wheel-drive-differential-and-drive-line--rear-axle-shafts,,
Chrysler 300,S,3.6L V6 Gas,Restraints / Air Bags,pending,0,0,https://www.moparamerica.com/v-2017-chrysler-300--s--3-6l-v6-gas/restraints--air-bags,,
Chrysler 300,S,3.6L V6 Gas,Restraints / Seat Belts,pending,0,0,https://www.moparamerica.com/v-2017-chrysler-300--s--3-6l-v6-gas/restraints--seat-belts,,
Chrysler 300,S,3.6L V6 Gas,Steering / Steering Column And Intermediate Shaft,pending,0,0,https://www.moparamerica.com/v-2017-chrysler-300--s--3-6l-v6-gas/steering--steering-column-and-intermediate-shaft,,
Chrysler 300,S,3.6L V6 Gas,Steering / Steering Gear,pending,0,0,https://www.moparamerica.com/v-2017-chrysler-300--s--3-6l-v6-gas/steering--steering-gear,,
Chrysler 300,S,3.6L V6 Gas,Steering / Steering Wheel,pending,0,0,https://www.moparamerica.com/v-2017-chrysler-300--s--3-6l-v6-gas/steering--steering-wheel,,
Chrysler 300,S,3.6L V6 Gas,Wheels / Emergency Kit,pending,0,0,https://www.moparamerica.com/v-2017-chrysler-300--s--3-6l-v6-gas/wheels--emergency-kit,,
Chrysler 300,S,3.6L V6 Gas,Wheels / Jack Stowage,pending,0,0,https://www.moparamerica.com/v-2017-chrysler-300--s--3-6l-v6-gas/wheels--jack-stowage,,
Chrysler 300,S,3.6L V6 Gas,Wheels / Tire Monitoring System,pending,0,0,https://www.moparamerica.com/v-2017-chrysler-300--s--3-6l-v6-gas/wheels--tire-monitoring-system,,
Chrysler 300,S,3.6L V6 Gas,Wheels / Wheel Covers And Center Caps,pending,0,0,https://www.moparamerica.com/v-2017-chrysler-300--s--3-6l-v6-gas/wheels--wheel-covers-and-center-caps,,
Chrysler 300,S,3.6L V6 Gas,Wheels / Wheel Spare,pending,0,0,https://www.moparamerica.com/v-2017-chrysler-300--s--3-6l-v6-gas/wheels--wheel-spare,,
Chrysler 300,S,3.6L V6 Gas,Wheels / Wheels Tires And Hardware,pending,0,0,https://www.moparamerica.com/v-2017-chrysler-300--s--3-6l-v6-gas/wheels--wheels-tires-and-hardware,,
Chrysler 300,S,5.7L V8 Gas,3 0L Gas Engine / Engine Mounting,pending,0,0,https://www.moparamerica.com/v-2017-chrysler-300--s--5-7l-v8-gas/3-0l-gas-engine--engine-mounting,,
Chrysler 300,S,5.7L V8 Gas,3 0L Gas Engine / Engine Oiling Oil Pan And Indicator Dipstick,pending,0,0,https://www.moparamerica.com/v-2017-chrysler-300--s--5-7l-v8-gas/3-0l-gas-engine--engine-oiling-oil-pan-and-indicator-dipstick,,
Chrysler 300,S,5.7L V8 Gas,3 0L Gas Engine / Timing Belt Chain And Cover And Balance Shaft,pending,0,0,https://www.moparamerica.com/v-2017-chrysler-300--s--5-7l-v8-gas/3-0l-gas-engine--timing-belt-chain-and-cover-and-balance-shaft,,
Chrysler 300,S,5.7L V8 Gas,3 6L Gas Engine / Engine Mounting,pending,0,0,https://www.moparamerica.com/v-2017-chrysler-300--s--5-7l-v8-gas/3-6l-gas-engine--engine-mounting,,
Chrysler 300,S,5.7L V8 Gas,3 6L Gas Engine / Engine Oiling Oil Pan And Indicator Dipstick,pending,0,0,https://www.moparamerica.com/v-2017-chrysler-300--s--5-7l-v8-gas/3-6l-gas-engine--engine-oiling-oil-pan-and-indicator-dipstick,,
Chrysler 300,S,5.7L V8 Gas,3 6L Gas Engine / Timing Belt Chain And Cover And Balance Shaft,pending,0,0,https://www.moparamerica.com/v-2017-chrysler-300--s--5-7l-v8-gas/3-6l-gas-engine--timing-belt-chain-and-cover-and-balance-shaft,,
Chrysler 300,S,5.7L V8 Gas,5 7L Gas Engine / Camshaft And Valve,pending,0,0,https://www.moparamerica.com/v-2017-chrysler-300--s--5-7l-v8-gas/5-7l-gas-engine--camshaft-and-valve,,
Chrysler 300,S,5.7L V8 Gas,5 7L Gas Engine / Crankcase Ventilation,pending,0,0,https://www.moparamerica.com/v-2017-chrysler-300--s--5-7l-v8-gas/5-7l-gas-engine--crankcase-ventilation,,
Chrysler 300,S,5.7L V8 Gas,5 7L Gas Engine / Crankshaft Piston Drive Plate Flywheel And Damper,pending,0,0,https://www.moparamerica.com/v-2017-chrysler-300--s--5-7l-v8-gas/5-7l-gas-engine--crankshaft-piston-drive-plate-flywheel-and-damper,,
Chrysler 300,S,5.7L V8 Gas,5 7L Gas Engine / Cylinder Block,pending,0,0,https://www.moparamerica.com/v-2017-chrysler-300--s--5-7l-v8-gas/5-7l-gas-engine--cylinder-block,,
Chrysler 300,S,5.7L V8 Gas,5 7L Gas Engine / Cylinder Head,pending,0,0,https://www.moparamerica.com/v-2017-chrysler-300--s--5-7l-v8-gas/5-7l-gas-engine--cylinder-head,,
Chrysler 300,S,5.7L V8 Gas,5 7L Gas Engine / Engine Identification Service Engines And Engine Service Kits,pending,0,0,https://www.moparamerica.com/v-2017-chrysler-300--s--5-7l-v8-gas/5-7l-gas-engine--engine-identification-service-engines-and-engine-service-kits,,
Chrysler 300,S,5.7L V8 Gas,5 7L Gas Engine / Engine Mounting,pending,0,0,https://www.moparamerica.com/v-2017-chrysler-300--s--5-7l-v8-gas/5-7l-gas-engine--engine-mounting,,
Chrysler 300,S,5.7L V8 Gas,5 7L Gas Engine / Engine Oiling Oil Pan And Indicator Dipstick,pending,0,0,https://www.moparamerica.com/v-2017-chrysler-300--s--5-7l-v8-gas/5-7l-gas-engine--engine-oiling-oil-pan-and-indicator-dipstick,,
Chrysler 300,S,5.7L V8 Gas,5 7L Gas Engine / Manifolds And Vacuum Fittings,pending,0,0,https://www.moparamerica.com/v-2017-chrysler-300--s--5-7l-v8-gas/5-7l-gas-engine--manifolds-and-vacuum-fittings,,
Chrysler 300,S,5.7L V8 Gas,5 7L Gas Engine / Timing Belt Chain And Cover And Balance Shaft,pending,0,0,https://www.moparamerica.com/v-2017-chrysler-300--s--5-7l-v8-gas/5-7l-gas-engine--timing-belt-chain-and-cover-and-balance-shaft,,
Chrysler 300,S,5.7L V8 Gas,6 4L Gas Engine / Camshaft And Valve,pending,0,0,https://www.moparamerica.com/v-2017-chrysler-300--s--5-7l-v8-gas/6-4l-gas-engine--camshaft-and-valve,,
Chrysler 300,S,5.7L V8 Gas,6 4L Gas Engine / Cylinder Block,pending,0,0,https://www.moparamerica.com/v-2017-chrysler-300--s--5-7l-v8-gas/6-4l-gas-engine--cylinder-block,,
Chrysler 300,S,5.7L V8 Gas,6 4L Gas Engine / Engine Mounting,pending,0,0,https://www.moparamerica.com/v-2017-chrysler-300--s--5-7l-v8-gas/6-4l-gas-engine--engine-mounting,,
Chrysler 300,S,5.7L V8 Gas,6 4L Gas Engine / Engine Oil Cooler,pending,0,0,https://www.moparamerica.com/v-2017-chrysler-300--s--5-7l-v8-gas/6-4l-gas-engine--engine-oil-cooler,,
Chrysler 300,S,5.7L V8 Gas,6 4L Gas Engine / Engine Oiling Oil Pan And Indicator Dipstick,pending,0,0,https://www.moparamerica.com/v-2017-chrysler-300--s--5-7l-v8-gas/6-4l-gas-engine--engine-oiling-oil-pan-and-indicator-dipstick,,
Chrysler 300,S,5.7L V8 Gas,6 4L Gas Engine / Manifolds And Vacuum Fittings,pending,0,0,https://www.moparamerica.com/v-2017-chrysler-300--s--5-7l-v8-gas/6-4l-gas-engine--manifolds-and-vacuum-fittings,,
Chrysler 300,S,5.7L V8 Gas,845Re 8 Speed Automatic Transmission / Automatic Transmission Transaxle And Torque Converter,pending,0,0,https://www.moparamerica.com/v-2017-chrysler-300--s--5-7l-v8-gas/845re-8-speed-automatic-transmission--automatic-transmission-transaxle-and-torque-converter,,
Chrysler 300,S,5.7L V8 Gas,845Re 8 Speed Automatic Transmission / Gearshift Controls And Related Parts,pending,0,0,https://www.moparamerica.com/v-2017-chrysler-300--s--5-7l-v8-gas/845re-8-speed-automatic-transmission--gearshift-controls-and-related-parts,,
Chrysler 300,S,5.7L V8 Gas,845Re 8 Speed Automatic Transmission / Mounting And Skid Plate,pending,0,0,https://www.moparamerica.com/v-2017-chrysler-300--s--5-7l-v8-gas/845re-8-speed-automatic-transmission--mounting-and-skid-plate,,
Chrysler 300,S,5.7L V8 Gas,845Re 8 Speed Automatic Transmission / Oil Pump,pending,0,0,https://www.moparamerica.com/v-2017-chrysler-300--s--5-7l-v8-gas/845re-8-speed-automatic-transmission--oil-pump,,
Chrysler 300,S,5.7L V8 Gas,8Hp70 8 Speed Automatic Transmission / Automatic Transmission Transaxle And Torque Converter,pending,0,0,https://www.moparamerica.com/v-2017-chrysler-300--s--5-7l-v8-gas/8hp70-8-speed-automatic-transmission--automatic-transmission-transaxle-and-torque-converter,,
Chrysler 300,S,5.7L V8 Gas,8Hp70 8 Speed Automatic Transmission / Case Extension Oil Pan And Indicator Dipstick,pending,0,0,https://www.moparamerica.com/v-2017-chrysler-300--s--5-7l-v8-gas/8hp70-8-speed-automatic-transmission--case-extension-oil-pan-and-indicator-dipstick,,
Chrysler 300,S,5.7L V8 Gas,8Hp70 8 Speed Automatic Transmission / Gearshift Controls And Related Parts,pending,0,0,https://www.moparamerica.com/v-2017-chrysler-300--s--5-7l-v8-gas/8hp70-8-speed-automatic-transmission--gearshift-controls-and-related-parts,,
Chrysler 300,S,5.7L V8 Gas,8Hp70 8 Speed Automatic Transmission / Mounting And Skid Plate,pending,0,0,https://www.moparamerica.com/v-2017-chrysler-300--s--5-7l-v8-gas/8hp70-8-speed-automatic-transmission--mounting-and-skid-plate,,
Chrysler 300,S,5.7L V8 Gas,8Hp70 8 Speed Automatic Transmission / Oil Pump,pending,0,0,https://www.moparamerica.com/v-2017-chrysler-300--s--5-7l-v8-gas/8hp70-8-speed-automatic-transmission--oil-pump,,
Chrysler 300,S,5.7L V8 Gas,8Hp70 8 Speed Automatic Transmission / Valve Body Accumulator Solenoid And Parking Sprag,pending,0,0,https://www.moparamerica.com/v-2017-chrysler-300--s--5-7l-v8-gas/8hp70-8-speed-automatic-transmission--valve-body-accumulator-solenoid-and-parking-sprag,,
Chrysler 300,S,5.7L V8 Gas,Accessories,pending,0,0,https://www.moparamerica.com/v-2017-chrysler-300--s--5-7l-v8-gas/accessories,,
Chrysler 300,S,5.7L V8 Gas,Accessories Audio Video And Electronics Accessories / Charging Unit,pending,0,0,https://www.moparamerica.com/v-2017-chrysler-300--s--5-7l-v8-gas/accessories-audio-video-and-electronics-accessories--charging-unit,,
Chrysler 300,S,5.7L V8 Gas,Accessories Audio Video And Electronics Accessories / Remote Start,pending,0,0,https://www.moparamerica.com/v-2017-chrysler-300--s--5-7l-v8-gas/accessories-audio-video-and-electronics-accessories--remote-start,,
Chrysler 300,S,5.7L V8 Gas,Accessories Audio Video And Electronics Accessories / Security,pending,0,0,https://www.moparamerica.com/v-2017-chrysler-300--s--5-7l-v8-gas/accessories-audio-video-and-electronics-accessories--security,,
Chrysler 300,S,5.7L V8 Gas,Accessories Exterior Accessories / Air Deflectors,pending,0,0,https://www.moparamerica.com/v-2017-chrysler-300--s--5-7l-v8-gas/accessories-exterior-accessories--air-deflectors,,
Chrysler 300,S,5.7L V8 Gas,Accessories Exterior Accessories / Exterior Appearance,pending,0,0,https://www.moparamerica.com/v-2017-chrysler-300--s--5-7l-v8-gas/accessories-exterior-accessories--exterior-appearance,,
Chrysler 300,S,5.7L V8 Gas,Accessories Exterior Accessories / License Plate,pending,0,0,https://www.moparamerica.com/v-2017-chrysler-300--s--5-7l-v8-gas/accessories-exterior-accessories--license-plate,,
Chrysler 300,S,5.7L V8 Gas,Accessories Exterior Accessories / Locks,pending,0,0,https://www.moparamerica.com/v-2017-chrysler-300--s--5-7l-v8-gas/accessories-exterior-accessories--locks,,
Chrysler 300,S,5.7L V8 Gas,Accessories Exterior Accessories / Protective Guards,pending,0,0,https://www.moparamerica.com/v-2017-chrysler-300--s--5-7l-v8-gas/accessories-exterior-accessories--protective-guards,,
Chrysler 300,S,5.7L V8 Gas,Accessories Exterior Accessories / Splash Guards,pending,0,0,https://www.moparamerica.com/v-2017-chrysler-300--s--5-7l-v8-gas/accessories-exterior-accessories--splash-guards,,
Chrysler 300,S,5.7L V8 Gas,Accessories Exterior Accessories / Wheels,pending,0,0,https://www.moparamerica.com/v-2017-chrysler-300--s--5-7l-v8-gas/accessories-exterior-accessories--wheels,,
Chrysler 300,S,5.7L V8 Gas,Accessories Interior Accessories / Air Purification,pending,0,0,https://www.moparamerica.com/v-2017-chrysler-300--s--5-7l-v8-gas/accessories-interior-accessories--air-purification,,
Chrysler 300,S,5.7L V8 Gas,Accessories Interior Accessories / Cargo Trays And Mats,pending,0,0,https://www.moparamerica.com/v-2017-chrysler-300--s--5-7l-v8-gas/accessories-interior-accessories--cargo-trays-and-mats,,
Chrysler 300,S,5.7L V8 Gas,Accessories Interior Accessories / Floor Mats,pending,0,0,https://www.moparamerica.com/v-2017-chrysler-300--s--5-7l-v8-gas/accessories-interior-accessories--floor-mats,,
Chrysler 300,S,5.7L V8 Gas,Accessories Interior Accessories / Interior Appearance,pending,0,0,https://www.moparamerica.com/v-2017-chrysler-300--s--5-7l-v8-gas/accessories-interior-accessories--interior-appearance,,
Chrysler 300,S,5.7L V8 Gas,Accessories Lifestyle And Off Road Accessories / Safety Kits,pending,0,0,https://www.moparamerica.com/v-2017-chrysler-300--s--5-7l-v8-gas/accessories-lifestyle-and-off-road-accessories--safety-kits,,
Chrysler 300,S,5.7L V8 Gas,Accessories Lighting And Electrical Accessories / Charging Unit,pending,0,0,https://www.moparamerica.com/v-2017-chrysler-300--s--5-7l-v8-gas/accessories-lighting-and-electrical-accessories--charging-unit,,
Chrysler 300,S,5.7L V8 Gas,Accessories Modern Performance / Engine Parts,pending,0,0,https://www.moparamerica.com/v-2017-chrysler-300--s--5-7l-v8-gas/accessories-modern-performance--engine-parts,,
Chrysler 300,S,5.7L V8 Gas,Accessories Modern Performance / Intake And Air,pending,0,0,https://www.moparamerica.com/v-2017-chrysler-300--s--5-7l-v8-gas/accessories-modern-performance--intake-and-air,,
Chrysler 300,S,5.7L V8 Gas,Accessories Modern Performance / Suspension,pending,0,0,https://www.moparamerica.com/v-2017-chrysler-300--s--5-7l-v8-gas/accessories-modern-performance--suspension,,
Chrysler 300,S,5.7L V8 Gas,Accessories Vehicle Care Products / Mopar,pending,0,0,https://www.moparamerica.com/v-2017-chrysler-300--s--5-7l-v8-gas/accessories-vehicle-care-products--mopar,,
Chrysler 300,S,5.7L V8 Gas,Accessories Vehicle Care Products / Touch Up Paint,pending,0,0,https://www.moparamerica.com/v-2017-chrysler-300--s--5-7l-v8-gas/accessories-vehicle-care-products--touch-up-paint,,
Chrysler 300,S,5.7L V8 Gas,Air Conditioners And Heaters / Air Conditioner And Heater Controls,pending,0,0,https://www.moparamerica.com/v-2017-chrysler-300--s--5-7l-v8-gas/air-conditioners-and-heaters--air-conditioner-and-heater-controls,,
Chrysler 300,S,5.7L V8 Gas,Air Conditioners And Heaters / Air Conditioner And Heater Plumbing,pending,0,0,https://www.moparamerica.com/v-2017-chrysler-300--s--5-7l-v8-gas/air-conditioners-and-heaters--air-conditioner-and-heater-plumbing,,
Chrysler 300,S,5.7L V8 Gas,Air Conditioners And Heaters / Air Conditioner And Heater Units,pending,0,0,https://www.moparamerica.com/v-2017-chrysler-300--s--5-7l-v8-gas/air-conditioners-and-heaters--air-conditioner-and-heater-units,,
Chrysler 300,S,5.7L V8 Gas,Air Conditioners And Heaters / Air Conditioner Compressor And Mounting,pending,0,0,https://www.moparamerica.com/v-2017-chrysler-300--s--5-7l-v8-gas/air-conditioners-and-heaters--air-conditioner-compressor-and-mounting,,
Chrysler 300,S,5.7L V8 Gas,Air Conditioners And Heaters / Air Ducts,pending,0,0,https://www.moparamerica.com/v-2017-chrysler-300--s--5-7l-v8-gas/air-conditioners-and-heaters--air-ducts,,
Chrysler 300,S,5.7L V8 Gas,All Wheel Drive Differential And Drive Line / Drive Shaft,pending,0,0,https://www.moparamerica.com/v-2017-chrysler-300--s--5-7l-v8-gas/all-wheel-drive-differential-and-drive-line--drive-shaft,,
Chrysler 300,S,5.7L V8 Gas,All Wheel Drive Differential And Drive Line / Front Axle Assembly,pending,0,0,https://www.moparamerica.com/v-2017-chrysler-300--s--5-7l-v8-gas/all-wheel-drive-differential-and-drive-line--front-axle-assembly,,
Chrysler 300,S,5.7L V8 Gas,All Wheel Drive Differential And Drive Line / Front Axle Drive Shafts,pending,0,0,https://www.moparamerica.com/v-2017-chrysler-300--s--5-7l-v8-gas/all-wheel-drive-differential-and-drive-line--front-axle-drive-shafts,,
Chrysler 300,S,5.7L V8 Gas,All Wheel Drive Differential And Drive Line / Rear Axle Assembly,pending,0,0,https://www.moparamerica.com/v-2017-chrysler-300--s--5-7l-v8-gas/all-wheel-drive-differential-and-drive-line--rear-axle-assembly,,
Chrysler 300,S,5.7L V8 Gas,All Wheel Drive Differential And Drive Line / Rear Axle Housing Differential And Vent,pending,0,0,https://www.moparamerica.com/v-2017-chrysler-300--s--5-7l-v8-gas/all-wheel-drive-differential-and-drive-line--rear-axle-housing-differential-and-vent,,
Chrysler 300,S,5.7L V8 Gas,Auto Parts,pending,0,0,https://www.moparamerica.com/v-2017-chrysler-300--s--5-7l-v8-gas/auto-parts,,
Chrysler 300,S,5.7L V8 Gas,Body Sheet Metal Except Doors / Aperture Panel And Pillar Supports,pending,0,0,https://www.moparamerica.com/v-2017-chrysler-300--s--5-7l-v8-gas/body-sheet-metal-except-doors--aperture-panel-and-pillar-supports,,
Chrysler 300,S,5.7L V8 Gas,Body Sheet Metal Except Doors / Cowl And Dash Panel,pending,0,0,https://www.moparamerica.com/v-2017-chrysler-300--s--5-7l-v8-gas/body-sheet-metal-except-doors--cowl-and-dash-panel,,
Chrysler 300,S,5.7L V8 Gas,Body Sheet Metal Except Doors / Deck Lid,pending,0,0,https://www.moparamerica.com/v-2017-chrysler-300--s--5-7l-v8-gas/body-sheet-metal-except-doors--deck-lid,,
Chrysler 300,S,5.7L V8 Gas,Body Sheet Metal Except Doors / Fenders,pending,0,0,https://www.moparamerica.com/v-2017-chrysler-300--s--5-7l-v8-gas/body-sheet-metal-except-doors--fenders,,
Chrysler 300,S,5.7L V8 Gas,Body Sheet Metal Except Doors / Floor Pans,pending,0,0,https://www.moparamerica.com/v-2017-chrysler-300--s--5-7l-v8-gas/body-sheet-metal-except-doors--floor-pans,,
Chrysler 300,S,5.7L V8 Gas,Body Sheet Metal Except Doors / Hood And Hood Release,pending,0,0,https://www.moparamerica.com/v-2017-chrysler-300--s--5-7l-v8-gas/body-sheet-metal-except-doors--hood-and-hood-release,,
Chrysler 300,S,5.7L V8 Gas,Body Sheet Metal Except Doors / Pick Up Box And Fuel Filler Door,pending,0,0,https://www.moparamerica.com/v-2017-chrysler-300--s--5-7l-v8-gas/body-sheet-metal-except-doors--pick-up-box-and-fuel-filler-door,,
Chrysler 300,S,5.7L V8 Gas,Body Sheet Metal Except Doors / Plugs,pending,0,0,https://www.moparamerica.com/v-2017-chrysler-300--s--5-7l-v8-gas/body-sheet-metal-except-doors--plugs,,
Chrysler 300,S,5.7L V8 Gas,Body Sheet Metal Except Doors / Roof,pending,0,0,https://www.moparamerica.com/v-2017-chrysler-300--s--5-7l-v8-gas/body-sheet-metal-except-doors--roof,,
Chrysler 300,S,5.7L V8 Gas,Body Sheet Metal Except Doors / Shelf Panel,pending,0,0,https://www.moparamerica.com/v-2017-chrysler-300--s--5-7l-v8-gas/body-sheet-metal-except-doors--shelf-panel,,
Chrysler 300,S,5.7L V8 Gas,Body Sheet Metal Except Doors / Sunroof,pending,0,0,https://www.moparamerica.com/v-2017-chrysler-300--s--5-7l-v8-gas/body-sheet-metal-except-doors--sunroof,,
Chrysler 300,S,5.7L V8 Gas,Brakes / Brake Master Cylinder,pending,0,0,https://www.moparamerica.com/v-2017-chrysler-300--s--5-7l-v8-gas/brakes--brake-master-cylinder,,
Chrysler 300,S,5.7L V8 Gas,Brakes / Brake Pedals,pending,0,0,https://www.moparamerica.com/v-2017-chrysler-300--s--5-7l-v8-gas/brakes--brake-pedals,,
Chrysler 300,S,5.7L V8 Gas,Brakes / Front Brakes,pending,0,0,https://www.moparamerica.com/v-2017-chrysler-300--s--5-7l-v8-gas/brakes--front-brakes,,
Chrysler 300,S,5.7L V8 Gas,Brakes / Hydraulic Control Unit Brake Tubes And Hoses,pending,0,0,https://www.moparamerica.com/v-2017-chrysler-300--s--5-7l-v8-gas/brakes--hydraulic-control-unit-brake-tubes-and-hoses,,
Chrysler 300,S,5.7L V8 Gas,Brakes / Parking Brake Lever Cables And Rear Disc Park Brake Assembly,pending,0,0,https://www.moparamerica.com/v-2017-chrysler-300--s--5-7l-v8-gas/brakes--parking-brake-lever-cables-and-rear-disc-park-brake-assembly,,
Chrysler 300,S,5.7L V8 Gas,Brakes / Power Brake Booster,pending,0,0,https://www.moparamerica.com/v-2017-chrysler-300--s--5-7l-v8-gas/brakes--power-brake-booster,,
Chrysler 300,S,5.7L V8 Gas,Brakes / Rear Brakes,pending,0,0,https://www.moparamerica.com/v-2017-chrysler-300--s--5-7l-v8-gas/brakes--rear-brakes,,
Chrysler 300,S,5.7L V8 Gas,Cooling / Drive Belts,pending,0,0,https://www.moparamerica.com/v-2017-chrysler-300--s--5-7l-v8-gas/cooling--drive-belts,,
Chrysler 300,S,5.7L V8 Gas,Cooling / Engine Coolant Reservoir Bottle,pending,0,0,https://www.moparamerica.com/v-2017-chrysler-300--s--5-7l-v8-gas/cooling--engine-coolant-reservoir-bottle,,
Chrysler 300,S,5.7L V8 Gas,Cooling / Pulleys And Related Parts,pending,0,0,https://www.moparamerica.com/v-2017-chrysler-300--s--5-7l-v8-gas/cooling--pulleys-and-related-parts,,
Chrysler 300,S,5.7L V8 Gas,Cooling / Radiator And Related Parts Charge Air Cooler,pending,0,0,https://www.moparamerica.com/v-2017-chrysler-300--s--5-7l-v8-gas/cooling--radiator-and-related-parts-charge-air-cooler,,
Chrysler 300,S,5.7L V8 Gas,Cooling / Transmission Oil Cooler And Lines,pending,0,0,https://www.moparamerica.com/v-2017-chrysler-300--s--5-7l-v8-gas/cooling--transmission-oil-cooler-and-lines,,
Chrysler 300,S,5.7L V8 Gas,Cooling / Water Pump And Related Parts,pending,0,0,https://www.moparamerica.com/v-2017-chrysler-300--s--5-7l-v8-gas/cooling--water-pump-and-related-parts,,
Chrysler 300,S,5.7L V8 Gas,Doors Door Mirrors And Related Parts / Exterior Mirror,pending,0,0,https://www.moparamerica.com/v-2017-chrysler-300--s--5-7l-v8-gas/doors-door-mirrors-and-related-parts--exterior-mirror,,
Chrysler 300,S,5.7L V8 Gas,Doors Door Mirrors And Related Parts / Front Door,pending,0,0,https://www.moparamerica.com/v-2017-chrysler-300--s--5-7l-v8-gas/doors-door-mirrors-and-related-parts--front-door,,
Chrysler 300,S,5.7L V8 Gas,Doors Door Mirrors And Related Parts / Rear Door,pending,0,0,https://www.moparamerica.com/v-2017-chrysler-300--s--5-7l-v8-gas/doors-door-mirrors-and-related-parts--rear-door,,
Chrysler 300,S,5.7L V8 Gas,Doors Door Mirrors And Related Parts / Weatherstrips And Seals,pending,0,0,https://www.moparamerica.com/v-2017-chrysler-300--s--5-7l-v8-gas/doors-door-mirrors-and-related-parts--weatherstrips-and-seals,,
Chrysler 300,S,5.7L V8 Gas,Electrical / Battery Battery Tray And Cables,pending,0,0,https://www.moparamerica.com/v-2017-chrysler-300--s--5-7l-v8-gas/electrical--battery-battery-tray-and-cables,,
Chrysler 300,S,5.7L V8 Gas,Electrical / Generators Alternators,pending,0,0,https://www.moparamerica.com/v-2017-chrysler-300--s--5-7l-v8-gas/electrical--generators-alternators,,
Chrysler 300,S,5.7L V8 Gas,Electrical / Horns,pending,0,0,https://www.moparamerica.com/v-2017-chrysler-300--s--5-7l-v8-gas/electrical--horns,,
Chrysler 300,S,5.7L V8 Gas,Electrical / Ignition Spark Plugs Cables Coils And Glow Plugs,pending,0,0,https://www.moparamerica.com/v-2017-chrysler-300--s--5-7l-v8-gas/electrical--ignition-spark-plugs-cables-coils-and-glow-plugs,,
Chrysler 300,S,5.7L V8 Gas,Electrical / Instrument Panel Cluster,pending,0,0,https://www.moparamerica.com/v-2017-chrysler-300--s--5-7l-v8-gas/electrical--instrument-panel-cluster,,
Chrysler 300,S,5.7L V8 Gas,Electrical / Keys Modules And Engine Controllers,pending,0,0,https://www.moparamerica.com/v-2017-chrysler-300--s--5-7l-v8-gas/electrical--keys-modules-and-engine-controllers,,
Chrysler 300,S,5.7L V8 Gas,Electrical / Lamps Interior And Exterior,pending,0,0,https://www.moparamerica.com/v-2017-chrysler-300--s--5-7l-v8-gas/electrical--lamps-interior-and-exterior,,
Chrysler 300,S,5.7L V8 Gas,Electrical / Park Assist,pending,0,0,https://www.moparamerica.com/v-2017-chrysler-300--s--5-7l-v8-gas/electrical--park-assist,,
Chrysler 300,S,5.7L V8 Gas,Electrical / Power Distribution Center Fuse Block Junction Block Relays And Fuses,pending,0,0,https://www.moparamerica.com/v-2017-chrysler-300--s--5-7l-v8-gas/electrical--power-distribution-center-fuse-block-junction-block-relays-and-fuses,,
Chrysler 300,S,5.7L V8 Gas,Electrical / Radio Antenna Speakers Dvd And Video Systems,pending,0,0,https://www.moparamerica.com/v-2017-chrysler-300--s--5-7l-v8-gas/electrical--radio-antenna-speakers-dvd-and-video-systems,,
Chrysler 300,S,5.7L V8 Gas,Electrical / Sensors,pending,0,0,https://www.moparamerica.com/v-2017-chrysler-300--s--5-7l-v8-gas/electrical--sensors,,
Chrysler 300,S,5.7L V8 Gas,Electrical / Speed Control,pending,0,0,https://www.moparamerica.com/v-2017-chrysler-300--s--5-7l-v8-gas/electrical--speed-control,,
Chrysler 300,S,5.7L V8 Gas,Electrical / Starters,pending,0,0,https://www.moparamerica.com/v-2017-chrysler-300--s--5-7l-v8-gas/electrical--starters,,
Chrysler 300,S,5.7L V8 Gas,Electrical / Switches,pending,0,0,https://www.moparamerica.com/v-2017-chrysler-300--s--5-7l-v8-gas/electrical--switches,,
Chrysler 300,S,5.7L V8 Gas,Electrical / Wiper And Washer System,pending,0,0,https://www.moparamerica.com/v-2017-chrysler-300--s--5-7l-v8-gas/electrical--wiper-and-washer-system,,
Chrysler 300,S,5.7L V8 Gas,Electrical / Wiring Body And Accessories,pending,0,0,https://www.moparamerica.com/v-2017-chrysler-300--s--5-7l-v8-gas/electrical--wiring-body-and-accessories,,
Chrysler 300,S,5.7L V8 Gas,Electrical / Wiring Headlamp To Dash,pending,0,0,https://www.moparamerica.com/v-2017-chrysler-300--s--5-7l-v8-gas/electrical--wiring-headlamp-to-dash,,
Chrysler 300,S,5.7L V8 Gas,Electrical / Wiring Instrument Panel,pending,0,0,https://www.moparamerica.com/v-2017-chrysler-300--s--5-7l-v8-gas/electrical--wiring-instrument-panel,,
Chrysler 300,S,5.7L V8 Gas,Electrical / Wiring Powertrain,pending,0,0,https://www.moparamerica.com/v-2017-chrysler-300--s--5-7l-v8-gas/electrical--wiring-powertrain,,
Chrysler 300,S,5.7L V8 Gas,Emission Controls / Emission Harness,pending,0,0,https://www.moparamerica.com/v-2017-chrysler-300--s--5-7l-v8-gas/emission-controls--emission-harness,,
Chrysler 300,S,5.7L V8 Gas,Emission Controls / Vacuum Canister Leak Detection Pump,pending,0,0,https://www.moparamerica.com/v-2017-chrysler-300--s--5-7l-v8-gas/emission-controls--vacuum-canister-leak-detection-pump,,
Chrysler 300,S,5.7L V8 Gas,Exhaust / Exhaust System,pending,0,0,https://www.moparamerica.com/v-2017-chrysler-300--s--5-7l-v8-gas/exhaust--exhaust-system,,
Chrysler 300,S,5.7L V8 Gas,Exterior Ornamentation / Grilles,pending,0,0,https://www.moparamerica.com/v-2017-chrysler-300--s--5-7l-v8-gas/exterior-ornamentation--grilles,,
Chrysler 300,S,5.7L V8 Gas,Exterior Ornamentation / Moldings And Ornamentation,pending,0,0,https://www.moparamerica.com/v-2017-chrysler-300--s--5-7l-v8-gas/exterior-ornamentation--moldings-and-ornamentation,,
Chrysler 300,S,5.7L V8 Gas,Exterior Ornamentation / Nameplates,pending,0,0,https://www.moparamerica.com/v-2017-chrysler-300--s--5-7l-v8-gas/exterior-ornamentation--nameplates,,
Chrysler 300,S,5.7L V8 Gas,Frame Bumper And Fascia / Frames,pending,0,0,https://www.moparamerica.com/v-2017-chrysler-300--s--5-7l-v8-gas/frame-bumper-and-fascia--frames,,
Chrysler 300,S,5.7L V8 Gas,Frame Bumper And Fascia / Front Bumper And Fascia,pending,0,0,https://www.moparamerica.com/v-2017-chrysler-300--s--5-7l-v8-gas/frame-bumper-and-fascia--front-bumper-and-fascia,,
Chrysler 300,S,5.7L V8 Gas,Frame Bumper And Fascia / Rear Bumper And Fascia,pending,0,0,https://www.moparamerica.com/v-2017-chrysler-300--s--5-7l-v8-gas/frame-bumper-and-fascia--rear-bumper-and-fascia,,
Chrysler 300,S,5.7L V8 Gas,Front Suspension / Front Stabilizer Bar,pending,0,0,https://www.moparamerica.com/v-2017-chrysler-300--s--5-7l-v8-gas/front-suspension--front-stabilizer-bar,,
Chrysler 300,S,5.7L V8 Gas,Front Suspension / Front Suspension Strut And Cradle,pending,0,0,https://www.moparamerica.com/v-2017-chrysler-300--s--5-7l-v8-gas/front-suspension--front-suspension-strut-and-cradle,,
Chrysler 300,S,5.7L V8 Gas,Fuel / Accelerator Pedal,pending,0,0,https://www.moparamerica.com/v-2017-chrysler-300--s--5-7l-v8-gas/fuel--accelerator-pedal,,
Chrysler 300,S,5.7L V8 Gas,Fuel / Air Cleaner,pending,0,0,https://www.moparamerica.com/v-2017-chrysler-300--s--5-7l-v8-gas/fuel--air-cleaner,,
Chrysler 300,S,5.7L V8 Gas,Fuel / Fuel Lines,pending,0,0,https://www.moparamerica.com/v-2017-chrysler-300--s--5-7l-v8-gas/fuel--fuel-lines,,
Chrysler 300,S,5.7L V8 Gas,Fuel / Fuel Pump And Sending Unit,pending,0,0,https://www.moparamerica.com/v-2017-chrysler-300--s--5-7l-v8-gas/fuel--fuel-pump-and-sending-unit,,
Chrysler 300,S,5.7L V8 Gas,Fuel / Fuel Rail And Injectors,pending,0,0,https://www.moparamerica.com/v-2017-chrysler-300--s--5-7l-v8-gas/fuel--fuel-rail-and-injectors,,
Chrysler 300,S,5.7L V8 Gas,Fuel / Fuel Tank,pending,0,0,https://www.moparamerica.com/v-2017-chrysler-300--s--5-7l-v8-gas/fuel--fuel-tank,,
Chrysler 300,S,5.7L V8 Gas,Fuel / Fuel Tank Filler Tube,pending,0,0,https://www.moparamerica.com/v-2017-chrysler-300--s--5-7l-v8-gas/fuel--fuel-tank-filler-tube,,
Chrysler 300,S,5.7L V8 Gas,Fuel / Throttle Body,pending,0,0,https://www.moparamerica.com/v-2017-chrysler-300--s--5-7l-v8-gas/fuel--throttle-body,,
Chrysler 300,S,5.7L V8 Gas,Glass / Glass And Interior Rear View Mirror,pending,0,0,https://www.moparamerica.com/v-2017-chrysler-300--s--5-7l-v8-gas/glass--glass-and-interior-rear-view-mirror,,
Chrysler 300,S,5.7L V8 Gas,Interior Trim / Carpets Floor Mats Load Floor And Silencers,pending,0,0,https://www.moparamerica.com/v-2017-chrysler-300--s--5-7l-v8-gas/interior-trim--carpets-floor-mats-load-floor-and-silencers,,
Chrysler 300,S,5.7L V8 Gas,Interior Trim / Consoles,pending,0,0,https://www.moparamerica.com/v-2017-chrysler-300--s--5-7l-v8-gas/interior-trim--consoles,,
Chrysler 300,S,5.7L V8 Gas,Interior Trim / Door Trim Panels Front And Rear,pending,0,0,https://www.moparamerica.com/v-2017-chrysler-300--s--5-7l-v8-gas/interior-trim--door-trim-panels-front-and-rear,,
Chrysler 300,S,5.7L V8 Gas,Interior Trim / Front Seats Adjusters Recliners Shields And Risers,pending,0,0,https://www.moparamerica.com/v-2017-chrysler-300--s--5-7l-v8-gas/interior-trim--front-seats-adjusters-recliners-shields-and-risers,,
Chrysler 300,S,5.7L V8 Gas,Interior Trim / Front Seats First Row,pending,0,0,https://www.moparamerica.com/v-2017-chrysler-300--s--5-7l-v8-gas/interior-trim--front-seats-first-row,,
Chrysler 300,S,5.7L V8 Gas,Interior Trim / Headliners Visors Assist Straps,pending,0,0,https://www.moparamerica.com/v-2017-chrysler-300--s--5-7l-v8-gas/interior-trim--headliners-visors-assist-straps,,
Chrysler 300,S,5.7L V8 Gas,Interior Trim / Instrument Panel,pending,0,0,https://www.moparamerica.com/v-2017-chrysler-300--s--5-7l-v8-gas/interior-trim--instrument-panel,,
Chrysler 300,S,5.7L V8 Gas,Interior Trim / Panels Moldings Scuff Plates Pillar Cowl 1 4 Panel Trim And Cargo Covers,pending,0,0,https://www.moparamerica.com/v-2017-chrysler-300--s--5-7l-v8-gas/interior-trim--panels-moldings-scuff-plates-pillar-cowl-1-4-panel-trim-and-cargo-covers,,
Chrysler 300,S,5.7L V8 Gas,Interior Trim / Rear Seats Second Row,pending,0,0,https://www.moparamerica.com/v-2017-chrysler-300--s--5-7l-v8-gas/interior-trim--rear-seats-second-row,,
Chrysler 300,S,5.7L V8 Gas,Interior Trim / Rear Seats Second Row Adjusters Recliners Shields And Risers,pending,0,0,https://www.moparamerica.com/v-2017-chrysler-300--s--5-7l-v8-gas/interior-trim--rear-seats-second-row-adjusters-recliners-shields-and-risers,,
Chrysler 300,S,5.7L V8 Gas,Labels / Trunk,pending,0,0,https://www.moparamerica.com/v-2017-chrysler-300--s--5-7l-v8-gas/labels--trunk,,
Chrysler 300,S,5.7L V8 Gas,Labels / Under Hood,pending,0,0,https://www.moparamerica.com/v-2017-chrysler-300--s--5-7l-v8-gas/labels--under-hood,,
Chrysler 300,S,5.7L V8 Gas,Mopar Accessories Component Parts / Audio And Electronics,pending,0,0,https://www.moparamerica.com/v-2017-chrysler-300--s--5-7l-v8-gas/mopar-accessories-component-parts--audio-and-electronics,,
Chrysler 300,S,5.7L V8 Gas,Mopar Accessories Component Parts / Driver Convenience,pending,0,0,https://www.moparamerica.com/v-2017-chrysler-300--s--5-7l-v8-gas/mopar-accessories-component-parts--driver-convenience,,
Chrysler 300,S,5.7L V8 Gas,Mopar Accessories Component Parts / Exterior Appearance,pending,0,0,https://www.moparamerica.com/v-2017-chrysler-300--s--5-7l-v8-gas/mopar-accessories-component-parts--exterior-appearance,,
Chrysler 300,S,5.7L V8 Gas,Mopar Accessories Component Parts / Fog Lights And Electrical,pending,0,0,https://www.moparamerica.com/v-2017-chrysler-300--s--5-7l-v8-gas/mopar-accessories-component-parts--fog-lights-and-electrical,,
Chrysler 300,S,5.7L V8 Gas,Mopar Accessories Component Parts / Interior Protection,pending,0,0,https://www.moparamerica.com/v-2017-chrysler-300--s--5-7l-v8-gas/mopar-accessories-component-parts--interior-protection,,
Chrysler 300,S,5.7L V8 Gas,Mopar Accessories Component Parts / Powertrain,pending,0,0,https://www.moparamerica.com/v-2017-chrysler-300--s--5-7l-v8-gas/mopar-accessories-component-parts--powertrain,,
Chrysler 300,S,5.7L V8 Gas,Power Transfer Unit Transfer Case / Case And Extension,pending,0,0,https://www.moparamerica.com/v-2017-chrysler-300--s--5-7l-v8-gas/power-transfer-unit-transfer-case--case-and-extension,,
Chrysler 300,S,5.7L V8 Gas,Rear Suspension / Rear Stabilizer,pending,0,0,https://www.moparamerica.com/v-2017-chrysler-300--s--5-7l-v8-gas/rear-suspension--rear-stabilizer,,
Chrysler 300,S,5.7L V8 Gas,Rear Suspension / Rear Suspension And Cradle,pending,0,0,https://www.moparamerica.com/v-2017-chrysler-300--s--5-7l-v8-gas/rear-suspension--rear-suspension-and-cradle,,
Chrysler 300,S,5.7L V8 Gas,Rear Wheel Drive Differential And Drive Line / Drive Shaft,pending,0,0,https://www.moparamerica.com/v-2017-chrysler-300--s--5-7l-v8-gas/rear-wheel-drive-differential-and-drive-line--drive-shaft,,
Chrysler 300,S,5.7L V8 Gas,Rear Wheel Drive Differential And Drive Line / Rear Axle Assembly,pending,0,0,https://www.moparamerica.com/v-2017-chrysler-300--s--5-7l-v8-gas/rear-wheel-drive-differential-and-drive-line--rear-axle-assembly,,
Chrysler 300,S,5.7L V8 Gas,Rear Wheel Drive Differential And Drive Line / Rear Axle Housing Differential And Vent,pending,0,0,https://www.moparamerica.com/v-2017-chrysler-300--s--5-7l-v8-gas/rear-wheel-drive-differential-and-drive-line--rear-axle-housing-differential-and-vent,,
Chrysler 300,S,5.7L V8 Gas,Rear Wheel Drive Differential And Drive Line / Rear Axle Shafts,pending,0,0,https://www.moparamerica.com/v-2017-chrysler-300--s--5-7l-v8-gas/rear-wheel-drive-differential-and-drive-line--rear-axle-shafts,,
Chrysler 300,S,5.7L V8 Gas,Restraints / Air Bags,pending,0,0,https://www.moparamerica.com/v-2017-chrysler-300--s--5-7l-v8-gas/restraints--air-bags,,
Chrysler 300,S,5.7L V8 Gas,Restraints / Seat Belts,pending,0,0,https://www.moparamerica.com/v-2017-chrysler-300--s--5-7l-v8-gas/restraints--seat-belts,,
Chrysler 300,S,5.7L V8 Gas,Steering / Steering Column And Intermediate Shaft,pending,0,0,https://www.moparamerica.com/v-2017-chrysler-300--s--5-7l-v8-gas/steering--steering-column-and-intermediate-shaft,,
Chrysler 300,S,5.7L V8 Gas,Steering / Steering Gear,pending,0,0,https://www.moparamerica.com/v-2017-chrysler-300--s--5-7l-v8-gas/steering--steering-gear,,
Chrysler 300,S,5.7L V8 Gas,Steering / Steering Wheel,pending,0,0,https://www.moparamerica.com/v-2017-chrysler-300--s--5-7l-v8-gas/steering--steering-wheel,,
Chrysler 300,S,5.7L V8 Gas,Wheels / Emergency Kit,pending,0,0,https://www.moparamerica.com/v-2017-chrysler-300--s--5-7l-v8-gas/wheels--emergency-kit,,
Chrysler 300,S,5.7L V8 Gas,Wheels / Jack Stowage,pending,0,0,https://www.moparamerica.com/v-2017-chrysler-300--s--5-7l-v8-gas/wheels--jack-stowage,,
Chrysler 300,S,5.7L V8 Gas,Wheels / Tire Monitoring System,pending,0,0,https://www.moparamerica.com/v-2017-chrysler-300--s--5-7l-v8-gas/wheels--tire-monitoring-system,,
Chrysler 300,S,5.7L V8 Gas,Wheels / Wheel Covers And Center Caps,pending,0,0,https://www.moparamerica.com/v-2017-chrysler-300--s--5-7l-v8-gas/wheels--wheel-covers-and-center-caps,,
Chrysler 300,S,5.7L V8 Gas,Wheels / Wheel Spare,pending,0,0,https://www.moparamerica.com/v-2017-chrysler-300--s--5-7l-v8-gas/wheels--wheel-spare,,
Chrysler 300,S,5.7L V8 Gas,Wheels / Wheels Tires And Hardware,pending,0,0,https://www.moparamerica.com/v-2017-chrysler-300--s--5-7l-v8-gas/wheels--wheels-tires-and-hardware,,
Dodge Charger,Daytona,5.7L V8 Gas,3 6L Gas Engine / Engine Mounting,pending,0,0,https://www.moparamerica.com/v-2017-dodge-charger--daytona--5-7l-v8-gas/3-6l-gas-engine--engine-mounting,,
Dodge Charger,Daytona,5.7L V8 Gas,3 6L Gas Engine / Engine Oiling Oil Pan And Indicator Dipstick,pending,0,0,https://www.moparamerica.com/v-2017-dodge-charger--daytona--5-7l-v8-gas/3-6l-gas-engine--engine-oiling-oil-pan-and-indicator-dipstick,,
Dodge Charger,Daytona,5.7L V8 Gas,5 7Lgas Engine / Camshaft And Valve,pending,0,0,https://www.moparamerica.com/v-2017-dodge-charger--daytona--5-7l-v8-gas/5-7lgas-engine--camshaft-and-valve,,
Dodge Charger,Daytona,5.7L V8 Gas,5 7Lgas Engine / Crankcase Ventilation,pending,0,0,https://www.moparamerica.com/v-2017-dodge-charger--daytona--5-7l-v8-gas/5-7lgas-engine--crankcase-ventilation,,
Dodge Charger,Daytona,5.7L V8 Gas,5 7Lgas Engine / Crankshaft Piston Drive Plate Flywheel And Damper,pending,0,0,https://www.moparamerica.com/v-2017-dodge-charger--daytona--5-7l-v8-gas/5-7lgas-engine--crankshaft-piston-drive-plate-flywheel-and-damper,,
Dodge Charger,Daytona,5.7L V8 Gas,5 7Lgas Engine / Cylinder Block,pending,0,0,https://www.moparamerica.com/v-2017-dodge-charger--daytona--5-7l-v8-gas/5-7lgas-engine--cylinder-block,,
Dodge Charger,Daytona,5.7L V8 Gas,5 7Lgas Engine / Cylinder Head,pending,0,0,https://www.moparamerica.com/v-2017-dodge-charger--daytona--5-7l-v8-gas/5-7lgas-engine--cylinder-head,,
Dodge Charger,Daytona,5.7L V8 Gas,5 7Lgas Engine / Engine Identification Service Engines And Engine Service Kits,pending,0,0,https://www.moparamerica.com/v-2017-dodge-charger--daytona--5-7l-v8-gas/5-7lgas-engine--engine-identification-service-engines-and-engine-service-kits,,
Dodge Charger,Daytona,5.7L V8 Gas,5 7Lgas Engine / Engine Mounting,pending,0,0,https://www.moparamerica.com/v-2017-dodge-charger--daytona--5-7l-v8-gas/5-7lgas-engine--engine-mounting,,
Dodge Charger,Daytona,5.7L V8 Gas,5 7Lgas Engine / Engine Oiling Oil Pan And Indicator Dipstick,pending,0,0,https://www.moparamerica.com/v-2017-dodge-charger--daytona--5-7l-v8-gas/5-7lgas-engine--engine-oiling-oil-pan-and-indicator-dipstick,,
Dodge Charger,Daytona,5.7L V8 Gas,5 7Lgas Engine / Manifolds And Vacuum Fittings,pending,0,0,https://www.moparamerica.com/v-2017-dodge-charger--daytona--5-7l-v8-gas/5-7lgas-engine--manifolds-and-vacuum-fittings,,
Dodge Charger,Daytona,5.7L V8 Gas,5 7Lgas Engine / Timing Belt Chain And Cover And Balance Shaft,pending,0,0,https://www.moparamerica.com/v-2017-dodge-charger--daytona--5-7l-v8-gas/5-7lgas-engine--timing-belt-chain-and-cover-and-balance-shaft,,
Dodge Charger,Daytona,5.7L V8 Gas,6 2L Gas Engine / Camshaft And Valve,pending,0,0,https://www.moparamerica.com/v-2017-dodge-charger--daytona--5-7l-v8-gas/6-2l-gas-engine--camshaft-and-valve,,
Dodge Charger,Daytona,5.7L V8 Gas,6 2L Gas Engine / Engine Mounting,pending,0,0,https://www.moparamerica.com/v-2017-dodge-charger--daytona--5-7l-v8-gas/6-2l-gas-engine--engine-mounting,,
Dodge Charger,Daytona,5.7L V8 Gas,6 2L Gas Engine / Engine Oil Cooler,pending,0,0,https://www.moparamerica.com/v-2017-dodge-charger--daytona--5-7l-v8-gas/6-2l-gas-engine--engine-oil-cooler,,
Dodge Charger,Daytona,5.7L V8 Gas,6 2L Gas Engine / Engine Oiling Oil Pan And Indicator Dipstick,pending,0,0,https://www.moparamerica.com/v-2017-dodge-charger--daytona--5-7l-v8-gas/6-2l-gas-engine--engine-oiling-oil-pan-and-indicator-dipstick,,
Dodge Charger,Daytona,5.7L V8 Gas,6 2L Gas Engine / Manifolds And Vacuum Fittings,pending,0,0,https://www.moparamerica.com/v-2017-dodge-charger--daytona--5-7l-v8-gas/6-2l-gas-engine--manifolds-and-vacuum-fittings,,
Dodge Charger,Daytona,5.7L V8 Gas,6 4L Gas Engine / Camshaft And Valve,pending,0,0,https://www.moparamerica.com/v-2017-dodge-charger--daytona--5-7l-v8-gas/6-4l-gas-engine--camshaft-and-valve,,
Dodge Charger,Daytona,5.7L V8 Gas,6 4L Gas Engine / Cylinder Block,pending,0,0,https://www.moparamerica.com/v-2017-dodge-charger--daytona--5-7l-v8-gas/6-4l-gas-engine--cylinder-block,,
Dodge Charger,Daytona,5.7L V8 Gas,6 4L Gas Engine / Engine Mounting,pending,0,0,https://www.moparamerica.com/v-2017-dodge-charger--daytona--5-7l-v8-gas/6-4l-gas-engine--engine-mounting,,
Dodge Charger,Daytona,5.7L V8 Gas,6 4L Gas Engine / Engine Oil Cooler,pending,0,0,https://www.moparamerica.com/v-2017-dodge-charger--daytona--5-7l-v8-gas/6-4l-gas-engine--engine-oil-cooler,,
Dodge Charger,Daytona,5.7L V8 Gas,6 4L Gas Engine / Engine Oiling Oil Pan And Indicator Dipstick,pending,0,0,https://www.moparamerica.com/v-2017-dodge-charger--daytona--5-7l-v8-gas/6-4l-gas-engine--engine-oiling-oil-pan-and-indicator-dipstick,,
Dodge Charger,Daytona,5.7L V8 Gas,6 4L Gas Engine / Manifolds And Vacuum Fittings,pending,0,0,https://www.moparamerica.com/v-2017-dodge-charger--daytona--5-7l-v8-gas/6-4l-gas-engine--manifolds-and-vacuum-fittings,,
Dodge Charger,Daytona,5.7L V8 Gas,845Re 8 Speed Automatic Transmission / Automatic Transmission Transaxle And Torque Converter,pending,0,0,https://www.moparamerica.com/v-2017-dodge-charger--daytona--5-7l-v8-gas/845re-8-speed-automatic-transmission--automatic-transmission-transaxle-and-torque-converter,,
Dodge Charger,Daytona,5.7L V8 Gas,845Re 8 Speed Automatic Transmission / Gearshift Controls And Related Parts,pending,0,0,https://www.moparamerica.com/v-2017-dodge-charger--daytona--5-7l-v8-gas/845re-8-speed-automatic-transmission--gearshift-controls-and-related-parts,,
Dodge Charger,Daytona,5.7L V8 Gas,845Re 8 Speed Automatic Transmission / Mounting And Skid Plate,pending,0,0,https://www.moparamerica.com/v-2017-dodge-charger--daytona--5-7l-v8-gas/845re-8-speed-automatic-transmission--mounting-and-skid-plate,,
Dodge Charger,Daytona,5.7L V8 Gas,845Re 8 Speed Automatic Transmission / Oil Pump,pending,0,0,https://www.moparamerica.com/v-2017-dodge-charger--daytona--5-7l-v8-gas/845re-8-speed-automatic-transmission--oil-pump,,
Dodge Charger,Daytona,5.7L V8 Gas,845Re 8 Speed Automatic Transmission / Valve Body Accumulator Solenoid And Parking Sprag,pending,0,0,https://www.moparamerica.com/v-2017-dodge-charger--daytona--5-7l-v8-gas/845re-8-speed-automatic-transmission--valve-body-accumulator-solenoid-and-parking-sprag,,
Dodge Charger,Daytona,5.7L V8 Gas,8Hp45 8 Speed Automatic Transmission / Automatic Transmission Transaxle And Torque Converter,pending,0,0,https://www.moparamerica.com/v-2017-dodge-charger--daytona--5-7l-v8-gas/8hp45-8-speed-automatic-transmission--automatic-transmission-transaxle-and-torque-converter,,
Dodge Charger,Daytona,5.7L V8 Gas,8Hp45 8 Speed Automatic Transmission / Gearshift Controls And Related Parts,pending,0,0,https://www.moparamerica.com/v-2017-dodge-charger--daytona--5-7l-v8-gas/8hp45-8-speed-automatic-transmission--gearshift-controls-and-related-parts,,
Dodge Charger,Daytona,5.7L V8 Gas,8Hp45 8 Speed Automatic Transmission / Mounting And Skid Plate,pending,0,0,https://www.moparamerica.com/v-2017-dodge-charger--daytona--5-7l-v8-gas/8hp45-8-speed-automatic-transmission--mounting-and-skid-plate,,
Dodge Charger,Daytona,5.7L V8 Gas,8Hp70 8 Speed Automatic Transmission / Automatic Transmission Transaxle And Torque Converter,pending,0,0,https://www.moparamerica.com/v-2017-dodge-charger--daytona--5-7l-v8-gas/8hp70-8-speed-automatic-transmission--automatic-transmission-transaxle-and-torque-converter,,
Dodge Charger,Daytona,5.7L V8 Gas,8Hp70 8 Speed Automatic Transmission / Case Extension Oil Pan And Indicator Dipstick,pending,0,0,https://www.moparamerica.com/v-2017-dodge-charger--daytona--5-7l-v8-gas/8hp70-8-speed-automatic-transmission--case-extension-oil-pan-and-indicator-dipstick,,
Dodge Charger,Daytona,5.7L V8 Gas,8Hp70 8 Speed Automatic Transmission / Gearshift Controls And Related Parts,pending,0,0,https://www.moparamerica.com/v-2017-dodge-charger--daytona--5-7l-v8-gas/8hp70-8-speed-automatic-transmission--gearshift-controls-and-related-parts,,
Dodge Charger,Daytona,5.7L V8 Gas,8Hp70 8 Speed Automatic Transmission / Mounting And Skid Plate,pending,0,0,https://www.moparamerica.com/v-2017-dodge-charger--daytona--5-7l-v8-gas/8hp70-8-speed-automatic-transmission--mounting-and-skid-plate,,
Dodge Charger,Daytona,5.7L V8 Gas,8Hp70 8 Speed Automatic Transmission / Oil Pump,pending,0,0,https://www.moparamerica.com/v-2017-dodge-charger--daytona--5-7l-v8-gas/8hp70-8-speed-automatic-transmission--oil-pump,,
Dodge Charger,Daytona,5.7L V8 Gas,8Hp70 8 Speed Automatic Transmission / Valve Body Accumulator Solenoid And Parking Sprag,pending,0,0,https://www.moparamerica.com/v-2017-dodge-charger--daytona--5-7l-v8-gas/8hp70-8-speed-automatic-transmission--valve-body-accumulator-solenoid-and-parking-sprag,,
Dodge Charger,Daytona,5.7L V8 Gas,8Hp90 8 Speed Automatic Transmission / Automatic Transmission Transaxle And Torque Converter,pending,0,0,https://www.moparamerica.com/v-2017-dodge-charger--daytona--5-7l-v8-gas/8hp90-8-speed-automatic-transmission--automatic-transmission-transaxle-and-torque-converter,,
Dodge Charger,Daytona,5.7L V8 Gas,8Hp90 8 Speed Automatic Transmission / Gearshift Controls And Related Parts,pending,0,0,https://www.moparamerica.com/v-2017-dodge-charger--daytona--5-7l-v8-gas/8hp90-8-speed-automatic-transmission--gearshift-controls-and-related-parts,,
Dodge Charger,Daytona,5.7L V8 Gas,8Hp90 8 Speed Automatic Transmission / Mounting And Skid Plate,pending,0,0,https://www.moparamerica.com/v-2017-dodge-charger--daytona--5-7l-v8-gas/8hp90-8-speed-automatic-transmission--mounting-and-skid-plate,,
Dodge Charger,Daytona,5.7L V8 Gas,Accessories,pending,0,0,https://www.moparamerica.com/v-2017-dodge-charger--daytona--5-7l-v8-gas/accessories,,
Dodge Charger,Daytona,5.7L V8 Gas,Accessories Audio Video And Electronics Accessories / Charging Unit,pending,0,0,https://www.moparamerica.com/v-2017-dodge-charger--daytona--5-7l-v8-gas/accessories-audio-video-and-electronics-accessories--charging-unit,,
Dodge Charger,Daytona,5.7L V8 Gas,Accessories Audio Video And Electronics Accessories / Remote Start,pending,0,0,https://www.moparamerica.com/v-2017-dodge-charger--daytona--5-7l-v8-gas/accessories-audio-video-and-electronics-accessories--remote-start,,
Dodge Charger,Daytona,5.7L V8 Gas,Accessories Audio Video And Electronics Accessories / Security,pending,0,0,https://www.moparamerica.com/v-2017-dodge-charger--daytona--5-7l-v8-gas/accessories-audio-video-and-electronics-accessories--security,,
Dodge Charger,Daytona,5.7L V8 Gas,Accessories Exterior Accessories / Air Deflectors,pending,0,0,https://www.moparamerica.com/v-2017-dodge-charger--daytona--5-7l-v8-gas/accessories-exterior-accessories--air-deflectors,,
Dodge Charger,Daytona,5.7L V8 Gas,Accessories Exterior Accessories / Covers,pending,0,0,https://www.moparamerica.com/v-2017-dodge-charger--daytona--5-7l-v8-gas/accessories-exterior-accessories--covers,,
Dodge Charger,Daytona,5.7L V8 Gas,Accessories Exterior Accessories / Exterior Appearance,pending,0,0,https://www.moparamerica.com/v-2017-dodge-charger--daytona--5-7l-v8-gas/accessories-exterior-accessories--exterior-appearance,,
Dodge Charger,Daytona,5.7L V8 Gas,Accessories Exterior Accessories / License Plate,pending,0,0,https://www.moparamerica.com/v-2017-dodge-charger--daytona--5-7l-v8-gas/accessories-exterior-accessories--license-plate,,
Dodge Charger,Daytona,5.7L V8 Gas,Accessories Exterior Accessories / Locks,pending,0,0,https://www.moparamerica.com/v-2017-dodge-charger--daytona--5-7l-v8-gas/accessories-exterior-accessories--locks,,
Dodge Charger,Daytona,5.7L V8 Gas,Accessories Exterior Accessories / Protective Guards,pending,0,0,https://www.moparamerica.com/v-2017-dodge-charger--daytona--5-7l-v8-gas/accessories-exterior-accessories--protective-guards,,
Dodge Charger,Daytona,5.7L V8 Gas,Accessories Exterior Accessories / Splash Guards,pending,0,0,https://www.moparamerica.com/v-2017-dodge-charger--daytona--5-7l-v8-gas/accessories-exterior-accessories--splash-guards,,
Dodge Charger,Daytona,5.7L V8 Gas,Accessories Exterior Accessories / Wheels,pending,0,0,https://www.moparamerica.com/v-2017-dodge-charger--daytona--5-7l-v8-gas/accessories-exterior-accessories--wheels,,
Dodge Charger,Daytona,5.7L V8 Gas,Accessories Interior Accessories / Air Purification,pending,0,0,https://www.moparamerica.com/v-2017-dodge-charger--daytona--5-7l-v8-gas/accessories-interior-accessories--air-purification,,
Dodge Charger,Daytona,5.7L V8 Gas,Accessories Interior Accessories / Cargo Trays And Mats,pending,0,0,https://www.moparamerica.com/v-2017-dodge-charger--daytona--5-7l-v8-gas/accessories-interior-accessories--cargo-trays-and-mats,,
Dodge Charger,Daytona,5.7L V8 Gas,Accessories Interior Accessories / Floor Mats,pending,0,0,https://www.moparamerica.com/v-2017-dodge-charger--daytona--5-7l-v8-gas/accessories-interior-accessories--floor-mats,,
Dodge Charger,Daytona,5.7L V8 Gas,Accessories Interior Accessories / Interior Appearance,pending,0,0,https://www.moparamerica.com/v-2017-dodge-charger--daytona--5-7l-v8-gas/accessories-interior-accessories--interior-appearance,,
Dodge Charger,Daytona,5.7L V8 Gas,Accessories Interior Accessories / Seat And Security Covers,pending,0,0,https://www.moparamerica.com/v-2017-dodge-charger--daytona--5-7l-v8-gas/accessories-interior-accessories--seat-and-security-covers,,
Dodge Charger,Daytona,5.7L V8 Gas,Accessories Lifestyle And Off Road Accessories / Safety Kits,pending,0,0,https://www.moparamerica.com/v-2017-dodge-charger--daytona--5-7l-v8-gas/accessories-lifestyle-and-off-road-accessories--safety-kits,,
Dodge Charger,Daytona,5.7L V8 Gas,Accessories Lighting And Electrical Accessories / Charging Unit,pending,0,0,https://www.moparamerica.com/v-2017-dodge-charger--daytona--5-7l-v8-gas/accessories-lighting-and-electrical-accessories--charging-unit,,
Dodge Charger,Daytona,5.7L V8 Gas,Accessories Lighting And Electrical Accessories / Police Equipment,pending,0,0,https://www.moparamerica.com/v-2017-dodge-charger--daytona--5-7l-v8-gas/accessories-lighting-and-electrical-accessories--police-equipment,,
Dodge Charger,Daytona,5.7L V8 Gas,Accessories Modern Performance / Engine Parts,pending,0,0,https://www.moparamerica.com/v-2017-dodge-charger--daytona--5-7l-v8-gas/accessories-modern-performance--engine-parts,,
Dodge Charger,Daytona,5.7L V8 Gas,Accessories Modern Performance / Intake And Air,pending,0,0,https://www.moparamerica.com/v-2017-dodge-charger--daytona--5-7l-v8-gas/accessories-modern-performance--intake-and-air,,
Dodge Charger,Daytona,5.7L V8 Gas,Accessories Modern Performance / Suspension,pending,0,0,https://www.moparamerica.com/v-2017-dodge-charger--daytona--5-7l-v8-gas/accessories-modern-performance--suspension,,
Dodge Charger,Daytona,5.7L V8 Gas,Accessories Vehicle Care Products / Mopar,pending,0,0,https://www.moparamerica.com/v-2017-dodge-charger--daytona--5-7l-v8-gas/accessories-vehicle-care-products--mopar,,
Dodge Charger,Daytona,5.7L V8 Gas,Accessories Vehicle Care Products / Touch Up Paint,pending,0,0,https://www.moparamerica.com/v-2017-dodge-charger--daytona--5-7l-v8-gas/accessories-vehicle-care-products--touch-up-paint,,
Dodge Charger,Daytona,5.7L V8 Gas,Air Conditioners And Heaters / Air Conditioner And Heater Controls,pending,0,0,https://www.moparamerica.com/v-2017-dodge-charger--daytona--5-7l-v8-gas/air-conditioners-and-heaters--air-conditioner-and-heater-controls,,
Dodge Charger,Daytona,5.7L V8 Gas,Air Conditioners And Heaters / Air Conditioner And Heater Plumbing,pending,0,0,https://www.moparamerica.com/v-2017-dodge-charger--daytona--5-7l-v8-gas/air-conditioners-and-heaters--air-conditioner-and-heater-plumbing,,
Dodge Charger,Daytona,5.7L V8 Gas,Air Conditioners And Heaters / Air Conditioner And Heater Units,pending,0,0,https://www.moparamerica.com/v-2017-dodge-charger--daytona--5-7l-v8-gas/air-conditioners-and-heaters--air-conditioner-and-heater-units,,
Dodge Charger,Daytona,5.7L V8 Gas,Air Conditioners And Heaters / Air Conditioner Compressor And Mounting,pending,0,0,https://www.moparamerica.com/v-2017-dodge-charger--daytona--5-7l-v8-gas/air-conditioners-and-heaters--air-conditioner-compressor-and-mounting,,
Dodge Charger,Daytona,5.7L V8 Gas,Air Conditioners And Heaters / Air Ducts,pending,0,0,https://www.moparamerica.com/v-2017-dodge-charger--daytona--5-7l-v8-gas/air-conditioners-and-heaters--air-ducts,,
Dodge Charger,Daytona,5.7L V8 Gas,All Wheel Drive Differential And Drive Line / Drive Shaft,pending,0,0,https://www.moparamerica.com/v-2017-dodge-charger--daytona--5-7l-v8-gas/all-wheel-drive-differential-and-drive-line--drive-shaft,,
Dodge Charger,Daytona,5.7L V8 Gas,All Wheel Drive Differential And Drive Line / Front Axle Assembly,pending,0,0,https://www.moparamerica.com/v-2017-dodge-charger--daytona--5-7l-v8-gas/all-wheel-drive-differential-and-drive-line--front-axle-assembly,,
Dodge Charger,Daytona,5.7L V8 Gas,All Wheel Drive Differential And Drive Line / Front Axle Drive Shafts,pending,0,0,https://www.moparamerica.com/v-2017-dodge-charger--daytona--5-7l-v8-gas/all-wheel-drive-differential-and-drive-line--front-axle-drive-shafts,,
Dodge Charger,Daytona,5.7L V8 Gas,All Wheel Drive Differential And Drive Line / Rear Axle Assembly,pending,0,0,https://www.moparamerica.com/v-2017-dodge-charger--daytona--5-7l-v8-gas/all-wheel-drive-differential-and-drive-line--rear-axle-assembly,,
Dodge Charger,Daytona,5.7L V8 Gas,All Wheel Drive Differential And Drive Line / Rear Axle Housing Differential And Vent,pending,0,0,https://www.moparamerica.com/v-2017-dodge-charger--daytona--5-7l-v8-gas/all-wheel-drive-differential-and-drive-line--rear-axle-housing-differential-and-vent,,
Dodge Charger,Daytona,5.7L V8 Gas,Auto Parts,pending,0,0,https://www.moparamerica.com/v-2017-dodge-charger--daytona--5-7l-v8-gas/auto-parts,,
Dodge Charger,Daytona,5.7L V8 Gas,Body Sheet Metal Except Doors / Aperture Panel And Pillar Supports,pending,0,0,https://www.moparamerica.com/v-2017-dodge-charger--daytona--5-7l-v8-gas/body-sheet-metal-except-doors--aperture-panel-and-pillar-supports,,
Dodge Charger,Daytona,5.7L V8 Gas,Body Sheet Metal Except Doors / Cowl And Dash Panel,pending,0,0,https://www.moparamerica.com/v-2017-dodge-charger--daytona--5-7l-v8-gas/body-sheet-metal-except-doors--cowl-and-dash-panel,,
Dodge Charger,Daytona,5.7L V8 Gas,Body Sheet Metal Except Doors / Deck Lid,pending,0,0,https://www.moparamerica.com/v-2017-dodge-charger--daytona--5-7l-v8-gas/body-sheet-metal-except-doors--deck-lid,,
Dodge Charger,Daytona,5.7L V8 Gas,Body Sheet Metal Except Doors / Fenders,pending,0,0,https://www.moparamerica.com/v-2017-dodge-charger--daytona--5-7l-v8-gas/body-sheet-metal-except-doors--fenders,,
Dodge Charger,Daytona,5.7L V8 Gas,Body Sheet Metal Except Doors / Floor Pans,pending,0,0,https://www.moparamerica.com/v-2017-dodge-charger--daytona--5-7l-v8-gas/body-sheet-metal-except-doors--floor-pans,,
Dodge Charger,Daytona,5.7L V8 Gas,Body Sheet Metal Except Doors / Hood And Hood Release,pending,0,0,https://www.moparamerica.com/v-2017-dodge-charger--daytona--5-7l-v8-gas/body-sheet-metal-except-doors--hood-and-hood-release,,
Dodge Charger,Daytona,5.7L V8 Gas,Body Sheet Metal Except Doors / Pick Up Box And Fuel Filler Door,pending,0,0,https://www.moparamerica.com/v-2017-dodge-charger--daytona--5-7l-v8-gas/body-sheet-metal-except-doors--pick-up-box-and-fuel-filler-door,,
Dodge Charger,Daytona,5.7L V8 Gas,Body Sheet Metal Except Doors / Plugs,pending,0,0,https://www.moparamerica.com/v-2017-dodge-charger--daytona--5-7l-v8-gas/body-sheet-metal-except-doors--plugs,,
Dodge Charger,Daytona,5.7L V8 Gas,Body Sheet Metal Except Doors / Roof,pending,0,0,https://www.moparamerica.com/v-2017-dodge-charger--daytona--5-7l-v8-gas/body-sheet-metal-except-doors--roof,,
Dodge Charger,Daytona,5.7L V8 Gas,Body Sheet Metal Except Doors / Shelf Panel,pending,0,0,https://www.moparamerica.com/v-2017-dodge-charger--daytona--5-7l-v8-gas/body-sheet-metal-except-doors--shelf-panel,,
Dodge Charger,Daytona,5.7L V8 Gas,Body Sheet Metal Except Doors / Sunroof,pending,0,0,https://www.moparamerica.com/v-2017-dodge-charger--daytona--5-7l-v8-gas/body-sheet-metal-except-doors--sunroof,,
Dodge Charger,Daytona,5.7L V8 Gas,Brakes / Brake Master Cylinder,pending,0,0,https://www.moparamerica.com/v-2017-dodge-charger--daytona--5-7l-v8-gas/brakes--brake-master-cylinder,,
Dodge Charger,Daytona,5.7L V8 Gas,Brakes / Brake Pedals,pending,0,0,https://www.moparamerica.com/v-2017-dodge-charger--daytona--5-7l-v8-gas/brakes--brake-pedals,,
Dodge Charger,Daytona,5.7L V8 Gas,Brakes / Front Brakes,pending,0,0,https://www.moparamerica.com/v-2017-dodge-charger--daytona--5-7l-v8-gas/brakes--front-brakes,,
Dodge Charger,Daytona,5.7L V8 Gas,Brakes / Hydraulic Control Unit Brake Tubes And Hoses,pending,0,0,https://www.moparamerica.com/v-2017-dodge-charger--daytona--5-7l-v8-gas/brakes--hydraulic-control-unit-brake-tubes-and-hoses,,
Dodge Charger,Daytona,5.7L V8 Gas,Brakes / Parking Brake Lever Cables And Rear Disc Park Brake Assembly,pending,0,0,https://www.moparamerica.com/v-2017-dodge-charger--daytona--5-7l-v8-gas/brakes--parking-brake-lever-cables-and-rear-disc-park-brake-assembly,,
Dodge Charger,Daytona,5.7L V8 Gas,Brakes / Power Brake Booster,pending,0,0,https://www.moparamerica.com/v-2017-dodge-charger--daytona--5-7l-v8-gas/brakes--power-brake-booster,,
Dodge Charger,Daytona,5.7L V8 Gas,Brakes / Rear Brakes,pending,0,0,https://www.moparamerica.com/v-2017-dodge-charger--daytona--5-7l-v8-gas/brakes--rear-brakes,,
Dodge Charger,Daytona,5.7L V8 Gas,Conversion And Upfit Packages / Exterior,pending,0,0,https://www.moparamerica.com/v-2017-dodge-charger--daytona--5-7l-v8-gas/conversion-and-upfit-packages--exterior,,
Dodge Charger,Daytona,5.7L V8 Gas,Conversion And Upfit Packages / Police,pending,0,0,https://www.moparamerica.com/v-2017-dodge-charger--daytona--5-7l-v8-gas/conversion-and-upfit-packages--police,,
Dodge Charger,Daytona,5.7L V8 Gas,Cooling / Drive Belts,pending,0,0,https://www.moparamerica.com/v-2017-dodge-charger--daytona--5-7l-v8-gas/cooling--drive-belts,,
Dodge Charger,Daytona,5.7L V8 Gas,Cooling / Engine Coolant Reservoir Bottle,pending,0,0,https://www.moparamerica.com/v-2017-dodge-charger--daytona--5-7l-v8-gas/cooling--engine-coolant-reservoir-bottle,,
Dodge Charger,Daytona,5.7L V8 Gas,Cooling / Pulleys And Related Parts,pending,0,0,https://www.moparamerica.com/v-2017-dodge-charger--daytona--5-7l-v8-gas/cooling--pulleys-and-related-parts,,
Dodge Charger,Daytona,5.7L V8 Gas,Cooling / Radiator And Related Parts Charge Air Cooler,pending,0,0,https://www.moparamerica.com/v-2017-dodge-charger--daytona--5-7l-v8-gas/cooling--radiator-and-related-parts-charge-air-cooler,,
Dodge Charger,Daytona,5.7L V8 Gas,Cooling / Transmission Oil Cooler And Lines,pending,0,0,https://www.moparamerica.com/v-2017-dodge-charger--daytona--5-7l-v8-gas/cooling--transmission-oil-cooler-and-lines,,
Dodge Charger,Daytona,5.7L V8 Gas,Cooling / Water Pump And Related Parts,pending,0,0,https://www.moparamerica.com/v-2017-dodge-charger--daytona--5-7l-v8-gas/cooling--water-pump-and-related-parts,,
Dodge Charger,Daytona,5.7L V8 Gas,Doors Door Mirrors And Related Parts / Exterior Mirror,pending,0,0,https://www.moparamerica.com/v-2017-dodge-charger--daytona--5-7l-v8-gas/doors-door-mirrors-and-related-parts--exterior-mirror,,
Dodge Charger,Daytona,5.7L V8 Gas,Doors Door Mirrors And Related Parts / Front Door,pending,0,0,https://www.moparamerica.com/v-2017-dodge-charger--daytona--5-7l-v8-gas/doors-door-mirrors-and-related-parts--front-door,,
Dodge Charger,Daytona,5.7L V8 Gas,Doors Door Mirrors And Related Parts / Rear Door,pending,0,0,https://www.moparamerica.com/v-2017-dodge-charger--daytona--5-7l-v8-gas/doors-door-mirrors-and-related-parts--rear-door,,
Dodge Charger,Daytona,5.7L V8 Gas,Doors Door Mirrors And Related Parts / Weatherstrips And Seals,pending,0,0,https://www.moparamerica.com/v-2017-dodge-charger--daytona--5-7l-v8-gas/doors-door-mirrors-and-related-parts--weatherstrips-and-seals,,
Dodge Charger,Daytona,5.7L V8 Gas,Electrical / Battery Battery Tray And Cables,pending,0,0,https://www.moparamerica.com/v-2017-dodge-charger--daytona--5-7l-v8-gas/electrical--battery-battery-tray-and-cables,,
Dodge Charger,Daytona,5.7L V8 Gas,Electrical / Generators Alternators,pending,0,0,https://www.moparamerica.com/v-2017-dodge-charger--daytona--5-7l-v8-gas/electrical--generators-alternators,,
Dodge Charger,Daytona,5.7L V8 Gas,Electrical / Horns,pending,0,0,https://www.moparamerica.com/v-2017-dodge-charger--daytona--5-7l-v8-gas/electrical--horns,,
Dodge Charger,Daytona,5.7L V8 Gas,Electrical / Ignition Spark Plugs Cables Coils And Glow Plugs,pending,0,0,https://www.moparamerica.com/v-2017-dodge-charger--daytona--5-7l-v8-gas/electrical--ignition-spark-plugs-cables-coils-and-glow-plugs,,
Dodge Charger,Daytona,5.7L V8 Gas,Electrical / Instrument Panel Cluster,pending,0,0,https://www.moparamerica.com/v-2017-dodge-charger--daytona--5-7l-v8-gas/electrical--instrument-panel-cluster,,
Dodge Charger,Daytona,5.7L V8 Gas,Electrical / Keys Modules And Engine Controllers,pending,0,0,https://www.moparamerica.com/v-2017-dodge-charger--daytona--5-7l-v8-gas/electrical--keys-modules-and-engine-controllers,,
Dodge Charger,Daytona,5.7L V8 Gas,Electrical / Lamps Interior And Exterior,pending,0,0,https://www.moparamerica.com/v-2017-dodge-charger--daytona--5-7l-v8-gas/electrical--lamps-interior-and-exterior,,
Dodge Charger,Daytona,5.7L V8 Gas,Electrical / Park Assist,pending,0,0,https://www.moparamerica.com/v-2017-dodge-charger--daytona--5-7l-v8-gas/electrical--park-assist,,
Dodge Charger,Daytona,5.7L V8 Gas,Electrical / Power Distribution Center Fuse Block Junction Block Relays And Fuses,pending,0,0,https://www.moparamerica.com/v-2017-dodge-charger--daytona--5-7l-v8-gas/electrical--power-distribution-center-fuse-block-junction-block-relays-and-fuses,,
Dodge Charger,Daytona,5.7L V8 Gas,Electrical / Radio Antenna Speakers Dvd And Video Systems,pending,0,0,https://www.moparamerica.com/v-2017-dodge-charger--daytona--5-7l-v8-gas/electrical--radio-antenna-speakers-dvd-and-video-systems,,
Dodge Charger,Daytona,5.7L V8 Gas,Electrical / Sensors,pending,0,0,https://www.moparamerica.com/v-2017-dodge-charger--daytona--5-7l-v8-gas/electrical--sensors,,
Dodge Charger,Daytona,5.7L V8 Gas,Electrical / Speed Control,pending,0,0,https://www.moparamerica.com/v-2017-dodge-charger--daytona--5-7l-v8-gas/electrical--speed-control,,
Dodge Charger,Daytona,5.7L V8 Gas,Electrical / Starters,pending,0,0,https://www.moparamerica.com/v-2017-dodge-charger--daytona--5-7l-v8-gas/electrical--starters,,
Dodge Charger,Daytona,5.7L V8 Gas,Electrical / Switches,pending,0,0,https://www.moparamerica.com/v-2017-dodge-charger--daytona--5-7l-v8-gas/electrical--switches,,
Dodge Charger,Daytona,5.7L V8 Gas,Electrical / Wiper And Washer System,pending,0,0,https://www.moparamerica.com/v-2017-dodge-charger--daytona--5-7l-v8-gas/electrical--wiper-and-washer-system,,
Dodge Charger,Daytona,5.7L V8 Gas,Electrical / Wiring Body And Accessories,pending,0,0,https://www.moparamerica.com/v-2017-dodge-charger--daytona--5-7l-v8-gas/electrical--wiring-body-and-accessories,,
Dodge Charger,Daytona,5.7L V8 Gas,Electrical / Wiring Headlamp To Dash,pending,0,0,https://www.moparamerica.com/v-2017-dodge-charger--daytona--5-7l-v8-gas/electrical--wiring-headlamp-to-dash,,
Dodge Charger,Daytona,5.7L V8 Gas,Electrical / Wiring Instrument Panel,pending,0,0,https://www.moparamerica.com/v-2017-dodge-charger--daytona--5-7l-v8-gas/electrical--wiring-instrument-panel,,
Dodge Charger,Daytona,5.7L V8 Gas,Electrical / Wiring Powertrain,pending,0,0,https://www.moparamerica.com/v-2017-dodge-charger--daytona--5-7l-v8-gas/electrical--wiring-powertrain,,
Dodge Charger,Daytona,5.7L V8 Gas,Emission Controls / Emission Harness,pending,0,0,https://www.moparamerica.com/v-2017-dodge-charger--daytona--5-7l-v8-gas/emission-controls--emission-harness,,
Dodge Charger,Daytona,5.7L V8 Gas,Emission Controls / Vacuum Canister Leak Detection Pump,pending,0,0,https://www.moparamerica.com/v-2017-dodge-charger--daytona--5-7l-v8-gas/emission-controls--vacuum-canister-leak-detection-pump,,
Dodge Charger,Daytona,5.7L V8 Gas,Exhaust / Exhaust System,pending,0,0,https://www.moparamerica.com/v-2017-dodge-charger--daytona--5-7l-v8-gas/exhaust--exhaust-system,,
Dodge Charger,Daytona,5.7L V8 Gas,Exterior Ornamentation / Decals And Tape Stripes,pending,0,0,https://www.moparamerica.com/v-2017-dodge-charger--daytona--5-7l-v8-gas/exterior-ornamentation--decals-and-tape-stripes,,
Dodge Charger,Daytona,5.7L V8 Gas,Exterior Ornamentation / Grilles,pending,0,0,https://www.moparamerica.com/v-2017-dodge-charger--daytona--5-7l-v8-gas/exterior-ornamentation--grilles,,
Dodge Charger,Daytona,5.7L V8 Gas,Exterior Ornamentation / Moldings And Ornamentation,pending,0,0,https://www.moparamerica.com/v-2017-dodge-charger--daytona--5-7l-v8-gas/exterior-ornamentation--moldings-and-ornamentation,,
Dodge Charger,Daytona,5.7L V8 Gas,Exterior Ornamentation / Nameplates,pending,0,0,https://www.moparamerica.com/v-2017-dodge-charger--daytona--5-7l-v8-gas/exterior-ornamentation--nameplates,,
Dodge Charger,Daytona,5.7L V8 Gas,Frame Bumper And Fascia / Frames,pending,0,0,https://www.moparamerica.com/v-2017-dodge-charger--daytona--5-7l-v8-gas/frame-bumper-and-fascia--frames,,
Dodge Charger,Daytona,5.7L V8 Gas,Frame Bumper And Fascia / Front Bumper And Fascia,pending,0,0,https://www.moparamerica.com/v-2017-dodge-charger--daytona--5-7l-v8-gas/frame-bumper-and-fascia--front-bumper-and-fascia,,
Dodge Charger,Daytona,5.7L V8 Gas,Frame Bumper And Fascia / Rear Bumper And Fascia,pending,0,0,https://www.moparamerica.com/v-2017-dodge-charger--daytona--5-7l-v8-gas/frame-bumper-and-fascia--rear-bumper-and-fascia,,
Dodge Charger,Daytona,5.7L V8 Gas,Front Suspension / Front Stabilizer Bar,pending,0,0,https://www.moparamerica.com/v-2017-dodge-charger--daytona--5-7l-v8-gas/front-suspension--front-stabilizer-bar,,
Dodge Charger,Daytona,5.7L V8 Gas,Front Suspension / Front Suspension Strut And Cradle,pending,0,0,https://www.moparamerica.com/v-2017-dodge-charger--daytona--5-7l-v8-gas/front-suspension--front-suspension-strut-and-cradle,,
Dodge Charger,Daytona,5.7L V8 Gas,Fuel / Accelerator Pedal,pending,0,0,https://www.moparamerica.com/v-2017-dodge-charger--daytona--5-7l-v8-gas/fuel--accelerator-pedal,,
Dodge Charger,Daytona,5.7L V8 Gas,Fuel / Air Cleaner,pending,0,0,https://www.moparamerica.com/v-2017-dodge-charger--daytona--5-7l-v8-gas/fuel--air-cleaner,,
Dodge Charger,Daytona,5.7L V8 Gas,Fuel / Fuel Lines,pending,0,0,https://www.moparamerica.com/v-2017-dodge-charger--daytona--5-7l-v8-gas/fuel--fuel-lines,,
Dodge Charger,Daytona,5.7L V8 Gas,Fuel / Fuel Pump And Sending Unit,pending,0,0,https://www.moparamerica.com/v-2017-dodge-charger--daytona--5-7l-v8-gas/fuel--fuel-pump-and-sending-unit,,
Dodge Charger,Daytona,5.7L V8 Gas,Fuel / Fuel Rail And Injectors,pending,0,0,https://www.moparamerica.com/v-2017-dodge-charger--daytona--5-7l-v8-gas/fuel--fuel-rail-and-injectors,,
Dodge Charger,Daytona,5.7L V8 Gas,Fuel / Fuel Tank,pending,0,0,https://www.moparamerica.com/v-2017-dodge-charger--daytona--5-7l-v8-gas/fuel--fuel-tank,,
Dodge Charger,Daytona,5.7L V8 Gas,Fuel / Fuel Tank Filler Tube,pending,0,0,https://www.moparamerica.com/v-2017-dodge-charger--daytona--5-7l-v8-gas/fuel--fuel-tank-filler-tube,,
Dodge Charger,Daytona,5.7L V8 Gas,Fuel / Throttle Body,pending,0,0,https://www.moparamerica.com/v-2017-dodge-charger--daytona--5-7l-v8-gas/fuel--throttle-body,,
Dodge Charger,Daytona,5.7L V8 Gas,Glass / Glass And Interior Rear View Mirror,pending,0,0,https://www.moparamerica.com/v-2017-dodge-charger--daytona--5-7l-v8-gas/glass--glass-and-interior-rear-view-mirror,,
Dodge Charger,Daytona,5.7L V8 Gas,Interior Trim / Carpets Floor Mats Load Floor And Silencers,pending,0,0,https://www.moparamerica.com/v-2017-dodge-charger--daytona--5-7l-v8-gas/interior-trim--carpets-floor-mats-load-floor-and-silencers,,
Dodge Charger,Daytona,5.7L V8 Gas,Interior Trim / Consoles,pending,0,0,https://www.moparamerica.com/v-2017-dodge-charger--daytona--5-7l-v8-gas/interior-trim--consoles,,
Dodge Charger,Daytona,5.7L V8 Gas,Interior Trim / Door Trim Panels Front And Rear,pending,0,0,https://www.moparamerica.com/v-2017-dodge-charger--daytona--5-7l-v8-gas/interior-trim--door-trim-panels-front-and-rear,,
Dodge Charger,Daytona,5.7L V8 Gas,Interior Trim / Front Seats Adjusters Recliners Shields And Risers,pending,0,0,https://www.moparamerica.com/v-2017-dodge-charger--daytona--5-7l-v8-gas/interior-trim--front-seats-adjusters-recliners-shields-and-risers,,
Dodge Charger,Daytona,5.7L V8 Gas,Interior Trim / Front Seats First Row,pending,0,0,https://www.moparamerica.com/v-2017-dodge-charger--daytona--5-7l-v8-gas/interior-trim--front-seats-first-row,,
Dodge Charger,Daytona,5.7L V8 Gas,Interior Trim / Headliners Visors Assist Straps,pending,0,0,https://www.moparamerica.com/v-2017-dodge-charger--daytona--5-7l-v8-gas/interior-trim--headliners-visors-assist-straps,,
Dodge Charger,Daytona,5.7L V8 Gas,Interior Trim / Instrument Panel,pending,0,0,https://www.moparamerica.com/v-2017-dodge-charger--daytona--5-7l-v8-gas/interior-trim--instrument-panel,,
Dodge Charger,Daytona,5.7L V8 Gas,Interior Trim / Panels Moldings Scuff Plates Pillar Cowl 1 4 Panel Trim And Cargo Covers,pending,0,0,https://www.moparamerica.com/v-2017-dodge-charger--daytona--5-7l-v8-gas/interior-trim--panels-moldings-scuff-plates-pillar-cowl-1-4-panel-trim-and-cargo-covers,,
Dodge Charger,Daytona,5.7L V8 Gas,Interior Trim / Rear Seats Second Row,pending,0,0,https://www.moparamerica.com/v-2017-dodge-charger--daytona--5-7l-v8-gas/interior-trim--rear-seats-second-row,,
Dodge Charger,Daytona,5.7L V8 Gas,Interior Trim / Rear Seats Second Row Adjusters Recliners Shields And Risers,pending,0,0,https://www.moparamerica.com/v-2017-dodge-charger--daytona--5-7l-v8-gas/interior-trim--rear-seats-second-row-adjusters-recliners-shields-and-risers,,
Dodge Charger,Daytona,5.7L V8 Gas,Labels / Trunk,pending,0,0,https://www.moparamerica.com/v-2017-dodge-charger--daytona--5-7l-v8-gas/labels--trunk,,
Dodge Charger,Daytona,5.7L V8 Gas,Labels / Under Hood,pending,0,0,https://www.moparamerica.com/v-2017-dodge-charger--daytona--5-7l-v8-gas/labels--under-hood,,
Dodge Charger,Daytona,5.7L V8 Gas,Mopar Accessories Component Parts / Carriers And Cargo Hauling,pending,0,0,https://www.moparamerica.com/v-2017-dodge-charger--daytona--5-7l-v8-gas/mopar-accessories-component-parts--carriers-and-cargo-hauling,,
Dodge Charger,Daytona,5.7L V8 Gas,Mopar Accessories Component Parts / Driver Convenience,pending,0,0,https://www.moparamerica.com/v-2017-dodge-charger--daytona--5-7l-v8-gas/mopar-accessories-component-parts--driver-convenience,,
Dodge Charger,Daytona,5.7L V8 Gas,Mopar Accessories Component Parts / Exterior Appearance,pending,0,0,https://www.moparamerica.com/v-2017-dodge-charger--daytona--5-7l-v8-gas/mopar-accessories-component-parts--exterior-appearance,,
Dodge Charger,Daytona,5.7L V8 Gas,Mopar Accessories Component Parts / Fog Lights And Electrical,pending,0,0,https://www.moparamerica.com/v-2017-dodge-charger--daytona--5-7l-v8-gas/mopar-accessories-component-parts--fog-lights-and-electrical,,
Dodge Charger,Daytona,5.7L V8 Gas,Mopar Accessories Component Parts / Interior Protection,pending,0,0,https://www.moparamerica.com/v-2017-dodge-charger--daytona--5-7l-v8-gas/mopar-accessories-component-parts--interior-protection,,
Dodge Charger,Daytona,5.7L V8 Gas,Mopar Accessories Component Parts / Powertrain,pending,0,0,https://www.moparamerica.com/v-2017-dodge-charger--daytona--5-7l-v8-gas/mopar-accessories-component-parts--powertrain,,
Dodge Charger,Daytona,5.7L V8 Gas,Nag1 W5A580 5 Speed Automatic Transmission / Automatic Transmission Transaxle And Torque Converter,pending,0,0,https://www.moparamerica.com/v-2017-dodge-charger--daytona--5-7l-v8-gas/nag1-w5a580-5-speed-automatic-transmission--automatic-transmission-transaxle-and-torque-converter,,
Dodge Charger,Daytona,5.7L V8 Gas,Nag1 W5A580 5 Speed Automatic Transmission / Case Extension Oil Pan And Indicator Dipstick,pending,0,0,https://www.moparamerica.com/v-2017-dodge-charger--daytona--5-7l-v8-gas/nag1-w5a580-5-speed-automatic-transmission--case-extension-oil-pan-and-indicator-dipstick,,
Dodge Charger,Daytona,5.7L V8 Gas,Nag1 W5A580 5 Speed Automatic Transmission / Clutches,pending,0,0,https://www.moparamerica.com/v-2017-dodge-charger--daytona--5-7l-v8-gas/nag1-w5a580-5-speed-automatic-transmission--clutches,,
Dodge Charger,Daytona,5.7L V8 Gas,Nag1 W5A580 5 Speed Automatic Transmission / Gear Train,pending,0,0,https://www.moparamerica.com/v-2017-dodge-charger--daytona--5-7l-v8-gas/nag1-w5a580-5-speed-automatic-transmission--gear-train,,
Dodge Charger,Daytona,5.7L V8 Gas,Nag1 W5A580 5 Speed Automatic Transmission / Gearshift Controls And Related Parts,pending,0,0,https://www.moparamerica.com/v-2017-dodge-charger--daytona--5-7l-v8-gas/nag1-w5a580-5-speed-automatic-transmission--gearshift-controls-and-related-parts,,
Dodge Charger,Daytona,5.7L V8 Gas,Nag1 W5A580 5 Speed Automatic Transmission / Mounting And Skid Plate,pending,0,0,https://www.moparamerica.com/v-2017-dodge-charger--daytona--5-7l-v8-gas/nag1-w5a580-5-speed-automatic-transmission--mounting-and-skid-plate,,
Dodge Charger,Daytona,5.7L V8 Gas,Nag1 W5A580 5 Speed Automatic Transmission / Oil Pump,pending,0,0,https://www.moparamerica.com/v-2017-dodge-charger--daytona--5-7l-v8-gas/nag1-w5a580-5-speed-automatic-transmission--oil-pump,,
Dodge Charger,Daytona,5.7L V8 Gas,Nag1 W5A580 5 Speed Automatic Transmission / Seal And Shim Packages,pending,0,0,https://www.moparamerica.com/v-2017-dodge-charger--daytona--5-7l-v8-gas/nag1-w5a580-5-speed-automatic-transmission--seal-and-shim-packages,,
Dodge Charger,Daytona,5.7L V8 Gas,Nag1 W5A580 5 Speed Automatic Transmission / Valve Body Accumulator Solenoid And Parking Sprag,pending,0,0,https://www.moparamerica.com/v-2017-dodge-charger--daytona--5-7l-v8-gas/nag1-w5a580-5-speed-automatic-transmission--valve-body-accumulator-solenoid-and-parking-sprag,,
Dodge Charger,Daytona,5.7L V8 Gas,Power Transfer Unit Transfer Case / Transfer Case Assembly,pending,0,0,https://www.moparamerica.com/v-2017-dodge-charger--daytona--5-7l-v8-gas/power-transfer-unit-transfer-case--transfer-case-assembly,,
Dodge Charger,Daytona,5.7L V8 Gas,Rear Suspension / Rear Stabilizer,pending,0,0,https://www.moparamerica.com/v-2017-dodge-charger--daytona--5-7l-v8-gas/rear-suspension--rear-stabilizer,,
Dodge Charger,Daytona,5.7L V8 Gas,Rear Suspension / Rear Suspension And Cradle,pending,0,0,https://www.moparamerica.com/v-2017-dodge-charger--daytona--5-7l-v8-gas/rear-suspension--rear-suspension-and-cradle,,
Dodge Charger,Daytona,5.7L V8 Gas,Rear Wheel Drive Differential And Drive Line / Drive Shaft,pending,0,0,https://www.moparamerica.com/v-2017-dodge-charger--daytona--5-7l-v8-gas/rear-wheel-drive-differential-and-drive-line--drive-shaft,,
Dodge Charger,Daytona,5.7L V8 Gas,Rear Wheel Drive Differential And Drive Line / Rear Axle Assembly,pending,0,0,https://www.moparamerica.com/v-2017-dodge-charger--daytona--5-7l-v8-gas/rear-wheel-drive-differential-and-drive-line--rear-axle-assembly,,
Dodge Charger,Daytona,5.7L V8 Gas,Rear Wheel Drive Differential And Drive Line / Rear Axle Housing Differential And Vent,pending,0,0,https://www.moparamerica.com/v-2017-dodge-charger--daytona--5-7l-v8-gas/rear-wheel-drive-differential-and-drive-line--rear-axle-housing-differential-and-vent,,
Dodge Charger,Daytona,5.7L V8 Gas,Rear Wheel Drive Differential And Drive Line / Rear Axle Shafts,pending,0,0,https://www.moparamerica.com/v-2017-dodge-charger--daytona--5-7l-v8-gas/rear-wheel-drive-differential-and-drive-line--rear-axle-shafts,,
Dodge Charger,Daytona,5.7L V8 Gas,Restraints / Air Bags,pending,0,0,https://www.moparamerica.com/v-2017-dodge-charger--daytona--5-7l-v8-gas/restraints--air-bags,,
Dodge Charger,Daytona,5.7L V8 Gas,Restraints / Seat Belts,pending,0,0,https://www.moparamerica.com/v-2017-dodge-charger--daytona--5-7l-v8-gas/restraints--seat-belts,,
Dodge Charger,Daytona,5.7L V8 Gas,Steering / Power Steering Hoses,pending,0,0,https://www.moparamerica.com/v-2017-dodge-charger--daytona--5-7l-v8-gas/steering--power-steering-hoses,,
Dodge Charger,Daytona,5.7L V8 Gas,Steering / Power Steering Pump And Reservoir,pending,0,0,https://www.moparamerica.com/v-2017-dodge-charger--daytona--5-7l-v8-gas/steering--power-steering-pump-and-reservoir,,
Dodge Charger,Daytona,5.7L V8 Gas,Steering / Steering Column And Intermediate Shaft,pending,0,0,https://www.moparamerica.com/v-2017-dodge-charger--daytona--5-7l-v8-gas/steering--steering-column-and-intermediate-shaft,,
Dodge Charger,Daytona,5.7L V8 Gas,Steering / Steering Gear,pending,0,0,https://www.moparamerica.com/v-2017-dodge-charger--daytona--5-7l-v8-gas/steering--steering-gear,,
Dodge Charger,Daytona,5.7L V8 Gas,Steering / Steering Wheel,pending,0,0,https://www.moparamerica.com/v-2017-dodge-charger--daytona--5-7l-v8-gas/steering--steering-wheel,,
Dodge Charger,Daytona,5.7L V8 Gas,Wheels / Emergency Kit,pending,0,0,https://www.moparamerica.com/v-2017-dodge-charger--daytona--5-7l-v8-gas/wheels--emergency-kit,,
Dodge Charger,Daytona,5.7L V8 Gas,Wheels / Jack Stowage,pending,0,0,https://www.moparamerica.com/v-2017-dodge-charger--daytona--5-7l-v8-gas/wheels--jack-stowage,,
Dodge Charger,Daytona,5.7L V8 Gas,Wheels / Tire Monitoring System,pending,0,0,https://www.moparamerica.com/v-2017-dodge-charger--daytona--5-7l-v8-gas/wheels--tire-monitoring-system,,
Dodge Charger,Daytona,5.7L V8 Gas,Wheels / Wheel Covers And Center Caps,pending,0,0,https://www.moparamerica.com/v-2017-dodge-charger--daytona--5-7l-v8-gas/wheels--wheel-covers-and-center-caps,,
Dodge Charger,Daytona,5.7L V8 Gas,Wheels / Wheel Spare,pending,0,0,https://www.moparamerica.com/v-2017-dodge-charger--daytona--5-7l-v8-gas/wheels--wheel-spare,,
Dodge Charger,Daytona,5.7L V8 Gas,Wheels / Wheels Tires And Hardware,pending,0,0,https://www.moparamerica.com/v-2017-dodge-charger--daytona--5-7l-v8-gas/wheels--wheels-tires-and-hardware,,
Dodge Charger,Daytona 392,6.4L V8 Gas,3 6L Gas Engine / Engine Mounting,pending,0,0,https://www.moparamerica.com/v-2017-dodge-charger--daytona-392--6-4l-v8-gas/3-6l-gas-engine--engine-mounting,,
Dodge Charger,Daytona 392,6.4L V8 Gas,3 6L Gas Engine / Engine Oiling Oil Pan And Indicator Dipstick,pending,0,0,https://www.moparamerica.com/v-2017-dodge-charger--daytona-392--6-4l-v8-gas/3-6l-gas-engine--engine-oiling-oil-pan-and-indicator-dipstick,,
Dodge Charger,Daytona 392,6.4L V8 Gas,5 7Lgas Engine / Camshaft And Valve,pending,0,0,https://www.moparamerica.com/v-2017-dodge-charger--daytona-392--6-4l-v8-gas/5-7lgas-engine--camshaft-and-valve,,
Dodge Charger,Daytona 392,6.4L V8 Gas,5 7Lgas Engine / Cylinder Block,pending,0,0,https://www.moparamerica.com/v-2017-dodge-charger--daytona-392--6-4l-v8-gas/5-7lgas-engine--cylinder-block,,
Dodge Charger,Daytona 392,6.4L V8 Gas,5 7Lgas Engine / Engine Mounting,pending,0,0,https://www.moparamerica.com/v-2017-dodge-charger--daytona-392--6-4l-v8-gas/5-7lgas-engine--engine-mounting,,
Dodge Charger,Daytona 392,6.4L V8 Gas,5 7Lgas Engine / Engine Oiling Oil Pan And Indicator Dipstick,pending,0,0,https://www.moparamerica.com/v-2017-dodge-charger--daytona-392--6-4l-v8-gas/5-7lgas-engine--engine-oiling-oil-pan-and-indicator-dipstick,,
Dodge Charger,Daytona 392,6.4L V8 Gas,5 7Lgas Engine / Manifolds And Vacuum Fittings,pending,0,0,https://www.moparamerica.com/v-2017-dodge-charger--daytona-392--6-4l-v8-gas/5-7lgas-engine--manifolds-and-vacuum-fittings,,
Dodge Charger,Daytona 392,6.4L V8 Gas,6 2L Gas Engine / Camshaft And Valve,pending,0,0,https://www.moparamerica.com/v-2017-dodge-charger--daytona-392--6-4l-v8-gas/6-2l-gas-engine--camshaft-and-valve,,
Dodge Charger,Daytona 392,6.4L V8 Gas,6 2L Gas Engine / Engine Mounting,pending,0,0,https://www.moparamerica.com/v-2017-dodge-charger--daytona-392--6-4l-v8-gas/6-2l-gas-engine--engine-mounting,,
Dodge Charger,Daytona 392,6.4L V8 Gas,6 2L Gas Engine / Engine Oil Cooler,pending,0,0,https://www.moparamerica.com/v-2017-dodge-charger--daytona-392--6-4l-v8-gas/6-2l-gas-engine--engine-oil-cooler,,
Dodge Charger,Daytona 392,6.4L V8 Gas,6 2L Gas Engine / Engine Oiling Oil Pan And Indicator Dipstick,pending,0,0,https://www.moparamerica.com/v-2017-dodge-charger--daytona-392--6-4l-v8-gas/6-2l-gas-engine--engine-oiling-oil-pan-and-indicator-dipstick,,
Dodge Charger,Daytona 392,6.4L V8 Gas,6 2L Gas Engine / Manifolds And Vacuum Fittings,pending,0,0,https://www.moparamerica.com/v-2017-dodge-charger--daytona-392--6-4l-v8-gas/6-2l-gas-engine--manifolds-and-vacuum-fittings,,
Dodge Charger,Daytona 392,6.4L V8 Gas,6 4L Gas Engine / Camshaft And Valve,pending,0,0,https://www.moparamerica.com/v-2017-dodge-charger--daytona-392--6-4l-v8-gas/6-4l-gas-engine--camshaft-and-valve,,
Dodge Charger,Daytona 392,6.4L V8 Gas,6 4L Gas Engine / Crankcase Ventilation,pending,0,0,https://www.moparamerica.com/v-2017-dodge-charger--daytona-392--6-4l-v8-gas/6-4l-gas-engine--crankcase-ventilation,,
Dodge Charger,Daytona 392,6.4L V8 Gas,6 4L Gas Engine / Crankshaft Piston Drive Plate Flywheel And Damper,pending,0,0,https://www.moparamerica.com/v-2017-dodge-charger--daytona-392--6-4l-v8-gas/6-4l-gas-engine--crankshaft-piston-drive-plate-flywheel-and-damper,,
Dodge Charger,Daytona 392,6.4L V8 Gas,6 4L Gas Engine / Cylinder Block,pending,0,0,https://www.moparamerica.com/v-2017-dodge-charger--daytona-392--6-4l-v8-gas/6-4l-gas-engine--cylinder-block,,
Dodge Charger,Daytona 392,6.4L V8 Gas,6 4L Gas Engine / Cylinder Head,pending,0,0,https://www.moparamerica.com/v-2017-dodge-charger--daytona-392--6-4l-v8-gas/6-4l-gas-engine--cylinder-head,,
Dodge Charger,Daytona 392,6.4L V8 Gas,6 4L Gas Engine / Engine Identification Service Engines And Engine Service Kits,pending,0,0,https://www.moparamerica.com/v-2017-dodge-charger--daytona-392--6-4l-v8-gas/6-4l-gas-engine--engine-identification-service-engines-and-engine-service-kits,,
Dodge Charger,Daytona 392,6.4L V8 Gas,6 4L Gas Engine / Engine Mounting,pending,0,0,https://www.moparamerica.com/v-2017-dodge-charger--daytona-392--6-4l-v8-gas/6-4l-gas-engine--engine-mounting,,
Dodge Charger,Daytona 392,6.4L V8 Gas,6 4L Gas Engine / Engine Oil Cooler,pending,0,0,https://www.moparamerica.com/v-2017-dodge-charger--daytona-392--6-4l-v8-gas/6-4l-gas-engine--engine-oil-cooler,,
Dodge Charger,Daytona 392,6.4L V8 Gas,6 4L Gas Engine / Engine Oiling Oil Pan And Indicator Dipstick,pending,0,0,https://www.moparamerica.com/v-2017-dodge-charger--daytona-392--6-4l-v8-gas/6-4l-gas-engine--engine-oiling-oil-pan-and-indicator-dipstick,,
Dodge Charger,Daytona 392,6.4L V8 Gas,6 4L Gas Engine / Manifolds And Vacuum Fittings,pending,0,0,https://www.moparamerica.com/v-2017-dodge-charger--daytona-392--6-4l-v8-gas/6-4l-gas-engine--manifolds-and-vacuum-fittings,,
Dodge Charger,Daytona 392,6.4L V8 Gas,6 4L Gas Engine / Timing Belt Chain And Cover And Balance Shaft,pending,0,0,https://www.moparamerica.com/v-2017-dodge-charger--daytona-392--6-4l-v8-gas/6-4l-gas-engine--timing-belt-chain-and-cover-and-balance-shaft,,
Dodge Charger,Daytona 392,6.4L V8 Gas,845Re 8 Speed Automatic Transmission / Automatic Transmission Transaxle And Torque Converter,pending,0,0,https://www.moparamerica.com/v-2017-dodge-charger--daytona-392--6-4l-v8-gas/845re-8-speed-automatic-transmission--automatic-transmission-transaxle-and-torque-converter,,
Dodge Charger,Daytona 392,6.4L V8 Gas,845Re 8 Speed Automatic Transmission / Gearshift Controls And Related Parts,pending,0,0,https://www.moparamerica.com/v-2017-dodge-charger--daytona-392--6-4l-v8-gas/845re-8-speed-automatic-transmission--gearshift-controls-and-related-parts,,
Dodge Charger,Daytona 392,6.4L V8 Gas,845Re 8 Speed Automatic Transmission / Mounting And Skid Plate,pending,0,0,https://www.moparamerica.com/v-2017-dodge-charger--daytona-392--6-4l-v8-gas/845re-8-speed-automatic-transmission--mounting-and-skid-plate,,
Dodge Charger,Daytona 392,6.4L V8 Gas,845Re 8 Speed Automatic Transmission / Oil Pump,pending,0,0,https://www.moparamerica.com/v-2017-dodge-charger--daytona-392--6-4l-v8-gas/845re-8-speed-automatic-transmission--oil-pump,,
Dodge Charger,Daytona 392,6.4L V8 Gas,845Re 8 Speed Automatic Transmission / Valve Body Accumulator Solenoid And Parking Sprag,pending,0,0,https://www.moparamerica.com/v-2017-dodge-charger--daytona-392--6-4l-v8-gas/845re-8-speed-automatic-transmission--valve-body-accumulator-solenoid-and-parking-sprag,,
Dodge Charger,Daytona 392,6.4L V8 Gas,8Hp45 8 Speed Automatic Transmission / Automatic Transmission Transaxle And Torque Converter,pending,0,0,https://www.moparamerica.com/v-2017-dodge-charger--daytona-392--6-4l-v8-gas/8hp45-8-speed-automatic-transmission--automatic-transmission-transaxle-and-torque-converter,,
Dodge Charger,Daytona 392,6.4L V8 Gas,8Hp45 8 Speed Automatic Transmission / Gearshift Controls And Related Parts,pending,0,0,https://www.moparamerica.com/v-2017-dodge-charger--daytona-392--6-4l-v8-gas/8hp45-8-speed-automatic-transmission--gearshift-controls-and-related-parts,,
Dodge Charger,Daytona 392,6.4L V8 Gas,8Hp45 8 Speed Automatic Transmission / Mounting And Skid Plate,pending,0,0,https://www.moparamerica.com/v-2017-dodge-charger--daytona-392--6-4l-v8-gas/8hp45-8-speed-automatic-transmission--mounting-and-skid-plate,,
Dodge Charger,Daytona 392,6.4L V8 Gas,8Hp70 8 Speed Automatic Transmission / Automatic Transmission Transaxle And Torque Converter,pending,0,0,https://www.moparamerica.com/v-2017-dodge-charger--daytona-392--6-4l-v8-gas/8hp70-8-speed-automatic-transmission--automatic-transmission-transaxle-and-torque-converter,,
Dodge Charger,Daytona 392,6.4L V8 Gas,8Hp70 8 Speed Automatic Transmission / Case Extension Oil Pan And Indicator Dipstick,pending,0,0,https://www.moparamerica.com/v-2017-dodge-charger--daytona-392--6-4l-v8-gas/8hp70-8-speed-automatic-transmission--case-extension-oil-pan-and-indicator-dipstick,,
Dodge Charger,Daytona 392,6.4L V8 Gas,8Hp70 8 Speed Automatic Transmission / Gearshift Controls And Related Parts,pending,0,0,https://www.moparamerica.com/v-2017-dodge-charger--daytona-392--6-4l-v8-gas/8hp70-8-speed-automatic-transmission--gearshift-controls-and-related-parts,,
Dodge Charger,Daytona 392,6.4L V8 Gas,8Hp70 8 Speed Automatic Transmission / Mounting And Skid Plate,pending,0,0,https://www.moparamerica.com/v-2017-dodge-charger--daytona-392--6-4l-v8-gas/8hp70-8-speed-automatic-transmission--mounting-and-skid-plate,,
Dodge Charger,Daytona 392,6.4L V8 Gas,8Hp70 8 Speed Automatic Transmission / Oil Pump,pending,0,0,https://www.moparamerica.com/v-2017-dodge-charger--daytona-392--6-4l-v8-gas/8hp70-8-speed-automatic-transmission--oil-pump,,
Dodge Charger,Daytona 392,6.4L V8 Gas,8Hp70 8 Speed Automatic Transmission / Valve Body Accumulator Solenoid And Parking Sprag,pending,0,0,https://www.moparamerica.com/v-2017-dodge-charger--daytona-392--6-4l-v8-gas/8hp70-8-speed-automatic-transmission--valve-body-accumulator-solenoid-and-parking-sprag,,
Dodge Charger,Daytona 392,6.4L V8 Gas,8Hp90 8 Speed Automatic Transmission / Automatic Transmission Transaxle And Torque Converter,pending,0,0,https://www.moparamerica.com/v-2017-dodge-charger--daytona-392--6-4l-v8-gas/8hp90-8-speed-automatic-transmission--automatic-transmission-transaxle-and-torque-converter,,
Dodge Charger,Daytona 392,6.4L V8 Gas,8Hp90 8 Speed Automatic Transmission / Gearshift Controls And Related Parts,pending,0,0,https://www.moparamerica.com/v-2017-dodge-charger--daytona-392--6-4l-v8-gas/8hp90-8-speed-automatic-transmission--gearshift-controls-and-related-parts,,
Dodge Charger,Daytona 392,6.4L V8 Gas,8Hp90 8 Speed Automatic Transmission / Mounting And Skid Plate,pending,0,0,https://www.moparamerica.com/v-2017-dodge-charger--daytona-392--6-4l-v8-gas/8hp90-8-speed-automatic-transmission--mounting-and-skid-plate,,
Dodge Charger,Daytona 392,6.4L V8 Gas,Accessories,pending,0,0,https://www.moparamerica.com/v-2017-dodge-charger--daytona-392--6-4l-v8-gas/accessories,,
Dodge Charger,Daytona 392,6.4L V8 Gas,Accessories Audio Video And Electronics Accessories / Charging Unit,pending,0,0,https://www.moparamerica.com/v-2017-dodge-charger--daytona-392--6-4l-v8-gas/accessories-audio-video-and-electronics-accessories--charging-unit,,
Dodge Charger,Daytona 392,6.4L V8 Gas,Accessories Audio Video And Electronics Accessories / Security,pending,0,0,https://www.moparamerica.com/v-2017-dodge-charger--daytona-392--6-4l-v8-gas/accessories-audio-video-and-electronics-accessories--security,,
Dodge Charger,Daytona 392,6.4L V8 Gas,Accessories Exterior Accessories / Air Deflectors,pending,0,0,https://www.moparamerica.com/v-2017-dodge-charger--daytona-392--6-4l-v8-gas/accessories-exterior-accessories--air-deflectors,,
Dodge Charger,Daytona 392,6.4L V8 Gas,Accessories Exterior Accessories / Covers,pending,0,0,https://www.moparamerica.com/v-2017-dodge-charger--daytona-392--6-4l-v8-gas/accessories-exterior-accessories--covers,,
Dodge Charger,Daytona 392,6.4L V8 Gas,Accessories Exterior Accessories / Exterior Appearance,pending,0,0,https://www.moparamerica.com/v-2017-dodge-charger--daytona-392--6-4l-v8-gas/accessories-exterior-accessories--exterior-appearance,,
Dodge Charger,Daytona 392,6.4L V8 Gas,Accessories Exterior Accessories / License Plate,pending,0,0,https://www.moparamerica.com/v-2017-dodge-charger--daytona-392--6-4l-v8-gas/accessories-exterior-accessories--license-plate,,
Dodge Charger,Daytona 392,6.4L V8 Gas,Accessories Exterior Accessories / Locks,pending,0,0,https://www.moparamerica.com/v-2017-dodge-charger--daytona-392--6-4l-v8-gas/accessories-exterior-accessories--locks,,
Dodge Charger,Daytona 392,6.4L V8 Gas,Accessories Exterior Accessories / Protective Guards,pending,0,0,https://www.moparamerica.com/v-2017-dodge-charger--daytona-392--6-4l-v8-gas/accessories-exterior-accessories--protective-guards,,
Dodge Charger,Daytona 392,6.4L V8 Gas,Accessories Exterior Accessories / Wheels,pending,0,0,https://www.moparamerica.com/v-2017-dodge-charger--daytona-392--6-4l-v8-gas/accessories-exterior-accessories--wheels,,
Dodge Charger,Daytona 392,6.4L V8 Gas,Accessories Interior Accessories / Air Purification,pending,0,0,https://www.moparamerica.com/v-2017-dodge-charger--daytona-392--6-4l-v8-gas/accessories-interior-accessories--air-purification,,
Dodge Charger,Daytona 392,6.4L V8 Gas,Accessories Interior Accessories / Cargo Trays And Mats,pending,0,0,https://www.moparamerica.com/v-2017-dodge-charger--daytona-392--6-4l-v8-gas/accessories-interior-accessories--cargo-trays-and-mats,,
Dodge Charger,Daytona 392,6.4L V8 Gas,Accessories Interior Accessories / Floor Mats,pending,0,0,https://www.moparamerica.com/v-2017-dodge-charger--daytona-392--6-4l-v8-gas/accessories-interior-accessories--floor-mats,,
Dodge Charger,Daytona 392,6.4L V8 Gas,Accessories Interior Accessories / Interior Appearance,pending,0,0,https://www.moparamerica.com/v-2017-dodge-charger--daytona-392--6-4l-v8-gas/accessories-interior-accessories--interior-appearance,,
Dodge Charger,Daytona 392,6.4L V8 Gas,Accessories Interior Accessories / Seat And Security Covers,pending,0,0,https://www.moparamerica.com/v-2017-dodge-charger--daytona-392--6-4l-v8-gas/accessories-interior-accessories--seat-and-security-covers,,
Dodge Charger,Daytona 392,6.4L V8 Gas,Accessories Lifestyle And Off Road Accessories / Safety Kits,pending,0,0,https://www.moparamerica.com/v-2017-dodge-charger--daytona-392--6-4l-v8-gas/accessories-lifestyle-and-off-road-accessories--safety-kits,,
Dodge Charger,Daytona 392,6.4L V8 Gas,Accessories Lighting And Electrical Accessories / Charging Unit,pending,0,0,https://www.moparamerica.com/v-2017-dodge-charger--daytona-392--6-4l-v8-gas/accessories-lighting-and-electrical-accessories--charging-unit,,
Dodge Charger,Daytona 392,6.4L V8 Gas,Accessories Lighting And Electrical Accessories / Police Equipment,pending,0,0,https://www.moparamerica.com/v-2017-dodge-charger--daytona-392--6-4l-v8-gas/accessories-lighting-and-electrical-accessories--police-equipment,,
Dodge Charger,Daytona 392,6.4L V8 Gas,Accessories Modern Performance / Engine Parts,pending,0,0,https://www.moparamerica.com/v-2017-dodge-charger--daytona-392--6-4l-v8-gas/accessories-modern-performance--engine-parts,,
Dodge Charger,Daytona 392,6.4L V8 Gas,Accessories Modern Performance / Intake And Air,pending,0,0,https://www.moparamerica.com/v-2017-dodge-charger--daytona-392--6-4l-v8-gas/accessories-modern-performance--intake-and-air,,
Dodge Charger,Daytona 392,6.4L V8 Gas,Accessories Modern Performance / Suspension,pending,0,0,https://www.moparamerica.com/v-2017-dodge-charger--daytona-392--6-4l-v8-gas/accessories-modern-performance--suspension,,
Dodge Charger,Daytona 392,6.4L V8 Gas,Accessories Vehicle Care Products / Mopar,pending,0,0,https://www.moparamerica.com/v-2017-dodge-charger--daytona-392--6-4l-v8-gas/accessories-vehicle-care-products--mopar,,
Dodge Charger,Daytona 392,6.4L V8 Gas,Accessories Vehicle Care Products / Touch Up Paint,pending,0,0,https://www.moparamerica.com/v-2017-dodge-charger--daytona-392--6-4l-v8-gas/accessories-vehicle-care-products--touch-up-paint,,
Dodge Charger,Daytona 392,6.4L V8 Gas,Air Conditioners And Heaters / Air Conditioner And Heater Controls,pending,0,0,https://www.moparamerica.com/v-2017-dodge-charger--daytona-392--6-4l-v8-gas/air-conditioners-and-heaters--air-conditioner-and-heater-controls,,
Dodge Charger,Daytona 392,6.4L V8 Gas,Air Conditioners And Heaters / Air Conditioner And Heater Plumbing,pending,0,0,https://www.moparamerica.com/v-2017-dodge-charger--daytona-392--6-4l-v8-gas/air-conditioners-and-heaters--air-conditioner-and-heater-plumbing,,
Dodge Charger,Daytona 392,6.4L V8 Gas,Air Conditioners And Heaters / Air Conditioner And Heater Units,pending,0,0,https://www.moparamerica.com/v-2017-dodge-charger--daytona-392--6-4l-v8-gas/air-conditioners-and-heaters--air-conditioner-and-heater-units,,
Dodge Charger,Daytona 392,6.4L V8 Gas,Air Conditioners And Heaters / Air Conditioner Compressor And Mounting,pending,0,0,https://www.moparamerica.com/v-2017-dodge-charger--daytona-392--6-4l-v8-gas/air-conditioners-and-heaters--air-conditioner-compressor-and-mounting,,
Dodge Charger,Daytona 392,6.4L V8 Gas,Air Conditioners And Heaters / Air Ducts,pending,0,0,https://www.moparamerica.com/v-2017-dodge-charger--daytona-392--6-4l-v8-gas/air-conditioners-and-heaters--air-ducts,,
Dodge Charger,Daytona 392,6.4L V8 Gas,All Wheel Drive Differential And Drive Line / Drive Shaft,pending,0,0,https://www.moparamerica.com/v-2017-dodge-charger--daytona-392--6-4l-v8-gas/all-wheel-drive-differential-and-drive-line--drive-shaft,,
Dodge Charger,Daytona 392,6.4L V8 Gas,All Wheel Drive Differential And Drive Line / Front Axle Assembly,pending,0,0,https://www.moparamerica.com/v-2017-dodge-charger--daytona-392--6-4l-v8-gas/all-wheel-drive-differential-and-drive-line--front-axle-assembly,,
Dodge Charger,Daytona 392,6.4L V8 Gas,All Wheel Drive Differential And Drive Line / Front Axle Drive Shafts,pending,0,0,https://www.moparamerica.com/v-2017-dodge-charger--daytona-392--6-4l-v8-gas/all-wheel-drive-differential-and-drive-line--front-axle-drive-shafts,,
Dodge Charger,Daytona 392,6.4L V8 Gas,All Wheel Drive Differential And Drive Line / Rear Axle Assembly,pending,0,0,https://www.moparamerica.com/v-2017-dodge-charger--daytona-392--6-4l-v8-gas/all-wheel-drive-differential-and-drive-line--rear-axle-assembly,,
Dodge Charger,Daytona 392,6.4L V8 Gas,All Wheel Drive Differential And Drive Line / Rear Axle Housing Differential And Vent,pending,0,0,https://www.moparamerica.com/v-2017-dodge-charger--daytona-392--6-4l-v8-gas/all-wheel-drive-differential-and-drive-line--rear-axle-housing-differential-and-vent,,
Dodge Charger,Daytona 392,6.4L V8 Gas,Auto Parts,pending,0,0,https://www.moparamerica.com/v-2017-dodge-charger--daytona-392--6-4l-v8-gas/auto-parts,,
Dodge Charger,Daytona 392,6.4L V8 Gas,Body Sheet Metal Except Doors / Aperture Panel And Pillar Supports,pending,0,0,https://www.moparamerica.com/v-2017-dodge-charger--daytona-392--6-4l-v8-gas/body-sheet-metal-except-doors--aperture-panel-and-pillar-supports,,
Dodge Charger,Daytona 392,6.4L V8 Gas,Body Sheet Metal Except Doors / Cowl And Dash Panel,pending,0,0,https://www.moparamerica.com/v-2017-dodge-charger--daytona-392--6-4l-v8-gas/body-sheet-metal-except-doors--cowl-and-dash-panel,,
Dodge Charger,Daytona 392,6.4L V8 Gas,Body Sheet Metal Except Doors / Deck Lid,pending,0,0,https://www.moparamerica.com/v-2017-dodge-charger--daytona-392--6-4l-v8-gas/body-sheet-metal-except-doors--deck-lid,,
Dodge Charger,Daytona 392,6.4L V8 Gas,Body Sheet Metal Except Doors / Fenders,pending,0,0,https://www.moparamerica.com/v-2017-dodge-charger--daytona-392--6-4l-v8-gas/body-sheet-metal-except-doors--fenders,,
Dodge Charger,Daytona 392,6.4L V8 Gas,Body Sheet Metal Except Doors / Floor Pans,pending,0,0,https://www.moparamerica.com/v-2017-dodge-charger--daytona-392--6-4l-v8-gas/body-sheet-metal-except-doors--floor-pans,,
Dodge Charger,Daytona 392,6.4L V8 Gas,Body Sheet Metal Except Doors / Hood And Hood Release,pending,0,0,https://www.moparamerica.com/v-2017-dodge-charger--daytona-392--6-4l-v8-gas/body-sheet-metal-except-doors--hood-and-hood-release,,
Dodge Charger,Daytona 392,6.4L V8 Gas,Body Sheet Metal Except Doors / Pick Up Box And Fuel Filler Door,pending,0,0,https://www.moparamerica.com/v-2017-dodge-charger--daytona-392--6-4l-v8-gas/body-sheet-metal-except-doors--pick-up-box-and-fuel-filler-door,,
Dodge Charger,Daytona 392,6.4L V8 Gas,Body Sheet Metal Except Doors / Plugs,pending,0,0,https://www.moparamerica.com/v-2017-dodge-charger--daytona-392--6-4l-v8-gas/body-sheet-metal-except-doors--plugs,,
Dodge Charger,Daytona 392,6.4L V8 Gas,Body Sheet Metal Except Doors / Roof,pending,0,0,https://www.moparamerica.com/v-2017-dodge-charger--daytona-392--6-4l-v8-gas/body-sheet-metal-except-doors--roof,,
Dodge Charger,Daytona 392,6.4L V8 Gas,Body Sheet Metal Except Doors / Shelf Panel,pending,0,0,https://www.moparamerica.com/v-2017-dodge-charger--daytona-392--6-4l-v8-gas/body-sheet-metal-except-doors--shelf-panel,,
Dodge Charger,Daytona 392,6.4L V8 Gas,Body Sheet Metal Except Doors / Sunroof,pending,0,0,https://www.moparamerica.com/v-2017-dodge-charger--daytona-392--6-4l-v8-gas/body-sheet-metal-except-doors--sunroof,,
Dodge Charger,Daytona 392,6.4L V8 Gas,Brakes / Brake Master Cylinder,pending,0,0,https://www.moparamerica.com/v-2017-dodge-charger--daytona-392--6-4l-v8-gas/brakes--brake-master-cylinder,,
Dodge Charger,Daytona 392,6.4L V8 Gas,Brakes / Brake Pedals,pending,0,0,https://www.moparamerica.com/v-2017-dodge-charger--daytona-392--6-4l-v8-gas/brakes--brake-pedals,,
Dodge Charger,Daytona 392,6.4L V8 Gas,Brakes / Front Brakes,pending,0,0,https://www.moparamerica.com/v-2017-dodge-charger--daytona-392--6-4l-v8-gas/brakes--front-brakes,,
Dodge Charger,Daytona 392,6.4L V8 Gas,Brakes / Hydraulic Control Unit Brake Tubes And Hoses,pending,0,0,https://www.moparamerica.com/v-2017-dodge-charger--daytona-392--6-4l-v8-gas/brakes--hydraulic-control-unit-brake-tubes-and-hoses,,
Dodge Charger,Daytona 392,6.4L V8 Gas,Brakes / Parking Brake Lever Cables And Rear Disc Park Brake Assembly,pending,0,0,https://www.moparamerica.com/v-2017-dodge-charger--daytona-392--6-4l-v8-gas/brakes--parking-brake-lever-cables-and-rear-disc-park-brake-assembly,,
Dodge Charger,Daytona 392,6.4L V8 Gas,Brakes / Power Brake Booster,pending,0,0,https://www.moparamerica.com/v-2017-dodge-charger--daytona-392--6-4l-v8-gas/brakes--power-brake-booster,,
Dodge Charger,Daytona 392,6.4L V8 Gas,Brakes / Rear Brakes,pending,0,0,https://www.moparamerica.com/v-2017-dodge-charger--daytona-392--6-4l-v8-gas/brakes--rear-brakes,,
Dodge Charger,Daytona 392,6.4L V8 Gas,Conversion And Upfit Packages / Exterior,pending,0,0,https://www.moparamerica.com/v-2017-dodge-charger--daytona-392--6-4l-v8-gas/conversion-and-upfit-packages--exterior,,
Dodge Charger,Daytona 392,6.4L V8 Gas,Conversion And Upfit Packages / Police,pending,0,0,https://www.moparamerica.com/v-2017-dodge-charger--daytona-392--6-4l-v8-gas/conversion-and-upfit-packages--police,,
Dodge Charger,Daytona 392,6.4L V8 Gas,Cooling / Drive Belts,pending,0,0,https://www.moparamerica.com/v-2017-dodge-charger--daytona-392--6-4l-v8-gas/cooling--drive-belts,,
Dodge Charger,Daytona 392,6.4L V8 Gas,Cooling / Engine Coolant Reservoir Bottle,pending,0,0,https://www.moparamerica.com/v-2017-dodge-charger--daytona-392--6-4l-v8-gas/cooling--engine-coolant-reservoir-bottle,,
Dodge Charger,Daytona 392,6.4L V8 Gas,Cooling / Pulleys And Related Parts,pending,0,0,https://www.moparamerica.com/v-2017-dodge-charger--daytona-392--6-4l-v8-gas/cooling--pulleys-and-related-parts,,
Dodge Charger,Daytona 392,6.4L V8 Gas,Cooling / Radiator And Related Parts Charge Air Cooler,pending,0,0,https://www.moparamerica.com/v-2017-dodge-charger--daytona-392--6-4l-v8-gas/cooling--radiator-and-related-parts-charge-air-cooler,,
Dodge Charger,Daytona 392,6.4L V8 Gas,Cooling / Transmission Oil Cooler And Lines,pending,0,0,https://www.moparamerica.com/v-2017-dodge-charger--daytona-392--6-4l-v8-gas/cooling--transmission-oil-cooler-and-lines,,
Dodge Charger,Daytona 392,6.4L V8 Gas,Cooling / Water Pump And Related Parts,pending,0,0,https://www.moparamerica.com/v-2017-dodge-charger--daytona-392--6-4l-v8-gas/cooling--water-pump-and-related-parts,,
Dodge Charger,Daytona 392,6.4L V8 Gas,Doors Door Mirrors And Related Parts / Exterior Mirror,pending,0,0,https://www.moparamerica.com/v-2017-dodge-charger--daytona-392--6-4l-v8-gas/doors-door-mirrors-and-related-parts--exterior-mirror,,
Dodge Charger,Daytona 392,6.4L V8 Gas,Doors Door Mirrors And Related Parts / Front Door,pending,0,0,https://www.moparamerica.com/v-2017-dodge-charger--daytona-392--6-4l-v8-gas/doors-door-mirrors-and-related-parts--front-door,,
Dodge Charger,Daytona 392,6.4L V8 Gas,Doors Door Mirrors And Related Parts / Rear Door,pending,0,0,https://www.moparamerica.com/v-2017-dodge-charger--daytona-392--6-4l-v8-gas/doors-door-mirrors-and-related-parts--rear-door,,
Dodge Charger,Daytona 392,6.4L V8 Gas,Doors Door Mirrors And Related Parts / Weatherstrips And Seals,pending,0,0,https://www.moparamerica.com/v-2017-dodge-charger--daytona-392--6-4l-v8-gas/doors-door-mirrors-and-related-parts--weatherstrips-and-seals,,
Dodge Charger,Daytona 392,6.4L V8 Gas,Electrical / Battery Battery Tray And Cables,pending,0,0,https://www.moparamerica.com/v-2017-dodge-charger--daytona-392--6-4l-v8-gas/electrical--battery-battery-tray-and-cables,,
Dodge Charger,Daytona 392,6.4L V8 Gas,Electrical / Generators Alternators,pending,0,0,https://www.moparamerica.com/v-2017-dodge-charger--daytona-392--6-4l-v8-gas/electrical--generators-alternators,,
Dodge Charger,Daytona 392,6.4L V8 Gas,Electrical / Horns,pending,0,0,https://www.moparamerica.com/v-2017-dodge-charger--daytona-392--6-4l-v8-gas/electrical--horns,,
Dodge Charger,Daytona 392,6.4L V8 Gas,Electrical / Ignition Spark Plugs Cables Coils And Glow Plugs,pending,0,0,https://www.moparamerica.com/v-2017-dodge-charger--daytona-392--6-4l-v8-gas/electrical--ignition-spark-plugs-cables-coils-and-glow-plugs,,
Dodge Charger,Daytona 392,6.4L V8 Gas,Electrical / Instrument Panel Cluster,pending,0,0,https://www.moparamerica.com/v-2017-dodge-charger--daytona-392--6-4l-v8-gas/electrical--instrument-panel-cluster,,
Dodge Charger,Daytona 392,6.4L V8 Gas,Electrical / Keys Modules And Engine Controllers,pending,0,0,https://www.moparamerica.com/v-2017-dodge-charger--daytona-392--6-4l-v8-gas/electrical--keys-modules-and-engine-controllers,,
Dodge Charger,Daytona 392,6.4L V8 Gas,Electrical / Lamps Interior And Exterior,pending,0,0,https://www.moparamerica.com/v-2017-dodge-charger--daytona-392--6-4l-v8-gas/electrical--lamps-interior-and-exterior,,
Dodge Charger,Daytona 392,6.4L V8 Gas,Electrical / Park Assist,pending,0,0,https://www.moparamerica.com/v-2017-dodge-charger--daytona-392--6-4l-v8-gas/electrical--park-assist,,
Dodge Charger,Daytona 392,6.4L V8 Gas,Electrical / Power Distribution Center Fuse Block Junction Block Relays And Fuses,pending,0,0,https://www.moparamerica.com/v-2017-dodge-charger--daytona-392--6-4l-v8-gas/electrical--power-distribution-center-fuse-block-junction-block-relays-and-fuses,,
Dodge Charger,Daytona 392,6.4L V8 Gas,Electrical / Radio Antenna Speakers Dvd And Video Systems,pending,0,0,https://www.moparamerica.com/v-2017-dodge-charger--daytona-392--6-4l-v8-gas/electrical--radio-antenna-speakers-dvd-and-video-systems,,
Dodge Charger,Daytona 392,6.4L V8 Gas,Electrical / Sensors,pending,0,0,https://www.moparamerica.com/v-2017-dodge-charger--daytona-392--6-4l-v8-gas/electrical--sensors,,
Dodge Charger,Daytona 392,6.4L V8 Gas,Electrical / Speed Control,pending,0,0,https://www.moparamerica.com/v-2017-dodge-charger--daytona-392--6-4l-v8-gas/electrical--speed-control,,
Dodge Charger,Daytona 392,6.4L V8 Gas,Electrical / Starters,pending,0,0,https://www.moparamerica.com/v-2017-dodge-charger--daytona-392--6-4l-v8-gas/electrical--starters,,
Dodge Charger,Daytona 392,6.4L V8 Gas,Electrical / Switches,pending,0,0,https://www.moparamerica.com/v-2017-dodge-charger--daytona-392--6-4l-v8-gas/electrical--switches,,
Dodge Charger,Daytona 392,6.4L V8 Gas,Electrical / Wiper And Washer System,pending,0,0,https://www.moparamerica.com/v-2017-dodge-charger--daytona-392--6-4l-v8-gas/electrical--wiper-and-washer-system,,
Dodge Charger,Daytona 392,6.4L V8 Gas,Electrical / Wiring Body And Accessories,pending,0,0,https://www.moparamerica.com/v-2017-dodge-charger--daytona-392--6-4l-v8-gas/electrical--wiring-body-and-accessories,,
Dodge Charger,Daytona 392,6.4L V8 Gas,Electrical / Wiring Headlamp To Dash,pending,0,0,https://www.moparamerica.com/v-2017-dodge-charger--daytona-392--6-4l-v8-gas/electrical--wiring-headlamp-to-dash,,
Dodge Charger,Daytona 392,6.4L V8 Gas,Electrical / Wiring Instrument Panel,pending,0,0,https://www.moparamerica.com/v-2017-dodge-charger--daytona-392--6-4l-v8-gas/electrical--wiring-instrument-panel,,
Dodge Charger,Daytona 392,6.4L V8 Gas,Electrical / Wiring Powertrain,pending,0,0,https://www.moparamerica.com/v-2017-dodge-charger--daytona-392--6-4l-v8-gas/electrical--wiring-powertrain,,
Dodge Charger,Daytona 392,6.4L V8 Gas,Emission Controls / Emission Harness,pending,0,0,https://www.moparamerica.com/v-2017-dodge-charger--daytona-392--6-4l-v8-gas/emission-controls--emission-harness,,
Dodge Charger,Daytona 392,6.4L V8 Gas,Emission Controls / Vacuum Canister Leak Detection Pump,pending,0,0,https://www.moparamerica.com/v-2017-dodge-charger--daytona-392--6-4l-v8-gas/emission-controls--vacuum-canister-leak-detection-pump,,
Dodge Charger,Daytona 392,6.4L V8 Gas,Exhaust / Exhaust System,pending,0,0,https://www.moparamerica.com/v-2017-dodge-charger--daytona-392--6-4l-v8-gas/exhaust--exhaust-system,,
Dodge Charger,Daytona 392,6.4L V8 Gas,Exterior Ornamentation / Decals And Tape Stripes,pending,0,0,https://www.moparamerica.com/v-2017-dodge-charger--daytona-392--6-4l-v8-gas/exterior-ornamentation--decals-and-tape-stripes,,
Dodge Charger,Daytona 392,6.4L V8 Gas,Exterior Ornamentation / Grilles,pending,0,0,https://www.moparamerica.com/v-2017-dodge-charger--daytona-392--6-4l-v8-gas/exterior-ornamentation--grilles,,
Dodge Charger,Daytona 392,6.4L V8 Gas,Exterior Ornamentation / Moldings And Ornamentation,pending,0,0,https://www.moparamerica.com/v-2017-dodge-charger--daytona-392--6-4l-v8-gas/exterior-ornamentation--moldings-and-ornamentation,,
Dodge Charger,Daytona 392,6.4L V8 Gas,Exterior Ornamentation / Nameplates,pending,0,0,https://www.moparamerica.com/v-2017-dodge-charger--daytona-392--6-4l-v8-gas/exterior-ornamentation--nameplates,,
Dodge Charger,Daytona 392,6.4L V8 Gas,Frame Bumper And Fascia / Frames,pending,0,0,https://www.moparamerica.com/v-2017-dodge-charger--daytona-392--6-4l-v8-gas/frame-bumper-and-fascia--frames,,
Dodge Charger,Daytona 392,6.4L V8 Gas,Frame Bumper And Fascia / Front Bumper And Fascia,pending,0,0,https://www.moparamerica.com/v-2017-dodge-charger--daytona-392--6-4l-v8-gas/frame-bumper-and-fascia--front-bumper-and-fascia,,
Dodge Charger,Daytona 392,6.4L V8 Gas,Frame Bumper And Fascia / Rear Bumper And Fascia,pending,0,0,https://www.moparamerica.com/v-2017-dodge-charger--daytona-392--6-4l-v8-gas/frame-bumper-and-fascia--rear-bumper-and-fascia,,
Dodge Charger,Daytona 392,6.4L V8 Gas,Front Suspension / Front Stabilizer Bar,pending,0,0,https://www.moparamerica.com/v-2017-dodge-charger--daytona-392--6-4l-v8-gas/front-suspension--front-stabilizer-bar,,
Dodge Charger,Daytona 392,6.4L V8 Gas,Front Suspension / Front Suspension Strut And Cradle,pending,0,0,https://www.moparamerica.com/v-2017-dodge-charger--daytona-392--6-4l-v8-gas/front-suspension--front-suspension-strut-and-cradle,,
Dodge Charger,Daytona 392,6.4L V8 Gas,Fuel / Accelerator Pedal,pending,0,0,https://www.moparamerica.com/v-2017-dodge-charger--daytona-392--6-4l-v8-gas/fuel--accelerator-pedal,,
Dodge Charger,Daytona 392,6.4L V8 Gas,Fuel / Air Cleaner,pending,0,0,https://www.moparamerica.com/v-2017-dodge-charger--daytona-392--6-4l-v8-gas/fuel--air-cleaner,,
Dodge Charger,Daytona 392,6.4L V8 Gas,Fuel / Fuel Lines,pending,0,0,https://www.moparamerica.com/v-2017-dodge-charger--daytona-392--6-4l-v8-gas/fuel--fuel-lines,,
Dodge Charger,Daytona 392,6.4L V8 Gas,Fuel / Fuel Pump And Sending Unit,pending,0,0,https://www.moparamerica.com/v-2017-dodge-charger--daytona-392--6-4l-v8-gas/fuel--fuel-pump-and-sending-unit,,
Dodge Charger,Daytona 392,6.4L V8 Gas,Fuel / Fuel Rail And Injectors,pending,0,0,https://www.moparamerica.com/v-2017-dodge-charger--daytona-392--6-4l-v8-gas/fuel--fuel-rail-and-injectors,,
Dodge Charger,Daytona 392,6.4L V8 Gas,Fuel / Fuel Tank,pending,0,0,https://www.moparamerica.com/v-2017-dodge-charger--daytona-392--6-4l-v8-gas/fuel--fuel-tank,,
Dodge Charger,Daytona 392,6.4L V8 Gas,Fuel / Fuel Tank Filler Tube,pending,0,0,https://www.moparamerica.com/v-2017-dodge-charger--daytona-392--6-4l-v8-gas/fuel--fuel-tank-filler-tube,,
Dodge Charger,Daytona 392,6.4L V8 Gas,Fuel / Throttle Body,pending,0,0,https://www.moparamerica.com/v-2017-dodge-charger--daytona-392--6-4l-v8-gas/fuel--throttle-body,,
Dodge Charger,Daytona 392,6.4L V8 Gas,Glass / Glass And Interior Rear View Mirror,pending,0,0,https://www.moparamerica.com/v-2017-dodge-charger--daytona-392--6-4l-v8-gas/glass--glass-and-interior-rear-view-mirror,,
Dodge Charger,Daytona 392,6.4L V8 Gas,Interior Trim / Carpets Floor Mats Load Floor And Silencers,pending,0,0,https://www.moparamerica.com/v-2017-dodge-charger--daytona-392--6-4l-v8-gas/interior-trim--carpets-floor-mats-load-floor-and-silencers,,
Dodge Charger,Daytona 392,6.4L V8 Gas,Interior Trim / Consoles,pending,0,0,https://www.moparamerica.com/v-2017-dodge-charger--daytona-392--6-4l-v8-gas/interior-trim--consoles,,
Dodge Charger,Daytona 392,6.4L V8 Gas,Interior Trim / Door Trim Panels Front And Rear,pending,0,0,https://www.moparamerica.com/v-2017-dodge-charger--daytona-392--6-4l-v8-gas/interior-trim--door-trim-panels-front-and-rear,,
Dodge Charger,Daytona 392,6.4L V8 Gas,Interior Trim / Front Seats Adjusters Recliners Shields And Risers,pending,0,0,https://www.moparamerica.com/v-2017-dodge-charger--daytona-392--6-4l-v8-gas/interior-trim--front-seats-adjusters-recliners-shields-and-risers,,
Dodge Charger,Daytona 392,6.4L V8 Gas,Interior Trim / Front Seats First Row,pending,0,0,https://www.moparamerica.com/v-2017-dodge-charger--daytona-392--6-4l-v8-gas/interior-trim--front-seats-first-row,,
Dodge Charger,Daytona 392,6.4L V8 Gas,Interior Trim / Headliners Visors Assist Straps,pending,0,0,https://www.moparamerica.com/v-2017-dodge-charger--daytona-392--6-4l-v8-gas/interior-trim--headliners-visors-assist-straps,,
Dodge Charger,Daytona 392,6.4L V8 Gas,Interior Trim / Instrument Panel,pending,0,0,https://www.moparamerica.com/v-2017-dodge-charger--daytona-392--6-4l-v8-gas/interior-trim--instrument-panel,,
Dodge Charger,Daytona 392,6.4L V8 Gas,Interior Trim / Panels Moldings Scuff Plates Pillar Cowl 1 4 Panel Trim And Cargo Covers,pending,0,0,https://www.moparamerica.com/v-2017-dodge-charger--daytona-392--6-4l-v8-gas/interior-trim--panels-moldings-scuff-plates-pillar-cowl-1-4-panel-trim-and-cargo-covers,,
Dodge Charger,Daytona 392,6.4L V8 Gas,Interior Trim / Rear Seats Second Row,pending,0,0,https://www.moparamerica.com/v-2017-dodge-charger--daytona-392--6-4l-v8-gas/interior-trim--rear-seats-second-row,,
Dodge Charger,Daytona 392,6.4L V8 Gas,Interior Trim / Rear Seats Second Row Adjusters Recliners Shields And Risers,pending,0,0,https://www.moparamerica.com/v-2017-dodge-charger--daytona-392--6-4l-v8-gas/interior-trim--rear-seats-second-row-adjusters-recliners-shields-and-risers,,
Dodge Charger,Daytona 392,6.4L V8 Gas,Labels / Trunk,pending,0,0,https://www.moparamerica.com/v-2017-dodge-charger--daytona-392--6-4l-v8-gas/labels--trunk,,
Dodge Charger,Daytona 392,6.4L V8 Gas,Labels / Under Hood,pending,0,0,https://www.moparamerica.com/v-2017-dodge-charger--daytona-392--6-4l-v8-gas/labels--under-hood,,
Dodge Charger,Daytona 392,6.4L V8 Gas,Mopar Accessories Component Parts / Carriers And Cargo Hauling,pending,0,0,https://www.moparamerica.com/v-2017-dodge-charger--daytona-392--6-4l-v8-gas/mopar-accessories-component-parts--carriers-and-cargo-hauling,,
Dodge Charger,Daytona 392,6.4L V8 Gas,Mopar Accessories Component Parts / Driver Convenience,pending,0,0,https://www.moparamerica.com/v-2017-dodge-charger--daytona-392--6-4l-v8-gas/mopar-accessories-component-parts--driver-convenience,,
Dodge Charger,Daytona 392,6.4L V8 Gas,Mopar Accessories Component Parts / Exterior Appearance,pending,0,0,https://www.moparamerica.com/v-2017-dodge-charger--daytona-392--6-4l-v8-gas/mopar-accessories-component-parts--exterior-appearance,,
Dodge Charger,Daytona 392,6.4L V8 Gas,Mopar Accessories Component Parts / Fog Lights And Electrical,pending,0,0,https://www.moparamerica.com/v-2017-dodge-charger--daytona-392--6-4l-v8-gas/mopar-accessories-component-parts--fog-lights-and-electrical,,
Dodge Charger,Daytona 392,6.4L V8 Gas,Mopar Accessories Component Parts / Interior Protection,pending,0,0,https://www.moparamerica.com/v-2017-dodge-charger--daytona-392--6-4l-v8-gas/mopar-accessories-component-parts--interior-protection,,
Dodge Charger,Daytona 392,6.4L V8 Gas,Mopar Accessories Component Parts / Powertrain,pending,0,0,https://www.moparamerica.com/v-2017-dodge-charger--daytona-392--6-4l-v8-gas/mopar-accessories-component-parts--powertrain,,
Dodge Charger,Daytona 392,6.4L V8 Gas,Nag1 W5A580 5 Speed Automatic Transmission / Automatic Transmission Transaxle And Torque Converter,pending,0,0,https://www.moparamerica.com/v-2017-dodge-charger--daytona-392--6-4l-v8-gas/nag1-w5a580-5-speed-automatic-transmission--automatic-transmission-transaxle-and-torque-converter,,
Dodge Charger,Daytona 392,6.4L V8 Gas,Nag1 W5A580 5 Speed Automatic Transmission / Gearshift Controls And Related Parts,pending,0,0,https://www.moparamerica.com/v-2017-dodge-charger--daytona-392--6-4l-v8-gas/nag1-w5a580-5-speed-automatic-transmission--gearshift-controls-and-related-parts,,
Dodge Charger,Daytona 392,6.4L V8 Gas,Nag1 W5A580 5 Speed Automatic Transmission / Mounting And Skid Plate,pending,0,0,https://www.moparamerica.com/v-2017-dodge-charger--daytona-392--6-4l-v8-gas/nag1-w5a580-5-speed-automatic-transmission--mounting-and-skid-plate,,
Dodge Charger,Daytona 392,6.4L V8 Gas,Power Transfer Unit Transfer Case / Transfer Case Assembly,pending,0,0,https://www.moparamerica.com/v-2017-dodge-charger--daytona-392--6-4l-v8-gas/power-transfer-unit-transfer-case--transfer-case-assembly,,
Dodge Charger,Daytona 392,6.4L V8 Gas,Rear Suspension / Rear Stabilizer,pending,0,0,https://www.moparamerica.com/v-2017-dodge-charger--daytona-392--6-4l-v8-gas/rear-suspension--rear-stabilizer,,
Dodge Charger,Daytona 392,6.4L V8 Gas,Rear Suspension / Rear Suspension And Cradle,pending,0,0,https://www.moparamerica.com/v-2017-dodge-charger--daytona-392--6-4l-v8-gas/rear-suspension--rear-suspension-and-cradle,,
Dodge Charger,Daytona 392,6.4L V8 Gas,Rear Wheel Drive Differential And Drive Line / Drive Shaft,pending,0,0,https://www.moparamerica.com/v-2017-dodge-charger--daytona-392--6-4l-v8-gas/rear-wheel-drive-differential-and-drive-line--drive-shaft,,
Dodge Charger,Daytona 392,6.4L V8 Gas,Rear Wheel Drive Differential And Drive Line / Rear Axle Assembly,pending,0,0,https://www.moparamerica.com/v-2017-dodge-charger--daytona-392--6-4l-v8-gas/rear-wheel-drive-differential-and-drive-line--rear-axle-assembly,,
Dodge Charger,Daytona 392,6.4L V8 Gas,Rear Wheel Drive Differential And Drive Line / Rear Axle Housing Differential And Vent,pending,0,0,https://www.moparamerica.com/v-2017-dodge-charger--daytona-392--6-4l-v8-gas/rear-wheel-drive-differential-and-drive-line--rear-axle-housing-differential-and-vent,,
Dodge Charger,Daytona 392,6.4L V8 Gas,Rear Wheel Drive Differential And Drive Line / Rear Axle Shafts,pending,0,0,https://www.moparamerica.com/v-2017-dodge-charger--daytona-392--6-4l-v8-gas/rear-wheel-drive-differential-and-drive-line--rear-axle-shafts,,
Dodge Charger,Daytona 392,6.4L V8 Gas,Restraints / Air Bags,pending,0,0,https://www.moparamerica.com/v-2017-dodge-charger--daytona-392--6-4l-v8-gas/restraints--air-bags,,
Dodge Charger,Daytona 392,6.4L V8 Gas,Restraints / Seat Belts,pending,0,0,https://www.moparamerica.com/v-2017-dodge-charger--daytona-392--6-4l-v8-gas/restraints--seat-belts,,
Dodge Charger,Daytona 392,6.4L V8 Gas,Steering / Power Steering Hoses,pending,0,0,https://www.moparamerica.com/v-2017-dodge-charger--daytona-392--6-4l-v8-gas/steering--power-steering-hoses,,
Dodge Charger,Daytona 392,6.4L V8 Gas,Steering / Power Steering Pump And Reservoir,pending,0,0,https://www.moparamerica.com/v-2017-dodge-charger--daytona-392--6-4l-v8-gas/steering--power-steering-pump-and-reservoir,,
Dodge Charger,Daytona 392,6.4L V8 Gas,Steering / Steering Column And Intermediate Shaft,pending,0,0,https://www.moparamerica.com/v-2017-dodge-charger--daytona-392--6-4l-v8-gas/steering--steering-column-and-intermediate-shaft,,
Dodge Charger,Daytona 392,6.4L V8 Gas,Steering / Steering Gear,pending,0,0,https://www.moparamerica.com/v-2017-dodge-charger--daytona-392--6-4l-v8-gas/steering--steering-gear,,
Dodge Charger,Daytona 392,6.4L V8 Gas,Steering / Steering Wheel,pending,0,0,https://www.moparamerica.com/v-2017-dodge-charger--daytona-392--6-4l-v8-gas/steering--steering-wheel,,
Dodge Charger,Daytona 392,6.4L V8 Gas,Wheels / Emergency Kit,pending,0,0,https://www.moparamerica.com/v-2017-dodge-charger--daytona-392--6-4l-v8-gas/wheels--emergency-kit,,
Dodge Charger,Daytona 392,6.4L V8 Gas,Wheels / Jack Stowage,pending,0,0,https://www.moparamerica.com/v-2017-dodge-charger--daytona-392--6-4l-v8-gas/wheels--jack-stowage,,
Dodge Charger,Daytona 392,6.4L V8 Gas,Wheels / Tire Monitoring System,pending,0,0,https://www.moparamerica.com/v-2017-dodge-charger--daytona-392--6-4l-v8-gas/wheels--tire-monitoring-system,,
Dodge Charger,Daytona 392,6.4L V8 Gas,Wheels / Wheel Covers And Center Caps,pending,0,0,https://www.moparamerica.com/v-2017-dodge-charger--daytona-392--6-4l-v8-gas/wheels--wheel-covers-and-center-caps,,
Dodge Charger,Daytona 392,6.4L V8 Gas,Wheels / Wheel Spare,pending,0,0,https://www.moparamerica.com/v-2017-dodge-charger--daytona-392--6-4l-v8-gas/wheels--wheel-spare,,
Dodge Charger,Daytona 392,6.4L V8 Gas,Wheels / Wheels Tires And Hardware,pending,0,0,https://www.moparamerica.com/v-2017-dodge-charger--daytona-392--6-4l-v8-gas/wheels--wheels-tires-and-hardware,,
Dodge Charger,R/T,5.7L V8 Gas,3 6L Gas Engine / Engine Mounting,pending,0,0,https://www.moparamerica.com/v-2017-dodge-charger--r-t--5-7l-v8-gas/3-6l-gas-engine--engine-mounting,,
Dodge Charger,R/T,5.7L V8 Gas,3 6L Gas Engine / Engine Oiling Oil Pan And Indicator Dipstick,pending,0,0,https://www.moparamerica.com/v-2017-dodge-charger--r-t--5-7l-v8-gas/3-6l-gas-engine--engine-oiling-oil-pan-and-indicator-dipstick,,
Dodge Charger,R/T,5.7L V8 Gas,5 7Lgas Engine / Camshaft And Valve,pending,0,0,https://www.moparamerica.com/v-2017-dodge-charger--r-t--5-7l-v8-gas/5-7lgas-engine--camshaft-and-valve,,
Dodge Charger,R/T,5.7L V8 Gas,5 7Lgas Engine / Crankcase Ventilation,pending,0,0,https://www.moparamerica.com/v-2017-dodge-charger--r-t--5-7l-v8-gas/5-7lgas-engine--crankcase-ventilation,,
Dodge Charger,R/T,5.7L V8 Gas,5 7Lgas Engine / Crankshaft Piston Drive Plate Flywheel And Damper,pending,0,0,https://www.moparamerica.com/v-2017-dodge-charger--r-t--5-7l-v8-gas/5-7lgas-engine--crankshaft-piston-drive-plate-flywheel-and-damper,,
Dodge Charger,R/T,5.7L V8 Gas,5 7Lgas Engine / Cylinder Block,pending,0,0,https://www.moparamerica.com/v-2017-dodge-charger--r-t--5-7l-v8-gas/5-7lgas-engine--cylinder-block,,
Dodge Charger,R/T,5.7L V8 Gas,5 7Lgas Engine / Cylinder Head,pending,0,0,https://www.moparamerica.com/v-2017-dodge-charger--r-t--5-7l-v8-gas/5-7lgas-engine--cylinder-head,,
Dodge Charger,R/T,5.7L V8 Gas,5 7Lgas Engine / Engine Identification Service Engines And Engine Service Kits,pending,0,0,https://www.moparamerica.com/v-2017-dodge-charger--r-t--5-7l-v8-gas/5-7lgas-engine--engine-identification-service-engines-and-engine-service-kits,,
Dodge Charger,R/T,5.7L V8 Gas,5 7Lgas Engine / Engine Mounting,pending,0,0,https://www.moparamerica.com/v-2017-dodge-charger--r-t--5-7l-v8-gas/5-7lgas-engine--engine-mounting,,
Dodge Charger,R/T,5.7L V8 Gas,5 7Lgas Engine / Engine Oiling Oil Pan And Indicator Dipstick,pending,0,0,https://www.moparamerica.com/v-2017-dodge-charger--r-t--5-7l-v8-gas/5-7lgas-engine--engine-oiling-oil-pan-and-indicator-dipstick,,
Dodge Charger,R/T,5.7L V8 Gas,5 7Lgas Engine / Manifolds And Vacuum Fittings,pending,0,0,https://www.moparamerica.com/v-2017-dodge-charger--r-t--5-7l-v8-gas/5-7lgas-engine--manifolds-and-vacuum-fittings,,
Dodge Charger,R/T,5.7L V8 Gas,5 7Lgas Engine / Timing Belt Chain And Cover And Balance Shaft,pending,0,0,https://www.moparamerica.com/v-2017-dodge-charger--r-t--5-7l-v8-gas/5-7lgas-engine--timing-belt-chain-and-cover-and-balance-shaft,,
Dodge Charger,R/T,5.7L V8 Gas,6 2L Gas Engine / Camshaft And Valve,pending,0,0,https://www.moparamerica.com/v-2017-dodge-charger--r-t--5-7l-v8-gas/6-2l-gas-engine--camshaft-and-valve,,
Dodge Charger,R/T,5.7L V8 Gas,6 2L Gas Engine / Engine Mounting,pending,0,0,https://www.moparamerica.com/v-2017-dodge-charger--r-t--5-7l-v8-gas/6-2l-gas-engine--engine-mounting,,
Dodge Charger,R/T,5.7L V8 Gas,6 2L Gas Engine / Engine Oil Cooler,pending,0,0,https://www.moparamerica.com/v-2017-dodge-charger--r-t--5-7l-v8-gas/6-2l-gas-engine--engine-oil-cooler,,
Dodge Charger,R/T,5.7L V8 Gas,6 2L Gas Engine / Engine Oiling Oil Pan And Indicator Dipstick,pending,0,0,https://www.moparamerica.com/v-2017-dodge-charger--r-t--5-7l-v8-gas/6-2l-gas-engine--engine-oiling-oil-pan-and-indicator-dipstick,,
Dodge Charger,R/T,5.7L V8 Gas,6 2L Gas Engine / Manifolds And Vacuum Fittings,pending,0,0,https://www.moparamerica.com/v-2017-dodge-charger--r-t--5-7l-v8-gas/6-2l-gas-engine--manifolds-and-vacuum-fittings,,
Dodge Charger,R/T,5.7L V8 Gas,6 4L Gas Engine / Camshaft And Valve,pending,0,0,https://www.moparamerica.com/v-2017-dodge-charger--r-t--5-7l-v8-gas/6-4l-gas-engine--camshaft-and-valve,,
Dodge Charger,R/T,5.7L V8 Gas,6 4L Gas Engine / Cylinder Block,pending,0,0,https://www.moparamerica.com/v-2017-dodge-charger--r-t--5-7l-v8-gas/6-4l-gas-engine--cylinder-block,,
Dodge Charger,R/T,5.7L V8 Gas,6 4L Gas Engine / Engine Mounting,pending,0,0,https://www.moparamerica.com/v-2017-dodge-charger--r-t--5-7l-v8-gas/6-4l-gas-engine--engine-mounting,,
Dodge Charger,R/T,5.7L V8 Gas,6 4L Gas Engine / Engine Oil Cooler,pending,0,0,https://www.moparamerica.com/v-2017-dodge-charger--r-t--5-7l-v8-gas/6-4l-gas-engine--engine-oil-cooler,,
Dodge Charger,R/T,5.7L V8 Gas,6 4L Gas Engine / Engine Oiling Oil Pan And Indicator Dipstick,pending,0,0,https://www.moparamerica.com/v-2017-dodge-charger--r-t--5-7l-v8-gas/6-4l-gas-engine--engine-oiling-oil-pan-and-indicator-dipstick,,
Dodge Charger,R/T,5.7L V8 Gas,6 4L Gas Engine / Manifolds And Vacuum Fittings,pending,0,0,https://www.moparamerica.com/v-2017-dodge-charger--r-t--5-7l-v8-gas/6-4l-gas-engine--manifolds-and-vacuum-fittings,,
Dodge Charger,R/T,5.7L V8 Gas,845Re 8 Speed Automatic Transmission / Automatic Transmission Transaxle And Torque Converter,pending,0,0,https://www.moparamerica.com/v-2017-dodge-charger--r-t--5-7l-v8-gas/845re-8-speed-automatic-transmission--automatic-transmission-transaxle-and-torque-converter,,
Dodge Charger,R/T,5.7L V8 Gas,845Re 8 Speed Automatic Transmission / Gearshift Controls And Related Parts,pending,0,0,https://www.moparamerica.com/v-2017-dodge-charger--r-t--5-7l-v8-gas/845re-8-speed-automatic-transmission--gearshift-controls-and-related-parts,,
Dodge Charger,R/T,5.7L V8 Gas,845Re 8 Speed Automatic Transmission / Mounting And Skid Plate,pending,0,0,https://www.moparamerica.com/v-2017-dodge-charger--r-t--5-7l-v8-gas/845re-8-speed-automatic-transmission--mounting-and-skid-plate,,
Dodge Charger,R/T,5.7L V8 Gas,845Re 8 Speed Automatic Transmission / Oil Pump,pending,0,0,https://www.moparamerica.com/v-2017-dodge-charger--r-t--5-7l-v8-gas/845re-8-speed-automatic-transmission--oil-pump,,
Dodge Charger,R/T,5.7L V8 Gas,845Re 8 Speed Automatic Transmission / Valve Body Accumulator Solenoid And Parking Sprag,pending,0,0,https://www.moparamerica.com/v-2017-dodge-charger--r-t--5-7l-v8-gas/845re-8-speed-automatic-transmission--valve-body-accumulator-solenoid-and-parking-sprag,,
Dodge Charger,R/T,5.7L V8 Gas,8Hp45 8 Speed Automatic Transmission / Automatic Transmission Transaxle And Torque Converter,pending,0,0,https://www.moparamerica.com/v-2017-dodge-charger--r-t--5-7l-v8-gas/8hp45-8-speed-automatic-transmission--automatic-transmission-transaxle-and-torque-converter,,
Dodge Charger,R/T,5.7L V8 Gas,8Hp45 8 Speed Automatic Transmission / Gearshift Controls And Related Parts,pending,0,0,https://www.moparamerica.com/v-2017-dodge-charger--r-t--5-7l-v8-gas/8hp45-8-speed-automatic-transmission--gearshift-controls-and-related-parts,,
Dodge Charger,R/T,5.7L V8 Gas,8Hp45 8 Speed Automatic Transmission / Mounting And Skid Plate,pending,0,0,https://www.moparamerica.com/v-2017-dodge-charger--r-t--5-7l-v8-gas/8hp45-8-speed-automatic-transmission--mounting-and-skid-plate,,
Dodge Charger,R/T,5.7L V8 Gas,8Hp70 8 Speed Automatic Transmission / Automatic Transmission Transaxle And Torque Converter,pending,0,0,https://www.moparamerica.com/v-2017-dodge-charger--r-t--5-7l-v8-gas/8hp70-8-speed-automatic-transmission--automatic-transmission-transaxle-and-torque-converter,,
Dodge Charger,R/T,5.7L V8 Gas,8Hp70 8 Speed Automatic Transmission / Case Extension Oil Pan And Indicator Dipstick,pending,0,0,https://www.moparamerica.com/v-2017-dodge-charger--r-t--5-7l-v8-gas/8hp70-8-speed-automatic-transmission--case-extension-oil-pan-and-indicator-dipstick,,
Dodge Charger,R/T,5.7L V8 Gas,8Hp70 8 Speed Automatic Transmission / Gearshift Controls And Related Parts,pending,0,0,https://www.moparamerica.com/v-2017-dodge-charger--r-t--5-7l-v8-gas/8hp70-8-speed-automatic-transmission--gearshift-controls-and-related-parts,,
Dodge Charger,R/T,5.7L V8 Gas,8Hp70 8 Speed Automatic Transmission / Mounting And Skid Plate,pending,0,0,https://www.moparamerica.com/v-2017-dodge-charger--r-t--5-7l-v8-gas/8hp70-8-speed-automatic-transmission--mounting-and-skid-plate,,
Dodge Charger,R/T,5.7L V8 Gas,8Hp70 8 Speed Automatic Transmission / Oil Pump,pending,0,0,https://www.moparamerica.com/v-2017-dodge-charger--r-t--5-7l-v8-gas/8hp70-8-speed-automatic-transmission--oil-pump,,
Dodge Charger,R/T,5.7L V8 Gas,8Hp70 8 Speed Automatic Transmission / Valve Body Accumulator Solenoid And Parking Sprag,pending,0,0,https://www.moparamerica.com/v-2017-dodge-charger--r-t--5-7l-v8-gas/8hp70-8-speed-automatic-transmission--valve-body-accumulator-solenoid-and-parking-sprag,,
Dodge Charger,R/T,5.7L V8 Gas,8Hp90 8 Speed Automatic Transmission / Automatic Transmission Transaxle And Torque Converter,pending,0,0,https://www.moparamerica.com/v-2017-dodge-charger--r-t--5-7l-v8-gas/8hp90-8-speed-automatic-transmission--automatic-transmission-transaxle-and-torque-converter,,
Dodge Charger,R/T,5.7L V8 Gas,8Hp90 8 Speed Automatic Transmission / Gearshift Controls And Related Parts,pending,0,0,https://www.moparamerica.com/v-2017-dodge-charger--r-t--5-7l-v8-gas/8hp90-8-speed-automatic-transmission--gearshift-controls-and-related-parts,,
Dodge Charger,R/T,5.7L V8 Gas,8Hp90 8 Speed Automatic Transmission / Mounting And Skid Plate,pending,0,0,https://www.moparamerica.com/v-2017-dodge-charger--r-t--5-7l-v8-gas/8hp90-8-speed-automatic-transmission--mounting-and-skid-plate,,
Dodge Charger,R/T,5.7L V8 Gas,Accessories,pending,0,0,https://www.moparamerica.com/v-2017-dodge-charger--r-t--5-7l-v8-gas/accessories,,
Dodge Charger,R/T,5.7L V8 Gas,Accessories Audio Video And Electronics Accessories / Charging Unit,pending,0,0,https://www.moparamerica.com/v-2017-dodge-charger--r-t--5-7l-v8-gas/accessories-audio-video-and-electronics-accessories--charging-unit,,
Dodge Charger,R/T,5.7L V8 Gas,Accessories Audio Video And Electronics Accessories / Remote Start,pending,0,0,https://www.moparamerica.com/v-2017-dodge-charger--r-t--5-7l-v8-gas/accessories-audio-video-and-electronics-accessories--remote-start,,
Dodge Charger,R/T,5.7L V8 Gas,Accessories Audio Video And Electronics Accessories / Security,pending,0,0,https://www.moparamerica.com/v-2017-dodge-charger--r-t--5-7l-v8-gas/accessories-audio-video-and-electronics-accessories--security,,
Dodge Charger,R/T,5.7L V8 Gas,Accessories Exterior Accessories / Air Deflectors,pending,0,0,https://www.moparamerica.com/v-2017-dodge-charger--r-t--5-7l-v8-gas/accessories-exterior-accessories--air-deflectors,,
Dodge Charger,R/T,5.7L V8 Gas,Accessories Exterior Accessories / Covers,pending,0,0,https://www.moparamerica.com/v-2017-dodge-charger--r-t--5-7l-v8-gas/accessories-exterior-accessories--covers,,
Dodge Charger,R/T,5.7L V8 Gas,Accessories Exterior Accessories / Exterior Appearance,pending,0,0,https://www.moparamerica.com/v-2017-dodge-charger--r-t--5-7l-v8-gas/accessories-exterior-accessories--exterior-appearance,,
Dodge Charger,R/T,5.7L V8 Gas,Accessories Exterior Accessories / License Plate,pending,0,0,https://www.moparamerica.com/v-2017-dodge-charger--r-t--5-7l-v8-gas/accessories-exterior-accessories--license-plate,,
Dodge Charger,R/T,5.7L V8 Gas,Accessories Exterior Accessories / Locks,pending,0,0,https://www.moparamerica.com/v-2017-dodge-charger--r-t--5-7l-v8-gas/accessories-exterior-accessories--locks,,
Dodge Charger,R/T,5.7L V8 Gas,Accessories Exterior Accessories / Protective Guards,pending,0,0,https://www.moparamerica.com/v-2017-dodge-charger--r-t--5-7l-v8-gas/accessories-exterior-accessories--protective-guards,,
Dodge Charger,R/T,5.7L V8 Gas,Accessories Exterior Accessories / Splash Guards,pending,0,0,https://www.moparamerica.com/v-2017-dodge-charger--r-t--5-7l-v8-gas/accessories-exterior-accessories--splash-guards,,
Dodge Charger,R/T,5.7L V8 Gas,Accessories Exterior Accessories / Wheels,pending,0,0,https://www.moparamerica.com/v-2017-dodge-charger--r-t--5-7l-v8-gas/accessories-exterior-accessories--wheels,,
Dodge Charger,R/T,5.7L V8 Gas,Accessories Interior Accessories / Air Purification,pending,0,0,https://www.moparamerica.com/v-2017-dodge-charger--r-t--5-7l-v8-gas/accessories-interior-accessories--air-purification,,
Dodge Charger,R/T,5.7L V8 Gas,Accessories Interior Accessories / Cargo Trays And Mats,pending,0,0,https://www.moparamerica.com/v-2017-dodge-charger--r-t--5-7l-v8-gas/accessories-interior-accessories--cargo-trays-and-mats,,
Dodge Charger,R/T,5.7L V8 Gas,Accessories Interior Accessories / Floor Mats,pending,0,0,https://www.moparamerica.com/v-2017-dodge-charger--r-t--5-7l-v8-gas/accessories-interior-accessories--floor-mats,,
Dodge Charger,R/T,5.7L V8 Gas,Accessories Interior Accessories / Interior Appearance,pending,0,0,https://www.moparamerica.com/v-2017-dodge-charger--r-t--5-7l-v8-gas/accessories-interior-accessories--interior-appearance,,
Dodge Charger,R/T,5.7L V8 Gas,Accessories Interior Accessories / Seat And Security Covers,pending,0,0,https://www.moparamerica.com/v-2017-dodge-charger--r-t--5-7l-v8-gas/accessories-interior-accessories--seat-and-security-covers,,
Dodge Charger,R/T,5.7L V8 Gas,Accessories Lifestyle And Off Road Accessories / Safety Kits,pending,0,0,https://www.moparamerica.com/v-2017-dodge-charger--r-t--5-7l-v8-gas/accessories-lifestyle-and-off-road-accessories--safety-kits,,
Dodge Charger,R/T,5.7L V8 Gas,Accessories Lighting And Electrical Accessories / Charging Unit,pending,0,0,https://www.moparamerica.com/v-2017-dodge-charger--r-t--5-7l-v8-gas/accessories-lighting-and-electrical-accessories--charging-unit,,
Dodge Charger,R/T,5.7L V8 Gas,Accessories Lighting And Electrical Accessories / Police Equipment,pending,0,0,https://www.moparamerica.com/v-2017-dodge-charger--r-t--5-7l-v8-gas/accessories-lighting-and-electrical-accessories--police-equipment,,
Dodge Charger,R/T,5.7L V8 Gas,Accessories Modern Performance / Engine Parts,pending,0,0,https://www.moparamerica.com/v-2017-dodge-charger--r-t--5-7l-v8-gas/accessories-modern-performance--engine-parts,,
Dodge Charger,R/T,5.7L V8 Gas,Accessories Modern Performance / Intake And Air,pending,0,0,https://www.moparamerica.com/v-2017-dodge-charger--r-t--5-7l-v8-gas/accessories-modern-performance--intake-and-air,,
Dodge Charger,R/T,5.7L V8 Gas,Accessories Modern Performance / Suspension,pending,0,0,https://www.moparamerica.com/v-2017-dodge-charger--r-t--5-7l-v8-gas/accessories-modern-performance--suspension,,
Dodge Charger,R/T,5.7L V8 Gas,Accessories Vehicle Care Products / Mopar,pending,0,0,https://www.moparamerica.com/v-2017-dodge-charger--r-t--5-7l-v8-gas/accessories-vehicle-care-products--mopar,,
Dodge Charger,R/T,5.7L V8 Gas,Accessories Vehicle Care Products / Touch Up Paint,pending,0,0,https://www.moparamerica.com/v-2017-dodge-charger--r-t--5-7l-v8-gas/accessories-vehicle-care-products--touch-up-paint,,
Dodge Charger,R/T,5.7L V8 Gas,Air Conditioners And Heaters / Air Conditioner And Heater Controls,pending,0,0,https://www.moparamerica.com/v-2017-dodge-charger--r-t--5-7l-v8-gas/air-conditioners-and-heaters--air-conditioner-and-heater-controls,,
Dodge Charger,R/T,5.7L V8 Gas,Air Conditioners And Heaters / Air Conditioner And Heater Plumbing,pending,0,0,https://www.moparamerica.com/v-2017-dodge-charger--r-t--5-7l-v8-gas/air-conditioners-and-heaters--air-conditioner-and-heater-plumbing,,
Dodge Charger,R/T,5.7L V8 Gas,Air Conditioners And Heaters / Air Conditioner And Heater Units,pending,0,0,https://www.moparamerica.com/v-2017-dodge-charger--r-t--5-7l-v8-gas/air-conditioners-and-heaters--air-conditioner-and-heater-units,,
Dodge Charger,R/T,5.7L V8 Gas,Air Conditioners And Heaters / Air Conditioner Compressor And Mounting,pending,0,0,https://www.moparamerica.com/v-2017-dodge-charger--r-t--5-7l-v8-gas/air-conditioners-and-heaters--air-conditioner-compressor-and-mounting,,
Dodge Charger,R/T,5.7L V8 Gas,Air Conditioners And Heaters / Air Ducts,pending,0,0,https://www.moparamerica.com/v-2017-dodge-charger--r-t--5-7l-v8-gas/air-conditioners-and-heaters--air-ducts,,
Dodge Charger,R/T,5.7L V8 Gas,All Wheel Drive Differential And Drive Line / Drive Shaft,pending,0,0,https://www.moparamerica.com/v-2017-dodge-charger--r-t--5-7l-v8-gas/all-wheel-drive-differential-and-drive-line--drive-shaft,,
Dodge Charger,R/T,5.7L V8 Gas,All Wheel Drive Differential And Drive Line / Front Axle Assembly,pending,0,0,https://www.moparamerica.com/v-2017-dodge-charger--r-t--5-7l-v8-gas/all-wheel-drive-differential-and-drive-line--front-axle-assembly,,
Dodge Charger,R/T,5.7L V8 Gas,All Wheel Drive Differential And Drive Line / Front Axle Drive Shafts,pending,0,0,https://www.moparamerica.com/v-2017-dodge-charger--r-t--5-7l-v8-gas/all-wheel-drive-differential-and-drive-line--front-axle-drive-shafts,,
Dodge Charger,R/T,5.7L V8 Gas,All Wheel Drive Differential And Drive Line / Rear Axle Assembly,pending,0,0,https://www.moparamerica.com/v-2017-dodge-charger--r-t--5-7l-v8-gas/all-wheel-drive-differential-and-drive-line--rear-axle-assembly,,
Dodge Charger,R/T,5.7L V8 Gas,All Wheel Drive Differential And Drive Line / Rear Axle Housing Differential And Vent,pending,0,0,https://www.moparamerica.com/v-2017-dodge-charger--r-t--5-7l-v8-gas/all-wheel-drive-differential-and-drive-line--rear-axle-housing-differential-and-vent,,
Dodge Charger,R/T,5.7L V8 Gas,Auto Parts,pending,0,0,https://www.moparamerica.com/v-2017-dodge-charger--r-t--5-7l-v8-gas/auto-parts,,
Dodge Charger,R/T,5.7L V8 Gas,Body Sheet Metal Except Doors / Aperture Panel And Pillar Supports,pending,0,0,https://www.moparamerica.com/v-2017-dodge-charger--r-t--5-7l-v8-gas/body-sheet-metal-except-doors--aperture-panel-and-pillar-supports,,
Dodge Charger,R/T,5.7L V8 Gas,Body Sheet Metal Except Doors / Cowl And Dash Panel,pending,0,0,https://www.moparamerica.com/v-2017-dodge-charger--r-t--5-7l-v8-gas/body-sheet-metal-except-doors--cowl-and-dash-panel,,
Dodge Charger,R/T,5.7L V8 Gas,Body Sheet Metal Except Doors / Deck Lid,pending,0,0,https://www.moparamerica.com/v-2017-dodge-charger--r-t--5-7l-v8-gas/body-sheet-metal-except-doors--deck-lid,,
Dodge Charger,R/T,5.7L V8 Gas,Body Sheet Metal Except Doors / Fenders,pending,0,0,https://www.moparamerica.com/v-2017-dodge-charger--r-t--5-7l-v8-gas/body-sheet-metal-except-doors--fenders,,
Dodge Charger,R/T,5.7L V8 Gas,Body Sheet Metal Except Doors / Floor Pans,pending,0,0,https://www.moparamerica.com/v-2017-dodge-charger--r-t--5-7l-v8-gas/body-sheet-metal-except-doors--floor-pans,,
Dodge Charger,R/T,5.7L V8 Gas,Body Sheet Metal Except Doors / Hood And Hood Release,pending,0,0,https://www.moparamerica.com/v-2017-dodge-charger--r-t--5-7l-v8-gas/body-sheet-metal-except-doors--hood-and-hood-release,,
Dodge Charger,R/T,5.7L V8 Gas,Body Sheet Metal Except Doors / Pick Up Box And Fuel Filler Door,pending,0,0,https://www.moparamerica.com/v-2017-dodge-charger--r-t--5-7l-v8-gas/body-sheet-metal-except-doors--pick-up-box-and-fuel-filler-door,,
Dodge Charger,R/T,5.7L V8 Gas,Body Sheet Metal Except Doors / Plugs,pending,0,0,https://www.moparamerica.com/v-2017-dodge-charger--r-t--5-7l-v8-gas/body-sheet-metal-except-doors--plugs,,
Dodge Charger,R/T,5.7L V8 Gas,Body Sheet Metal Except Doors / Roof,pending,0,0,https://www.moparamerica.com/v-2017-dodge-charger--r-t--5-7l-v8-gas/body-sheet-metal-except-doors--roof,,
Dodge Charger,R/T,5.7L V8 Gas,Body Sheet Metal Except Doors / Shelf Panel,pending,0,0,https://www.moparamerica.com/v-2017-dodge-charger--r-t--5-7l-v8-gas/body-sheet-metal-except-doors--shelf-panel,,
Dodge Charger,R/T,5.7L V8 Gas,Body Sheet Metal Except Doors / Sunroof,pending,0,0,https://www.moparamerica.com/v-2017-dodge-charger--r-t--5-7l-v8-gas/body-sheet-metal-except-doors--sunroof,,
Dodge Charger,R/T,5.7L V8 Gas,Brakes / Brake Master Cylinder,pending,0,0,https://www.moparamerica.com/v-2017-dodge-charger--r-t--5-7l-v8-gas/brakes--brake-master-cylinder,,
Dodge Charger,R/T,5.7L V8 Gas,Brakes / Brake Pedals,pending,0,0,https://www.moparamerica.com/v-2017-dodge-charger--r-t--5-7l-v8-gas/brakes--brake-pedals,,
Dodge Charger,R/T,5.7L V8 Gas,Brakes / Front Brakes,pending,0,0,https://www.moparamerica.com/v-2017-dodge-charger--r-t--5-7l-v8-gas/brakes--front-brakes,,
Dodge Charger,R/T,5.7L V8 Gas,Brakes / Hydraulic Control Unit Brake Tubes And Hoses,pending,0,0,https://www.moparamerica.com/v-2017-dodge-charger--r-t--5-7l-v8-gas/brakes--hydraulic-control-unit-brake-tubes-and-hoses,,
Dodge Charger,R/T,5.7L V8 Gas,Brakes / Parking Brake Lever Cables And Rear Disc Park Brake Assembly,pending,0,0,https://www.moparamerica.com/v-2017-dodge-charger--r-t--5-7l-v8-gas/brakes--parking-brake-lever-cables-and-rear-disc-park-brake-assembly,,
Dodge Charger,R/T,5.7L V8 Gas,Brakes / Power Brake Booster,pending,0,0,https://www.moparamerica.com/v-2017-dodge-charger--r-t--5-7l-v8-gas/brakes--power-brake-booster,,
Dodge Charger,R/T,5.7L V8 Gas,Brakes / Rear Brakes,pending,0,0,https://www.moparamerica.com/v-2017-dodge-charger--r-t--5-7l-v8-gas/brakes--rear-brakes,,
Dodge Charger,R/T,5.7L V8 Gas,Conversion And Upfit Packages / Exterior,pending,0,0,https://www.moparamerica.com/v-2017-dodge-charger--r-t--5-7l-v8-gas/conversion-and-upfit-packages--exterior,,
Dodge Charger,R/T,5.7L V8 Gas,Conversion And Upfit Packages / Police,pending,0,0,https://www.moparamerica.com/v-2017-dodge-charger--r-t--5-7l-v8-gas/conversion-and-upfit-packages--police,,
Dodge Charger,R/T,5.7L V8 Gas,Cooling / Drive Belts,pending,0,0,https://www.moparamerica.com/v-2017-dodge-charger--r-t--5-7l-v8-gas/cooling--drive-belts,,
Dodge Charger,R/T,5.7L V8 Gas,Cooling / Engine Coolant Reservoir Bottle,pending,0,0,https://www.moparamerica.com/v-2017-dodge-charger--r-t--5-7l-v8-gas/cooling--engine-coolant-reservoir-bottle,,
Dodge Charger,R/T,5.7L V8 Gas,Cooling / Pulleys And Related Parts,pending,0,0,https://www.moparamerica.com/v-2017-dodge-charger--r-t--5-7l-v8-gas/cooling--pulleys-and-related-parts,,
Dodge Charger,R/T,5.7L V8 Gas,Cooling / Radiator And Related Parts Charge Air Cooler,pending,0,0,https://www.moparamerica.com/v-2017-dodge-charger--r-t--5-7l-v8-gas/cooling--radiator-and-related-parts-charge-air-cooler,,
Dodge Charger,R/T,5.7L V8 Gas,Cooling / Transmission Oil Cooler And Lines,pending,0,0,https://www.moparamerica.com/v-2017-dodge-charger--r-t--5-7l-v8-gas/cooling--transmission-oil-cooler-and-lines,,
Dodge Charger,R/T,5.7L V8 Gas,Cooling / Water Pump And Related Parts,pending,0,0,https://www.moparamerica.com/v-2017-dodge-charger--r-t--5-7l-v8-gas/cooling--water-pump-and-related-parts,,
Dodge Charger,R/T,5.7L V8 Gas,Doors Door Mirrors And Related Parts / Exterior Mirror,pending,0,0,https://www.moparamerica.com/v-2017-dodge-charger--r-t--5-7l-v8-gas/doors-door-mirrors-and-related-parts--exterior-mirror,,
Dodge Charger,R/T,5.7L V8 Gas,Doors Door Mirrors And Related Parts / Front Door,pending,0,0,https://www.moparamerica.com/v-2017-dodge-charger--r-t--5-7l-v8-gas/doors-door-mirrors-and-related-parts--front-door,,
Dodge Charger,R/T,5.7L V8 Gas,Doors Door Mirrors And Related Parts / Rear Door,pending,0,0,https://www.moparamerica.com/v-2017-dodge-charger--r-t--5-7l-v8-gas/doors-door-mirrors-and-related-parts--rear-door,,
Dodge Charger,R/T,5.7L V8 Gas,Doors Door Mirrors And Related Parts / Weatherstrips And Seals,pending,0,0,https://www.moparamerica.com/v-2017-dodge-charger--r-t--5-7l-v8-gas/doors-door-mirrors-and-related-parts--weatherstrips-and-seals,,
Dodge Charger,R/T,5.7L V8 Gas,Electrical / Battery Battery Tray And Cables,pending,0,0,https://www.moparamerica.com/v-2017-dodge-charger--r-t--5-7l-v8-gas/electrical--battery-battery-tray-and-cables,,
Dodge Charger,R/T,5.7L V8 Gas,Electrical / Generators Alternators,pending,0,0,https://www.moparamerica.com/v-2017-dodge-charger--r-t--5-7l-v8-gas/electrical--generators-alternators,,
Dodge Charger,R/T,5.7L V8 Gas,Electrical / Horns,pending,0,0,https://www.moparamerica.com/v-2017-dodge-charger--r-t--5-7l-v8-gas/electrical--horns,,
Dodge Charger,R/T,5.7L V8 Gas,Electrical / Ignition Spark Plugs Cables Coils And Glow Plugs,pending,0,0,https://www.moparamerica.com/v-2017-dodge-charger--r-t--5-7l-v8-gas/electrical--ignition-spark-plugs-cables-coils-and-glow-plugs,,
Dodge Charger,R/T,5.7L V8 Gas,Electrical / Instrument Panel Cluster,pending,0,0,https://www.moparamerica.com/v-2017-dodge-charger--r-t--5-7l-v8-gas/electrical--instrument-panel-cluster,,
Dodge Charger,R/T,5.7L V8 Gas,Electrical / Keys Modules And Engine Controllers,pending,0,0,https://www.moparamerica.com/v-2017-dodge-charger--r-t--5-7l-v8-gas/electrical--keys-modules-and-engine-controllers,,
Dodge Charger,R/T,5.7L V8 Gas,Electrical / Lamps Interior And Exterior,pending,0,0,https://www.moparamerica.com/v-2017-dodge-charger--r-t--5-7l-v8-gas/electrical--lamps-interior-and-exterior,,
Dodge Charger,R/T,5.7L V8 Gas,Electrical / Park Assist,pending,0,0,https://www.moparamerica.com/v-2017-dodge-charger--r-t--5-7l-v8-gas/electrical--park-assist,,
Dodge Charger,R/T,5.7L V8 Gas,Electrical / Power Distribution Center Fuse Block Junction Block Relays And Fuses,pending,0,0,https://www.moparamerica.com/v-2017-dodge-charger--r-t--5-7l-v8-gas/electrical--power-distribution-center-fuse-block-junction-block-relays-and-fuses,,
Dodge Charger,R/T,5.7L V8 Gas,Electrical / Radio Antenna Speakers Dvd And Video Systems,pending,0,0,https://www.moparamerica.com/v-2017-dodge-charger--r-t--5-7l-v8-gas/electrical--radio-antenna-speakers-dvd-and-video-systems,,
Dodge Charger,R/T,5.7L V8 Gas,Electrical / Sensors,pending,0,0,https://www.moparamerica.com/v-2017-dodge-charger--r-t--5-7l-v8-gas/electrical--sensors,,
Dodge Charger,R/T,5.7L V8 Gas,Electrical / Speed Control,pending,0,0,https://www.moparamerica.com/v-2017-dodge-charger--r-t--5-7l-v8-gas/electrical--speed-control,,
Dodge Charger,R/T,5.7L V8 Gas,Electrical / Starters,pending,0,0,https://www.moparamerica.com/v-2017-dodge-charger--r-t--5-7l-v8-gas/electrical--starters,,
Dodge Charger,R/T,5.7L V8 Gas,Electrical / Switches,pending,0,0,https://www.moparamerica.com/v-2017-dodge-charger--r-t--5-7l-v8-gas/electrical--switches,,
Dodge Charger,R/T,5.7L V8 Gas,Electrical / Wiper And Washer System,pending,0,0,https://www.moparamerica.com/v-2017-dodge-charger--r-t--5-7l-v8-gas/electrical--wiper-and-washer-system,,
Dodge Charger,R/T,5.7L V8 Gas,Electrical / Wiring Body And Accessories,pending,0,0,https://www.moparamerica.com/v-2017-dodge-charger--r-t--5-7l-v8-gas/electrical--wiring-body-and-accessories,,
Dodge Charger,R/T,5.7L V8 Gas,Electrical / Wiring Headlamp To Dash,pending,0,0,https://www.moparamerica.com/v-2017-dodge-charger--r-t--5-7l-v8-gas/electrical--wiring-headlamp-to-dash,,
Dodge Charger,R/T,5.7L V8 Gas,Electrical / Wiring Instrument Panel,pending,0,0,https://www.moparamerica.com/v-2017-dodge-charger--r-t--5-7l-v8-gas/electrical--wiring-instrument-panel,,
Dodge Charger,R/T,5.7L V8 Gas,Electrical / Wiring Powertrain,pending,0,0,https://www.moparamerica.com/v-2017-dodge-charger--r-t--5-7l-v8-gas/electrical--wiring-powertrain,,
Dodge Charger,R/T,5.7L V8 Gas,Emission Controls / Emission Harness,pending,0,0,https://www.moparamerica.com/v-2017-dodge-charger--r-t--5-7l-v8-gas/emission-controls--emission-harness,,
Dodge Charger,R/T,5.7L V8 Gas,Emission Controls / Vacuum Canister Leak Detection Pump,pending,0,0,https://www.moparamerica.com/v-2017-dodge-charger--r-t--5-7l-v8-gas/emission-controls--vacuum-canister-leak-detection-pump,,
Dodge Charger,R/T,5.7L V8 Gas,Exhaust / Exhaust System,pending,0,0,https://www.moparamerica.com/v-2017-dodge-charger--r-t--5-7l-v8-gas/exhaust--exhaust-system,,
Dodge Charger,R/T,5.7L V8 Gas,Exterior Ornamentation / Decals And Tape Stripes,pending,0,0,https://www.moparamerica.com/v-2017-dodge-charger--r-t--5-7l-v8-gas/exterior-ornamentation--decals-and-tape-stripes,,
Dodge Charger,R/T,5.7L V8 Gas,Exterior Ornamentation / Grilles,pending,0,0,https://www.moparamerica.com/v-2017-dodge-charger--r-t--5-7l-v8-gas/exterior-ornamentation--grilles,,
Dodge Charger,R/T,5.7L V8 Gas,Exterior Ornamentation / Moldings And Ornamentation,pending,0,0,https://www.moparamerica.com/v-2017-dodge-charger--r-t--5-7l-v8-gas/exterior-ornamentation--moldings-and-ornamentation,,
Dodge Charger,R/T,5.7L V8 Gas,Exterior Ornamentation / Nameplates,pending,0,0,https://www.moparamerica.com/v-2017-dodge-charger--r-t--5-7l-v8-gas/exterior-ornamentation--nameplates,,
Dodge Charger,R/T,5.7L V8 Gas,Frame Bumper And Fascia / Frames,pending,0,0,https://www.moparamerica.com/v-2017-dodge-charger--r-t--5-7l-v8-gas/frame-bumper-and-fascia--frames,,
Dodge Charger,R/T,5.7L V8 Gas,Frame Bumper And Fascia / Front Bumper And Fascia,pending,0,0,https://www.moparamerica.com/v-2017-dodge-charger--r-t--5-7l-v8-gas/frame-bumper-and-fascia--front-bumper-and-fascia,,
Dodge Charger,R/T,5.7L V8 Gas,Frame Bumper And Fascia / Rear Bumper And Fascia,pending,0,0,https://www.moparamerica.com/v-2017-dodge-charger--r-t--5-7l-v8-gas/frame-bumper-and-fascia--rear-bumper-and-fascia,,
Dodge Charger,R/T,5.7L V8 Gas,Front Suspension / Front Stabilizer Bar,pending,0,0,https://www.moparamerica.com/v-2017-dodge-charger--r-t--5-7l-v8-gas/front-suspension--front-stabilizer-bar,,
Dodge Charger,R/T,5.7L V8 Gas,Front Suspension / Front Suspension Strut And Cradle,pending,0,0,https://www.moparamerica.com/v-2017-dodge-charger--r-t--5-7l-v8-gas/front-suspension--front-suspension-strut-and-cradle,,
Dodge Charger,R/T,5.7L V8 Gas,Fuel / Accelerator Pedal,pending,0,0,https://www.moparamerica.com/v-2017-dodge-charger--r-t--5-7l-v8-gas/fuel--accelerator-pedal,,
Dodge Charger,R/T,5.7L V8 Gas,Fuel / Air Cleaner,pending,0,0,https://www.moparamerica.com/v-2017-dodge-charger--r-t--5-7l-v8-gas/fuel--air-cleaner,,
Dodge Charger,R/T,5.7L V8 Gas,Fuel / Fuel Lines,pending,0,0,https://www.moparamerica.com/v-2017-dodge-charger--r-t--5-7l-v8-gas/fuel--fuel-lines,,
Dodge Charger,R/T,5.7L V8 Gas,Fuel / Fuel Pump And Sending Unit,pending,0,0,https://www.moparamerica.com/v-2017-dodge-charger--r-t--5-7l-v8-gas/fuel--fuel-pump-and-sending-unit,,
Dodge Charger,R/T,5.7L V8 Gas,Fuel / Fuel Rail And Injectors,pending,0,0,https://www.moparamerica.com/v-2017-dodge-charger--r-t--5-7l-v8-gas/fuel--fuel-rail-and-injectors,,
Dodge Charger,R/T,5.7L V8 Gas,Fuel / Fuel Tank,pending,0,0,https://www.moparamerica.com/v-2017-dodge-charger--r-t--5-7l-v8-gas/fuel--fuel-tank,,
Dodge Charger,R/T,5.7L V8 Gas,Fuel / Fuel Tank Filler Tube,pending,0,0,https://www.moparamerica.com/v-2017-dodge-charger--r-t--5-7l-v8-gas/fuel--fuel-tank-filler-tube,,
Dodge Charger,R/T,5.7L V8 Gas,Fuel / Throttle Body,pending,0,0,https://www.moparamerica.com/v-2017-dodge-charger--r-t--5-7l-v8-gas/fuel--throttle-body,,
Dodge Charger,R/T,5.7L V8 Gas,Glass / Glass And Interior Rear View Mirror,pending,0,0,https://www.moparamerica.com/v-2017-dodge-charger--r-t--5-7l-v8-gas/glass--glass-and-interior-rear-view-mirror,,
Dodge Charger,R/T,5.7L V8 Gas,Interior Trim / Carpets Floor Mats Load Floor And Silencers,pending,0,0,https://www.moparamerica.com/v-2017-dodge-charger--r-t--5-7l-v8-gas/interior-trim--carpets-floor-mats-load-floor-and-silencers,,
Dodge Charger,R/T,5.7L V8 Gas,Interior Trim / Consoles,pending,0,0,https://www.moparamerica.com/v-2017-dodge-charger--r-t--5-7l-v8-gas/interior-trim--consoles,,
Dodge Charger,R/T,5.7L V8 Gas,Interior Trim / Door Trim Panels Front And Rear,pending,0,0,https://www.moparamerica.com/v-2017-dodge-charger--r-t--5-7l-v8-gas/interior-trim--door-trim-panels-front-and-rear,,
Dodge Charger,R/T,5.7L V8 Gas,Interior Trim / Front Seats Adjusters Recliners Shields And Risers,pending,0,0,https://www.moparamerica.com/v-2017-dodge-charger--r-t--5-7l-v8-gas/interior-trim--front-seats-adjusters-recliners-shields-and-risers,,
Dodge Charger,R/T,5.7L V8 Gas,Interior Trim / Front Seats First Row,pending,0,0,https://www.moparamerica.com/v-2017-dodge-charger--r-t--5-7l-v8-gas/interior-trim--front-seats-first-row,,
Dodge Charger,R/T,5.7L V8 Gas,Interior Trim / Headliners Visors Assist Straps,pending,0,0,https://www.moparamerica.com/v-2017-dodge-charger--r-t--5-7l-v8-gas/interior-trim--headliners-visors-assist-straps,,
Dodge Charger,R/T,5.7L V8 Gas,Interior Trim / Instrument Panel,pending,0,0,https://www.moparamerica.com/v-2017-dodge-charger--r-t--5-7l-v8-gas/interior-trim--instrument-panel,,
Dodge Charger,R/T,5.7L V8 Gas,Interior Trim / Panels Moldings Scuff Plates Pillar Cowl 1 4 Panel Trim And Cargo Covers,pending,0,0,https://www.moparamerica.com/v-2017-dodge-charger--r-t--5-7l-v8-gas/interior-trim--panels-moldings-scuff-plates-pillar-cowl-1-4-panel-trim-and-cargo-covers,,
Dodge Charger,R/T,5.7L V8 Gas,Interior Trim / Rear Seats Second Row,pending,0,0,https://www.moparamerica.com/v-2017-dodge-charger--r-t--5-7l-v8-gas/interior-trim--rear-seats-second-row,,
Dodge Charger,R/T,5.7L V8 Gas,Interior Trim / Rear Seats Second Row Adjusters Recliners Shields And Risers,pending,0,0,https://www.moparamerica.com/v-2017-dodge-charger--r-t--5-7l-v8-gas/interior-trim--rear-seats-second-row-adjusters-recliners-shields-and-risers,,
Dodge Charger,R/T,5.7L V8 Gas,Labels / Trunk,pending,0,0,https://www.moparamerica.com/v-2017-dodge-charger--r-t--5-7l-v8-gas/labels--trunk,,
Dodge Charger,R/T,5.7L V8 Gas,Labels / Under Hood,pending,0,0,https://www.moparamerica.com/v-2017-dodge-charger--r-t--5-7l-v8-gas/labels--under-hood,,
Dodge Charger,R/T,5.7L V8 Gas,Mopar Accessories Component Parts / Carriers And Cargo Hauling,pending,0,0,https://www.moparamerica.com/v-2017-dodge-charger--r-t--5-7l-v8-gas/mopar-accessories-component-parts--carriers-and-cargo-hauling,,
Dodge Charger,R/T,5.7L V8 Gas,Mopar Accessories Component Parts / Driver Convenience,pending,0,0,https://www.moparamerica.com/v-2017-dodge-charger--r-t--5-7l-v8-gas/mopar-accessories-component-parts--driver-convenience,,
Dodge Charger,R/T,5.7L V8 Gas,Mopar Accessories Component Parts / Exterior Appearance,pending,0,0,https://www.moparamerica.com/v-2017-dodge-charger--r-t--5-7l-v8-gas/mopar-accessories-component-parts--exterior-appearance,,
Dodge Charger,R/T,5.7L V8 Gas,Mopar Accessories Component Parts / Fog Lights And Electrical,pending,0,0,https://www.moparamerica.com/v-2017-dodge-charger--r-t--5-7l-v8-gas/mopar-accessories-component-parts--fog-lights-and-electrical,,
Dodge Charger,R/T,5.7L V8 Gas,Mopar Accessories Component Parts / Interior Protection,pending,0,0,https://www.moparamerica.com/v-2017-dodge-charger--r-t--5-7l-v8-gas/mopar-accessories-component-parts--interior-protection,,
Dodge Charger,R/T,5.7L V8 Gas,Mopar Accessories Component Parts / Powertrain,pending,0,0,https://www.moparamerica.com/v-2017-dodge-charger--r-t--5-7l-v8-gas/mopar-accessories-component-parts--powertrain,,
Dodge Charger,R/T,5.7L V8 Gas,Nag1 W5A580 5 Speed Automatic Transmission / Automatic Transmission Transaxle And Torque Converter,pending,0,0,https://www.moparamerica.com/v-2017-dodge-charger--r-t--5-7l-v8-gas/nag1-w5a580-5-speed-automatic-transmission--automatic-transmission-transaxle-and-torque-converter,,
Dodge Charger,R/T,5.7L V8 Gas,Nag1 W5A580 5 Speed Automatic Transmission / Case Extension Oil Pan And Indicator Dipstick,pending,0,0,https://www.moparamerica.com/v-2017-dodge-charger--r-t--5-7l-v8-gas/nag1-w5a580-5-speed-automatic-transmission--case-extension-oil-pan-and-indicator-dipstick,,
Dodge Charger,R/T,5.7L V8 Gas,Nag1 W5A580 5 Speed Automatic Transmission / Clutches,pending,0,0,https://www.moparamerica.com/v-2017-dodge-charger--r-t--5-7l-v8-gas/nag1-w5a580-5-speed-automatic-transmission--clutches,,
Dodge Charger,R/T,5.7L V8 Gas,Nag1 W5A580 5 Speed Automatic Transmission / Gear Train,pending,0,0,https://www.moparamerica.com/v-2017-dodge-charger--r-t--5-7l-v8-gas/nag1-w5a580-5-speed-automatic-transmission--gear-train,,
Dodge Charger,R/T,5.7L V8 Gas,Nag1 W5A580 5 Speed Automatic Transmission / Gearshift Controls And Related Parts,pending,0,0,https://www.moparamerica.com/v-2017-dodge-charger--r-t--5-7l-v8-gas/nag1-w5a580-5-speed-automatic-transmission--gearshift-controls-and-related-parts,,
Dodge Charger,R/T,5.7L V8 Gas,Nag1 W5A580 5 Speed Automatic Transmission / Mounting And Skid Plate,pending,0,0,https://www.moparamerica.com/v-2017-dodge-charger--r-t--5-7l-v8-gas/nag1-w5a580-5-speed-automatic-transmission--mounting-and-skid-plate,,
Dodge Charger,R/T,5.7L V8 Gas,Nag1 W5A580 5 Speed Automatic Transmission / Oil Pump,pending,0,0,https://www.moparamerica.com/v-2017-dodge-charger--r-t--5-7l-v8-gas/nag1-w5a580-5-speed-automatic-transmission--oil-pump,,
Dodge Charger,R/T,5.7L V8 Gas,Nag1 W5A580 5 Speed Automatic Transmission / Seal And Shim Packages,pending,0,0,https://www.moparamerica.com/v-2017-dodge-charger--r-t--5-7l-v8-gas/nag1-w5a580-5-speed-automatic-transmission--seal-and-shim-packages,,
Dodge Charger,R/T,5.7L V8 Gas,Nag1 W5A580 5 Speed Automatic Transmission / Valve Body Accumulator Solenoid And Parking Sprag,pending,0,0,https://www.moparamerica.com/v-2017-dodge-charger--r-t--5-7l-v8-gas/nag1-w5a580-5-speed-automatic-transmission--valve-body-accumulator-solenoid-and-parking-sprag,,
Dodge Charger,R/T,5.7L V8 Gas,Power Transfer Unit Transfer Case / Transfer Case Assembly,pending,0,0,https://www.moparamerica.com/v-2017-dodge-charger--r-t--5-7l-v8-gas/power-transfer-unit-transfer-case--transfer-case-assembly,,
Dodge Charger,R/T,5.7L V8 Gas,Rear Suspension / Rear Stabilizer,pending,0,0,https://www.moparamerica.com/v-2017-dodge-charger--r-t--5-7l-v8-gas/rear-suspension--rear-stabilizer,,
Dodge Charger,R/T,5.7L V8 Gas,Rear Suspension / Rear Suspension And Cradle,pending,0,0,https://www.moparamerica.com/v-2017-dodge-charger--r-t--5-7l-v8-gas/rear-suspension--rear-suspension-and-cradle,,
Dodge Charger,R/T,5.7L V8 Gas,Rear Wheel Drive Differential And Drive Line / Drive Shaft,pending,0,0,https://www.moparamerica.com/v-2017-dodge-charger--r-t--5-7l-v8-gas/rear-wheel-drive-differential-and-drive-line--drive-shaft,,
Dodge Charger,R/T,5.7L V8 Gas,Rear Wheel Drive Differential And Drive Line / Rear Axle Assembly,pending,0,0,https://www.moparamerica.com/v-2017-dodge-charger--r-t--5-7l-v8-gas/rear-wheel-drive-differential-and-drive-line--rear-axle-assembly,,
Dodge Charger,R/T,5.7L V8 Gas,Rear Wheel Drive Differential And Drive Line / Rear Axle Housing Differential And Vent,pending,0,0,https://www.moparamerica.com/v-2017-dodge-charger--r-t--5-7l-v8-gas/rear-wheel-drive-differential-and-drive-line--rear-axle-housing-differential-and-vent,,
Dodge Charger,R/T,5.7L V8 Gas,Rear Wheel Drive Differential And Drive Line / Rear Axle Shafts,pending,0,0,https://www.moparamerica.com/v-2017-dodge-charger--r-t--5-7l-v8-gas/rear-wheel-drive-differential-and-drive-line--rear-axle-shafts,,
Dodge Charger,R/T,5.7L V8 Gas,Restraints / Air Bags,pending,0,0,https://www.moparamerica.com/v-2017-dodge-charger--r-t--5-7l-v8-gas/restraints--air-bags,,
Dodge Charger,R/T,5.7L V8 Gas,Restraints / Seat Belts,pending,0,0,https://www.moparamerica.com/v-2017-dodge-charger--r-t--5-7l-v8-gas/restraints--seat-belts,,
Dodge Charger,R/T,5.7L V8 Gas,Steering / Power Steering Hoses,pending,0,0,https://www.moparamerica.com/v-2017-dodge-charger--r-t--5-7l-v8-gas/steering--power-steering-hoses,,
Dodge Charger,R/T,5.7L V8 Gas,Steering / Power Steering Pump And Reservoir,pending,0,0,https://www.moparamerica.com/v-2017-dodge-charger--r-t--5-7l-v8-gas/steering--power-steering-pump-and-reservoir,,
Dodge Charger,R/T,5.7L V8 Gas,Steering / Steering Column And Intermediate Shaft,pending,0,0,https://www.moparamerica.com/v-2017-dodge-charger--r-t--5-7l-v8-gas/steering--steering-column-and-intermediate-shaft,,
Dodge Charger,R/T,5.7L V8 Gas,Steering / Steering Gear,pending,0,0,https://www.moparamerica.com/v-2017-dodge-charger--r-t--5-7l-v8-gas/steering--steering-gear,,
Dodge Charger,R/T,5.7L V8 Gas,Steering / Steering Wheel,pending,0,0,https://www.moparamerica.com/v-2017-dodge-charger--r-t--5-7l-v8-gas/steering--steering-wheel,,
Dodge Charger,R/T,5.7L V8 Gas,Wheels / Emergency Kit,pending,0,0,https://www.moparamerica.com/v-2017-dodge-charger--r-t--5-7l-v8-gas/wheels--emergency-kit,,
Dodge Charger,R/T,5.7L V8 Gas,Wheels / Jack Stowage,pending,0,0,https://www.moparamerica.com/v-2017-dodge-charger--r-t--5-7l-v8-gas/wheels--jack-stowage,,
Dodge Charger,R/T,5.7L V8 Gas,Wheels / Tire Monitoring System,pending,0,0,https://www.moparamerica.com/v-2017-dodge-charger--r-t--5-7l-v8-gas/wheels--tire-monitoring-system,,
Dodge Charger,R/T,5.7L V8 Gas,Wheels / Wheel Covers And Center Caps,pending,0,0,https://www.moparamerica.com/v-2017-dodge-charger--r-t--5-7l-v8-gas/wheels--wheel-covers-and-center-caps,,
Dodge Charger,R/T,5.7L V8 Gas,Wheels / Wheel Spare,pending,0,0,https://www.moparamerica.com/v-2017-dodge-charger--r-t--5-7l-v8-gas/wheels--wheel-spare,,
Dodge Charger,R/T,5.7L V8 Gas,Wheels / Wheels Tires And Hardware,pending,0,0,https://www.moparamerica.com/v-2017-dodge-charger--r-t--5-7l-v8-gas/wheels--wheels-tires-and-hardware,,
Dodge Charger,R/T Scat Pack,6.4L V8 Gas,3 6L Gas Engine / Engine Mounting,pending,0,0,https://www.moparamerica.com/v-2017-dodge-charger--r-t-scat-pack--6-4l-v8-gas/3-6l-gas-engine--engine-mounting,,
Dodge Charger,R/T Scat Pack,6.4L V8 Gas,3 6L Gas Engine / Engine Oiling Oil Pan And Indicator Dipstick,pending,0,0,https://www.moparamerica.com/v-2017-dodge-charger--r-t-scat-pack--6-4l-v8-gas/3-6l-gas-engine--engine-oiling-oil-pan-and-indicator-dipstick,,
Dodge Charger,R/T Scat Pack,6.4L V8 Gas,5 7Lgas Engine / Camshaft And Valve,pending,0,0,https://www.moparamerica.com/v-2017-dodge-charger--r-t-scat-pack--6-4l-v8-gas/5-7lgas-engine--camshaft-and-valve,,
Dodge Charger,R/T Scat Pack,6.4L V8 Gas,5 7Lgas Engine / Cylinder Block,pending,0,0,https://www.moparamerica.com/v-2017-dodge-charger--r-t-scat-pack--6-4l-v8-gas/5-7lgas-engine--cylinder-block,,
Dodge Charger,R/T Scat Pack,6.4L V8 Gas,5 7Lgas Engine / Engine Mounting,pending,0,0,https://www.moparamerica.com/v-2017-dodge-charger--r-t-scat-pack--6-4l-v8-gas/5-7lgas-engine--engine-mounting,,
Dodge Charger,R/T Scat Pack,6.4L V8 Gas,5 7Lgas Engine / Engine Oiling Oil Pan And Indicator Dipstick,pending,0,0,https://www.moparamerica.com/v-2017-dodge-charger--r-t-scat-pack--6-4l-v8-gas/5-7lgas-engine--engine-oiling-oil-pan-and-indicator-dipstick,,
Dodge Charger,R/T Scat Pack,6.4L V8 Gas,5 7Lgas Engine / Manifolds And Vacuum Fittings,pending,0,0,https://www.moparamerica.com/v-2017-dodge-charger--r-t-scat-pack--6-4l-v8-gas/5-7lgas-engine--manifolds-and-vacuum-fittings,,
Dodge Charger,R/T Scat Pack,6.4L V8 Gas,6 2L Gas Engine / Camshaft And Valve,pending,0,0,https://www.moparamerica.com/v-2017-dodge-charger--r-t-scat-pack--6-4l-v8-gas/6-2l-gas-engine--camshaft-and-valve,,
Dodge Charger,R/T Scat Pack,6.4L V8 Gas,6 2L Gas Engine / Engine Mounting,pending,0,0,https://www.moparamerica.com/v-2017-dodge-charger--r-t-scat-pack--6-4l-v8-gas/6-2l-gas-engine--engine-mounting,,
Dodge Charger,R/T Scat Pack,6.4L V8 Gas,6 2L Gas Engine / Engine Oil Cooler,pending,0,0,https://www.moparamerica.com/v-2017-dodge-charger--r-t-scat-pack--6-4l-v8-gas/6-2l-gas-engine--engine-oil-cooler,,
Dodge Charger,R/T Scat Pack,6.4L V8 Gas,6 2L Gas Engine / Engine Oiling Oil Pan And Indicator Dipstick,pending,0,0,https://www.moparamerica.com/v-2017-dodge-charger--r-t-scat-pack--6-4l-v8-gas/6-2l-gas-engine--engine-oiling-oil-pan-and-indicator-dipstick,,
Dodge Charger,R/T Scat Pack,6.4L V8 Gas,6 2L Gas Engine / Manifolds And Vacuum Fittings,pending,0,0,https://www.moparamerica.com/v-2017-dodge-charger--r-t-scat-pack--6-4l-v8-gas/6-2l-gas-engine--manifolds-and-vacuum-fittings,,
Dodge Charger,R/T Scat Pack,6.4L V8 Gas,6 4L Gas Engine / Camshaft And Valve,pending,0,0,https://www.moparamerica.com/v-2017-dodge-charger--r-t-scat-pack--6-4l-v8-gas/6-4l-gas-engine--camshaft-and-valve,,
Dodge Charger,R/T Scat Pack,6.4L V8 Gas,6 4L Gas Engine / Crankcase Ventilation,pending,0,0,https://www.moparamerica.com/v-2017-dodge-charger--r-t-scat-pack--6-4l-v8-gas/6-4l-gas-engine--crankcase-ventilation,,
Dodge Charger,R/T Scat Pack,6.4L V8 Gas,6 4L Gas Engine / Crankshaft Piston Drive Plate Flywheel And Damper,pending,0,0,https://www.moparamerica.com/v-2017-dodge-charger--r-t-scat-pack--6-4l-v8-gas/6-4l-gas-engine--crankshaft-piston-drive-plate-flywheel-and-damper,,
Dodge Charger,R/T Scat Pack,6.4L V8 Gas,6 4L Gas Engine / Cylinder Block,pending,0,0,https://www.moparamerica.com/v-2017-dodge-charger--r-t-scat-pack--6-4l-v8-gas/6-4l-gas-engine--cylinder-block,,
Dodge Charger,R/T Scat Pack,6.4L V8 Gas,6 4L Gas Engine / Cylinder Head,pending,0,0,https://www.moparamerica.com/v-2017-dodge-charger--r-t-scat-pack--6-4l-v8-gas/6-4l-gas-engine--cylinder-head,,
Dodge Charger,R/T Scat Pack,6.4L V8 Gas,6 4L Gas Engine / Engine Identification Service Engines And Engine Service Kits,pending,0,0,https://www.moparamerica.com/v-2017-dodge-charger--r-t-scat-pack--6-4l-v8-gas/6-4l-gas-engine--engine-identification-service-engines-and-engine-service-kits,,
Dodge Charger,R/T Scat Pack,6.4L V8 Gas,6 4L Gas Engine / Engine Mounting,pending,0,0,https://www.moparamerica.com/v-2017-dodge-charger--r-t-scat-pack--6-4l-v8-gas/6-4l-gas-engine--engine-mounting,,
Dodge Charger,R/T Scat Pack,6.4L V8 Gas,6 4L Gas Engine / Engine Oil Cooler,pending,0,0,https://www.moparamerica.com/v-2017-dodge-charger--r-t-scat-pack--6-4l-v8-gas/6-4l-gas-engine--engine-oil-cooler,,
Dodge Charger,R/T Scat Pack,6.4L V8 Gas,6 4L Gas Engine / Engine Oiling Oil Pan And Indicator Dipstick,pending,0,0,https://www.moparamerica.com/v-2017-dodge-charger--r-t-scat-pack--6-4l-v8-gas/6-4l-gas-engine--engine-oiling-oil-pan-and-indicator-dipstick,,
Dodge Charger,R/T Scat Pack,6.4L V8 Gas,6 4L Gas Engine / Manifolds And Vacuum Fittings,pending,0,0,https://www.moparamerica.com/v-2017-dodge-charger--r-t-scat-pack--6-4l-v8-gas/6-4l-gas-engine--manifolds-and-vacuum-fittings,,
Dodge Charger,R/T Scat Pack,6.4L V8 Gas,6 4L Gas Engine / Timing Belt Chain And Cover And Balance Shaft,pending,0,0,https://www.moparamerica.com/v-2017-dodge-charger--r-t-scat-pack--6-4l-v8-gas/6-4l-gas-engine--timing-belt-chain-and-cover-and-balance-shaft,,
Dodge Charger,R/T Scat Pack,6.4L V8 Gas,845Re 8 Speed Automatic Transmission / Automatic Transmission Transaxle And Torque Converter,pending,0,0,https://www.moparamerica.com/v-2017-dodge-charger--r-t-scat-pack--6-4l-v8-gas/845re-8-speed-automatic-transmission--automatic-transmission-transaxle-and-torque-converter,,
Dodge Charger,R/T Scat Pack,6.4L V8 Gas,845Re 8 Speed Automatic Transmission / Gearshift Controls And Related Parts,pending,0,0,https://www.moparamerica.com/v-2017-dodge-charger--r-t-scat-pack--6-4l-v8-gas/845re-8-speed-automatic-transmission--gearshift-controls-and-related-parts,,
Dodge Charger,R/T Scat Pack,6.4L V8 Gas,845Re 8 Speed Automatic Transmission / Mounting And Skid Plate,pending,0,0,https://www.moparamerica.com/v-2017-dodge-charger--r-t-scat-pack--6-4l-v8-gas/845re-8-speed-automatic-transmission--mounting-and-skid-plate,,
Dodge Charger,R/T Scat Pack,6.4L V8 Gas,845Re 8 Speed Automatic Transmission / Oil Pump,pending,0,0,https://www.moparamerica.com/v-2017-dodge-charger--r-t-scat-pack--6-4l-v8-gas/845re-8-speed-automatic-transmission--oil-pump,,
Dodge Charger,R/T Scat Pack,6.4L V8 Gas,845Re 8 Speed Automatic Transmission / Valve Body Accumulator Solenoid And Parking Sprag,pending,0,0,https://www.moparamerica.com/v-2017-dodge-charger--r-t-scat-pack--6-4l-v8-gas/845re-8-speed-automatic-transmission--valve-body-accumulator-solenoid-and-parking-sprag,,
Dodge Charger,R/T Scat Pack,6.4L V8 Gas,8Hp45 8 Speed Automatic Transmission / Automatic Transmission Transaxle And Torque Converter,pending,0,0,https://www.moparamerica.com/v-2017-dodge-charger--r-t-scat-pack--6-4l-v8-gas/8hp45-8-speed-automatic-transmission--automatic-transmission-transaxle-and-torque-converter,,
Dodge Charger,R/T Scat Pack,6.4L V8 Gas,8Hp45 8 Speed Automatic Transmission / Gearshift Controls And Related Parts,pending,0,0,https://www.moparamerica.com/v-2017-dodge-charger--r-t-scat-pack--6-4l-v8-gas/8hp45-8-speed-automatic-transmission--gearshift-controls-and-related-parts,,
Dodge Charger,R/T Scat Pack,6.4L V8 Gas,8Hp45 8 Speed Automatic Transmission / Mounting And Skid Plate,pending,0,0,https://www.moparamerica.com/v-2017-dodge-charger--r-t-scat-pack--6-4l-v8-gas/8hp45-8-speed-automatic-transmission--mounting-and-skid-plate,,
Dodge Charger,R/T Scat Pack,6.4L V8 Gas,8Hp70 8 Speed Automatic Transmission / Automatic Transmission Transaxle And Torque Converter,pending,0,0,https://www.moparamerica.com/v-2017-dodge-charger--r-t-scat-pack--6-4l-v8-gas/8hp70-8-speed-automatic-transmission--automatic-transmission-transaxle-and-torque-converter,,
Dodge Charger,R/T Scat Pack,6.4L V8 Gas,8Hp70 8 Speed Automatic Transmission / Case Extension Oil Pan And Indicator Dipstick,pending,0,0,https://www.moparamerica.com/v-2017-dodge-charger--r-t-scat-pack--6-4l-v8-gas/8hp70-8-speed-automatic-transmission--case-extension-oil-pan-and-indicator-dipstick,,
Dodge Charger,R/T Scat Pack,6.4L V8 Gas,8Hp70 8 Speed Automatic Transmission / Gearshift Controls And Related Parts,pending,0,0,https://www.moparamerica.com/v-2017-dodge-charger--r-t-scat-pack--6-4l-v8-gas/8hp70-8-speed-automatic-transmission--gearshift-controls-and-related-parts,,
Dodge Charger,R/T Scat Pack,6.4L V8 Gas,8Hp70 8 Speed Automatic Transmission / Mounting And Skid Plate,pending,0,0,https://www.moparamerica.com/v-2017-dodge-charger--r-t-scat-pack--6-4l-v8-gas/8hp70-8-speed-automatic-transmission--mounting-and-skid-plate,,
Dodge Charger,R/T Scat Pack,6.4L V8 Gas,8Hp70 8 Speed Automatic Transmission / Oil Pump,pending,0,0,https://www.moparamerica.com/v-2017-dodge-charger--r-t-scat-pack--6-4l-v8-gas/8hp70-8-speed-automatic-transmission--oil-pump,,
Dodge Charger,R/T Scat Pack,6.4L V8 Gas,8Hp70 8 Speed Automatic Transmission / Valve Body Accumulator Solenoid And Parking Sprag,pending,0,0,https://www.moparamerica.com/v-2017-dodge-charger--r-t-scat-pack--6-4l-v8-gas/8hp70-8-speed-automatic-transmission--valve-body-accumulator-solenoid-and-parking-sprag,,
Dodge Charger,R/T Scat Pack,6.4L V8 Gas,8Hp90 8 Speed Automatic Transmission / Automatic Transmission Transaxle And Torque Converter,pending,0,0,https://www.moparamerica.com/v-2017-dodge-charger--r-t-scat-pack--6-4l-v8-gas/8hp90-8-speed-automatic-transmission--automatic-transmission-transaxle-and-torque-converter,,
Dodge Charger,R/T Scat Pack,6.4L V8 Gas,8Hp90 8 Speed Automatic Transmission / Gearshift Controls And Related Parts,pending,0,0,https://www.moparamerica.com/v-2017-dodge-charger--r-t-scat-pack--6-4l-v8-gas/8hp90-8-speed-automatic-transmission--gearshift-controls-and-related-parts,,
Dodge Charger,R/T Scat Pack,6.4L V8 Gas,8Hp90 8 Speed Automatic Transmission / Mounting And Skid Plate,pending,0,0,https://www.moparamerica.com/v-2017-dodge-charger--r-t-scat-pack--6-4l-v8-gas/8hp90-8-speed-automatic-transmission--mounting-and-skid-plate,,
Dodge Charger,R/T Scat Pack,6.4L V8 Gas,Accessories,pending,0,0,https://www.moparamerica.com/v-2017-dodge-charger--r-t-scat-pack--6-4l-v8-gas/accessories,,
Dodge Charger,R/T Scat Pack,6.4L V8 Gas,Accessories Audio Video And Electronics Accessories / Charging Unit,pending,0,0,https://www.moparamerica.com/v-2017-dodge-charger--r-t-scat-pack--6-4l-v8-gas/accessories-audio-video-and-electronics-accessories--charging-unit,,
Dodge Charger,R/T Scat Pack,6.4L V8 Gas,Accessories Audio Video And Electronics Accessories / Security,pending,0,0,https://www.moparamerica.com/v-2017-dodge-charger--r-t-scat-pack--6-4l-v8-gas/accessories-audio-video-and-electronics-accessories--security,,
Dodge Charger,R/T Scat Pack,6.4L V8 Gas,Accessories Exterior Accessories / Air Deflectors,pending,0,0,https://www.moparamerica.com/v-2017-dodge-charger--r-t-scat-pack--6-4l-v8-gas/accessories-exterior-accessories--air-deflectors,,
Dodge Charger,R/T Scat Pack,6.4L V8 Gas,Accessories Exterior Accessories / Covers,pending,0,0,https://www.moparamerica.com/v-2017-dodge-charger--r-t-scat-pack--6-4l-v8-gas/accessories-exterior-accessories--covers,,
Dodge Charger,R/T Scat Pack,6.4L V8 Gas,Accessories Exterior Accessories / Exterior Appearance,pending,0,0,https://www.moparamerica.com/v-2017-dodge-charger--r-t-scat-pack--6-4l-v8-gas/accessories-exterior-accessories--exterior-appearance,,
Dodge Charger,R/T Scat Pack,6.4L V8 Gas,Accessories Exterior Accessories / License Plate,pending,0,0,https://www.moparamerica.com/v-2017-dodge-charger--r-t-scat-pack--6-4l-v8-gas/accessories-exterior-accessories--license-plate,,
Dodge Charger,R/T Scat Pack,6.4L V8 Gas,Accessories Exterior Accessories / Locks,pending,0,0,https://www.moparamerica.com/v-2017-dodge-charger--r-t-scat-pack--6-4l-v8-gas/accessories-exterior-accessories--locks,,
Dodge Charger,R/T Scat Pack,6.4L V8 Gas,Accessories Exterior Accessories / Protective Guards,pending,0,0,https://www.moparamerica.com/v-2017-dodge-charger--r-t-scat-pack--6-4l-v8-gas/accessories-exterior-accessories--protective-guards,,
Dodge Charger,R/T Scat Pack,6.4L V8 Gas,Accessories Exterior Accessories / Wheels,pending,0,0,https://www.moparamerica.com/v-2017-dodge-charger--r-t-scat-pack--6-4l-v8-gas/accessories-exterior-accessories--wheels,,
Dodge Charger,R/T Scat Pack,6.4L V8 Gas,Accessories Interior Accessories / Air Purification,pending,0,0,https://www.moparamerica.com/v-2017-dodge-charger--r-t-scat-pack--6-4l-v8-gas/accessories-interior-accessories--air-purification,,
Dodge Charger,R/T Scat Pack,6.4L V8 Gas,Accessories Interior Accessories / Cargo Trays And Mats,pending,0,0,https://www.moparamerica.com/v-2017-dodge-charger--r-t-scat-pack--6-4l-v8-gas/accessories-interior-accessories--cargo-trays-and-mats,,
Dodge Charger,R/T Scat Pack,6.4L V8 Gas,Accessories Interior Accessories / Floor Mats,pending,0,0,https://www.moparamerica.com/v-2017-dodge-charger--r-t-scat-pack--6-4l-v8-gas/accessories-interior-accessories--floor-mats,,
Dodge Charger,R/T Scat Pack,6.4L V8 Gas,Accessories Interior Accessories / Interior Appearance,pending,0,0,https://www.moparamerica.com/v-2017-dodge-charger--r-t-scat-pack--6-4l-v8-gas/accessories-interior-accessories--interior-appearance,,
Dodge Charger,R/T Scat Pack,6.4L V8 Gas,Accessories Interior Accessories / Seat And Security Covers,pending,0,0,https://www.moparamerica.com/v-2017-dodge-charger--r-t-scat-pack--6-4l-v8-gas/accessories-interior-accessories--seat-and-security-covers,,
Dodge Charger,R/T Scat Pack,6.4L V8 Gas,Accessories Lifestyle And Off Road Accessories / Safety Kits,pending,0,0,https://www.moparamerica.com/v-2017-dodge-charger--r-t-scat-pack--6-4l-v8-gas/accessories-lifestyle-and-off-road-accessories--safety-kits,,
Dodge Charger,R/T Scat Pack,6.4L V8 Gas,Accessories Lighting And Electrical Accessories / Charging Unit,pending,0,0,https://www.moparamerica.com/v-2017-dodge-charger--r-t-scat-pack--6-4l-v8-gas/accessories-lighting-and-electrical-accessories--charging-unit,,
Dodge Charger,R/T Scat Pack,6.4L V8 Gas,Accessories Lighting And Electrical Accessories / Police Equipment,pending,0,0,https://www.moparamerica.com/v-2017-dodge-charger--r-t-scat-pack--6-4l-v8-gas/accessories-lighting-and-electrical-accessories--police-equipment,,
Dodge Charger,R/T Scat Pack,6.4L V8 Gas,Accessories Modern Performance / Engine Parts,pending,0,0,https://www.moparamerica.com/v-2017-dodge-charger--r-t-scat-pack--6-4l-v8-gas/accessories-modern-performance--engine-parts,,
Dodge Charger,R/T Scat Pack,6.4L V8 Gas,Accessories Modern Performance / Intake And Air,pending,0,0,https://www.moparamerica.com/v-2017-dodge-charger--r-t-scat-pack--6-4l-v8-gas/accessories-modern-performance--intake-and-air,,
Dodge Charger,R/T Scat Pack,6.4L V8 Gas,Accessories Modern Performance / Suspension,pending,0,0,https://www.moparamerica.com/v-2017-dodge-charger--r-t-scat-pack--6-4l-v8-gas/accessories-modern-performance--suspension,,
Dodge Charger,R/T Scat Pack,6.4L V8 Gas,Accessories Vehicle Care Products / Mopar,pending,0,0,https://www.moparamerica.com/v-2017-dodge-charger--r-t-scat-pack--6-4l-v8-gas/accessories-vehicle-care-products--mopar,,
Dodge Charger,R/T Scat Pack,6.4L V8 Gas,Accessories Vehicle Care Products / Touch Up Paint,pending,0,0,https://www.moparamerica.com/v-2017-dodge-charger--r-t-scat-pack--6-4l-v8-gas/accessories-vehicle-care-products--touch-up-paint,,
Dodge Charger,R/T Scat Pack,6.4L V8 Gas,Air Conditioners And Heaters / Air Conditioner And Heater Controls,pending,0,0,https://www.moparamerica.com/v-2017-dodge-charger--r-t-scat-pack--6-4l-v8-gas/air-conditioners-and-heaters--air-conditioner-and-heater-controls,,
Dodge Charger,R/T Scat Pack,6.4L V8 Gas,Air Conditioners And Heaters / Air Conditioner And Heater Plumbing,pending,0,0,https://www.moparamerica.com/v-2017-dodge-charger--r-t-scat-pack--6-4l-v8-gas/air-conditioners-and-heaters--air-conditioner-and-heater-plumbing,,
Dodge Charger,R/T Scat Pack,6.4L V8 Gas,Air Conditioners And Heaters / Air Conditioner And Heater Units,pending,0,0,https://www.moparamerica.com/v-2017-dodge-charger--r-t-scat-pack--6-4l-v8-gas/air-conditioners-and-heaters--air-conditioner-and-heater-units,,
Dodge Charger,R/T Scat Pack,6.4L V8 Gas,Air Conditioners And Heaters / Air Conditioner Compressor And Mounting,pending,0,0,https://www.moparamerica.com/v-2017-dodge-charger--r-t-scat-pack--6-4l-v8-gas/air-conditioners-and-heaters--air-conditioner-compressor-and-mounting,,
Dodge Charger,R/T Scat Pack,6.4L V8 Gas,Air Conditioners And Heaters / Air Ducts,pending,0,0,https://www.moparamerica.com/v-2017-dodge-charger--r-t-scat-pack--6-4l-v8-gas/air-conditioners-and-heaters--air-ducts,,
Dodge Charger,R/T Scat Pack,6.4L V8 Gas,All Wheel Drive Differential And Drive Line / Drive Shaft,pending,0,0,https://www.moparamerica.com/v-2017-dodge-charger--r-t-scat-pack--6-4l-v8-gas/all-wheel-drive-differential-and-drive-line--drive-shaft,,
Dodge Charger,R/T Scat Pack,6.4L V8 Gas,All Wheel Drive Differential And Drive Line / Front Axle Assembly,pending,0,0,https://www.moparamerica.com/v-2017-dodge-charger--r-t-scat-pack--6-4l-v8-gas/all-wheel-drive-differential-and-drive-line--front-axle-assembly,,
Dodge Charger,R/T Scat Pack,6.4L V8 Gas,All Wheel Drive Differential And Drive Line / Front Axle Drive Shafts,pending,0,0,https://www.moparamerica.com/v-2017-dodge-charger--r-t-scat-pack--6-4l-v8-gas/all-wheel-drive-differential-and-drive-line--front-axle-drive-shafts,,
Dodge Charger,R/T Scat Pack,6.4L V8 Gas,All Wheel Drive Differential And Drive Line / Rear Axle Assembly,pending,0,0,https://www.moparamerica.com/v-2017-dodge-charger--r-t-scat-pack--6-4l-v8-gas/all-wheel-drive-differential-and-drive-line--rear-axle-assembly,,
Dodge Charger,R/T Scat Pack,6.4L V8 Gas,All Wheel Drive Differential And Drive Line / Rear Axle Housing Differential And Vent,pending,0,0,https://www.moparamerica.com/v-2017-dodge-charger--r-t-scat-pack--6-4l-v8-gas/all-wheel-drive-differential-and-drive-line--rear-axle-housing-differential-and-vent,,
Dodge Charger,R/T Scat Pack,6.4L V8 Gas,Auto Parts,pending,0,0,https://www.moparamerica.com/v-2017-dodge-charger--r-t-scat-pack--6-4l-v8-gas/auto-parts,,
Dodge Charger,R/T Scat Pack,6.4L V8 Gas,Body Sheet Metal Except Doors / Aperture Panel And Pillar Supports,pending,0,0,https://www.moparamerica.com/v-2017-dodge-charger--r-t-scat-pack--6-4l-v8-gas/body-sheet-metal-except-doors--aperture-panel-and-pillar-supports,,
Dodge Charger,R/T Scat Pack,6.4L V8 Gas,Body Sheet Metal Except Doors / Cowl And Dash Panel,pending,0,0,https://www.moparamerica.com/v-2017-dodge-charger--r-t-scat-pack--6-4l-v8-gas/body-sheet-metal-except-doors--cowl-and-dash-panel,,
Dodge Charger,R/T Scat Pack,6.4L V8 Gas,Body Sheet Metal Except Doors / Deck Lid,pending,0,0,https://www.moparamerica.com/v-2017-dodge-charger--r-t-scat-pack--6-4l-v8-gas/body-sheet-metal-except-doors--deck-lid,,
Dodge Charger,R/T Scat Pack,6.4L V8 Gas,Body Sheet Metal Except Doors / Fenders,pending,0,0,https://www.moparamerica.com/v-2017-dodge-charger--r-t-scat-pack--6-4l-v8-gas/body-sheet-metal-except-doors--fenders,,
Dodge Charger,R/T Scat Pack,6.4L V8 Gas,Body Sheet Metal Except Doors / Floor Pans,pending,0,0,https://www.moparamerica.com/v-2017-dodge-charger--r-t-scat-pack--6-4l-v8-gas/body-sheet-metal-except-doors--floor-pans,,
Dodge Charger,R/T Scat Pack,6.4L V8 Gas,Body Sheet Metal Except Doors / Hood And Hood Release,pending,0,0,https://www.moparamerica.com/v-2017-dodge-charger--r-t-scat-pack--6-4l-v8-gas/body-sheet-metal-except-doors--hood-and-hood-release,,
Dodge Charger,R/T Scat Pack,6.4L V8 Gas,Body Sheet Metal Except Doors / Pick Up Box And Fuel Filler Door,pending,0,0,https://www.moparamerica.com/v-2017-dodge-charger--r-t-scat-pack--6-4l-v8-gas/body-sheet-metal-except-doors--pick-up-box-and-fuel-filler-door,,
Dodge Charger,R/T Scat Pack,6.4L V8 Gas,Body Sheet Metal Except Doors / Plugs,pending,0,0,https://www.moparamerica.com/v-2017-dodge-charger--r-t-scat-pack--6-4l-v8-gas/body-sheet-metal-except-doors--plugs,,
Dodge Charger,R/T Scat Pack,6.4L V8 Gas,Body Sheet Metal Except Doors / Roof,pending,0,0,https://www.moparamerica.com/v-2017-dodge-charger--r-t-scat-pack--6-4l-v8-gas/body-sheet-metal-except-doors--roof,,
Dodge Charger,R/T Scat Pack,6.4L V8 Gas,Body Sheet Metal Except Doors / Shelf Panel,pending,0,0,https://www.moparamerica.com/v-2017-dodge-charger--r-t-scat-pack--6-4l-v8-gas/body-sheet-metal-except-doors--shelf-panel,,
Dodge Charger,R/T Scat Pack,6.4L V8 Gas,Body Sheet Metal Except Doors / Sunroof,pending,0,0,https://www.moparamerica.com/v-2017-dodge-charger--r-t-scat-pack--6-4l-v8-gas/body-sheet-metal-except-doors--sunroof,,
Dodge Charger,R/T Scat Pack,6.4L V8 Gas,Brakes / Brake Master Cylinder,pending,0,0,https://www.moparamerica.com/v-2017-dodge-charger--r-t-scat-pack--6-4l-v8-gas/brakes--brake-master-cylinder,,
Dodge Charger,R/T Scat Pack,6.4L V8 Gas,Brakes / Brake Pedals,pending,0,0,https://www.moparamerica.com/v-2017-dodge-charger--r-t-scat-pack--6-4l-v8-gas/brakes--brake-pedals,,
Dodge Charger,R/T Scat Pack,6.4L V8 Gas,Brakes / Front Brakes,pending,0,0,https://www.moparamerica.com/v-2017-dodge-charger--r-t-scat-pack--6-4l-v8-gas/brakes--front-brakes,,
Dodge Charger,R/T Scat Pack,6.4L V8 Gas,Brakes / Hydraulic Control Unit Brake Tubes And Hoses,pending,0,0,https://www.moparamerica.com/v-2017-dodge-charger--r-t-scat-pack--6-4l-v8-gas/brakes--hydraulic-control-unit-brake-tubes-and-hoses,,
Dodge Charger,R/T Scat Pack,6.4L V8 Gas,Brakes / Parking Brake Lever Cables And Rear Disc Park Brake Assembly,pending,0,0,https://www.moparamerica.com/v-2017-dodge-charger--r-t-scat-pack--6-4l-v8-gas/brakes--parking-brake-lever-cables-and-rear-disc-park-brake-assembly,,
Dodge Charger,R/T Scat Pack,6.4L V8 Gas,Brakes / Power Brake Booster,pending,0,0,https://www.moparamerica.com/v-2017-dodge-charger--r-t-scat-pack--6-4l-v8-gas/brakes--power-brake-booster,,
Dodge Charger,R/T Scat Pack,6.4L V8 Gas,Brakes / Rear Brakes,pending,0,0,https://www.moparamerica.com/v-2017-dodge-charger--r-t-scat-pack--6-4l-v8-gas/brakes--rear-brakes,,
Dodge Charger,R/T Scat Pack,6.4L V8 Gas,Conversion And Upfit Packages / Exterior,pending,0,0,https://www.moparamerica.com/v-2017-dodge-charger--r-t-scat-pack--6-4l-v8-gas/conversion-and-upfit-packages--exterior,,
Dodge Charger,R/T Scat Pack,6.4L V8 Gas,Conversion And Upfit Packages / Police,pending,0,0,https://www.moparamerica.com/v-2017-dodge-charger--r-t-scat-pack--6-4l-v8-gas/conversion-and-upfit-packages--police,,
Dodge Charger,R/T Scat Pack,6.4L V8 Gas,Cooling / Drive Belts,pending,0,0,https://www.moparamerica.com/v-2017-dodge-charger--r-t-scat-pack--6-4l-v8-gas/cooling--drive-belts,,
Dodge Charger,R/T Scat Pack,6.4L V8 Gas,Cooling / Engine Coolant Reservoir Bottle,pending,0,0,https://www.moparamerica.com/v-2017-dodge-charger--r-t-scat-pack--6-4l-v8-gas/cooling--engine-coolant-reservoir-bottle,,
Dodge Charger,R/T Scat Pack,6.4L V8 Gas,Cooling / Pulleys And Related Parts,pending,0,0,https://www.moparamerica.com/v-2017-dodge-charger--r-t-scat-pack--6-4l-v8-gas/cooling--pulleys-and-related-parts,,
Dodge Charger,R/T Scat Pack,6.4L V8 Gas,Cooling / Radiator And Related Parts Charge Air Cooler,pending,0,0,https://www.moparamerica.com/v-2017-dodge-charger--r-t-scat-pack--6-4l-v8-gas/cooling--radiator-and-related-parts-charge-air-cooler,,
Dodge Charger,R/T Scat Pack,6.4L V8 Gas,Cooling / Transmission Oil Cooler And Lines,pending,0,0,https://www.moparamerica.com/v-2017-dodge-charger--r-t-scat-pack--6-4l-v8-gas/cooling--transmission-oil-cooler-and-lines,,
Dodge Charger,R/T Scat Pack,6.4L V8 Gas,Cooling / Water Pump And Related Parts,pending,0,0,https://www.moparamerica.com/v-2017-dodge-charger--r-t-scat-pack--6-4l-v8-gas/cooling--water-pump-and-related-parts,,
Dodge Charger,R/T Scat Pack,6.4L V8 Gas,Doors Door Mirrors And Related Parts / Exterior Mirror,pending,0,0,https://www.moparamerica.com/v-2017-dodge-charger--r-t-scat-pack--6-4l-v8-gas/doors-door-mirrors-and-related-parts--exterior-mirror,,
Dodge Charger,R/T Scat Pack,6.4L V8 Gas,Doors Door Mirrors And Related Parts / Front Door,pending,0,0,https://www.moparamerica.com/v-2017-dodge-charger--r-t-scat-pack--6-4l-v8-gas/doors-door-mirrors-and-related-parts--front-door,,
Dodge Charger,R/T Scat Pack,6.4L V8 Gas,Doors Door Mirrors And Related Parts / Rear Door,pending,0,0,https://www.moparamerica.com/v-2017-dodge-charger--r-t-scat-pack--6-4l-v8-gas/doors-door-mirrors-and-related-parts--rear-door,,
Dodge Charger,R/T Scat Pack,6.4L V8 Gas,Doors Door Mirrors And Related Parts / Weatherstrips And Seals,pending,0,0,https://www.moparamerica.com/v-2017-dodge-charger--r-t-scat-pack--6-4l-v8-gas/doors-door-mirrors-and-related-parts--weatherstrips-and-seals,,
Dodge Charger,R/T Scat Pack,6.4L V8 Gas,Electrical / Battery Battery Tray And Cables,pending,0,0,https://www.moparamerica.com/v-2017-dodge-charger--r-t-scat-pack--6-4l-v8-gas/electrical--battery-battery-tray-and-cables,,
Dodge Charger,R/T Scat Pack,6.4L V8 Gas,Electrical / Generators Alternators,pending,0,0,https://www.moparamerica.com/v-2017-dodge-charger--r-t-scat-pack--6-4l-v8-gas/electrical--generators-alternators,,
Dodge Charger,R/T Scat Pack,6.4L V8 Gas,Electrical / Horns,pending,0,0,https://www.moparamerica.com/v-2017-dodge-charger--r-t-scat-pack--6-4l-v8-gas/electrical--horns,,
Dodge Charger,R/T Scat Pack,6.4L V8 Gas,Electrical / Ignition Spark Plugs Cables Coils And Glow Plugs,pending,0,0,https://www.moparamerica.com/v-2017-dodge-charger--r-t-scat-pack--6-4l-v8-gas/electrical--ignition-spark-plugs-cables-coils-and-glow-plugs,,
Dodge Charger,R/T Scat Pack,6.4L V8 Gas,Electrical / Instrument Panel Cluster,pending,0,0,https://www.moparamerica.com/v-2017-dodge-charger--r-t-scat-pack--6-4l-v8-gas/electrical--instrument-panel-cluster,,
Dodge Charger,R/T Scat Pack,6.4L V8 Gas,Electrical / Keys Modules And Engine Controllers,pending,0,0,https://www.moparamerica.com/v-2017-dodge-charger--r-t-scat-pack--6-4l-v8-gas/electrical--keys-modules-and-engine-controllers,,
Dodge Charger,R/T Scat Pack,6.4L V8 Gas,Electrical / Lamps Interior And Exterior,pending,0,0,https://www.moparamerica.com/v-2017-dodge-charger--r-t-scat-pack--6-4l-v8-gas/electrical--lamps-interior-and-exterior,,
Dodge Charger,R/T Scat Pack,6.4L V8 Gas,Electrical / Park Assist,pending,0,0,https://www.moparamerica.com/v-2017-dodge-charger--r-t-scat-pack--6-4l-v8-gas/electrical--park-assist,,
Dodge Charger,R/T Scat Pack,6.4L V8 Gas,Electrical / Power Distribution Center Fuse Block Junction Block Relays And Fuses,pending,0,0,https://www.moparamerica.com/v-2017-dodge-charger--r-t-scat-pack--6-4l-v8-gas/electrical--power-distribution-center-fuse-block-junction-block-relays-and-fuses,,
Dodge Charger,R/T Scat Pack,6.4L V8 Gas,Electrical / Radio Antenna Speakers Dvd And Video Systems,pending,0,0,https://www.moparamerica.com/v-2017-dodge-charger--r-t-scat-pack--6-4l-v8-gas/electrical--radio-antenna-speakers-dvd-and-video-systems,,
Dodge Charger,R/T Scat Pack,6.4L V8 Gas,Electrical / Sensors,pending,0,0,https://www.moparamerica.com/v-2017-dodge-charger--r-t-scat-pack--6-4l-v8-gas/electrical--sensors,,
Dodge Charger,R/T Scat Pack,6.4L V8 Gas,Electrical / Speed Control,pending,0,0,https://www.moparamerica.com/v-2017-dodge-charger--r-t-scat-pack--6-4l-v8-gas/electrical--speed-control,,
Dodge Charger,R/T Scat Pack,6.4L V8 Gas,Electrical / Starters,pending,0,0,https://www.moparamerica.com/v-2017-dodge-charger--r-t-scat-pack--6-4l-v8-gas/electrical--starters,,
Dodge Charger,R/T Scat Pack,6.4L V8 Gas,Electrical / Switches,pending,0,0,https://www.moparamerica.com/v-2017-dodge-charger--r-t-scat-pack--6-4l-v8-gas/electrical--switches,,
Dodge Charger,R/T Scat Pack,6.4L V8 Gas,Electrical / Wiper And Washer System,pending,0,0,https://www.moparamerica.com/v-2017-dodge-charger--r-t-scat-pack--6-4l-v8-gas/electrical--wiper-and-washer-system,,
Dodge Charger,R/T Scat Pack,6.4L V8 Gas,Electrical / Wiring Body And Accessories,pending,0,0,https://www.moparamerica.com/v-2017-dodge-charger--r-t-scat-pack--6-4l-v8-gas/electrical--wiring-body-and-accessories,,
Dodge Charger,R/T Scat Pack,6.4L V8 Gas,Electrical / Wiring Headlamp To Dash,pending,0,0,https://www.moparamerica.com/v-2017-dodge-charger--r-t-scat-pack--6-4l-v8-gas/electrical--wiring-headlamp-to-dash,,
Dodge Charger,R/T Scat Pack,6.4L V8 Gas,Electrical / Wiring Instrument Panel,pending,0,0,https://www.moparamerica.com/v-2017-dodge-charger--r-t-scat-pack--6-4l-v8-gas/electrical--wiring-instrument-panel,,
Dodge Charger,R/T Scat Pack,6.4L V8 Gas,Electrical / Wiring Powertrain,pending,0,0,https://www.moparamerica.com/v-2017-dodge-charger--r-t-scat-pack--6-4l-v8-gas/electrical--wiring-powertrain,,
Dodge Charger,R/T Scat Pack,6.4L V8 Gas,Emission Controls / Emission Harness,pending,0,0,https://www.moparamerica.com/v-2017-dodge-charger--r-t-scat-pack--6-4l-v8-gas/emission-controls--emission-harness,,
Dodge Charger,R/T Scat Pack,6.4L V8 Gas,Emission Controls / Vacuum Canister Leak Detection Pump,pending,0,0,https://www.moparamerica.com/v-2017-dodge-charger--r-t-scat-pack--6-4l-v8-gas/emission-controls--vacuum-canister-leak-detection-pump,,
Dodge Charger,R/T Scat Pack,6.4L V8 Gas,Exhaust / Exhaust System,pending,0,0,https://www.moparamerica.com/v-2017-dodge-charger--r-t-scat-pack--6-4l-v8-gas/exhaust--exhaust-system,,
Dodge Charger,R/T Scat Pack,6.4L V8 Gas,Exterior Ornamentation / Decals And Tape Stripes,pending,0,0,https://www.moparamerica.com/v-2017-dodge-charger--r-t-scat-pack--6-4l-v8-gas/exterior-ornamentation--decals-and-tape-stripes,,
Dodge Charger,R/T Scat Pack,6.4L V8 Gas,Exterior Ornamentation / Grilles,pending,0,0,https://www.moparamerica.com/v-2017-dodge-charger--r-t-scat-pack--6-4l-v8-gas/exterior-ornamentation--grilles,,
Dodge Charger,R/T Scat Pack,6.4L V8 Gas,Exterior Ornamentation / Moldings And Ornamentation,pending,0,0,https://www.moparamerica.com/v-2017-dodge-charger--r-t-scat-pack--6-4l-v8-gas/exterior-ornamentation--moldings-and-ornamentation,,
Dodge Charger,R/T Scat Pack,6.4L V8 Gas,Exterior Ornamentation / Nameplates,pending,0,0,https://www.moparamerica.com/v-2017-dodge-charger--r-t-scat-pack--6-4l-v8-gas/exterior-ornamentation--nameplates,,
Dodge Charger,R/T Scat Pack,6.4L V8 Gas,Frame Bumper And Fascia / Frames,pending,0,0,https://www.moparamerica.com/v-2017-dodge-charger--r-t-scat-pack--6-4l-v8-gas/frame-bumper-and-fascia--frames,,
Dodge Charger,R/T Scat Pack,6.4L V8 Gas,Frame Bumper And Fascia / Front Bumper And Fascia,pending,0,0,https://www.moparamerica.com/v-2017-dodge-charger--r-t-scat-pack--6-4l-v8-gas/frame-bumper-and-fascia--front-bumper-and-fascia,,
Dodge Charger,R/T Scat Pack,6.4L V8 Gas,Frame Bumper And Fascia / Rear Bumper And Fascia,pending,0,0,https://www.moparamerica.com/v-2017-dodge-charger--r-t-scat-pack--6-4l-v8-gas/frame-bumper-and-fascia--rear-bumper-and-fascia,,
Dodge Charger,R/T Scat Pack,6.4L V8 Gas,Front Suspension / Front Stabilizer Bar,pending,0,0,https://www.moparamerica.com/v-2017-dodge-charger--r-t-scat-pack--6-4l-v8-gas/front-suspension--front-stabilizer-bar,,
Dodge Charger,R/T Scat Pack,6.4L V8 Gas,Front Suspension / Front Suspension Strut And Cradle,pending,0,0,https://www.moparamerica.com/v-2017-dodge-charger--r-t-scat-pack--6-4l-v8-gas/front-suspension--front-suspension-strut-and-cradle,,
Dodge Charger,R/T Scat Pack,6.4L V8 Gas,Fuel / Accelerator Pedal,pending,0,0,https://www.moparamerica.com/v-2017-dodge-charger--r-t-scat-pack--6-4l-v8-gas/fuel--accelerator-pedal,,
Dodge Charger,R/T Scat Pack,6.4L V8 Gas,Fuel / Air Cleaner,pending,0,0,https://www.moparamerica.com/v-2017-dodge-charger--r-t-scat-pack--6-4l-v8-gas/fuel--air-cleaner,,
Dodge Charger,R/T Scat Pack,6.4L V8 Gas,Fuel / Fuel Lines,pending,0,0,https://www.moparamerica.com/v-2017-dodge-charger--r-t-scat-pack--6-4l-v8-gas/fuel--fuel-lines,,
Dodge Charger,R/T Scat Pack,6.4L V8 Gas,Fuel / Fuel Pump And Sending Unit,pending,0,0,https://www.moparamerica.com/v-2017-dodge-charger--r-t-scat-pack--6-4l-v8-gas/fuel--fuel-pump-and-sending-unit,,
Dodge Charger,R/T Scat Pack,6.4L V8 Gas,Fuel / Fuel Rail And Injectors,pending,0,0,https://www.moparamerica.com/v-2017-dodge-charger--r-t-scat-pack--6-4l-v8-gas/fuel--fuel-rail-and-injectors,,
Dodge Charger,R/T Scat Pack,6.4L V8 Gas,Fuel / Fuel Tank,pending,0,0,https://www.moparamerica.com/v-2017-dodge-charger--r-t-scat-pack--6-4l-v8-gas/fuel--fuel-tank,,
Dodge Charger,R/T Scat Pack,6.4L V8 Gas,Fuel / Fuel Tank Filler Tube,pending,0,0,https://www.moparamerica.com/v-2017-dodge-charger--r-t-scat-pack--6-4l-v8-gas/fuel--fuel-tank-filler-tube,,
Dodge Charger,R/T Scat Pack,6.4L V8 Gas,Fuel / Throttle Body,pending,0,0,https://www.moparamerica.com/v-2017-dodge-charger--r-t-scat-pack--6-4l-v8-gas/fuel--throttle-body,,
Dodge Charger,R/T Scat Pack,6.4L V8 Gas,Glass / Glass And Interior Rear View Mirror,pending,0,0,https://www.moparamerica.com/v-2017-dodge-charger--r-t-scat-pack--6-4l-v8-gas/glass--glass-and-interior-rear-view-mirror,,
Dodge Charger,R/T Scat Pack,6.4L V8 Gas,Interior Trim / Carpets Floor Mats Load Floor And Silencers,pending,0,0,https://www.moparamerica.com/v-2017-dodge-charger--r-t-scat-pack--6-4l-v8-gas/interior-trim--carpets-floor-mats-load-floor-and-silencers,,
Dodge Charger,R/T Scat Pack,6.4L V8 Gas,Interior Trim / Consoles,pending,0,0,https://www.moparamerica.com/v-2017-dodge-charger--r-t-scat-pack--6-4l-v8-gas/interior-trim--consoles,,
Dodge Charger,R/T Scat Pack,6.4L V8 Gas,Interior Trim / Door Trim Panels Front And Rear,pending,0,0,https://www.moparamerica.com/v-2017-dodge-charger--r-t-scat-pack--6-4l-v8-gas/interior-trim--door-trim-panels-front-and-rear,,
Dodge Charger,R/T Scat Pack,6.4L V8 Gas,Interior Trim / Front Seats Adjusters Recliners Shields And Risers,pending,0,0,https://www.moparamerica.com/v-2017-dodge-charger--r-t-scat-pack--6-4l-v8-gas/interior-trim--front-seats-adjusters-recliners-shields-and-risers,,
Dodge Charger,R/T Scat Pack,6.4L V8 Gas,Interior Trim / Front Seats First Row,pending,0,0,https://www.moparamerica.com/v-2017-dodge-charger--r-t-scat-pack--6-4l-v8-gas/interior-trim--front-seats-first-row,,
Dodge Charger,R/T Scat Pack,6.4L V8 Gas,Interior Trim / Headliners Visors Assist Straps,pending,0,0,https://www.moparamerica.com/v-2017-dodge-charger--r-t-scat-pack--6-4l-v8-gas/interior-trim--headliners-visors-assist-straps,,
Dodge Charger,R/T Scat Pack,6.4L V8 Gas,Interior Trim / Instrument Panel,pending,0,0,https://www.moparamerica.com/v-2017-dodge-charger--r-t-scat-pack--6-4l-v8-gas/interior-trim--instrument-panel,,
Dodge Charger,R/T Scat Pack,6.4L V8 Gas,Interior Trim / Panels Moldings Scuff Plates Pillar Cowl 1 4 Panel Trim And Cargo Covers,pending,0,0,https://www.moparamerica.com/v-2017-dodge-charger--r-t-scat-pack--6-4l-v8-gas/interior-trim--panels-moldings-scuff-plates-pillar-cowl-1-4-panel-trim-and-cargo-covers,,
Dodge Charger,R/T Scat Pack,6.4L V8 Gas,Interior Trim / Rear Seats Second Row,pending,0,0,https://www.moparamerica.com/v-2017-dodge-charger--r-t-scat-pack--6-4l-v8-gas/interior-trim--rear-seats-second-row,,
Dodge Charger,R/T Scat Pack,6.4L V8 Gas,Interior Trim / Rear Seats Second Row Adjusters Recliners Shields And Risers,pending,0,0,https://www.moparamerica.com/v-2017-dodge-charger--r-t-scat-pack--6-4l-v8-gas/interior-trim--rear-seats-second-row-adjusters-recliners-shields-and-risers,,
Dodge Charger,R/T Scat Pack,6.4L V8 Gas,Labels / Trunk,pending,0,0,https://www.moparamerica.com/v-2017-dodge-charger--r-t-scat-pack--6-4l-v8-gas/labels--trunk,,
Dodge Charger,R/T Scat Pack,6.4L V8 Gas,Labels / Under Hood,pending,0,0,https://www.moparamerica.com/v-2017-dodge-charger--r-t-scat-pack--6-4l-v8-gas/labels--under-hood,,
Dodge Charger,R/T Scat Pack,6.4L V8 Gas,Mopar Accessories Component Parts / Carriers And Cargo Hauling,pending,0,0,https://www.moparamerica.com/v-2017-dodge-charger--r-t-scat-pack--6-4l-v8-gas/mopar-accessories-component-parts--carriers-and-cargo-hauling,,
Dodge Charger,R/T Scat Pack,6.4L V8 Gas,Mopar Accessories Component Parts / Driver Convenience,pending,0,0,https://www.moparamerica.com/v-2017-dodge-charger--r-t-scat-pack--6-4l-v8-gas/mopar-accessories-component-parts--driver-convenience,,
Dodge Charger,R/T Scat Pack,6.4L V8 Gas,Mopar Accessories Component Parts / Exterior Appearance,pending,0,0,https://www.moparamerica.com/v-2017-dodge-charger--r-t-scat-pack--6-4l-v8-gas/mopar-accessories-component-parts--exterior-appearance,,
Dodge Charger,R/T Scat Pack,6.4L V8 Gas,Mopar Accessories Component Parts / Fog Lights And Electrical,pending,0,0,https://www.moparamerica.com/v-2017-dodge-charger--r-t-scat-pack--6-4l-v8-gas/mopar-accessories-component-parts--fog-lights-and-electrical,,
Dodge Charger,R/T Scat Pack,6.4L V8 Gas,Mopar Accessories Component Parts / Interior Protection,pending,0,0,https://www.moparamerica.com/v-2017-dodge-charger--r-t-scat-pack--6-4l-v8-gas/mopar-accessories-component-parts--interior-protection,,
Dodge Charger,R/T Scat Pack,6.4L V8 Gas,Mopar Accessories Component Parts / Powertrain,pending,0,0,https://www.moparamerica.com/v-2017-dodge-charger--r-t-scat-pack--6-4l-v8-gas/mopar-accessories-component-parts--powertrain,,
Dodge Charger,R/T Scat Pack,6.4L V8 Gas,Nag1 W5A580 5 Speed Automatic Transmission / Automatic Transmission Transaxle And Torque Converter,pending,0,0,https://www.moparamerica.com/v-2017-dodge-charger--r-t-scat-pack--6-4l-v8-gas/nag1-w5a580-5-speed-automatic-transmission--automatic-transmission-transaxle-and-torque-converter,,
Dodge Charger,R/T Scat Pack,6.4L V8 Gas,Nag1 W5A580 5 Speed Automatic Transmission / Gearshift Controls And Related Parts,pending,0,0,https://www.moparamerica.com/v-2017-dodge-charger--r-t-scat-pack--6-4l-v8-gas/nag1-w5a580-5-speed-automatic-transmission--gearshift-controls-and-related-parts,,
Dodge Charger,R/T Scat Pack,6.4L V8 Gas,Nag1 W5A580 5 Speed Automatic Transmission / Mounting And Skid Plate,pending,0,0,https://www.moparamerica.com/v-2017-dodge-charger--r-t-scat-pack--6-4l-v8-gas/nag1-w5a580-5-speed-automatic-transmission--mounting-and-skid-plate,,
Dodge Charger,R/T Scat Pack,6.4L V8 Gas,Power Transfer Unit Transfer Case / Transfer Case Assembly,pending,0,0,https://www.moparamerica.com/v-2017-dodge-charger--r-t-scat-pack--6-4l-v8-gas/power-transfer-unit-transfer-case--transfer-case-assembly,,
Dodge Charger,R/T Scat Pack,6.4L V8 Gas,Rear Suspension / Rear Stabilizer,pending,0,0,https://www.moparamerica.com/v-2017-dodge-charger--r-t-scat-pack--6-4l-v8-gas/rear-suspension--rear-stabilizer,,
Dodge Charger,R/T Scat Pack,6.4L V8 Gas,Rear Suspension / Rear Suspension And Cradle,pending,0,0,https://www.moparamerica.com/v-2017-dodge-charger--r-t-scat-pack--6-4l-v8-gas/rear-suspension--rear-suspension-and-cradle,,
Dodge Charger,R/T Scat Pack,6.4L V8 Gas,Rear Wheel Drive Differential And Drive Line / Drive Shaft,pending,0,0,https://www.moparamerica.com/v-2017-dodge-charger--r-t-scat-pack--6-4l-v8-gas/rear-wheel-drive-differential-and-drive-line--drive-shaft,,
Dodge Charger,R/T Scat Pack,6.4L V8 Gas,Rear Wheel Drive Differential And Drive Line / Rear Axle Assembly,pending,0,0,https://www.moparamerica.com/v-2017-dodge-charger--r-t-scat-pack--6-4l-v8-gas/rear-wheel-drive-differential-and-drive-line--rear-axle-assembly,,
Dodge Charger,R/T Scat Pack,6.4L V8 Gas,Rear Wheel Drive Differential And Drive Line / Rear Axle Housing Differential And Vent,pending,0,0,https://www.moparamerica.com/v-2017-dodge-charger--r-t-scat-pack--6-4l-v8-gas/rear-wheel-drive-differential-and-drive-line--rear-axle-housing-differential-and-vent,,
Dodge Charger,R/T Scat Pack,6.4L V8 Gas,Rear Wheel Drive Differential And Drive Line / Rear Axle Shafts,pending,0,0,https://www.moparamerica.com/v-2017-dodge-charger--r-t-scat-pack--6-4l-v8-gas/rear-wheel-drive-differential-and-drive-line--rear-axle-shafts,,
Dodge Charger,R/T Scat Pack,6.4L V8 Gas,Restraints / Air Bags,pending,0,0,https://www.moparamerica.com/v-2017-dodge-charger--r-t-scat-pack--6-4l-v8-gas/restraints--air-bags,,
Dodge Charger,R/T Scat Pack,6.4L V8 Gas,Restraints / Seat Belts,pending,0,0,https://www.moparamerica.com/v-2017-dodge-charger--r-t-scat-pack--6-4l-v8-gas/restraints--seat-belts,,
Dodge Charger,R/T Scat Pack,6.4L V8 Gas,Steering / Power Steering Hoses,pending,0,0,https://www.moparamerica.com/v-2017-dodge-charger--r-t-scat-pack--6-4l-v8-gas/steering--power-steering-hoses,,
Dodge Charger,R/T Scat Pack,6.4L V8 Gas,Steering / Power Steering Pump And Reservoir,pending,0,0,https://www.moparamerica.com/v-2017-dodge-charger--r-t-scat-pack--6-4l-v8-gas/steering--power-steering-pump-and-reservoir,,
Dodge Charger,R/T Scat Pack,6.4L V8 Gas,Steering / Steering Column And Intermediate Shaft,pending,0,0,https://www.moparamerica.com/v-2017-dodge-charger--r-t-scat-pack--6-4l-v8-gas/steering--steering-column-and-intermediate-shaft,,
Dodge Charger,R/T Scat Pack,6.4L V8 Gas,Steering / Steering Gear,pending,0,0,https://www.moparamerica.com/v-2017-dodge-charger--r-t-scat-pack--6-4l-v8-gas/steering--steering-gear,,
Dodge Charger,R/T Scat Pack,6.4L V8 Gas,Steering / Steering Wheel,pending,0,0,https://www.moparamerica.com/v-2017-dodge-charger--r-t-scat-pack--6-4l-v8-gas/steering--steering-wheel,,
Dodge Charger,R/T Scat Pack,6.4L V8 Gas,Wheels / Emergency Kit,pending,0,0,https://www.moparamerica.com/v-2017-dodge-charger--r-t-scat-pack--6-4l-v8-gas/wheels--emergency-kit,,
Dodge Charger,R/T Scat Pack,6.4L V8 Gas,Wheels / Jack Stowage,pending,0,0,https://www.moparamerica.com/v-2017-dodge-charger--r-t-scat-pack--6-4l-v8-gas/wheels--jack-stowage,,
Dodge Charger,R/T Scat Pack,6.4L V8 Gas,Wheels / Tire Monitoring System,pending,0,0,https://www.moparamerica.com/v-2017-dodge-charger--r-t-scat-pack--6-4l-v8-gas/wheels--tire-monitoring-system,,
Dodge Charger,R/T Scat Pack,6.4L V8 Gas,Wheels / Wheel Covers And Center Caps,pending,0,0,https://www.moparamerica.com/v-2017-dodge-charger--r-t-scat-pack--6-4l-v8-gas/wheels--wheel-covers-and-center-caps,,
Dodge Charger,R/T Scat Pack,6.4L V8 Gas,Wheels / Wheel Spare,pending,0,0,https://www.moparamerica.com/v-2017-dodge-charger--r-t-scat-pack--6-4l-v8-gas/wheels--wheel-spare,,
Dodge Charger,R/T Scat Pack,6.4L V8 Gas,Wheels / Wheels Tires And Hardware,pending,0,0,https://www.moparamerica.com/v-2017-dodge-charger--r-t-scat-pack--6-4l-v8-gas/wheels--wheels-tires-and-hardware,,
Dodge Charger,SE,3.6L V6 Flex,3 6L Gas Engine / Camshaft And Valve,pending,0,0,https://www.moparamerica.com/v-2017-dodge-charger--se--3-6l-v6-flex/3-6l-gas-engine--camshaft-and-valve,,
Dodge Charger,SE,3.6L V6 Flex,3 6L Gas Engine / Crankcase Ventilation,pending,0,0,https://www.moparamerica.com/v-2017-dodge-charger--se--3-6l-v6-flex/3-6l-gas-engine--crankcase-ventilation,,
Dodge Charger,SE,3.6L V6 Flex,3 6L Gas Engine / Crankshaft Piston Drive Plate Flywheel And Damper,pending,0,0,https://www.moparamerica.com/v-2017-dodge-charger--se--3-6l-v6-flex/3-6l-gas-engine--crankshaft-piston-drive-plate-flywheel-and-damper,,
Dodge Charger,SE,3.6L V6 Flex,3 6L Gas Engine / Cylinder Block,pending,0,0,https://www.moparamerica.com/v-2017-dodge-charger--se--3-6l-v6-flex/3-6l-gas-engine--cylinder-block,,
Dodge Charger,SE,3.6L V6 Flex,3 6L Gas Engine / Cylinder Head,pending,0,0,https://www.moparamerica.com/v-2017-dodge-charger--se--3-6l-v6-flex/3-6l-gas-engine--cylinder-head,,
Dodge Charger,SE,3.6L V6 Flex,3 6L Gas Engine / Engine Identification Service Engines And Engine Service Kits,pending,0,0,https://www.moparamerica.com/v-2017-dodge-charger--se--3-6l-v6-flex/3-6l-gas-engine--engine-identification-service-engines-and-engine-service-kits,,
Dodge Charger,SE,3.6L V6 Flex,3 6L Gas Engine / Engine Mounting,pending,0,0,https://www.moparamerica.com/v-2017-dodge-charger--se--3-6l-v6-flex/3-6l-gas-engine--engine-mounting,,
Dodge Charger,SE,3.6L V6 Flex,3 6L Gas Engine / Engine Oiling Oil Pan And Indicator Dipstick,pending,0,0,https://www.moparamerica.com/v-2017-dodge-charger--se--3-6l-v6-flex/3-6l-gas-engine--engine-oiling-oil-pan-and-indicator-dipstick,,
Dodge Charger,SE,3.6L V6 Flex,3 6L Gas Engine / Manifolds And Vacuum Fittings,pending,0,0,https://www.moparamerica.com/v-2017-dodge-charger--se--3-6l-v6-flex/3-6l-gas-engine--manifolds-and-vacuum-fittings,,
Dodge Charger,SE,3.6L V6 Flex,3 6L Gas Engine / Timing Belt Chain And Cover And Balance Shaft,pending,0,0,https://www.moparamerica.com/v-2017-dodge-charger--se--3-6l-v6-flex/3-6l-gas-engine--timing-belt-chain-and-cover-and-balance-shaft,,
Dodge Charger,SE,3.6L V6 Flex,5 7Lgas Engine / Camshaft And Valve,pending,0,0,https://www.moparamerica.com/v-2017-dodge-charger--se--3-6l-v6-flex/5-7lgas-engine--camshaft-and-valve,,
Dodge Charger,SE,3.6L V6 Flex,5 7Lgas Engine / Engine Mounting,pending,0,0,https://www.moparamerica.com/v-2017-dodge-charger--se--3-6l-v6-flex/5-7lgas-engine--engine-mounting,,
Dodge Charger,SE,3.6L V6 Flex,5 7Lgas Engine / Engine Oiling Oil Pan And Indicator Dipstick,pending,0,0,https://www.moparamerica.com/v-2017-dodge-charger--se--3-6l-v6-flex/5-7lgas-engine--engine-oiling-oil-pan-and-indicator-dipstick,,
Dodge Charger,SE,3.6L V6 Flex,6 2L Gas Engine / Camshaft And Valve,pending,0,0,https://www.moparamerica.com/v-2017-dodge-charger--se--3-6l-v6-flex/6-2l-gas-engine--camshaft-and-valve,,
Dodge Charger,SE,3.6L V6 Flex,6 2L Gas Engine / Engine Mounting,pending,0,0,https://www.moparamerica.com/v-2017-dodge-charger--se--3-6l-v6-flex/6-2l-gas-engine--engine-mounting,,
Dodge Charger,SE,3.6L V6 Flex,6 2L Gas Engine / Engine Oil Cooler,pending,0,0,https://www.moparamerica.com/v-2017-dodge-charger--se--3-6l-v6-flex/6-2l-gas-engine--engine-oil-cooler,,
Dodge Charger,SE,3.6L V6 Flex,6 2L Gas Engine / Engine Oiling Oil Pan And Indicator Dipstick,pending,0,0,https://www.moparamerica.com/v-2017-dodge-charger--se--3-6l-v6-flex/6-2l-gas-engine--engine-oiling-oil-pan-and-indicator-dipstick,,
Dodge Charger,SE,3.6L V6 Flex,6 2L Gas Engine / Turbo And Super Chargers,pending,0,0,https://www.moparamerica.com/v-2017-dodge-charger--se--3-6l-v6-flex/6-2l-gas-engine--turbo-and-super-chargers,,
Dodge Charger,SE,3.6L V6 Flex,6 4L Gas Engine / Camshaft And Valve,pending,0,0,https://www.moparamerica.com/v-2017-dodge-charger--se--3-6l-v6-flex/6-4l-gas-engine--camshaft-and-valve,,
Dodge Charger,SE,3.6L V6 Flex,6 4L Gas Engine / Engine Mounting,pending,0,0,https://www.moparamerica.com/v-2017-dodge-charger--se--3-6l-v6-flex/6-4l-gas-engine--engine-mounting,,
Dodge Charger,SE,3.6L V6 Flex,6 4L Gas Engine / Engine Oiling Oil Pan And Indicator Dipstick,pending,0,0,https://www.moparamerica.com/v-2017-dodge-charger--se--3-6l-v6-flex/6-4l-gas-engine--engine-oiling-oil-pan-and-indicator-dipstick,,
Dodge Charger,SE,3.6L V6 Flex,845Re 8 Speed Automatic Transmission / Automatic Transmission Transaxle And Torque Converter,pending,0,0,https://www.moparamerica.com/v-2017-dodge-charger--se--3-6l-v6-flex/845re-8-speed-automatic-transmission--automatic-transmission-transaxle-and-torque-converter,,
Dodge Charger,SE,3.6L V6 Flex,845Re 8 Speed Automatic Transmission / Case Extension Oil Pan And Indicator Dipstick,pending,0,0,https://www.moparamerica.com/v-2017-dodge-charger--se--3-6l-v6-flex/845re-8-speed-automatic-transmission--case-extension-oil-pan-and-indicator-dipstick,,
Dodge Charger,SE,3.6L V6 Flex,845Re 8 Speed Automatic Transmission / Gearshift Controls And Related Parts,pending,0,0,https://www.moparamerica.com/v-2017-dodge-charger--se--3-6l-v6-flex/845re-8-speed-automatic-transmission--gearshift-controls-and-related-parts,,
Dodge Charger,SE,3.6L V6 Flex,845Re 8 Speed Automatic Transmission / Mounting And Skid Plate,pending,0,0,https://www.moparamerica.com/v-2017-dodge-charger--se--3-6l-v6-flex/845re-8-speed-automatic-transmission--mounting-and-skid-plate,,
Dodge Charger,SE,3.6L V6 Flex,845Re 8 Speed Automatic Transmission / Oil Pump,pending,0,0,https://www.moparamerica.com/v-2017-dodge-charger--se--3-6l-v6-flex/845re-8-speed-automatic-transmission--oil-pump,,
Dodge Charger,SE,3.6L V6 Flex,845Re 8 Speed Automatic Transmission / Valve Body Accumulator Solenoid And Parking Sprag,pending,0,0,https://www.moparamerica.com/v-2017-dodge-charger--se--3-6l-v6-flex/845re-8-speed-automatic-transmission--valve-body-accumulator-solenoid-and-parking-sprag,,
Dodge Charger,SE,3.6L V6 Flex,8Hp45 8 Speed Automatic Transmission / Automatic Transmission Transaxle And Torque Converter,pending,0,0,https://www.moparamerica.com/v-2017-dodge-charger--se--3-6l-v6-flex/8hp45-8-speed-automatic-transmission--automatic-transmission-transaxle-and-torque-converter,,
Dodge Charger,SE,3.6L V6 Flex,8Hp45 8 Speed Automatic Transmission / Case Extension Oil Pan And Indicator Dipstick,pending,0,0,https://www.moparamerica.com/v-2017-dodge-charger--se--3-6l-v6-flex/8hp45-8-speed-automatic-transmission--case-extension-oil-pan-and-indicator-dipstick,,
Dodge Charger,SE,3.6L V6 Flex,8Hp45 8 Speed Automatic Transmission / Gearshift Controls And Related Parts,pending,0,0,https://www.moparamerica.com/v-2017-dodge-charger--se--3-6l-v6-flex/8hp45-8-speed-automatic-transmission--gearshift-controls-and-related-parts,,
Dodge Charger,SE,3.6L V6 Flex,8Hp45 8 Speed Automatic Transmission / Mounting And Skid Plate,pending,0,0,https://www.moparamerica.com/v-2017-dodge-charger--se--3-6l-v6-flex/8hp45-8-speed-automatic-transmission--mounting-and-skid-plate,,
Dodge Charger,SE,3.6L V6 Flex,8Hp45 8 Speed Automatic Transmission / Oil Pump,pending,0,0,https://www.moparamerica.com/v-2017-dodge-charger--se--3-6l-v6-flex/8hp45-8-speed-automatic-transmission--oil-pump,,
Dodge Charger,SE,3.6L V6 Flex,8Hp45 8 Speed Automatic Transmission / Valve Body Accumulator Solenoid And Parking Sprag,pending,0,0,https://www.moparamerica.com/v-2017-dodge-charger--se--3-6l-v6-flex/8hp45-8-speed-automatic-transmission--valve-body-accumulator-solenoid-and-parking-sprag,,
Dodge Charger,SE,3.6L V6 Flex,8Hp70 8 Speed Automatic Transmission / Automatic Transmission Transaxle And Torque Converter,pending,0,0,https://www.moparamerica.com/v-2017-dodge-charger--se--3-6l-v6-flex/8hp70-8-speed-automatic-transmission--automatic-transmission-transaxle-and-torque-converter,,
Dodge Charger,SE,3.6L V6 Flex,8Hp70 8 Speed Automatic Transmission / Gearshift Controls And Related Parts,pending,0,0,https://www.moparamerica.com/v-2017-dodge-charger--se--3-6l-v6-flex/8hp70-8-speed-automatic-transmission--gearshift-controls-and-related-parts,,
Dodge Charger,SE,3.6L V6 Flex,8Hp70 8 Speed Automatic Transmission / Mounting And Skid Plate,pending,0,0,https://www.moparamerica.com/v-2017-dodge-charger--se--3-6l-v6-flex/8hp70-8-speed-automatic-transmission--mounting-and-skid-plate,,
Dodge Charger,SE,3.6L V6 Flex,8Hp90 8 Speed Automatic Transmission / Automatic Transmission Transaxle And Torque Converter,pending,0,0,https://www.moparamerica.com/v-2017-dodge-charger--se--3-6l-v6-flex/8hp90-8-speed-automatic-transmission--automatic-transmission-transaxle-and-torque-converter,,
Dodge Charger,SE,3.6L V6 Flex,8Hp90 8 Speed Automatic Transmission / Gearshift Controls And Related Parts,pending,0,0,https://www.moparamerica.com/v-2017-dodge-charger--se--3-6l-v6-flex/8hp90-8-speed-automatic-transmission--gearshift-controls-and-related-parts,,
Dodge Charger,SE,3.6L V6 Flex,8Hp90 8 Speed Automatic Transmission / Mounting And Skid Plate,pending,0,0,https://www.moparamerica.com/v-2017-dodge-charger--se--3-6l-v6-flex/8hp90-8-speed-automatic-transmission--mounting-and-skid-plate,,
Dodge Charger,SE,3.6L V6 Flex,Accessories,pending,0,0,https://www.moparamerica.com/v-2017-dodge-charger--se--3-6l-v6-flex/accessories,,
Dodge Charger,SE,3.6L V6 Flex,Accessories Audio Video And Electronics Accessories / Charging Unit,pending,0,0,https://www.moparamerica.com/v-2017-dodge-charger--se--3-6l-v6-flex/accessories-audio-video-and-electronics-accessories--charging-unit,,
Dodge Charger,SE,3.6L V6 Flex,Accessories Audio Video And Electronics Accessories / Remote Start,pending,0,0,https://www.moparamerica.com/v-2017-dodge-charger--se--3-6l-v6-flex/accessories-audio-video-and-electronics-accessories--remote-start,,
Dodge Charger,SE,3.6L V6 Flex,Accessories Audio Video And Electronics Accessories / Security,pending,0,0,https://www.moparamerica.com/v-2017-dodge-charger--se--3-6l-v6-flex/accessories-audio-video-and-electronics-accessories--security,,
Dodge Charger,SE,3.6L V6 Flex,Accessories Exterior Accessories / Air Deflectors,pending,0,0,https://www.moparamerica.com/v-2017-dodge-charger--se--3-6l-v6-flex/accessories-exterior-accessories--air-deflectors,,
Dodge Charger,SE,3.6L V6 Flex,Accessories Exterior Accessories / Covers,pending,0,0,https://www.moparamerica.com/v-2017-dodge-charger--se--3-6l-v6-flex/accessories-exterior-accessories--covers,,
Dodge Charger,SE,3.6L V6 Flex,Accessories Exterior Accessories / Exterior Appearance,pending,0,0,https://www.moparamerica.com/v-2017-dodge-charger--se--3-6l-v6-flex/accessories-exterior-accessories--exterior-appearance,,
Dodge Charger,SE,3.6L V6 Flex,Accessories Exterior Accessories / License Plate,pending,0,0,https://www.moparamerica.com/v-2017-dodge-charger--se--3-6l-v6-flex/accessories-exterior-accessories--license-plate,,
Dodge Charger,SE,3.6L V6 Flex,Accessories Exterior Accessories / Locks,pending,0,0,https://www.moparamerica.com/v-2017-dodge-charger--se--3-6l-v6-flex/accessories-exterior-accessories--locks,,
Dodge Charger,SE,3.6L V6 Flex,Accessories Exterior Accessories / Protective Guards,pending,0,0,https://www.moparamerica.com/v-2017-dodge-charger--se--3-6l-v6-flex/accessories-exterior-accessories--protective-guards,,
Dodge Charger,SE,3.6L V6 Flex,Accessories Exterior Accessories / Splash Guards,pending,0,0,https://www.moparamerica.com/v-2017-dodge-charger--se--3-6l-v6-flex/accessories-exterior-accessories--splash-guards,,
Dodge Charger,SE,3.6L V6 Flex,Accessories Exterior Accessories / Wheels,pending,0,0,https://www.moparamerica.com/v-2017-dodge-charger--se--3-6l-v6-flex/accessories-exterior-accessories--wheels,,
Dodge Charger,SE,3.6L V6 Flex,Accessories Interior Accessories / Air Purification,pending,0,0,https://www.moparamerica.com/v-2017-dodge-charger--se--3-6l-v6-flex/accessories-interior-accessories--air-purification,,
Dodge Charger,SE,3.6L V6 Flex,Accessories Interior Accessories / Cargo Trays And Mats,pending,0,0,https://www.moparamerica.com/v-2017-dodge-charger--se--3-6l-v6-flex/accessories-interior-accessories--cargo-trays-and-mats,,
Dodge Charger,SE,3.6L V6 Flex,Accessories Interior Accessories / Floor Mats,pending,0,0,https://www.moparamerica.com/v-2017-dodge-charger--se--3-6l-v6-flex/accessories-interior-accessories--floor-mats,,
Dodge Charger,SE,3.6L V6 Flex,Accessories Interior Accessories / Interior Appearance,pending,0,0,https://www.moparamerica.com/v-2017-dodge-charger--se--3-6l-v6-flex/accessories-interior-accessories--interior-appearance,,
Dodge Charger,SE,3.6L V6 Flex,Accessories Interior Accessories / Seat And Security Covers,pending,0,0,https://www.moparamerica.com/v-2017-dodge-charger--se--3-6l-v6-flex/accessories-interior-accessories--seat-and-security-covers,,
Dodge Charger,SE,3.6L V6 Flex,Accessories Lifestyle And Off Road Accessories / Safety Kits,pending,0,0,https://www.moparamerica.com/v-2017-dodge-charger--se--3-6l-v6-flex/accessories-lifestyle-and-off-road-accessories--safety-kits,,
Dodge Charger,SE,3.6L V6 Flex,Accessories Lighting And Electrical Accessories / Charging Unit,pending,0,0,https://www.moparamerica.com/v-2017-dodge-charger--se--3-6l-v6-flex/accessories-lighting-and-electrical-accessories--charging-unit,,
Dodge Charger,SE,3.6L V6 Flex,Accessories Lighting And Electrical Accessories / Police Equipment,pending,0,0,https://www.moparamerica.com/v-2017-dodge-charger--se--3-6l-v6-flex/accessories-lighting-and-electrical-accessories--police-equipment,,
Dodge Charger,SE,3.6L V6 Flex,Accessories Modern Performance / Engine Parts,pending,0,0,https://www.moparamerica.com/v-2017-dodge-charger--se--3-6l-v6-flex/accessories-modern-performance--engine-parts,,
Dodge Charger,SE,3.6L V6 Flex,Accessories Modern Performance / Intake And Air,pending,0,0,https://www.moparamerica.com/v-2017-dodge-charger--se--3-6l-v6-flex/accessories-modern-performance--intake-and-air,,
Dodge Charger,SE,3.6L V6 Flex,Accessories Modern Performance / Suspension,pending,0,0,https://www.moparamerica.com/v-2017-dodge-charger--se--3-6l-v6-flex/accessories-modern-performance--suspension,,
Dodge Charger,SE,3.6L V6 Flex,Accessories Vehicle Care Products / Mopar,pending,0,0,https://www.moparamerica.com/v-2017-dodge-charger--se--3-6l-v6-flex/accessories-vehicle-care-products--mopar,,
Dodge Charger,SE,3.6L V6 Flex,Accessories Vehicle Care Products / Touch Up Paint,pending,0,0,https://www.moparamerica.com/v-2017-dodge-charger--se--3-6l-v6-flex/accessories-vehicle-care-products--touch-up-paint,,
Dodge Charger,SE,3.6L V6 Flex,Air Conditioners And Heaters / Air Conditioner And Heater Controls,pending,0,0,https://www.moparamerica.com/v-2017-dodge-charger--se--3-6l-v6-flex/air-conditioners-and-heaters--air-conditioner-and-heater-controls,,
Dodge Charger,SE,3.6L V6 Flex,Air Conditioners And Heaters / Air Conditioner And Heater Plumbing,pending,0,0,https://www.moparamerica.com/v-2017-dodge-charger--se--3-6l-v6-flex/air-conditioners-and-heaters--air-conditioner-and-heater-plumbing,,
Dodge Charger,SE,3.6L V6 Flex,Air Conditioners And Heaters / Air Conditioner And Heater Units,pending,0,0,https://www.moparamerica.com/v-2017-dodge-charger--se--3-6l-v6-flex/air-conditioners-and-heaters--air-conditioner-and-heater-units,,
Dodge Charger,SE,3.6L V6 Flex,Air Conditioners And Heaters / Air Conditioner Compressor And Mounting,pending,0,0,https://www.moparamerica.com/v-2017-dodge-charger--se--3-6l-v6-flex/air-conditioners-and-heaters--air-conditioner-compressor-and-mounting,,
Dodge Charger,SE,3.6L V6 Flex,Air Conditioners And Heaters / Air Ducts,pending,0,0,https://www.moparamerica.com/v-2017-dodge-charger--se--3-6l-v6-flex/air-conditioners-and-heaters--air-ducts,,
Dodge Charger,SE,3.6L V6 Flex,All Wheel Drive Differential And Drive Line / Drive Shaft,pending,0,0,https://www.moparamerica.com/v-2017-dodge-charger--se--3-6l-v6-flex/all-wheel-drive-differential-and-drive-line--drive-shaft,,
Dodge Charger,SE,3.6L V6 Flex,All Wheel Drive Differential And Drive Line / Front Axle Assembly,pending,0,0,https://www.moparamerica.com/v-2017-dodge-charger--se--3-6l-v6-flex/all-wheel-drive-differential-and-drive-line--front-axle-assembly,,
Dodge Charger,SE,3.6L V6 Flex,All Wheel Drive Differential And Drive Line / Front Axle Drive Shafts,pending,0,0,https://www.moparamerica.com/v-2017-dodge-charger--se--3-6l-v6-flex/all-wheel-drive-differential-and-drive-line--front-axle-drive-shafts,,
Dodge Charger,SE,3.6L V6 Flex,All Wheel Drive Differential And Drive Line / Rear Axle Assembly,pending,0,0,https://www.moparamerica.com/v-2017-dodge-charger--se--3-6l-v6-flex/all-wheel-drive-differential-and-drive-line--rear-axle-assembly,,
Dodge Charger,SE,3.6L V6 Flex,All Wheel Drive Differential And Drive Line / Rear Axle Housing Differential And Vent,pending,0,0,https://www.moparamerica.com/v-2017-dodge-charger--se--3-6l-v6-flex/all-wheel-drive-differential-and-drive-line--rear-axle-housing-differential-and-vent,,
Dodge Charger,SE,3.6L V6 Flex,All Wheel Drive Differential And Drive Line / Rear Axle Shafts,pending,0,0,https://www.moparamerica.com/v-2017-dodge-charger--se--3-6l-v6-flex/all-wheel-drive-differential-and-drive-line--rear-axle-shafts,,
Dodge Charger,SE,3.6L V6 Flex,Auto Parts,pending,0,0,https://www.moparamerica.com/v-2017-dodge-charger--se--3-6l-v6-flex/auto-parts,,
Dodge Charger,SE,3.6L V6 Flex,Body Sheet Metal Except Doors / Aperture Panel And Pillar Supports,pending,0,0,https://www.moparamerica.com/v-2017-dodge-charger--se--3-6l-v6-flex/body-sheet-metal-except-doors--aperture-panel-and-pillar-supports,,
Dodge Charger,SE,3.6L V6 Flex,Body Sheet Metal Except Doors / Cowl And Dash Panel,pending,0,0,https://www.moparamerica.com/v-2017-dodge-charger--se--3-6l-v6-flex/body-sheet-metal-except-doors--cowl-and-dash-panel,,
Dodge Charger,SE,3.6L V6 Flex,Body Sheet Metal Except Doors / Deck Lid,pending,0,0,https://www.moparamerica.com/v-2017-dodge-charger--se--3-6l-v6-flex/body-sheet-metal-except-doors--deck-lid,,
Dodge Charger,SE,3.6L V6 Flex,Body Sheet Metal Except Doors / Fenders,pending,0,0,https://www.moparamerica.com/v-2017-dodge-charger--se--3-6l-v6-flex/body-sheet-metal-except-doors--fenders,,
Dodge Charger,SE,3.6L V6 Flex,Body Sheet Metal Except Doors / Floor Pans,pending,0,0,https://www.moparamerica.com/v-2017-dodge-charger--se--3-6l-v6-flex/body-sheet-metal-except-doors--floor-pans,,
Dodge Charger,SE,3.6L V6 Flex,Body Sheet Metal Except Doors / Hood And Hood Release,pending,0,0,https://www.moparamerica.com/v-2017-dodge-charger--se--3-6l-v6-flex/body-sheet-metal-except-doors--hood-and-hood-release,,
Dodge Charger,SE,3.6L V6 Flex,Body Sheet Metal Except Doors / Pick Up Box And Fuel Filler Door,pending,0,0,https://www.moparamerica.com/v-2017-dodge-charger--se--3-6l-v6-flex/body-sheet-metal-except-doors--pick-up-box-and-fuel-filler-door,,
Dodge Charger,SE,3.6L V6 Flex,Body Sheet Metal Except Doors / Plugs,pending,0,0,https://www.moparamerica.com/v-2017-dodge-charger--se--3-6l-v6-flex/body-sheet-metal-except-doors--plugs,,
Dodge Charger,SE,3.6L V6 Flex,Body Sheet Metal Except Doors / Roof,pending,0,0,https://www.moparamerica.com/v-2017-dodge-charger--se--3-6l-v6-flex/body-sheet-metal-except-doors--roof,,
Dodge Charger,SE,3.6L V6 Flex,Body Sheet Metal Except Doors / Shelf Panel,pending,0,0,https://www.moparamerica.com/v-2017-dodge-charger--se--3-6l-v6-flex/body-sheet-metal-except-doors--shelf-panel,,
Dodge Charger,SE,3.6L V6 Flex,Body Sheet Metal Except Doors / Sunroof,pending,0,0,https://www.moparamerica.com/v-2017-dodge-charger--se--3-6l-v6-flex/body-sheet-metal-except-doors--sunroof,,
Dodge Charger,SE,3.6L V6 Flex,Brakes / Brake Master Cylinder,pending,0,0,https://www.moparamerica.com/v-2017-dodge-charger--se--3-6l-v6-flex/brakes--brake-master-cylinder,,
Dodge Charger,SE,3.6L V6 Flex,Brakes / Brake Pedals,pending,0,0,https://www.moparamerica.com/v-2017-dodge-charger--se--3-6l-v6-flex/brakes--brake-pedals,,
Dodge Charger,SE,3.6L V6 Flex,Brakes / Front Brakes,pending,0,0,https://www.moparamerica.com/v-2017-dodge-charger--se--3-6l-v6-flex/brakes--front-brakes,,
Dodge Charger,SE,3.6L V6 Flex,Brakes / Hydraulic Control Unit Brake Tubes And Hoses,pending,0,0,https://www.moparamerica.com/v-2017-dodge-charger--se--3-6l-v6-flex/brakes--hydraulic-control-unit-brake-tubes-and-hoses,,
Dodge Charger,SE,3.6L V6 Flex,Brakes / Parking Brake Lever Cables And Rear Disc Park Brake Assembly,pending,0,0,https://www.moparamerica.com/v-2017-dodge-charger--se--3-6l-v6-flex/brakes--parking-brake-lever-cables-and-rear-disc-park-brake-assembly,,
Dodge Charger,SE,3.6L V6 Flex,Brakes / Power Brake Booster,pending,0,0,https://www.moparamerica.com/v-2017-dodge-charger--se--3-6l-v6-flex/brakes--power-brake-booster,,
Dodge Charger,SE,3.6L V6 Flex,Brakes / Rear Brakes,pending,0,0,https://www.moparamerica.com/v-2017-dodge-charger--se--3-6l-v6-flex/brakes--rear-brakes,,
Dodge Charger,SE,3.6L V6 Flex,Conversion And Upfit Packages / Exterior,pending,0,0,https://www.moparamerica.com/v-2017-dodge-charger--se--3-6l-v6-flex/conversion-and-upfit-packages--exterior,,
Dodge Charger,SE,3.6L V6 Flex,Conversion And Upfit Packages / Police,pending,0,0,https://www.moparamerica.com/v-2017-dodge-charger--se--3-6l-v6-flex/conversion-and-upfit-packages--police,,
Dodge Charger,SE,3.6L V6 Flex,Cooling / Drive Belts,pending,0,0,https://www.moparamerica.com/v-2017-dodge-charger--se--3-6l-v6-flex/cooling--drive-belts,,
Dodge Charger,SE,3.6L V6 Flex,Cooling / Engine Coolant Reservoir Bottle,pending,0,0,https://www.moparamerica.com/v-2017-dodge-charger--se--3-6l-v6-flex/cooling--engine-coolant-reservoir-bottle,,
Dodge Charger,SE,3.6L V6 Flex,Cooling / Pulleys And Related Parts,pending,0,0,https://www.moparamerica.com/v-2017-dodge-charger--se--3-6l-v6-flex/cooling--pulleys-and-related-parts,,
Dodge Charger,SE,3.6L V6 Flex,Cooling / Radiator And Related Parts Charge Air Cooler,pending,0,0,https://www.moparamerica.com/v-2017-dodge-charger--se--3-6l-v6-flex/cooling--radiator-and-related-parts-charge-air-cooler,,
Dodge Charger,SE,3.6L V6 Flex,Cooling / Transmission Oil Cooler And Lines,pending,0,0,https://www.moparamerica.com/v-2017-dodge-charger--se--3-6l-v6-flex/cooling--transmission-oil-cooler-and-lines,,
Dodge Charger,SE,3.6L V6 Flex,Cooling / Water Pump And Related Parts,pending,0,0,https://www.moparamerica.com/v-2017-dodge-charger--se--3-6l-v6-flex/cooling--water-pump-and-related-parts,,
Dodge Charger,SE,3.6L V6 Flex,Doors Door Mirrors And Related Parts / Exterior Mirror,pending,0,0,https://www.moparamerica.com/v-2017-dodge-charger--se--3-6l-v6-flex/doors-door-mirrors-and-related-parts--exterior-mirror,,
Dodge Charger,SE,3.6L V6 Flex,Doors Door Mirrors And Related Parts / Front Door,pending,0,0,https://www.moparamerica.com/v-2017-dodge-charger--se--3-6l-v6-flex/doors-door-mirrors-and-related-parts--front-door,,
Dodge Charger,SE,3.6L V6 Flex,Doors Door Mirrors And Related Parts / Rear Door,pending,0,0,https://www.moparamerica.com/v-2017-dodge-charger--se--3-6l-v6-flex/doors-door-mirrors-and-related-parts--rear-door,,
Dodge Charger,SE,3.6L V6 Flex,Doors Door Mirrors And Related Parts / Weatherstrips And Seals,pending,0,0,https://www.moparamerica.com/v-2017-dodge-charger--se--3-6l-v6-flex/doors-door-mirrors-and-related-parts--weatherstrips-and-seals,,
Dodge Charger,SE,3.6L V6 Flex,Electrical / Battery Battery Tray And Cables,pending,0,0,https://www.moparamerica.com/v-2017-dodge-charger--se--3-6l-v6-flex/electrical--battery-battery-tray-and-cables,,
Dodge Charger,SE,3.6L V6 Flex,Electrical / Generators Alternators,pending,0,0,https://www.moparamerica.com/v-2017-dodge-charger--se--3-6l-v6-flex/electrical--generators-alternators,,
Dodge Charger,SE,3.6L V6 Flex,Electrical / Horns,pending,0,0,https://www.moparamerica.com/v-2017-dodge-charger--se--3-6l-v6-flex/electrical--horns,,
Dodge Charger,SE,3.6L V6 Flex,Electrical / Ignition Spark Plugs Cables Coils And Glow Plugs,pending,0,0,https://www.moparamerica.com/v-2017-dodge-charger--se--3-6l-v6-flex/electrical--ignition-spark-plugs-cables-coils-and-glow-plugs,,
Dodge Charger,SE,3.6L V6 Flex,Electrical / Instrument Panel Cluster,pending,0,0,https://www.moparamerica.com/v-2017-dodge-charger--se--3-6l-v6-flex/electrical--instrument-panel-cluster,,
Dodge Charger,SE,3.6L V6 Flex,Electrical / Keys Modules And Engine Controllers,pending,0,0,https://www.moparamerica.com/v-2017-dodge-charger--se--3-6l-v6-flex/electrical--keys-modules-and-engine-controllers,,
Dodge Charger,SE,3.6L V6 Flex,Electrical / Lamps Interior And Exterior,pending,0,0,https://www.moparamerica.com/v-2017-dodge-charger--se--3-6l-v6-flex/electrical--lamps-interior-and-exterior,,
Dodge Charger,SE,3.6L V6 Flex,Electrical / Park Assist,pending,0,0,https://www.moparamerica.com/v-2017-dodge-charger--se--3-6l-v6-flex/electrical--park-assist,,
Dodge Charger,SE,3.6L V6 Flex,Electrical / Power Distribution Center Fuse Block Junction Block Relays And Fuses,pending,0,0,https://www.moparamerica.com/v-2017-dodge-charger--se--3-6l-v6-flex/electrical--power-distribution-center-fuse-block-junction-block-relays-and-fuses,,
Dodge Charger,SE,3.6L V6 Flex,Electrical / Radio Antenna Speakers Dvd And Video Systems,pending,0,0,https://www.moparamerica.com/v-2017-dodge-charger--se--3-6l-v6-flex/electrical--radio-antenna-speakers-dvd-and-video-systems,,
Dodge Charger,SE,3.6L V6 Flex,Electrical / Sensors,pending,0,0,https://www.moparamerica.com/v-2017-dodge-charger--se--3-6l-v6-flex/electrical--sensors,,
Dodge Charger,SE,3.6L V6 Flex,Electrical / Speed Control,pending,0,0,https://www.moparamerica.com/v-2017-dodge-charger--se--3-6l-v6-flex/electrical--speed-control,,
Dodge Charger,SE,3.6L V6 Flex,Electrical / Starters,pending,0,0,https://www.moparamerica.com/v-2017-dodge-charger--se--3-6l-v6-flex/electrical--starters,,
Dodge Charger,SE,3.6L V6 Flex,Electrical / Switches,pending,0,0,https://www.moparamerica.com/v-2017-dodge-charger--se--3-6l-v6-flex/electrical--switches,,
Dodge Charger,SE,3.6L V6 Flex,Electrical / Wiper And Washer System,pending,0,0,https://www.moparamerica.com/v-2017-dodge-charger--se--3-6l-v6-flex/electrical--wiper-and-washer-system,,
Dodge Charger,SE,3.6L V6 Flex,Electrical / Wiring Body And Accessories,pending,0,0,https://www.moparamerica.com/v-2017-dodge-charger--se--3-6l-v6-flex/electrical--wiring-body-and-accessories,,
Dodge Charger,SE,3.6L V6 Flex,Electrical / Wiring Headlamp To Dash,pending,0,0,https://www.moparamerica.com/v-2017-dodge-charger--se--3-6l-v6-flex/electrical--wiring-headlamp-to-dash,,
Dodge Charger,SE,3.6L V6 Flex,Electrical / Wiring Instrument Panel,pending,0,0,https://www.moparamerica.com/v-2017-dodge-charger--se--3-6l-v6-flex/electrical--wiring-instrument-panel,,
Dodge Charger,SE,3.6L V6 Flex,Electrical / Wiring Powertrain,pending,0,0,https://www.moparamerica.com/v-2017-dodge-charger--se--3-6l-v6-flex/electrical--wiring-powertrain,,
Dodge Charger,SE,3.6L V6 Flex,Emission Controls / Emission Harness,pending,0,0,https://www.moparamerica.com/v-2017-dodge-charger--se--3-6l-v6-flex/emission-controls--emission-harness,,
Dodge Charger,SE,3.6L V6 Flex,Emission Controls / Vacuum Canister Leak Detection Pump,pending,0,0,https://www.moparamerica.com/v-2017-dodge-charger--se--3-6l-v6-flex/emission-controls--vacuum-canister-leak-detection-pump,,
Dodge Charger,SE,3.6L V6 Flex,Exhaust / Exhaust System,pending,0,0,https://www.moparamerica.com/v-2017-dodge-charger--se--3-6l-v6-flex/exhaust--exhaust-system,,
Dodge Charger,SE,3.6L V6 Flex,Exterior Ornamentation / Decals And Tape Stripes,pending,0,0,https://www.moparamerica.com/v-2017-dodge-charger--se--3-6l-v6-flex/exterior-ornamentation--decals-and-tape-stripes,,
Dodge Charger,SE,3.6L V6 Flex,Exterior Ornamentation / Grilles,pending,0,0,https://www.moparamerica.com/v-2017-dodge-charger--se--3-6l-v6-flex/exterior-ornamentation--grilles,,
Dodge Charger,SE,3.6L V6 Flex,Exterior Ornamentation / Moldings And Ornamentation,pending,0,0,https://www.moparamerica.com/v-2017-dodge-charger--se--3-6l-v6-flex/exterior-ornamentation--moldings-and-ornamentation,,
Dodge Charger,SE,3.6L V6 Flex,Exterior Ornamentation / Nameplates,pending,0,0,https://www.moparamerica.com/v-2017-dodge-charger--se--3-6l-v6-flex/exterior-ornamentation--nameplates,,
Dodge Charger,SE,3.6L V6 Flex,Frame Bumper And Fascia / Frames,pending,0,0,https://www.moparamerica.com/v-2017-dodge-charger--se--3-6l-v6-flex/frame-bumper-and-fascia--frames,,
Dodge Charger,SE,3.6L V6 Flex,Frame Bumper And Fascia / Front Bumper And Fascia,pending,0,0,https://www.moparamerica.com/v-2017-dodge-charger--se--3-6l-v6-flex/frame-bumper-and-fascia--front-bumper-and-fascia,,
Dodge Charger,SE,3.6L V6 Flex,Frame Bumper And Fascia / Rear Bumper And Fascia,pending,0,0,https://www.moparamerica.com/v-2017-dodge-charger--se--3-6l-v6-flex/frame-bumper-and-fascia--rear-bumper-and-fascia,,
Dodge Charger,SE,3.6L V6 Flex,Front Suspension / Front Stabilizer Bar,pending,0,0,https://www.moparamerica.com/v-2017-dodge-charger--se--3-6l-v6-flex/front-suspension--front-stabilizer-bar,,
Dodge Charger,SE,3.6L V6 Flex,Front Suspension / Front Suspension Strut And Cradle,pending,0,0,https://www.moparamerica.com/v-2017-dodge-charger--se--3-6l-v6-flex/front-suspension--front-suspension-strut-and-cradle,,
Dodge Charger,SE,3.6L V6 Flex,Fuel / Accelerator Pedal,pending,0,0,https://www.moparamerica.com/v-2017-dodge-charger--se--3-6l-v6-flex/fuel--accelerator-pedal,,
Dodge Charger,SE,3.6L V6 Flex,Fuel / Air Cleaner,pending,0,0,https://www.moparamerica.com/v-2017-dodge-charger--se--3-6l-v6-flex/fuel--air-cleaner,,
Dodge Charger,SE,3.6L V6 Flex,Fuel / Fuel Lines,pending,0,0,https://www.moparamerica.com/v-2017-dodge-charger--se--3-6l-v6-flex/fuel--fuel-lines,,
Dodge Charger,SE,3.6L V6 Flex,Fuel / Fuel Pump And Sending Unit,pending,0,0,https://www.moparamerica.com/v-2017-dodge-charger--se--3-6l-v6-flex/fuel--fuel-pump-and-sending-unit,,
Dodge Charger,SE,3.6L V6 Flex,Fuel / Fuel Rail And Injectors,pending,0,0,https://www.moparamerica.com/v-2017-dodge-charger--se--3-6l-v6-flex/fuel--fuel-rail-and-injectors,,
Dodge Charger,SE,3.6L V6 Flex,Fuel / Fuel Tank,pending,0,0,https://www.moparamerica.com/v-2017-dodge-charger--se--3-6l-v6-flex/fuel--fuel-tank,,
Dodge Charger,SE,3.6L V6 Flex,Fuel / Fuel Tank Filler Tube,pending,0,0,https://www.moparamerica.com/v-2017-dodge-charger--se--3-6l-v6-flex/fuel--fuel-tank-filler-tube,,
Dodge Charger,SE,3.6L V6 Flex,Fuel / Throttle Body,pending,0,0,https://www.moparamerica.com/v-2017-dodge-charger--se--3-6l-v6-flex/fuel--throttle-body,,
Dodge Charger,SE,3.6L V6 Flex,Glass / Glass And Interior Rear View Mirror,pending,0,0,https://www.moparamerica.com/v-2017-dodge-charger--se--3-6l-v6-flex/glass--glass-and-interior-rear-view-mirror,,
Dodge Charger,SE,3.6L V6 Flex,Interior Trim / Carpets Floor Mats Load Floor And Silencers,pending,0,0,https://www.moparamerica.com/v-2017-dodge-charger--se--3-6l-v6-flex/interior-trim--carpets-floor-mats-load-floor-and-silencers,,
Dodge Charger,SE,3.6L V6 Flex,Interior Trim / Consoles,pending,0,0,https://www.moparamerica.com/v-2017-dodge-charger--se--3-6l-v6-flex/interior-trim--consoles,,
Dodge Charger,SE,3.6L V6 Flex,Interior Trim / Door Trim Panels Front And Rear,pending,0,0,https://www.moparamerica.com/v-2017-dodge-charger--se--3-6l-v6-flex/interior-trim--door-trim-panels-front-and-rear,,
Dodge Charger,SE,3.6L V6 Flex,Interior Trim / Front Seats Adjusters Recliners Shields And Risers,pending,0,0,https://www.moparamerica.com/v-2017-dodge-charger--se--3-6l-v6-flex/interior-trim--front-seats-adjusters-recliners-shields-and-risers,,
Dodge Charger,SE,3.6L V6 Flex,Interior Trim / Front Seats First Row,pending,0,0,https://www.moparamerica.com/v-2017-dodge-charger--se--3-6l-v6-flex/interior-trim--front-seats-first-row,,
Dodge Charger,SE,3.6L V6 Flex,Interior Trim / Headliners Visors Assist Straps,pending,0,0,https://www.moparamerica.com/v-2017-dodge-charger--se--3-6l-v6-flex/interior-trim--headliners-visors-assist-straps,,
Dodge Charger,SE,3.6L V6 Flex,Interior Trim / Instrument Panel,pending,0,0,https://www.moparamerica.com/v-2017-dodge-charger--se--3-6l-v6-flex/interior-trim--instrument-panel,,
Dodge Charger,SE,3.6L V6 Flex,Interior Trim / Panels Moldings Scuff Plates Pillar Cowl 1 4 Panel Trim And Cargo Covers,pending,0,0,https://www.moparamerica.com/v-2017-dodge-charger--se--3-6l-v6-flex/interior-trim--panels-moldings-scuff-plates-pillar-cowl-1-4-panel-trim-and-cargo-covers,,
Dodge Charger,SE,3.6L V6 Flex,Interior Trim / Rear Seats Second Row,pending,0,0,https://www.moparamerica.com/v-2017-dodge-charger--se--3-6l-v6-flex/interior-trim--rear-seats-second-row,,
Dodge Charger,SE,3.6L V6 Flex,Interior Trim / Rear Seats Second Row Adjusters Recliners Shields And Risers,pending,0,0,https://www.moparamerica.com/v-2017-dodge-charger--se--3-6l-v6-flex/interior-trim--rear-seats-second-row-adjusters-recliners-shields-and-risers,,
Dodge Charger,SE,3.6L V6 Flex,Labels / Exterior,pending,0,0,https://www.moparamerica.com/v-2017-dodge-charger--se--3-6l-v6-flex/labels--exterior,,
Dodge Charger,SE,3.6L V6 Flex,Labels / Trunk,pending,0,0,https://www.moparamerica.com/v-2017-dodge-charger--se--3-6l-v6-flex/labels--trunk,,
Dodge Charger,SE,3.6L V6 Flex,Labels / Under Hood,pending,0,0,https://www.moparamerica.com/v-2017-dodge-charger--se--3-6l-v6-flex/labels--under-hood,,
Dodge Charger,SE,3.6L V6 Flex,Mopar Accessories Component Parts / Carriers And Cargo Hauling,pending,0,0,https://www.moparamerica.com/v-2017-dodge-charger--se--3-6l-v6-flex/mopar-accessories-component-parts--carriers-and-cargo-hauling,,
Dodge Charger,SE,3.6L V6 Flex,Mopar Accessories Component Parts / Driver Convenience,pending,0,0,https://www.moparamerica.com/v-2017-dodge-charger--se--3-6l-v6-flex/mopar-accessories-component-parts--driver-convenience,,
Dodge Charger,SE,3.6L V6 Flex,Mopar Accessories Component Parts / Exterior Appearance,pending,0,0,https://www.moparamerica.com/v-2017-dodge-charger--se--3-6l-v6-flex/mopar-accessories-component-parts--exterior-appearance,,
Dodge Charger,SE,3.6L V6 Flex,Mopar Accessories Component Parts / Fog Lights And Electrical,pending,0,0,https://www.moparamerica.com/v-2017-dodge-charger--se--3-6l-v6-flex/mopar-accessories-component-parts--fog-lights-and-electrical,,
Dodge Charger,SE,3.6L V6 Flex,Mopar Accessories Component Parts / Interior Protection,pending,0,0,https://www.moparamerica.com/v-2017-dodge-charger--se--3-6l-v6-flex/mopar-accessories-component-parts--interior-protection,,
Dodge Charger,SE,3.6L V6 Flex,Mopar Accessories Component Parts / Powertrain,pending,0,0,https://www.moparamerica.com/v-2017-dodge-charger--se--3-6l-v6-flex/mopar-accessories-component-parts--powertrain,,
Dodge Charger,SE,3.6L V6 Flex,Nag1 W5A580 5 Speed Automatic Transmission / Automatic Transmission Transaxle And Torque Converter,pending,0,0,https://www.moparamerica.com/v-2017-dodge-charger--se--3-6l-v6-flex/nag1-w5a580-5-speed-automatic-transmission--automatic-transmission-transaxle-and-torque-converter,,
Dodge Charger,SE,3.6L V6 Flex,Nag1 W5A580 5 Speed Automatic Transmission / Case Extension Oil Pan And Indicator Dipstick,pending,0,0,https://www.moparamerica.com/v-2017-dodge-charger--se--3-6l-v6-flex/nag1-w5a580-5-speed-automatic-transmission--case-extension-oil-pan-and-indicator-dipstick,,
Dodge Charger,SE,3.6L V6 Flex,Nag1 W5A580 5 Speed Automatic Transmission / Clutches,pending,0,0,https://www.moparamerica.com/v-2017-dodge-charger--se--3-6l-v6-flex/nag1-w5a580-5-speed-automatic-transmission--clutches,,
Dodge Charger,SE,3.6L V6 Flex,Nag1 W5A580 5 Speed Automatic Transmission / Gear Train,pending,0,0,https://www.moparamerica.com/v-2017-dodge-charger--se--3-6l-v6-flex/nag1-w5a580-5-speed-automatic-transmission--gear-train,,
Dodge Charger,SE,3.6L V6 Flex,Nag1 W5A580 5 Speed Automatic Transmission / Gearshift Controls And Related Parts,pending,0,0,https://www.moparamerica.com/v-2017-dodge-charger--se--3-6l-v6-flex/nag1-w5a580-5-speed-automatic-transmission--gearshift-controls-and-related-parts,,
Dodge Charger,SE,3.6L V6 Flex,Nag1 W5A580 5 Speed Automatic Transmission / Mounting And Skid Plate,pending,0,0,https://www.moparamerica.com/v-2017-dodge-charger--se--3-6l-v6-flex/nag1-w5a580-5-speed-automatic-transmission--mounting-and-skid-plate,,
Dodge Charger,SE,3.6L V6 Flex,Nag1 W5A580 5 Speed Automatic Transmission / Oil Pump,pending,0,0,https://www.moparamerica.com/v-2017-dodge-charger--se--3-6l-v6-flex/nag1-w5a580-5-speed-automatic-transmission--oil-pump,,
Dodge Charger,SE,3.6L V6 Flex,Nag1 W5A580 5 Speed Automatic Transmission / Seal And Shim Packages,pending,0,0,https://www.moparamerica.com/v-2017-dodge-charger--se--3-6l-v6-flex/nag1-w5a580-5-speed-automatic-transmission--seal-and-shim-packages,,
Dodge Charger,SE,3.6L V6 Flex,Nag1 W5A580 5 Speed Automatic Transmission / Valve Body Accumulator Solenoid And Parking Sprag,pending,0,0,https://www.moparamerica.com/v-2017-dodge-charger--se--3-6l-v6-flex/nag1-w5a580-5-speed-automatic-transmission--valve-body-accumulator-solenoid-and-parking-sprag,,
Dodge Charger,SE,3.6L V6 Flex,Power Transfer Unit Transfer Case / Case And Extension,pending,0,0,https://www.moparamerica.com/v-2017-dodge-charger--se--3-6l-v6-flex/power-transfer-unit-transfer-case--case-and-extension,,
Dodge Charger,SE,3.6L V6 Flex,Power Transfer Unit Transfer Case / Gear Train,pending,0,0,https://www.moparamerica.com/v-2017-dodge-charger--se--3-6l-v6-flex/power-transfer-unit-transfer-case--gear-train,,
Dodge Charger,SE,3.6L V6 Flex,Power Transfer Unit Transfer Case / Transfer Case Assembly,pending,0,0,https://www.moparamerica.com/v-2017-dodge-charger--se--3-6l-v6-flex/power-transfer-unit-transfer-case--transfer-case-assembly,,
Dodge Charger,SE,3.6L V6 Flex,Rear Suspension / Rear Stabilizer,pending,0,0,https://www.moparamerica.com/v-2017-dodge-charger--se--3-6l-v6-flex/rear-suspension--rear-stabilizer,,
Dodge Charger,SE,3.6L V6 Flex,Rear Suspension / Rear Suspension And Cradle,pending,0,0,https://www.moparamerica.com/v-2017-dodge-charger--se--3-6l-v6-flex/rear-suspension--rear-suspension-and-cradle,,
Dodge Charger,SE,3.6L V6 Flex,Rear Wheel Drive Differential And Drive Line / Drive Shaft,pending,0,0,https://www.moparamerica.com/v-2017-dodge-charger--se--3-6l-v6-flex/rear-wheel-drive-differential-and-drive-line--drive-shaft,,
Dodge Charger,SE,3.6L V6 Flex,Rear Wheel Drive Differential And Drive Line / Rear Axle Assembly,pending,0,0,https://www.moparamerica.com/v-2017-dodge-charger--se--3-6l-v6-flex/rear-wheel-drive-differential-and-drive-line--rear-axle-assembly,,
Dodge Charger,SE,3.6L V6 Flex,Rear Wheel Drive Differential And Drive Line / Rear Axle Housing Differential And Vent,pending,0,0,https://www.moparamerica.com/v-2017-dodge-charger--se--3-6l-v6-flex/rear-wheel-drive-differential-and-drive-line--rear-axle-housing-differential-and-vent,,
Dodge Charger,SE,3.6L V6 Flex,Rear Wheel Drive Differential And Drive Line / Rear Axle Shafts,pending,0,0,https://www.moparamerica.com/v-2017-dodge-charger--se--3-6l-v6-flex/rear-wheel-drive-differential-and-drive-line--rear-axle-shafts,,
Dodge Charger,SE,3.6L V6 Flex,Restraints / Air Bags,pending,0,0,https://www.moparamerica.com/v-2017-dodge-charger--se--3-6l-v6-flex/restraints--air-bags,,
Dodge Charger,SE,3.6L V6 Flex,Restraints / Seat Belts,pending,0,0,https://www.moparamerica.com/v-2017-dodge-charger--se--3-6l-v6-flex/restraints--seat-belts,,
Dodge Charger,SE,3.6L V6 Flex,Steering / Power Steering Hoses,pending,0,0,https://www.moparamerica.com/v-2017-dodge-charger--se--3-6l-v6-flex/steering--power-steering-hoses,,
Dodge Charger,SE,3.6L V6 Flex,Steering / Power Steering Pump And Reservoir,pending,0,0,https://www.moparamerica.com/v-2017-dodge-charger--se--3-6l-v6-flex/steering--power-steering-pump-and-reservoir,,
Dodge Charger,SE,3.6L V6 Flex,Steering / Steering Column And Intermediate Shaft,pending,0,0,https://www.moparamerica.com/v-2017-dodge-charger--se--3-6l-v6-flex/steering--steering-column-and-intermediate-shaft,,
Dodge Charger,SE,3.6L V6 Flex,Steering / Steering Gear,pending,0,0,https://www.moparamerica.com/v-2017-dodge-charger--se--3-6l-v6-flex/steering--steering-gear,,
Dodge Charger,SE,3.6L V6 Flex,Steering / Steering Wheel,pending,0,0,https://www.moparamerica.com/v-2017-dodge-charger--se--3-6l-v6-flex/steering--steering-wheel,,
Dodge Charger,SE,3.6L V6 Flex,Wheels / Emergency Kit,pending,0,0,https://www.moparamerica.com/v-2017-dodge-charger--se--3-6l-v6-flex/wheels--emergency-kit,,
Dodge Charger,SE,3.6L V6 Flex,Wheels / Jack Stowage,pending,0,0,https://www.moparamerica.com/v-2017-dodge-charger--se--3-6l-v6-flex/wheels--jack-stowage,,
Dodge Charger,SE,3.6L V6 Flex,Wheels / Tire Monitoring System,pending,0,0,https://www.moparamerica.com/v-2017-dodge-charger--se--3-6l-v6-flex/wheels--tire-monitoring-system,,
Dodge Charger,SE,3.6L V6 Flex,Wheels / Wheel Covers And Center Caps,pending,0,0,https://www.moparamerica.com/v-2017-dodge-charger--se--3-6l-v6-flex/wheels--wheel-covers-and-center-caps,,
Dodge Charger,SE,3.6L V6 Flex,Wheels / Wheel Spare,pending,0,0,https://www.moparamerica.com/v-2017-dodge-charger--se--3-6l-v6-flex/wheels--wheel-spare,,
Dodge Charger,SE,3.6L V6 Flex,Wheels / Wheels Tires And Hardware,pending,0,0,https://www.moparamerica.com/v-2017-dodge-charger--se--3-6l-v6-flex/wheels--wheels-tires-and-hardware,,
Dodge Charger,SRT 392,6.4L V8 Gas,3 6L Gas Engine / Engine Mounting,pending,0,0,https://www.moparamerica.com/v-2017-dodge-charger--srt-392--6-4l-v8-gas/3-6l-gas-engine--engine-mounting,,
Dodge Charger,SRT 392,6.4L V8 Gas,3 6L Gas Engine / Engine Oiling Oil Pan And Indicator Dipstick,pending,0,0,https://www.moparamerica.com/v-2017-dodge-charger--srt-392--6-4l-v8-gas/3-6l-gas-engine--engine-oiling-oil-pan-and-indicator-dipstick,,
Dodge Charger,SRT 392,6.4L V8 Gas,5 7Lgas Engine / Camshaft And Valve,pending,0,0,https://www.moparamerica.com/v-2017-dodge-charger--srt-392--6-4l-v8-gas/5-7lgas-engine--camshaft-and-valve,,
Dodge Charger,SRT 392,6.4L V8 Gas,5 7Lgas Engine / Cylinder Block,pending,0,0,https://www.moparamerica.com/v-2017-dodge-charger--srt-392--6-4l-v8-gas/5-7lgas-engine--cylinder-block,,
Dodge Charger,SRT 392,6.4L V8 Gas,5 7Lgas Engine / Engine Mounting,pending,0,0,https://www.moparamerica.com/v-2017-dodge-charger--srt-392--6-4l-v8-gas/5-7lgas-engine--engine-mounting,,
Dodge Charger,SRT 392,6.4L V8 Gas,5 7Lgas Engine / Engine Oiling Oil Pan And Indicator Dipstick,pending,0,0,https://www.moparamerica.com/v-2017-dodge-charger--srt-392--6-4l-v8-gas/5-7lgas-engine--engine-oiling-oil-pan-and-indicator-dipstick,,
Dodge Charger,SRT 392,6.4L V8 Gas,5 7Lgas Engine / Manifolds And Vacuum Fittings,pending,0,0,https://www.moparamerica.com/v-2017-dodge-charger--srt-392--6-4l-v8-gas/5-7lgas-engine--manifolds-and-vacuum-fittings,,
Dodge Charger,SRT 392,6.4L V8 Gas,6 2L Gas Engine / Camshaft And Valve,pending,0,0,https://www.moparamerica.com/v-2017-dodge-charger--srt-392--6-4l-v8-gas/6-2l-gas-engine--camshaft-and-valve,,
Dodge Charger,SRT 392,6.4L V8 Gas,6 2L Gas Engine / Engine Mounting,pending,0,0,https://www.moparamerica.com/v-2017-dodge-charger--srt-392--6-4l-v8-gas/6-2l-gas-engine--engine-mounting,,
Dodge Charger,SRT 392,6.4L V8 Gas,6 2L Gas Engine / Engine Oil Cooler,pending,0,0,https://www.moparamerica.com/v-2017-dodge-charger--srt-392--6-4l-v8-gas/6-2l-gas-engine--engine-oil-cooler,,
Dodge Charger,SRT 392,6.4L V8 Gas,6 2L Gas Engine / Engine Oiling Oil Pan And Indicator Dipstick,pending,0,0,https://www.moparamerica.com/v-2017-dodge-charger--srt-392--6-4l-v8-gas/6-2l-gas-engine--engine-oiling-oil-pan-and-indicator-dipstick,,
Dodge Charger,SRT 392,6.4L V8 Gas,6 2L Gas Engine / Manifolds And Vacuum Fittings,pending,0,0,https://www.moparamerica.com/v-2017-dodge-charger--srt-392--6-4l-v8-gas/6-2l-gas-engine--manifolds-and-vacuum-fittings,,
Dodge Charger,SRT 392,6.4L V8 Gas,6 4L Gas Engine / Camshaft And Valve,pending,0,0,https://www.moparamerica.com/v-2017-dodge-charger--srt-392--6-4l-v8-gas/6-4l-gas-engine--camshaft-and-valve,,
Dodge Charger,SRT 392,6.4L V8 Gas,6 4L Gas Engine / Crankcase Ventilation,pending,0,0,https://www.moparamerica.com/v-2017-dodge-charger--srt-392--6-4l-v8-gas/6-4l-gas-engine--crankcase-ventilation,,
Dodge Charger,SRT 392,6.4L V8 Gas,6 4L Gas Engine / Crankshaft Piston Drive Plate Flywheel And Damper,pending,0,0,https://www.moparamerica.com/v-2017-dodge-charger--srt-392--6-4l-v8-gas/6-4l-gas-engine--crankshaft-piston-drive-plate-flywheel-and-damper,,
Dodge Charger,SRT 392,6.4L V8 Gas,6 4L Gas Engine / Cylinder Block,pending,0,0,https://www.moparamerica.com/v-2017-dodge-charger--srt-392--6-4l-v8-gas/6-4l-gas-engine--cylinder-block,,
Dodge Charger,SRT 392,6.4L V8 Gas,6 4L Gas Engine / Cylinder Head,pending,0,0,https://www.moparamerica.com/v-2017-dodge-charger--srt-392--6-4l-v8-gas/6-4l-gas-engine--cylinder-head,,
Dodge Charger,SRT 392,6.4L V8 Gas,6 4L Gas Engine / Engine Identification Service Engines And Engine Service Kits,pending,0,0,https://www.moparamerica.com/v-2017-dodge-charger--srt-392--6-4l-v8-gas/6-4l-gas-engine--engine-identification-service-engines-and-engine-service-kits,,
Dodge Charger,SRT 392,6.4L V8 Gas,6 4L Gas Engine / Engine Mounting,pending,0,0,https://www.moparamerica.com/v-2017-dodge-charger--srt-392--6-4l-v8-gas/6-4l-gas-engine--engine-mounting,,
Dodge Charger,SRT 392,6.4L V8 Gas,6 4L Gas Engine / Engine Oil Cooler,pending,0,0,https://www.moparamerica.com/v-2017-dodge-charger--srt-392--6-4l-v8-gas/6-4l-gas-engine--engine-oil-cooler,,
Dodge Charger,SRT 392,6.4L V8 Gas,6 4L Gas Engine / Engine Oiling Oil Pan And Indicator Dipstick,pending,0,0,https://www.moparamerica.com/v-2017-dodge-charger--srt-392--6-4l-v8-gas/6-4l-gas-engine--engine-oiling-oil-pan-and-indicator-dipstick,,
Dodge Charger,SRT 392,6.4L V8 Gas,6 4L Gas Engine / Manifolds And Vacuum Fittings,pending,0,0,https://www.moparamerica.com/v-2017-dodge-charger--srt-392--6-4l-v8-gas/6-4l-gas-engine--manifolds-and-vacuum-fittings,,
Dodge Charger,SRT 392,6.4L V8 Gas,6 4L Gas Engine / Timing Belt Chain And Cover And Balance Shaft,pending,0,0,https://www.moparamerica.com/v-2017-dodge-charger--srt-392--6-4l-v8-gas/6-4l-gas-engine--timing-belt-chain-and-cover-and-balance-shaft,,
Dodge Charger,SRT 392,6.4L V8 Gas,845Re 8 Speed Automatic Transmission / Automatic Transmission Transaxle And Torque Converter,pending,0,0,https://www.moparamerica.com/v-2017-dodge-charger--srt-392--6-4l-v8-gas/845re-8-speed-automatic-transmission--automatic-transmission-transaxle-and-torque-converter,,
Dodge Charger,SRT 392,6.4L V8 Gas,845Re 8 Speed Automatic Transmission / Gearshift Controls And Related Parts,pending,0,0,https://www.moparamerica.com/v-2017-dodge-charger--srt-392--6-4l-v8-gas/845re-8-speed-automatic-transmission--gearshift-controls-and-related-parts,,
Dodge Charger,SRT 392,6.4L V8 Gas,845Re 8 Speed Automatic Transmission / Mounting And Skid Plate,pending,0,0,https://www.moparamerica.com/v-2017-dodge-charger--srt-392--6-4l-v8-gas/845re-8-speed-automatic-transmission--mounting-and-skid-plate,,
Dodge Charger,SRT 392,6.4L V8 Gas,845Re 8 Speed Automatic Transmission / Oil Pump,pending,0,0,https://www.moparamerica.com/v-2017-dodge-charger--srt-392--6-4l-v8-gas/845re-8-speed-automatic-transmission--oil-pump,,
Dodge Charger,SRT 392,6.4L V8 Gas,845Re 8 Speed Automatic Transmission / Valve Body Accumulator Solenoid And Parking Sprag,pending,0,0,https://www.moparamerica.com/v-2017-dodge-charger--srt-392--6-4l-v8-gas/845re-8-speed-automatic-transmission--valve-body-accumulator-solenoid-and-parking-sprag,,
Dodge Charger,SRT 392,6.4L V8 Gas,8Hp45 8 Speed Automatic Transmission / Automatic Transmission Transaxle And Torque Converter,pending,0,0,https://www.moparamerica.com/v-2017-dodge-charger--srt-392--6-4l-v8-gas/8hp45-8-speed-automatic-transmission--automatic-transmission-transaxle-and-torque-converter,,
Dodge Charger,SRT 392,6.4L V8 Gas,8Hp45 8 Speed Automatic Transmission / Gearshift Controls And Related Parts,pending,0,0,https://www.moparamerica.com/v-2017-dodge-charger--srt-392--6-4l-v8-gas/8hp45-8-speed-automatic-transmission--gearshift-controls-and-related-parts,,
Dodge Charger,SRT 392,6.4L V8 Gas,8Hp45 8 Speed Automatic Transmission / Mounting And Skid Plate,pending,0,0,https://www.moparamerica.com/v-2017-dodge-charger--srt-392--6-4l-v8-gas/8hp45-8-speed-automatic-transmission--mounting-and-skid-plate,,
Dodge Charger,SRT 392,6.4L V8 Gas,8Hp70 8 Speed Automatic Transmission / Automatic Transmission Transaxle And Torque Converter,pending,0,0,https://www.moparamerica.com/v-2017-dodge-charger--srt-392--6-4l-v8-gas/8hp70-8-speed-automatic-transmission--automatic-transmission-transaxle-and-torque-converter,,
Dodge Charger,SRT 392,6.4L V8 Gas,8Hp70 8 Speed Automatic Transmission / Case Extension Oil Pan And Indicator Dipstick,pending,0,0,https://www.moparamerica.com/v-2017-dodge-charger--srt-392--6-4l-v8-gas/8hp70-8-speed-automatic-transmission--case-extension-oil-pan-and-indicator-dipstick,,
Dodge Charger,SRT 392,6.4L V8 Gas,8Hp70 8 Speed Automatic Transmission / Gearshift Controls And Related Parts,pending,0,0,https://www.moparamerica.com/v-2017-dodge-charger--srt-392--6-4l-v8-gas/8hp70-8-speed-automatic-transmission--gearshift-controls-and-related-parts,,
Dodge Charger,SRT 392,6.4L V8 Gas,8Hp70 8 Speed Automatic Transmission / Mounting And Skid Plate,pending,0,0,https://www.moparamerica.com/v-2017-dodge-charger--srt-392--6-4l-v8-gas/8hp70-8-speed-automatic-transmission--mounting-and-skid-plate,,
Dodge Charger,SRT 392,6.4L V8 Gas,8Hp70 8 Speed Automatic Transmission / Oil Pump,pending,0,0,https://www.moparamerica.com/v-2017-dodge-charger--srt-392--6-4l-v8-gas/8hp70-8-speed-automatic-transmission--oil-pump,,
Dodge Charger,SRT 392,6.4L V8 Gas,8Hp70 8 Speed Automatic Transmission / Valve Body Accumulator Solenoid And Parking Sprag,pending,0,0,https://www.moparamerica.com/v-2017-dodge-charger--srt-392--6-4l-v8-gas/8hp70-8-speed-automatic-transmission--valve-body-accumulator-solenoid-and-parking-sprag,,
Dodge Charger,SRT 392,6.4L V8 Gas,8Hp90 8 Speed Automatic Transmission / Automatic Transmission Transaxle And Torque Converter,pending,0,0,https://www.moparamerica.com/v-2017-dodge-charger--srt-392--6-4l-v8-gas/8hp90-8-speed-automatic-transmission--automatic-transmission-transaxle-and-torque-converter,,
Dodge Charger,SRT 392,6.4L V8 Gas,8Hp90 8 Speed Automatic Transmission / Gearshift Controls And Related Parts,pending,0,0,https://www.moparamerica.com/v-2017-dodge-charger--srt-392--6-4l-v8-gas/8hp90-8-speed-automatic-transmission--gearshift-controls-and-related-parts,,
Dodge Charger,SRT 392,6.4L V8 Gas,8Hp90 8 Speed Automatic Transmission / Mounting And Skid Plate,pending,0,0,https://www.moparamerica.com/v-2017-dodge-charger--srt-392--6-4l-v8-gas/8hp90-8-speed-automatic-transmission--mounting-and-skid-plate,,
Dodge Charger,SRT 392,6.4L V8 Gas,Accessories,pending,0,0,https://www.moparamerica.com/v-2017-dodge-charger--srt-392--6-4l-v8-gas/accessories,,
Dodge Charger,SRT 392,6.4L V8 Gas,Accessories Audio Video And Electronics Accessories / Charging Unit,pending,0,0,https://www.moparamerica.com/v-2017-dodge-charger--srt-392--6-4l-v8-gas/accessories-audio-video-and-electronics-accessories--charging-unit,,
Dodge Charger,SRT 392,6.4L V8 Gas,Accessories Audio Video And Electronics Accessories / Security,pending,0,0,https://www.moparamerica.com/v-2017-dodge-charger--srt-392--6-4l-v8-gas/accessories-audio-video-and-electronics-accessories--security,,
Dodge Charger,SRT 392,6.4L V8 Gas,Accessories Exterior Accessories / Air Deflectors,pending,0,0,https://www.moparamerica.com/v-2017-dodge-charger--srt-392--6-4l-v8-gas/accessories-exterior-accessories--air-deflectors,,
Dodge Charger,SRT 392,6.4L V8 Gas,Accessories Exterior Accessories / Covers,pending,0,0,https://www.moparamerica.com/v-2017-dodge-charger--srt-392--6-4l-v8-gas/accessories-exterior-accessories--covers,,
Dodge Charger,SRT 392,6.4L V8 Gas,Accessories Exterior Accessories / Exterior Appearance,pending,0,0,https://www.moparamerica.com/v-2017-dodge-charger--srt-392--6-4l-v8-gas/accessories-exterior-accessories--exterior-appearance,,
Dodge Charger,SRT 392,6.4L V8 Gas,Accessories Exterior Accessories / License Plate,pending,0,0,https://www.moparamerica.com/v-2017-dodge-charger--srt-392--6-4l-v8-gas/accessories-exterior-accessories--license-plate,,
Dodge Charger,SRT 392,6.4L V8 Gas,Accessories Exterior Accessories / Locks,pending,0,0,https://www.moparamerica.com/v-2017-dodge-charger--srt-392--6-4l-v8-gas/accessories-exterior-accessories--locks,,
Dodge Charger,SRT 392,6.4L V8 Gas,Accessories Exterior Accessories / Protective Guards,pending,0,0,https://www.moparamerica.com/v-2017-dodge-charger--srt-392--6-4l-v8-gas/accessories-exterior-accessories--protective-guards,,
Dodge Charger,SRT 392,6.4L V8 Gas,Accessories Exterior Accessories / Wheels,pending,0,0,https://www.moparamerica.com/v-2017-dodge-charger--srt-392--6-4l-v8-gas/accessories-exterior-accessories--wheels,,
Dodge Charger,SRT 392,6.4L V8 Gas,Accessories Interior Accessories / Air Purification,pending,0,0,https://www.moparamerica.com/v-2017-dodge-charger--srt-392--6-4l-v8-gas/accessories-interior-accessories--air-purification,,
Dodge Charger,SRT 392,6.4L V8 Gas,Accessories Interior Accessories / Cargo Trays And Mats,pending,0,0,https://www.moparamerica.com/v-2017-dodge-charger--srt-392--6-4l-v8-gas/accessories-interior-accessories--cargo-trays-and-mats,,
Dodge Charger,SRT 392,6.4L V8 Gas,Accessories Interior Accessories / Floor Mats,pending,0,0,https://www.moparamerica.com/v-2017-dodge-charger--srt-392--6-4l-v8-gas/accessories-interior-accessories--floor-mats,,
Dodge Charger,SRT 392,6.4L V8 Gas,Accessories Interior Accessories / Interior Appearance,pending,0,0,https://www.moparamerica.com/v-2017-dodge-charger--srt-392--6-4l-v8-gas/accessories-interior-accessories--interior-appearance,,
Dodge Charger,SRT 392,6.4L V8 Gas,Accessories Interior Accessories / Seat And Security Covers,pending,0,0,https://www.moparamerica.com/v-2017-dodge-charger--srt-392--6-4l-v8-gas/accessories-interior-accessories--seat-and-security-covers,,
Dodge Charger,SRT 392,6.4L V8 Gas,Accessories Lifestyle And Off Road Accessories / Safety Kits,pending,0,0,https://www.moparamerica.com/v-2017-dodge-charger--srt-392--6-4l-v8-gas/accessories-lifestyle-and-off-road-accessories--safety-kits,,
Dodge Charger,SRT 392,6.4L V8 Gas,Accessories Lighting And Electrical Accessories / Charging Unit,pending,0,0,https://www.moparamerica.com/v-2017-dodge-charger--srt-392--6-4l-v8-gas/accessories-lighting-and-electrical-accessories--charging-unit,,
Dodge Charger,SRT 392,6.4L V8 Gas,Accessories Lighting And Electrical Accessories / Police Equipment,pending,0,0,https://www.moparamerica.com/v-2017-dodge-charger--srt-392--6-4l-v8-gas/accessories-lighting-and-electrical-accessories--police-equipment,,
Dodge Charger,SRT 392,6.4L V8 Gas,Accessories Modern Performance / Engine Parts,pending,0,0,https://www.moparamerica.com/v-2017-dodge-charger--srt-392--6-4l-v8-gas/accessories-modern-performance--engine-parts,,
Dodge Charger,SRT 392,6.4L V8 Gas,Accessories Modern Performance / Intake And Air,pending,0,0,https://www.moparamerica.com/v-2017-dodge-charger--srt-392--6-4l-v8-gas/accessories-modern-performance--intake-and-air,,
Dodge Charger,SRT 392,6.4L V8 Gas,Accessories Modern Performance / Suspension,pending,0,0,https://www.moparamerica.com/v-2017-dodge-charger--srt-392--6-4l-v8-gas/accessories-modern-performance--suspension,,
Dodge Charger,SRT 392,6.4L V8 Gas,Accessories Vehicle Care Products / Mopar,pending,0,0,https://www.moparamerica.com/v-2017-dodge-charger--srt-392--6-4l-v8-gas/accessories-vehicle-care-products--mopar,,
Dodge Charger,SRT 392,6.4L V8 Gas,Accessories Vehicle Care Products / Touch Up Paint,pending,0,0,https://www.moparamerica.com/v-2017-dodge-charger--srt-392--6-4l-v8-gas/accessories-vehicle-care-products--touch-up-paint,,
Dodge Charger,SRT 392,6.4L V8 Gas,Air Conditioners And Heaters / Air Conditioner And Heater Controls,pending,0,0,https://www.moparamerica.com/v-2017-dodge-charger--srt-392--6-4l-v8-gas/air-conditioners-and-heaters--air-conditioner-and-heater-controls,,
Dodge Charger,SRT 392,6.4L V8 Gas,Air Conditioners And Heaters / Air Conditioner And Heater Plumbing,pending,0,0,https://www.moparamerica.com/v-2017-dodge-charger--srt-392--6-4l-v8-gas/air-conditioners-and-heaters--air-conditioner-and-heater-plumbing,,
Dodge Charger,SRT 392,6.4L V8 Gas,Air Conditioners And Heaters / Air Conditioner And Heater Units,pending,0,0,https://www.moparamerica.com/v-2017-dodge-charger--srt-392--6-4l-v8-gas/air-conditioners-and-heaters--air-conditioner-and-heater-units,,
Dodge Charger,SRT 392,6.4L V8 Gas,Air Conditioners And Heaters / Air Conditioner Compressor And Mounting,pending,0,0,https://www.moparamerica.com/v-2017-dodge-charger--srt-392--6-4l-v8-gas/air-conditioners-and-heaters--air-conditioner-compressor-and-mounting,,
Dodge Charger,SRT 392,6.4L V8 Gas,Air Conditioners And Heaters / Air Ducts,pending,0,0,https://www.moparamerica.com/v-2017-dodge-charger--srt-392--6-4l-v8-gas/air-conditioners-and-heaters--air-ducts,,
Dodge Charger,SRT 392,6.4L V8 Gas,All Wheel Drive Differential And Drive Line / Drive Shaft,pending,0,0,https://www.moparamerica.com/v-2017-dodge-charger--srt-392--6-4l-v8-gas/all-wheel-drive-differential-and-drive-line--drive-shaft,,
Dodge Charger,SRT 392,6.4L V8 Gas,All Wheel Drive Differential And Drive Line / Front Axle Assembly,pending,0,0,https://www.moparamerica.com/v-2017-dodge-charger--srt-392--6-4l-v8-gas/all-wheel-drive-differential-and-drive-line--front-axle-assembly,,
Dodge Charger,SRT 392,6.4L V8 Gas,All Wheel Drive Differential And Drive Line / Front Axle Drive Shafts,pending,0,0,https://www.moparamerica.com/v-2017-dodge-charger--srt-392--6-4l-v8-gas/all-wheel-drive-differential-and-drive-line--front-axle-drive-shafts,,
Dodge Charger,SRT 392,6.4L V8 Gas,All Wheel Drive Differential And Drive Line / Rear Axle Assembly,pending,0,0,https://www.moparamerica.com/v-2017-dodge-charger--srt-392--6-4l-v8-gas/all-wheel-drive-differential-and-drive-line--rear-axle-assembly,,
Dodge Charger,SRT 392,6.4L V8 Gas,All Wheel Drive Differential And Drive Line / Rear Axle Housing Differential And Vent,pending,0,0,https://www.moparamerica.com/v-2017-dodge-charger--srt-392--6-4l-v8-gas/all-wheel-drive-differential-and-drive-line--rear-axle-housing-differential-and-vent,,
Dodge Charger,SRT 392,6.4L V8 Gas,Auto Parts,pending,0,0,https://www.moparamerica.com/v-2017-dodge-charger--srt-392--6-4l-v8-gas/auto-parts,,
Dodge Charger,SRT 392,6.4L V8 Gas,Body Sheet Metal Except Doors / Aperture Panel And Pillar Supports,pending,0,0,https://www.moparamerica.com/v-2017-dodge-charger--srt-392--6-4l-v8-gas/body-sheet-metal-except-doors--aperture-panel-and-pillar-supports,,
Dodge Charger,SRT 392,6.4L V8 Gas,Body Sheet Metal Except Doors / Cowl And Dash Panel,pending,0,0,https://www.moparamerica.com/v-2017-dodge-charger--srt-392--6-4l-v8-gas/body-sheet-metal-except-doors--cowl-and-dash-panel,,
Dodge Charger,SRT 392,6.4L V8 Gas,Body Sheet Metal Except Doors / Deck Lid,pending,0,0,https://www.moparamerica.com/v-2017-dodge-charger--srt-392--6-4l-v8-gas/body-sheet-metal-except-doors--deck-lid,,
Dodge Charger,SRT 392,6.4L V8 Gas,Body Sheet Metal Except Doors / Fenders,pending,0,0,https://www.moparamerica.com/v-2017-dodge-charger--srt-392--6-4l-v8-gas/body-sheet-metal-except-doors--fenders,,
Dodge Charger,SRT 392,6.4L V8 Gas,Body Sheet Metal Except Doors / Floor Pans,pending,0,0,https://www.moparamerica.com/v-2017-dodge-charger--srt-392--6-4l-v8-gas/body-sheet-metal-except-doors--floor-pans,,
Dodge Charger,SRT 392,6.4L V8 Gas,Body Sheet Metal Except Doors / Hood And Hood Release,pending,0,0,https://www.moparamerica.com/v-2017-dodge-charger--srt-392--6-4l-v8-gas/body-sheet-metal-except-doors--hood-and-hood-release,,
Dodge Charger,SRT 392,6.4L V8 Gas,Body Sheet Metal Except Doors / Pick Up Box And Fuel Filler Door,pending,0,0,https://www.moparamerica.com/v-2017-dodge-charger--srt-392--6-4l-v8-gas/body-sheet-metal-except-doors--pick-up-box-and-fuel-filler-door,,
Dodge Charger,SRT 392,6.4L V8 Gas,Body Sheet Metal Except Doors / Plugs,pending,0,0,https://www.moparamerica.com/v-2017-dodge-charger--srt-392--6-4l-v8-gas/body-sheet-metal-except-doors--plugs,,
Dodge Charger,SRT 392,6.4L V8 Gas,Body Sheet Metal Except Doors / Roof,pending,0,0,https://www.moparamerica.com/v-2017-dodge-charger--srt-392--6-4l-v8-gas/body-sheet-metal-except-doors--roof,,
Dodge Charger,SRT 392,6.4L V8 Gas,Body Sheet Metal Except Doors / Shelf Panel,pending,0,0,https://www.moparamerica.com/v-2017-dodge-charger--srt-392--6-4l-v8-gas/body-sheet-metal-except-doors--shelf-panel,,
Dodge Charger,SRT 392,6.4L V8 Gas,Body Sheet Metal Except Doors / Sunroof,pending,0,0,https://www.moparamerica.com/v-2017-dodge-charger--srt-392--6-4l-v8-gas/body-sheet-metal-except-doors--sunroof,,
Dodge Charger,SRT 392,6.4L V8 Gas,Brakes / Brake Master Cylinder,pending,0,0,https://www.moparamerica.com/v-2017-dodge-charger--srt-392--6-4l-v8-gas/brakes--brake-master-cylinder,,
Dodge Charger,SRT 392,6.4L V8 Gas,Brakes / Brake Pedals,pending,0,0,https://www.moparamerica.com/v-2017-dodge-charger--srt-392--6-4l-v8-gas/brakes--brake-pedals,,
Dodge Charger,SRT 392,6.4L V8 Gas,Brakes / Front Brakes,pending,0,0,https://www.moparamerica.com/v-2017-dodge-charger--srt-392--6-4l-v8-gas/brakes--front-brakes,,
Dodge Charger,SRT 392,6.4L V8 Gas,Brakes / Hydraulic Control Unit Brake Tubes And Hoses,pending,0,0,https://www.moparamerica.com/v-2017-dodge-charger--srt-392--6-4l-v8-gas/brakes--hydraulic-control-unit-brake-tubes-and-hoses,,
Dodge Charger,SRT 392,6.4L V8 Gas,Brakes / Parking Brake Lever Cables And Rear Disc Park Brake Assembly,pending,0,0,https://www.moparamerica.com/v-2017-dodge-charger--srt-392--6-4l-v8-gas/brakes--parking-brake-lever-cables-and-rear-disc-park-brake-assembly,,
Dodge Charger,SRT 392,6.4L V8 Gas,Brakes / Power Brake Booster,pending,0,0,https://www.moparamerica.com/v-2017-dodge-charger--srt-392--6-4l-v8-gas/brakes--power-brake-booster,,
Dodge Charger,SRT 392,6.4L V8 Gas,Brakes / Rear Brakes,pending,0,0,https://www.moparamerica.com/v-2017-dodge-charger--srt-392--6-4l-v8-gas/brakes--rear-brakes,,
Dodge Charger,SRT 392,6.4L V8 Gas,Conversion And Upfit Packages / Exterior,pending,0,0,https://www.moparamerica.com/v-2017-dodge-charger--srt-392--6-4l-v8-gas/conversion-and-upfit-packages--exterior,,
Dodge Charger,SRT 392,6.4L V8 Gas,Conversion And Upfit Packages / Police,pending,0,0,https://www.moparamerica.com/v-2017-dodge-charger--srt-392--6-4l-v8-gas/conversion-and-upfit-packages--police,,
Dodge Charger,SRT 392,6.4L V8 Gas,Cooling / Drive Belts,pending,0,0,https://www.moparamerica.com/v-2017-dodge-charger--srt-392--6-4l-v8-gas/cooling--drive-belts,,
Dodge Charger,SRT 392,6.4L V8 Gas,Cooling / Engine Coolant Reservoir Bottle,pending,0,0,https://www.moparamerica.com/v-2017-dodge-charger--srt-392--6-4l-v8-gas/cooling--engine-coolant-reservoir-bottle,,
Dodge Charger,SRT 392,6.4L V8 Gas,Cooling / Pulleys And Related Parts,pending,0,0,https://www.moparamerica.com/v-2017-dodge-charger--srt-392--6-4l-v8-gas/cooling--pulleys-and-related-parts,,
Dodge Charger,SRT 392,6.4L V8 Gas,Cooling / Radiator And Related Parts Charge Air Cooler,pending,0,0,https://www.moparamerica.com/v-2017-dodge-charger--srt-392--6-4l-v8-gas/cooling--radiator-and-related-parts-charge-air-cooler,,
Dodge Charger,SRT 392,6.4L V8 Gas,Cooling / Transmission Oil Cooler And Lines,pending,0,0,https://www.moparamerica.com/v-2017-dodge-charger--srt-392--6-4l-v8-gas/cooling--transmission-oil-cooler-and-lines,,
Dodge Charger,SRT 392,6.4L V8 Gas,Cooling / Water Pump And Related Parts,pending,0,0,https://www.moparamerica.com/v-2017-dodge-charger--srt-392--6-4l-v8-gas/cooling--water-pump-and-related-parts,,
Dodge Charger,SRT 392,6.4L V8 Gas,Doors Door Mirrors And Related Parts / Exterior Mirror,pending,0,0,https://www.moparamerica.com/v-2017-dodge-charger--srt-392--6-4l-v8-gas/doors-door-mirrors-and-related-parts--exterior-mirror,,
Dodge Charger,SRT 392,6.4L V8 Gas,Doors Door Mirrors And Related Parts / Front Door,pending,0,0,https://www.moparamerica.com/v-2017-dodge-charger--srt-392--6-4l-v8-gas/doors-door-mirrors-and-related-parts--front-door,,
Dodge Charger,SRT 392,6.4L V8 Gas,Doors Door Mirrors And Related Parts / Rear Door,pending,0,0,https://www.moparamerica.com/v-2017-dodge-charger--srt-392--6-4l-v8-gas/doors-door-mirrors-and-related-parts--rear-door,,
Dodge Charger,SRT 392,6.4L V8 Gas,Doors Door Mirrors And Related Parts / Weatherstrips And Seals,pending,0,0,https://www.moparamerica.com/v-2017-dodge-charger--srt-392--6-4l-v8-gas/doors-door-mirrors-and-related-parts--weatherstrips-and-seals,,
Dodge Charger,SRT 392,6.4L V8 Gas,Electrical / Battery Battery Tray And Cables,pending,0,0,https://www.moparamerica.com/v-2017-dodge-charger--srt-392--6-4l-v8-gas/electrical--battery-battery-tray-and-cables,,
Dodge Charger,SRT 392,6.4L V8 Gas,Electrical / Generators Alternators,pending,0,0,https://www.moparamerica.com/v-2017-dodge-charger--srt-392--6-4l-v8-gas/electrical--generators-alternators,,
Dodge Charger,SRT 392,6.4L V8 Gas,Electrical / Horns,pending,0,0,https://www.moparamerica.com/v-2017-dodge-charger--srt-392--6-4l-v8-gas/electrical--horns,,
Dodge Charger,SRT 392,6.4L V8 Gas,Electrical / Ignition Spark Plugs Cables Coils And Glow Plugs,pending,0,0,https://www.moparamerica.com/v-2017-dodge-charger--srt-392--6-4l-v8-gas/electrical--ignition-spark-plugs-cables-coils-and-glow-plugs,,
Dodge Charger,SRT 392,6.4L V8 Gas,Electrical / Instrument Panel Cluster,pending,0,0,https://www.moparamerica.com/v-2017-dodge-charger--srt-392--6-4l-v8-gas/electrical--instrument-panel-cluster,,
Dodge Charger,SRT 392,6.4L V8 Gas,Electrical / Keys Modules And Engine Controllers,pending,0,0,https://www.moparamerica.com/v-2017-dodge-charger--srt-392--6-4l-v8-gas/electrical--keys-modules-and-engine-controllers,,
Dodge Charger,SRT 392,6.4L V8 Gas,Electrical / Lamps Interior And Exterior,pending,0,0,https://www.moparamerica.com/v-2017-dodge-charger--srt-392--6-4l-v8-gas/electrical--lamps-interior-and-exterior,,
Dodge Charger,SRT 392,6.4L V8 Gas,Electrical / Park Assist,pending,0,0,https://www.moparamerica.com/v-2017-dodge-charger--srt-392--6-4l-v8-gas/electrical--park-assist,,
Dodge Charger,SRT 392,6.4L V8 Gas,Electrical / Power Distribution Center Fuse Block Junction Block Relays And Fuses,pending,0,0,https://www.moparamerica.com/v-2017-dodge-charger--srt-392--6-4l-v8-gas/electrical--power-distribution-center-fuse-block-junction-block-relays-and-fuses,,
Dodge Charger,SRT 392,6.4L V8 Gas,Electrical / Radio Antenna Speakers Dvd And Video Systems,pending,0,0,https://www.moparamerica.com/v-2017-dodge-charger--srt-392--6-4l-v8-gas/electrical--radio-antenna-speakers-dvd-and-video-systems,,
Dodge Charger,SRT 392,6.4L V8 Gas,Electrical / Sensors,pending,0,0,https://www.moparamerica.com/v-2017-dodge-charger--srt-392--6-4l-v8-gas/electrical--sensors,,
Dodge Charger,SRT 392,6.4L V8 Gas,Electrical / Speed Control,pending,0,0,https://www.moparamerica.com/v-2017-dodge-charger--srt-392--6-4l-v8-gas/electrical--speed-control,,
Dodge Charger,SRT 392,6.4L V8 Gas,Electrical / Starters,pending,0,0,https://www.moparamerica.com/v-2017-dodge-charger--srt-392--6-4l-v8-gas/electrical--starters,,
Dodge Charger,SRT 392,6.4L V8 Gas,Electrical / Switches,pending,0,0,https://www.moparamerica.com/v-2017-dodge-charger--srt-392--6-4l-v8-gas/electrical--switches,,
Dodge Charger,SRT 392,6.4L V8 Gas,Electrical / Wiper And Washer System,pending,0,0,https://www.moparamerica.com/v-2017-dodge-charger--srt-392--6-4l-v8-gas/electrical--wiper-and-washer-system,,
Dodge Charger,SRT 392,6.4L V8 Gas,Electrical / Wiring Body And Accessories,pending,0,0,https://www.moparamerica.com/v-2017-dodge-charger--srt-392--6-4l-v8-gas/electrical--wiring-body-and-accessories,,
Dodge Charger,SRT 392,6.4L V8 Gas,Electrical / Wiring Headlamp To Dash,pending,0,0,https://www.moparamerica.com/v-2017-dodge-charger--srt-392--6-4l-v8-gas/electrical--wiring-headlamp-to-dash,,
Dodge Charger,SRT 392,6.4L V8 Gas,Electrical / Wiring Instrument Panel,pending,0,0,https://www.moparamerica.com/v-2017-dodge-charger--srt-392--6-4l-v8-gas/electrical--wiring-instrument-panel,,
Dodge Charger,SRT 392,6.4L V8 Gas,Electrical / Wiring Powertrain,pending,0,0,https://www.moparamerica.com/v-2017-dodge-charger--srt-392--6-4l-v8-gas/electrical--wiring-powertrain,,
Dodge Charger,SRT 392,6.4L V8 Gas,Emission Controls / Emission Harness,pending,0,0,https://www.moparamerica.com/v-2017-dodge-charger--srt-392--6-4l-v8-gas/emission-controls--emission-harness,,
Dodge Charger,SRT 392,6.4L V8 Gas,Emission Controls / Vacuum Canister Leak Detection Pump,pending,0,0,https://www.moparamerica.com/v-2017-dodge-charger--srt-392--6-4l-v8-gas/emission-controls--vacuum-canister-leak-detection-pump,,
Dodge Charger,SRT 392,6.4L V8 Gas,Exhaust / Exhaust System,pending,0,0,https://www.moparamerica.com/v-2017-dodge-charger--srt-392--6-4l-v8-gas/exhaust--exhaust-system,,
Dodge Charger,SRT 392,6.4L V8 Gas,Exterior Ornamentation / Decals And Tape Stripes,pending,0,0,https://www.moparamerica.com/v-2017-dodge-charger--srt-392--6-4l-v8-gas/exterior-ornamentation--decals-and-tape-stripes,,
Dodge Charger,SRT 392,6.4L V8 Gas,Exterior Ornamentation / Grilles,pending,0,0,https://www.moparamerica.com/v-2017-dodge-charger--srt-392--6-4l-v8-gas/exterior-ornamentation--grilles,,
Dodge Charger,SRT 392,6.4L V8 Gas,Exterior Ornamentation / Moldings And Ornamentation,pending,0,0,https://www.moparamerica.com/v-2017-dodge-charger--srt-392--6-4l-v8-gas/exterior-ornamentation--moldings-and-ornamentation,,
Dodge Charger,SRT 392,6.4L V8 Gas,Exterior Ornamentation / Nameplates,pending,0,0,https://www.moparamerica.com/v-2017-dodge-charger--srt-392--6-4l-v8-gas/exterior-ornamentation--nameplates,,
Dodge Charger,SRT 392,6.4L V8 Gas,Frame Bumper And Fascia / Frames,pending,0,0,https://www.moparamerica.com/v-2017-dodge-charger--srt-392--6-4l-v8-gas/frame-bumper-and-fascia--frames,,
Dodge Charger,SRT 392,6.4L V8 Gas,Frame Bumper And Fascia / Front Bumper And Fascia,pending,0,0,https://www.moparamerica.com/v-2017-dodge-charger--srt-392--6-4l-v8-gas/frame-bumper-and-fascia--front-bumper-and-fascia,,
Dodge Charger,SRT 392,6.4L V8 Gas,Frame Bumper And Fascia / Rear Bumper And Fascia,pending,0,0,https://www.moparamerica.com/v-2017-dodge-charger--srt-392--6-4l-v8-gas/frame-bumper-and-fascia--rear-bumper-and-fascia,,
Dodge Charger,SRT 392,6.4L V8 Gas,Front Suspension / Front Stabilizer Bar,pending,0,0,https://www.moparamerica.com/v-2017-dodge-charger--srt-392--6-4l-v8-gas/front-suspension--front-stabilizer-bar,,
Dodge Charger,SRT 392,6.4L V8 Gas,Front Suspension / Front Suspension Strut And Cradle,pending,0,0,https://www.moparamerica.com/v-2017-dodge-charger--srt-392--6-4l-v8-gas/front-suspension--front-suspension-strut-and-cradle,,
Dodge Charger,SRT 392,6.4L V8 Gas,Fuel / Accelerator Pedal,pending,0,0,https://www.moparamerica.com/v-2017-dodge-charger--srt-392--6-4l-v8-gas/fuel--accelerator-pedal,,
Dodge Charger,SRT 392,6.4L V8 Gas,Fuel / Air Cleaner,pending,0,0,https://www.moparamerica.com/v-2017-dodge-charger--srt-392--6-4l-v8-gas/fuel--air-cleaner,,
Dodge Charger,SRT 392,6.4L V8 Gas,Fuel / Fuel Lines,pending,0,0,https://www.moparamerica.com/v-2017-dodge-charger--srt-392--6-4l-v8-gas/fuel--fuel-lines,,
Dodge Charger,SRT 392,6.4L V8 Gas,Fuel / Fuel Pump And Sending Unit,pending,0,0,https://www.moparamerica.com/v-2017-dodge-charger--srt-392--6-4l-v8-gas/fuel--fuel-pump-and-sending-unit,,
Dodge Charger,SRT 392,6.4L V8 Gas,Fuel / Fuel Rail And Injectors,pending,0,0,https://www.moparamerica.com/v-2017-dodge-charger--srt-392--6-4l-v8-gas/fuel--fuel-rail-and-injectors,,
Dodge Charger,SRT 392,6.4L V8 Gas,Fuel / Fuel Tank,pending,0,0,https://www.moparamerica.com/v-2017-dodge-charger--srt-392--6-4l-v8-gas/fuel--fuel-tank,,
Dodge Charger,SRT 392,6.4L V8 Gas,Fuel / Fuel Tank Filler Tube,pending,0,0,https://www.moparamerica.com/v-2017-dodge-charger--srt-392--6-4l-v8-gas/fuel--fuel-tank-filler-tube,,
Dodge Charger,SRT 392,6.4L V8 Gas,Fuel / Throttle Body,pending,0,0,https://www.moparamerica.com/v-2017-dodge-charger--srt-392--6-4l-v8-gas/fuel--throttle-body,,
Dodge Charger,SRT 392,6.4L V8 Gas,Glass / Glass And Interior Rear View Mirror,pending,0,0,https://www.moparamerica.com/v-2017-dodge-charger--srt-392--6-4l-v8-gas/glass--glass-and-interior-rear-view-mirror,,
Dodge Charger,SRT 392,6.4L V8 Gas,Interior Trim / Carpets Floor Mats Load Floor And Silencers,pending,0,0,https://www.moparamerica.com/v-2017-dodge-charger--srt-392--6-4l-v8-gas/interior-trim--carpets-floor-mats-load-floor-and-silencers,,
Dodge Charger,SRT 392,6.4L V8 Gas,Interior Trim / Consoles,pending,0,0,https://www.moparamerica.com/v-2017-dodge-charger--srt-392--6-4l-v8-gas/interior-trim--consoles,,
Dodge Charger,SRT 392,6.4L V8 Gas,Interior Trim / Door Trim Panels Front And Rear,pending,0,0,https://www.moparamerica.com/v-2017-dodge-charger--srt-392--6-4l-v8-gas/interior-trim--door-trim-panels-front-and-rear,,
Dodge Charger,SRT 392,6.4L V8 Gas,Interior Trim / Front Seats Adjusters Recliners Shields And Risers,pending,0,0,https://www.moparamerica.com/v-2017-dodge-charger--srt-392--6-4l-v8-gas/interior-trim--front-seats-adjusters-recliners-shields-and-risers,,
Dodge Charger,SRT 392,6.4L V8 Gas,Interior Trim / Front Seats First Row,pending,0,0,https://www.moparamerica.com/v-2017-dodge-charger--srt-392--6-4l-v8-gas/interior-trim--front-seats-first-row,,
Dodge Charger,SRT 392,6.4L V8 Gas,Interior Trim / Headliners Visors Assist Straps,pending,0,0,https://www.moparamerica.com/v-2017-dodge-charger--srt-392--6-4l-v8-gas/interior-trim--headliners-visors-assist-straps,,
Dodge Charger,SRT 392,6.4L V8 Gas,Interior Trim / Instrument Panel,pending,0,0,https://www.moparamerica.com/v-2017-dodge-charger--srt-392--6-4l-v8-gas/interior-trim--instrument-panel,,
Dodge Charger,SRT 392,6.4L V8 Gas,Interior Trim / Panels Moldings Scuff Plates Pillar Cowl 1 4 Panel Trim And Cargo Covers,pending,0,0,https://www.moparamerica.com/v-2017-dodge-charger--srt-392--6-4l-v8-gas/interior-trim--panels-moldings-scuff-plates-pillar-cowl-1-4-panel-trim-and-cargo-covers,,
Dodge Charger,SRT 392,6.4L V8 Gas,Interior Trim / Rear Seats Second Row,pending,0,0,https://www.moparamerica.com/v-2017-dodge-charger--srt-392--6-4l-v8-gas/interior-trim--rear-seats-second-row,,
Dodge Charger,SRT 392,6.4L V8 Gas,Interior Trim / Rear Seats Second Row Adjusters Recliners Shields And Risers,pending,0,0,https://www.moparamerica.com/v-2017-dodge-charger--srt-392--6-4l-v8-gas/interior-trim--rear-seats-second-row-adjusters-recliners-shields-and-risers,,
Dodge Charger,SRT 392,6.4L V8 Gas,Labels / Trunk,pending,0,0,https://www.moparamerica.com/v-2017-dodge-charger--srt-392--6-4l-v8-gas/labels--trunk,,
Dodge Charger,SRT 392,6.4L V8 Gas,Labels / Under Hood,pending,0,0,https://www.moparamerica.com/v-2017-dodge-charger--srt-392--6-4l-v8-gas/labels--under-hood,,
Dodge Charger,SRT 392,6.4L V8 Gas,Mopar Accessories Component Parts / Carriers And Cargo Hauling,pending,0,0,https://www.moparamerica.com/v-2017-dodge-charger--srt-392--6-4l-v8-gas/mopar-accessories-component-parts--carriers-and-cargo-hauling,,
Dodge Charger,SRT 392,6.4L V8 Gas,Mopar Accessories Component Parts / Driver Convenience,pending,0,0,https://www.moparamerica.com/v-2017-dodge-charger--srt-392--6-4l-v8-gas/mopar-accessories-component-parts--driver-convenience,,
Dodge Charger,SRT 392,6.4L V8 Gas,Mopar Accessories Component Parts / Exterior Appearance,pending,0,0,https://www.moparamerica.com/v-2017-dodge-charger--srt-392--6-4l-v8-gas/mopar-accessories-component-parts--exterior-appearance,,
Dodge Charger,SRT 392,6.4L V8 Gas,Mopar Accessories Component Parts / Fog Lights And Electrical,pending,0,0,https://www.moparamerica.com/v-2017-dodge-charger--srt-392--6-4l-v8-gas/mopar-accessories-component-parts--fog-lights-and-electrical,,
Dodge Charger,SRT 392,6.4L V8 Gas,Mopar Accessories Component Parts / Interior Protection,pending,0,0,https://www.moparamerica.com/v-2017-dodge-charger--srt-392--6-4l-v8-gas/mopar-accessories-component-parts--interior-protection,,
Dodge Charger,SRT 392,6.4L V8 Gas,Mopar Accessories Component Parts / Powertrain,pending,0,0,https://www.moparamerica.com/v-2017-dodge-charger--srt-392--6-4l-v8-gas/mopar-accessories-component-parts--powertrain,,
Dodge Charger,SRT 392,6.4L V8 Gas,Nag1 W5A580 5 Speed Automatic Transmission / Automatic Transmission Transaxle And Torque Converter,pending,0,0,https://www.moparamerica.com/v-2017-dodge-charger--srt-392--6-4l-v8-gas/nag1-w5a580-5-speed-automatic-transmission--automatic-transmission-transaxle-and-torque-converter,,
Dodge Charger,SRT 392,6.4L V8 Gas,Nag1 W5A580 5 Speed Automatic Transmission / Gearshift Controls And Related Parts,pending,0,0,https://www.moparamerica.com/v-2017-dodge-charger--srt-392--6-4l-v8-gas/nag1-w5a580-5-speed-automatic-transmission--gearshift-controls-and-related-parts,,
Dodge Charger,SRT 392,6.4L V8 Gas,Nag1 W5A580 5 Speed Automatic Transmission / Mounting And Skid Plate,pending,0,0,https://www.moparamerica.com/v-2017-dodge-charger--srt-392--6-4l-v8-gas/nag1-w5a580-5-speed-automatic-transmission--mounting-and-skid-plate,,
Dodge Charger,SRT 392,6.4L V8 Gas,Power Transfer Unit Transfer Case / Transfer Case Assembly,pending,0,0,https://www.moparamerica.com/v-2017-dodge-charger--srt-392--6-4l-v8-gas/power-transfer-unit-transfer-case--transfer-case-assembly,,
Dodge Charger,SRT 392,6.4L V8 Gas,Rear Suspension / Rear Stabilizer,pending,0,0,https://www.moparamerica.com/v-2017-dodge-charger--srt-392--6-4l-v8-gas/rear-suspension--rear-stabilizer,,
Dodge Charger,SRT 392,6.4L V8 Gas,Rear Suspension / Rear Suspension And Cradle,pending,0,0,https://www.moparamerica.com/v-2017-dodge-charger--srt-392--6-4l-v8-gas/rear-suspension--rear-suspension-and-cradle,,
Dodge Charger,SRT 392,6.4L V8 Gas,Rear Wheel Drive Differential And Drive Line / Drive Shaft,pending,0,0,https://www.moparamerica.com/v-2017-dodge-charger--srt-392--6-4l-v8-gas/rear-wheel-drive-differential-and-drive-line--drive-shaft,,
Dodge Charger,SRT 392,6.4L V8 Gas,Rear Wheel Drive Differential And Drive Line / Rear Axle Assembly,pending,0,0,https://www.moparamerica.com/v-2017-dodge-charger--srt-392--6-4l-v8-gas/rear-wheel-drive-differential-and-drive-line--rear-axle-assembly,,
Dodge Charger,SRT 392,6.4L V8 Gas,Rear Wheel Drive Differential And Drive Line / Rear Axle Housing Differential And Vent,pending,0,0,https://www.moparamerica.com/v-2017-dodge-charger--srt-392--6-4l-v8-gas/rear-wheel-drive-differential-and-drive-line--rear-axle-housing-differential-and-vent,,
Dodge Charger,SRT 392,6.4L V8 Gas,Rear Wheel Drive Differential And Drive Line / Rear Axle Shafts,pending,0,0,https://www.moparamerica.com/v-2017-dodge-charger--srt-392--6-4l-v8-gas/rear-wheel-drive-differential-and-drive-line--rear-axle-shafts,,
Dodge Charger,SRT 392,6.4L V8 Gas,Restraints / Air Bags,pending,0,0,https://www.moparamerica.com/v-2017-dodge-charger--srt-392--6-4l-v8-gas/restraints--air-bags,,
Dodge Charger,SRT 392,6.4L V8 Gas,Restraints / Seat Belts,pending,0,0,https://www.moparamerica.com/v-2017-dodge-charger--srt-392--6-4l-v8-gas/restraints--seat-belts,,
Dodge Charger,SRT 392,6.4L V8 Gas,Steering / Power Steering Hoses,pending,0,0,https://www.moparamerica.com/v-2017-dodge-charger--srt-392--6-4l-v8-gas/steering--power-steering-hoses,,
Dodge Charger,SRT 392,6.4L V8 Gas,Steering / Power Steering Pump And Reservoir,pending,0,0,https://www.moparamerica.com/v-2017-dodge-charger--srt-392--6-4l-v8-gas/steering--power-steering-pump-and-reservoir,,
Dodge Charger,SRT 392,6.4L V8 Gas,Steering / Steering Column And Intermediate Shaft,pending,0,0,https://www.moparamerica.com/v-2017-dodge-charger--srt-392--6-4l-v8-gas/steering--steering-column-and-intermediate-shaft,,
Dodge Charger,SRT 392,6.4L V8 Gas,Steering / Steering Gear,pending,0,0,https://www.moparamerica.com/v-2017-dodge-charger--srt-392--6-4l-v8-gas/steering--steering-gear,,
Dodge Charger,SRT 392,6.4L V8 Gas,Steering / Steering Wheel,pending,0,0,https://www.moparamerica.com/v-2017-dodge-charger--srt-392--6-4l-v8-gas/steering--steering-wheel,,
Dodge Charger,SRT 392,6.4L V8 Gas,Wheels / Emergency Kit,pending,0,0,https://www.moparamerica.com/v-2017-dodge-charger--srt-392--6-4l-v8-gas/wheels--emergency-kit,,
Dodge Charger,SRT 392,6.4L V8 Gas,Wheels / Jack Stowage,pending,0,0,https://www.moparamerica.com/v-2017-dodge-charger--srt-392--6-4l-v8-gas/wheels--jack-stowage,,
Dodge Charger,SRT 392,6.4L V8 Gas,Wheels / Tire Monitoring System,pending,0,0,https://www.moparamerica.com/v-2017-dodge-charger--srt-392--6-4l-v8-gas/wheels--tire-monitoring-system,,
Dodge Charger,SRT 392,6.4L V8 Gas,Wheels / Wheel Covers And Center Caps,pending,0,0,https://www.moparamerica.com/v-2017-dodge-charger--srt-392--6-4l-v8-gas/wheels--wheel-covers-and-center-caps,,
Dodge Charger,SRT 392,6.4L V8 Gas,Wheels / Wheel Spare,pending,0,0,https://www.moparamerica.com/v-2017-dodge-charger--srt-392--6-4l-v8-gas/wheels--wheel-spare,,
Dodge Charger,SRT 392,6.4L V8 Gas,Wheels / Wheels Tires And Hardware,pending,0,0,https://www.moparamerica.com/v-2017-dodge-charger--srt-392--6-4l-v8-gas/wheels--wheels-tires-and-hardware,,
Dodge Charger,SRT Hellcat,6.2L V8 Gas,3 6L Gas Engine / Engine Mounting,pending,0,0,https://www.moparamerica.com/v-2017-dodge-charger--srt-hellcat--6-2l-v8-gas/3-6l-gas-engine--engine-mounting,,
Dodge Charger,SRT Hellcat,6.2L V8 Gas,3 6L Gas Engine / Engine Oiling Oil Pan And Indicator Dipstick,pending,0,0,https://www.moparamerica.com/v-2017-dodge-charger--srt-hellcat--6-2l-v8-gas/3-6l-gas-engine--engine-oiling-oil-pan-and-indicator-dipstick,,
Dodge Charger,SRT Hellcat,6.2L V8 Gas,5 7Lgas Engine / Camshaft And Valve,pending,0,0,https://www.moparamerica.com/v-2017-dodge-charger--srt-hellcat--6-2l-v8-gas/5-7lgas-engine--camshaft-and-valve,,
Dodge Charger,SRT Hellcat,6.2L V8 Gas,5 7Lgas Engine / Engine Mounting,pending,0,0,https://www.moparamerica.com/v-2017-dodge-charger--srt-hellcat--6-2l-v8-gas/5-7lgas-engine--engine-mounting,,
Dodge Charger,SRT Hellcat,6.2L V8 Gas,5 7Lgas Engine / Engine Oiling Oil Pan And Indicator Dipstick,pending,0,0,https://www.moparamerica.com/v-2017-dodge-charger--srt-hellcat--6-2l-v8-gas/5-7lgas-engine--engine-oiling-oil-pan-and-indicator-dipstick,,
Dodge Charger,SRT Hellcat,6.2L V8 Gas,5 7Lgas Engine / Manifolds And Vacuum Fittings,pending,0,0,https://www.moparamerica.com/v-2017-dodge-charger--srt-hellcat--6-2l-v8-gas/5-7lgas-engine--manifolds-and-vacuum-fittings,,
Dodge Charger,SRT Hellcat,6.2L V8 Gas,6 2L Gas Engine / Camshaft And Valve,pending,0,0,https://www.moparamerica.com/v-2017-dodge-charger--srt-hellcat--6-2l-v8-gas/6-2l-gas-engine--camshaft-and-valve,,
Dodge Charger,SRT Hellcat,6.2L V8 Gas,6 2L Gas Engine / Crankcase Ventilation,pending,0,0,https://www.moparamerica.com/v-2017-dodge-charger--srt-hellcat--6-2l-v8-gas/6-2l-gas-engine--crankcase-ventilation,,
Dodge Charger,SRT Hellcat,6.2L V8 Gas,6 2L Gas Engine / Crankshaft Piston Drive Plate Flywheel And Damper,pending,0,0,https://www.moparamerica.com/v-2017-dodge-charger--srt-hellcat--6-2l-v8-gas/6-2l-gas-engine--crankshaft-piston-drive-plate-flywheel-and-damper,,
Dodge Charger,SRT Hellcat,6.2L V8 Gas,6 2L Gas Engine / Cylinder Block,pending,0,0,https://www.moparamerica.com/v-2017-dodge-charger--srt-hellcat--6-2l-v8-gas/6-2l-gas-engine--cylinder-block,,
Dodge Charger,SRT Hellcat,6.2L V8 Gas,6 2L Gas Engine / Cylinder Head,pending,0,0,https://www.moparamerica.com/v-2017-dodge-charger--srt-hellcat--6-2l-v8-gas/6-2l-gas-engine--cylinder-head,,
Dodge Charger,SRT Hellcat,6.2L V8 Gas,6 2L Gas Engine / Engine Identification Service Engines And Engine Service Kits,pending,0,0,https://www.moparamerica.com/v-2017-dodge-charger--srt-hellcat--6-2l-v8-gas/6-2l-gas-engine--engine-identification-service-engines-and-engine-service-kits,,
Dodge Charger,SRT Hellcat,6.2L V8 Gas,6 2L Gas Engine / Engine Mounting,pending,0,0,https://www.moparamerica.com/v-2017-dodge-charger--srt-hellcat--6-2l-v8-gas/6-2l-gas-engine--engine-mounting,,
Dodge Charger,SRT Hellcat,6.2L V8 Gas,6 2L Gas Engine / Engine Oil Cooler,pending,0,0,https://www.moparamerica.com/v-2017-dodge-charger--srt-hellcat--6-2l-v8-gas/6-2l-gas-engine--engine-oil-cooler,,
Dodge Charger,SRT Hellcat,6.2L V8 Gas,6 2L Gas Engine / Engine Oiling Oil Pan And Indicator Dipstick,pending,0,0,https://www.moparamerica.com/v-2017-dodge-charger--srt-hellcat--6-2l-v8-gas/6-2l-gas-engine--engine-oiling-oil-pan-and-indicator-dipstick,,
Dodge Charger,SRT Hellcat,6.2L V8 Gas,6 2L Gas Engine / Manifolds And Vacuum Fittings,pending,0,0,https://www.moparamerica.com/v-2017-dodge-charger--srt-hellcat--6-2l-v8-gas/6-2l-gas-engine--manifolds-and-vacuum-fittings,,
Dodge Charger,SRT Hellcat,6.2L V8 Gas,6 2L Gas Engine / Timing Belt Chain And Cover And Balance Shaft,pending,0,0,https://www.moparamerica.com/v-2017-dodge-charger--srt-hellcat--6-2l-v8-gas/6-2l-gas-engine--timing-belt-chain-and-cover-and-balance-shaft,,
Dodge Charger,SRT Hellcat,6.2L V8 Gas,6 2L Gas Engine / Turbo And Super Chargers,pending,0,0,https://www.moparamerica.com/v-2017-dodge-charger--srt-hellcat--6-2l-v8-gas/6-2l-gas-engine--turbo-and-super-chargers,,
Dodge Charger,SRT Hellcat,6.2L V8 Gas,6 4L Gas Engine / Camshaft And Valve,pending,0,0,https://www.moparamerica.com/v-2017-dodge-charger--srt-hellcat--6-2l-v8-gas/6-4l-gas-engine--camshaft-and-valve,,
Dodge Charger,SRT Hellcat,6.2L V8 Gas,6 4L Gas Engine / Engine Mounting,pending,0,0,https://www.moparamerica.com/v-2017-dodge-charger--srt-hellcat--6-2l-v8-gas/6-4l-gas-engine--engine-mounting,,
Dodge Charger,SRT Hellcat,6.2L V8 Gas,6 4L Gas Engine / Engine Oil Cooler,pending,0,0,https://www.moparamerica.com/v-2017-dodge-charger--srt-hellcat--6-2l-v8-gas/6-4l-gas-engine--engine-oil-cooler,,
Dodge Charger,SRT Hellcat,6.2L V8 Gas,6 4L Gas Engine / Engine Oiling Oil Pan And Indicator Dipstick,pending,0,0,https://www.moparamerica.com/v-2017-dodge-charger--srt-hellcat--6-2l-v8-gas/6-4l-gas-engine--engine-oiling-oil-pan-and-indicator-dipstick,,
Dodge Charger,SRT Hellcat,6.2L V8 Gas,6 4L Gas Engine / Manifolds And Vacuum Fittings,pending,0,0,https://www.moparamerica.com/v-2017-dodge-charger--srt-hellcat--6-2l-v8-gas/6-4l-gas-engine--manifolds-and-vacuum-fittings,,
Dodge Charger,SRT Hellcat,6.2L V8 Gas,845Re 8 Speed Automatic Transmission / Automatic Transmission Transaxle And Torque Converter,pending,0,0,https://www.moparamerica.com/v-2017-dodge-charger--srt-hellcat--6-2l-v8-gas/845re-8-speed-automatic-transmission--automatic-transmission-transaxle-and-torque-converter,,
Dodge Charger,SRT Hellcat,6.2L V8 Gas,845Re 8 Speed Automatic Transmission / Gearshift Controls And Related Parts,pending,0,0,https://www.moparamerica.com/v-2017-dodge-charger--srt-hellcat--6-2l-v8-gas/845re-8-speed-automatic-transmission--gearshift-controls-and-related-parts,,
Dodge Charger,SRT Hellcat,6.2L V8 Gas,845Re 8 Speed Automatic Transmission / Mounting And Skid Plate,pending,0,0,https://www.moparamerica.com/v-2017-dodge-charger--srt-hellcat--6-2l-v8-gas/845re-8-speed-automatic-transmission--mounting-and-skid-plate,,
Dodge Charger,SRT Hellcat,6.2L V8 Gas,845Re 8 Speed Automatic Transmission / Oil Pump,pending,0,0,https://www.moparamerica.com/v-2017-dodge-charger--srt-hellcat--6-2l-v8-gas/845re-8-speed-automatic-transmission--oil-pump,,
Dodge Charger,SRT Hellcat,6.2L V8 Gas,845Re 8 Speed Automatic Transmission / Valve Body Accumulator Solenoid And Parking Sprag,pending,0,0,https://www.moparamerica.com/v-2017-dodge-charger--srt-hellcat--6-2l-v8-gas/845re-8-speed-automatic-transmission--valve-body-accumulator-solenoid-and-parking-sprag,,
Dodge Charger,SRT Hellcat,6.2L V8 Gas,8Hp45 8 Speed Automatic Transmission / Automatic Transmission Transaxle And Torque Converter,pending,0,0,https://www.moparamerica.com/v-2017-dodge-charger--srt-hellcat--6-2l-v8-gas/8hp45-8-speed-automatic-transmission--automatic-transmission-transaxle-and-torque-converter,,
Dodge Charger,SRT Hellcat,6.2L V8 Gas,8Hp45 8 Speed Automatic Transmission / Gearshift Controls And Related Parts,pending,0,0,https://www.moparamerica.com/v-2017-dodge-charger--srt-hellcat--6-2l-v8-gas/8hp45-8-speed-automatic-transmission--gearshift-controls-and-related-parts,,
Dodge Charger,SRT Hellcat,6.2L V8 Gas,8Hp45 8 Speed Automatic Transmission / Mounting And Skid Plate,pending,0,0,https://www.moparamerica.com/v-2017-dodge-charger--srt-hellcat--6-2l-v8-gas/8hp45-8-speed-automatic-transmission--mounting-and-skid-plate,,
Dodge Charger,SRT Hellcat,6.2L V8 Gas,8Hp70 8 Speed Automatic Transmission / Automatic Transmission Transaxle And Torque Converter,pending,0,0,https://www.moparamerica.com/v-2017-dodge-charger--srt-hellcat--6-2l-v8-gas/8hp70-8-speed-automatic-transmission--automatic-transmission-transaxle-and-torque-converter,,
Dodge Charger,SRT Hellcat,6.2L V8 Gas,8Hp70 8 Speed Automatic Transmission / Gearshift Controls And Related Parts,pending,0,0,https://www.moparamerica.com/v-2017-dodge-charger--srt-hellcat--6-2l-v8-gas/8hp70-8-speed-automatic-transmission--gearshift-controls-and-related-parts,,
Dodge Charger,SRT Hellcat,6.2L V8 Gas,8Hp70 8 Speed Automatic Transmission / Mounting And Skid Plate,pending,0,0,https://www.moparamerica.com/v-2017-dodge-charger--srt-hellcat--6-2l-v8-gas/8hp70-8-speed-automatic-transmission--mounting-and-skid-plate,,
Dodge Charger,SRT Hellcat,6.2L V8 Gas,8Hp90 8 Speed Automatic Transmission / Automatic Transmission Transaxle And Torque Converter,pending,0,0,https://www.moparamerica.com/v-2017-dodge-charger--srt-hellcat--6-2l-v8-gas/8hp90-8-speed-automatic-transmission--automatic-transmission-transaxle-and-torque-converter,,
Dodge Charger,SRT Hellcat,6.2L V8 Gas,8Hp90 8 Speed Automatic Transmission / Case Extension Oil Pan And Indicator Dipstick,pending,0,0,https://www.moparamerica.com/v-2017-dodge-charger--srt-hellcat--6-2l-v8-gas/8hp90-8-speed-automatic-transmission--case-extension-oil-pan-and-indicator-dipstick,,
Dodge Charger,SRT Hellcat,6.2L V8 Gas,8Hp90 8 Speed Automatic Transmission / Gearshift Controls And Related Parts,pending,0,0,https://www.moparamerica.com/v-2017-dodge-charger--srt-hellcat--6-2l-v8-gas/8hp90-8-speed-automatic-transmission--gearshift-controls-and-related-parts,,
Dodge Charger,SRT Hellcat,6.2L V8 Gas,8Hp90 8 Speed Automatic Transmission / Mounting And Skid Plate,pending,0,0,https://www.moparamerica.com/v-2017-dodge-charger--srt-hellcat--6-2l-v8-gas/8hp90-8-speed-automatic-transmission--mounting-and-skid-plate,,
Dodge Charger,SRT Hellcat,6.2L V8 Gas,8Hp90 8 Speed Automatic Transmission / Oil Pump,pending,0,0,https://www.moparamerica.com/v-2017-dodge-charger--srt-hellcat--6-2l-v8-gas/8hp90-8-speed-automatic-transmission--oil-pump,,
Dodge Charger,SRT Hellcat,6.2L V8 Gas,8Hp90 8 Speed Automatic Transmission / Valve Body Accumulator Solenoid And Parking Sprag,pending,0,0,https://www.moparamerica.com/v-2017-dodge-charger--srt-hellcat--6-2l-v8-gas/8hp90-8-speed-automatic-transmission--valve-body-accumulator-solenoid-and-parking-sprag,,
Dodge Charger,SRT Hellcat,6.2L V8 Gas,Accessories,pending,0,0,https://www.moparamerica.com/v-2017-dodge-charger--srt-hellcat--6-2l-v8-gas/accessories,,
Dodge Charger,SRT Hellcat,6.2L V8 Gas,Accessories Audio Video And Electronics Accessories / Charging Unit,pending,0,0,https://www.moparamerica.com/v-2017-dodge-charger--srt-hellcat--6-2l-v8-gas/accessories-audio-video-and-electronics-accessories--charging-unit,,
Dodge Charger,SRT Hellcat,6.2L V8 Gas,Accessories Audio Video And Electronics Accessories / Security,pending,0,0,https://www.moparamerica.com/v-2017-dodge-charger--srt-hellcat--6-2l-v8-gas/accessories-audio-video-and-electronics-accessories--security,,
Dodge Charger,SRT Hellcat,6.2L V8 Gas,Accessories Exterior Accessories / Air Deflectors,pending,0,0,https://www.moparamerica.com/v-2017-dodge-charger--srt-hellcat--6-2l-v8-gas/accessories-exterior-accessories--air-deflectors,,
Dodge Charger,SRT Hellcat,6.2L V8 Gas,Accessories Exterior Accessories / Covers,pending,0,0,https://www.moparamerica.com/v-2017-dodge-charger--srt-hellcat--6-2l-v8-gas/accessories-exterior-accessories--covers,,
Dodge Charger,SRT Hellcat,6.2L V8 Gas,Accessories Exterior Accessories / Exterior Appearance,pending,0,0,https://www.moparamerica.com/v-2017-dodge-charger--srt-hellcat--6-2l-v8-gas/accessories-exterior-accessories--exterior-appearance,,
Dodge Charger,SRT Hellcat,6.2L V8 Gas,Accessories Exterior Accessories / License Plate,pending,0,0,https://www.moparamerica.com/v-2017-dodge-charger--srt-hellcat--6-2l-v8-gas/accessories-exterior-accessories--license-plate,,
Dodge Charger,SRT Hellcat,6.2L V8 Gas,Accessories Exterior Accessories / Locks,pending,0,0,https://www.moparamerica.com/v-2017-dodge-charger--srt-hellcat--6-2l-v8-gas/accessories-exterior-accessories--locks,,
Dodge Charger,SRT Hellcat,6.2L V8 Gas,Accessories Exterior Accessories / Protective Guards,pending,0,0,https://www.moparamerica.com/v-2017-dodge-charger--srt-hellcat--6-2l-v8-gas/accessories-exterior-accessories--protective-guards,,
Dodge Charger,SRT Hellcat,6.2L V8 Gas,Accessories Exterior Accessories / Wheels,pending,0,0,https://www.moparamerica.com/v-2017-dodge-charger--srt-hellcat--6-2l-v8-gas/accessories-exterior-accessories--wheels,,
Dodge Charger,SRT Hellcat,6.2L V8 Gas,Accessories Interior Accessories / Air Purification,pending,0,0,https://www.moparamerica.com/v-2017-dodge-charger--srt-hellcat--6-2l-v8-gas/accessories-interior-accessories--air-purification,,
Dodge Charger,SRT Hellcat,6.2L V8 Gas,Accessories Interior Accessories / Cargo Trays And Mats,pending,0,0,https://www.moparamerica.com/v-2017-dodge-charger--srt-hellcat--6-2l-v8-gas/accessories-interior-accessories--cargo-trays-and-mats,,
Dodge Charger,SRT Hellcat,6.2L V8 Gas,Accessories Interior Accessories / Floor Mats,pending,0,0,https://www.moparamerica.com/v-2017-dodge-charger--srt-hellcat--6-2l-v8-gas/accessories-interior-accessories--floor-mats,,
Dodge Charger,SRT Hellcat,6.2L V8 Gas,Accessories Interior Accessories / Interior Appearance,pending,0,0,https://www.moparamerica.com/v-2017-dodge-charger--srt-hellcat--6-2l-v8-gas/accessories-interior-accessories--interior-appearance,,
Dodge Charger,SRT Hellcat,6.2L V8 Gas,Accessories Interior Accessories / Seat And Security Covers,pending,0,0,https://www.moparamerica.com/v-2017-dodge-charger--srt-hellcat--6-2l-v8-gas/accessories-interior-accessories--seat-and-security-covers,,
Dodge Charger,SRT Hellcat,6.2L V8 Gas,Accessories Lifestyle And Off Road Accessories / Safety Kits,pending,0,0,https://www.moparamerica.com/v-2017-dodge-charger--srt-hellcat--6-2l-v8-gas/accessories-lifestyle-and-off-road-accessories--safety-kits,,
Dodge Charger,SRT Hellcat,6.2L V8 Gas,Accessories Lighting And Electrical Accessories / Charging Unit,pending,0,0,https://www.moparamerica.com/v-2017-dodge-charger--srt-hellcat--6-2l-v8-gas/accessories-lighting-and-electrical-accessories--charging-unit,,
Dodge Charger,SRT Hellcat,6.2L V8 Gas,Accessories Lighting And Electrical Accessories / Police Equipment,pending,0,0,https://www.moparamerica.com/v-2017-dodge-charger--srt-hellcat--6-2l-v8-gas/accessories-lighting-and-electrical-accessories--police-equipment,,
Dodge Charger,SRT Hellcat,6.2L V8 Gas,Accessories Modern Performance / Engine Parts,pending,0,0,https://www.moparamerica.com/v-2017-dodge-charger--srt-hellcat--6-2l-v8-gas/accessories-modern-performance--engine-parts,,
Dodge Charger,SRT Hellcat,6.2L V8 Gas,Accessories Modern Performance / Intake And Air,pending,0,0,https://www.moparamerica.com/v-2017-dodge-charger--srt-hellcat--6-2l-v8-gas/accessories-modern-performance--intake-and-air,,
Dodge Charger,SRT Hellcat,6.2L V8 Gas,Accessories Modern Performance / Suspension,pending,0,0,https://www.moparamerica.com/v-2017-dodge-charger--srt-hellcat--6-2l-v8-gas/accessories-modern-performance--suspension,,
Dodge Charger,SRT Hellcat,6.2L V8 Gas,Accessories Vehicle Care Products / Mopar,pending,0,0,https://www.moparamerica.com/v-2017-dodge-charger--srt-hellcat--6-2l-v8-gas/accessories-vehicle-care-products--mopar,,
Dodge Charger,SRT Hellcat,6.2L V8 Gas,Accessories Vehicle Care Products / Touch Up Paint,pending,0,0,https://www.moparamerica.com/v-2017-dodge-charger--srt-hellcat--6-2l-v8-gas/accessories-vehicle-care-products--touch-up-paint,,
Dodge Charger,SRT Hellcat,6.2L V8 Gas,Air Conditioners And Heaters / Air Conditioner And Heater Controls,pending,0,0,https://www.moparamerica.com/v-2017-dodge-charger--srt-hellcat--6-2l-v8-gas/air-conditioners-and-heaters--air-conditioner-and-heater-controls,,
Dodge Charger,SRT Hellcat,6.2L V8 Gas,Air Conditioners And Heaters / Air Conditioner And Heater Plumbing,pending,0,0,https://www.moparamerica.com/v-2017-dodge-charger--srt-hellcat--6-2l-v8-gas/air-conditioners-and-heaters--air-conditioner-and-heater-plumbing,,
Dodge Charger,SRT Hellcat,6.2L V8 Gas,Air Conditioners And Heaters / Air Conditioner And Heater Units,pending,0,0,https://www.moparamerica.com/v-2017-dodge-charger--srt-hellcat--6-2l-v8-gas/air-conditioners-and-heaters--air-conditioner-and-heater-units,,
Dodge Charger,SRT Hellcat,6.2L V8 Gas,Air Conditioners And Heaters / Air Conditioner Compressor And Mounting,pending,0,0,https://www.moparamerica.com/v-2017-dodge-charger--srt-hellcat--6-2l-v8-gas/air-conditioners-and-heaters--air-conditioner-compressor-and-mounting,,
Dodge Charger,SRT Hellcat,6.2L V8 Gas,Air Conditioners And Heaters / Air Ducts,pending,0,0,https://www.moparamerica.com/v-2017-dodge-charger--srt-hellcat--6-2l-v8-gas/air-conditioners-and-heaters--air-ducts,,
Dodge Charger,SRT Hellcat,6.2L V8 Gas,All Wheel Drive Differential And Drive Line / Drive Shaft,pending,0,0,https://www.moparamerica.com/v-2017-dodge-charger--srt-hellcat--6-2l-v8-gas/all-wheel-drive-differential-and-drive-line--drive-shaft,,
Dodge Charger,SRT Hellcat,6.2L V8 Gas,All Wheel Drive Differential And Drive Line / Front Axle Assembly,pending,0,0,https://www.moparamerica.com/v-2017-dodge-charger--srt-hellcat--6-2l-v8-gas/all-wheel-drive-differential-and-drive-line--front-axle-assembly,,
Dodge Charger,SRT Hellcat,6.2L V8 Gas,All Wheel Drive Differential And Drive Line / Front Axle Drive Shafts,pending,0,0,https://www.moparamerica.com/v-2017-dodge-charger--srt-hellcat--6-2l-v8-gas/all-wheel-drive-differential-and-drive-line--front-axle-drive-shafts,,
Dodge Charger,SRT Hellcat,6.2L V8 Gas,All Wheel Drive Differential And Drive Line / Rear Axle Assembly,pending,0,0,https://www.moparamerica.com/v-2017-dodge-charger--srt-hellcat--6-2l-v8-gas/all-wheel-drive-differential-and-drive-line--rear-axle-assembly,,
Dodge Charger,SRT Hellcat,6.2L V8 Gas,All Wheel Drive Differential And Drive Line / Rear Axle Housing Differential And Vent,pending,0,0,https://www.moparamerica.com/v-2017-dodge-charger--srt-hellcat--6-2l-v8-gas/all-wheel-drive-differential-and-drive-line--rear-axle-housing-differential-and-vent,,
Dodge Charger,SRT Hellcat,6.2L V8 Gas,Auto Parts,pending,0,0,https://www.moparamerica.com/v-2017-dodge-charger--srt-hellcat--6-2l-v8-gas/auto-parts,,
Dodge Charger,SRT Hellcat,6.2L V8 Gas,Body Sheet Metal Except Doors / Aperture Panel And Pillar Supports,pending,0,0,https://www.moparamerica.com/v-2017-dodge-charger--srt-hellcat--6-2l-v8-gas/body-sheet-metal-except-doors--aperture-panel-and-pillar-supports,,
Dodge Charger,SRT Hellcat,6.2L V8 Gas,Body Sheet Metal Except Doors / Cowl And Dash Panel,pending,0,0,https://www.moparamerica.com/v-2017-dodge-charger--srt-hellcat--6-2l-v8-gas/body-sheet-metal-except-doors--cowl-and-dash-panel,,
Dodge Charger,SRT Hellcat,6.2L V8 Gas,Body Sheet Metal Except Doors / Deck Lid,pending,0,0,https://www.moparamerica.com/v-2017-dodge-charger--srt-hellcat--6-2l-v8-gas/body-sheet-metal-except-doors--deck-lid,,
Dodge Charger,SRT Hellcat,6.2L V8 Gas,Body Sheet Metal Except Doors / Fenders,pending,0,0,https://www.moparamerica.com/v-2017-dodge-charger--srt-hellcat--6-2l-v8-gas/body-sheet-metal-except-doors--fenders,,
Dodge Charger,SRT Hellcat,6.2L V8 Gas,Body Sheet Metal Except Doors / Floor Pans,pending,0,0,https://www.moparamerica.com/v-2017-dodge-charger--srt-hellcat--6-2l-v8-gas/body-sheet-metal-except-doors--floor-pans,,
Dodge Charger,SRT Hellcat,6.2L V8 Gas,Body Sheet Metal Except Doors / Hood And Hood Release,pending,0,0,https://www.moparamerica.com/v-2017-dodge-charger--srt-hellcat--6-2l-v8-gas/body-sheet-metal-except-doors--hood-and-hood-release,,
Dodge Charger,SRT Hellcat,6.2L V8 Gas,Body Sheet Metal Except Doors / Pick Up Box And Fuel Filler Door,pending,0,0,https://www.moparamerica.com/v-2017-dodge-charger--srt-hellcat--6-2l-v8-gas/body-sheet-metal-except-doors--pick-up-box-and-fuel-filler-door,,
Dodge Charger,SRT Hellcat,6.2L V8 Gas,Body Sheet Metal Except Doors / Plugs,pending,0,0,https://www.moparamerica.com/v-2017-dodge-charger--srt-hellcat--6-2l-v8-gas/body-sheet-metal-except-doors--plugs,,
Dodge Charger,SRT Hellcat,6.2L V8 Gas,Body Sheet Metal Except Doors / Roof,pending,0,0,https://www.moparamerica.com/v-2017-dodge-charger--srt-hellcat--6-2l-v8-gas/body-sheet-metal-except-doors--roof,,
Dodge Charger,SRT Hellcat,6.2L V8 Gas,Body Sheet Metal Except Doors / Shelf Panel,pending,0,0,https://www.moparamerica.com/v-2017-dodge-charger--srt-hellcat--6-2l-v8-gas/body-sheet-metal-except-doors--shelf-panel,,
Dodge Charger,SRT Hellcat,6.2L V8 Gas,Body Sheet Metal Except Doors / Sunroof,pending,0,0,https://www.moparamerica.com/v-2017-dodge-charger--srt-hellcat--6-2l-v8-gas/body-sheet-metal-except-doors--sunroof,,
Dodge Charger,SRT Hellcat,6.2L V8 Gas,Brakes / Brake Master Cylinder,pending,0,0,https://www.moparamerica.com/v-2017-dodge-charger--srt-hellcat--6-2l-v8-gas/brakes--brake-master-cylinder,,
Dodge Charger,SRT Hellcat,6.2L V8 Gas,Brakes / Brake Pedals,pending,0,0,https://www.moparamerica.com/v-2017-dodge-charger--srt-hellcat--6-2l-v8-gas/brakes--brake-pedals,,
Dodge Charger,SRT Hellcat,6.2L V8 Gas,Brakes / Front Brakes,pending,0,0,https://www.moparamerica.com/v-2017-dodge-charger--srt-hellcat--6-2l-v8-gas/brakes--front-brakes,,
Dodge Charger,SRT Hellcat,6.2L V8 Gas,Brakes / Hydraulic Control Unit Brake Tubes And Hoses,pending,0,0,https://www.moparamerica.com/v-2017-dodge-charger--srt-hellcat--6-2l-v8-gas/brakes--hydraulic-control-unit-brake-tubes-and-hoses,,
Dodge Charger,SRT Hellcat,6.2L V8 Gas,Brakes / Parking Brake Lever Cables And Rear Disc Park Brake Assembly,pending,0,0,https://www.moparamerica.com/v-2017-dodge-charger--srt-hellcat--6-2l-v8-gas/brakes--parking-brake-lever-cables-and-rear-disc-park-brake-assembly,,
Dodge Charger,SRT Hellcat,6.2L V8 Gas,Brakes / Power Brake Booster,pending,0,0,https://www.moparamerica.com/v-2017-dodge-charger--srt-hellcat--6-2l-v8-gas/brakes--power-brake-booster,,
Dodge Charger,SRT Hellcat,6.2L V8 Gas,Brakes / Rear Brakes,pending,0,0,https://www.moparamerica.com/v-2017-dodge-charger--srt-hellcat--6-2l-v8-gas/brakes--rear-brakes,,
Dodge Charger,SRT Hellcat,6.2L V8 Gas,Conversion And Upfit Packages / Exterior,pending,0,0,https://www.moparamerica.com/v-2017-dodge-charger--srt-hellcat--6-2l-v8-gas/conversion-and-upfit-packages--exterior,,
Dodge Charger,SRT Hellcat,6.2L V8 Gas,Conversion And Upfit Packages / Police,pending,0,0,https://www.moparamerica.com/v-2017-dodge-charger--srt-hellcat--6-2l-v8-gas/conversion-and-upfit-packages--police,,
Dodge Charger,SRT Hellcat,6.2L V8 Gas,Cooling / Drive Belts,pending,0,0,https://www.moparamerica.com/v-2017-dodge-charger--srt-hellcat--6-2l-v8-gas/cooling--drive-belts,,
Dodge Charger,SRT Hellcat,6.2L V8 Gas,Cooling / Engine Coolant Reservoir Bottle,pending,0,0,https://www.moparamerica.com/v-2017-dodge-charger--srt-hellcat--6-2l-v8-gas/cooling--engine-coolant-reservoir-bottle,,
Dodge Charger,SRT Hellcat,6.2L V8 Gas,Cooling / Pulleys And Related Parts,pending,0,0,https://www.moparamerica.com/v-2017-dodge-charger--srt-hellcat--6-2l-v8-gas/cooling--pulleys-and-related-parts,,
Dodge Charger,SRT Hellcat,6.2L V8 Gas,Cooling / Radiator And Related Parts Charge Air Cooler,pending,0,0,https://www.moparamerica.com/v-2017-dodge-charger--srt-hellcat--6-2l-v8-gas/cooling--radiator-and-related-parts-charge-air-cooler,,
Dodge Charger,SRT Hellcat,6.2L V8 Gas,Cooling / Transmission Oil Cooler And Lines,pending,0,0,https://www.moparamerica.com/v-2017-dodge-charger--srt-hellcat--6-2l-v8-gas/cooling--transmission-oil-cooler-and-lines,,
Dodge Charger,SRT Hellcat,6.2L V8 Gas,Cooling / Water Pump And Related Parts,pending,0,0,https://www.moparamerica.com/v-2017-dodge-charger--srt-hellcat--6-2l-v8-gas/cooling--water-pump-and-related-parts,,
Dodge Charger,SRT Hellcat,6.2L V8 Gas,Doors Door Mirrors And Related Parts / Exterior Mirror,pending,0,0,https://www.moparamerica.com/v-2017-dodge-charger--srt-hellcat--6-2l-v8-gas/doors-door-mirrors-and-related-parts--exterior-mirror,,
Dodge Charger,SRT Hellcat,6.2L V8 Gas,Doors Door Mirrors And Related Parts / Front Door,pending,0,0,https://www.moparamerica.com/v-2017-dodge-charger--srt-hellcat--6-2l-v8-gas/doors-door-mirrors-and-related-parts--front-door,,
Dodge Charger,SRT Hellcat,6.2L V8 Gas,Doors Door Mirrors And Related Parts / Rear Door,pending,0,0,https://www.moparamerica.com/v-2017-dodge-charger--srt-hellcat--6-2l-v8-gas/doors-door-mirrors-and-related-parts--rear-door,,
Dodge Charger,SRT Hellcat,6.2L V8 Gas,Doors Door Mirrors And Related Parts / Weatherstrips And Seals,pending,0,0,https://www.moparamerica.com/v-2017-dodge-charger--srt-hellcat--6-2l-v8-gas/doors-door-mirrors-and-related-parts--weatherstrips-and-seals,,
Dodge Charger,SRT Hellcat,6.2L V8 Gas,Electrical / Battery Battery Tray And Cables,pending,0,0,https://www.moparamerica.com/v-2017-dodge-charger--srt-hellcat--6-2l-v8-gas/electrical--battery-battery-tray-and-cables,,
Dodge Charger,SRT Hellcat,6.2L V8 Gas,Electrical / Generators Alternators,pending,0,0,https://www.moparamerica.com/v-2017-dodge-charger--srt-hellcat--6-2l-v8-gas/electrical--generators-alternators,,
Dodge Charger,SRT Hellcat,6.2L V8 Gas,Electrical / Horns,pending,0,0,https://www.moparamerica.com/v-2017-dodge-charger--srt-hellcat--6-2l-v8-gas/electrical--horns,,
Dodge Charger,SRT Hellcat,6.2L V8 Gas,Electrical / Ignition Spark Plugs Cables Coils And Glow Plugs,pending,0,0,https://www.moparamerica.com/v-2017-dodge-charger--srt-hellcat--6-2l-v8-gas/electrical--ignition-spark-plugs-cables-coils-and-glow-plugs,,
Dodge Charger,SRT Hellcat,6.2L V8 Gas,Electrical / Instrument Panel Cluster,pending,0,0,https://www.moparamerica.com/v-2017-dodge-charger--srt-hellcat--6-2l-v8-gas/electrical--instrument-panel-cluster,,
Dodge Charger,SRT Hellcat,6.2L V8 Gas,Electrical / Keys Modules And Engine Controllers,pending,0,0,https://www.moparamerica.com/v-2017-dodge-charger--srt-hellcat--6-2l-v8-gas/electrical--keys-modules-and-engine-controllers,,
Dodge Charger,SRT Hellcat,6.2L V8 Gas,Electrical / Lamps Interior And Exterior,pending,0,0,https://www.moparamerica.com/v-2017-dodge-charger--srt-hellcat--6-2l-v8-gas/electrical--lamps-interior-and-exterior,,
Dodge Charger,SRT Hellcat,6.2L V8 Gas,Electrical / Park Assist,pending,0,0,https://www.moparamerica.com/v-2017-dodge-charger--srt-hellcat--6-2l-v8-gas/electrical--park-assist,,
Dodge Charger,SRT Hellcat,6.2L V8 Gas,Electrical / Power Distribution Center Fuse Block Junction Block Relays And Fuses,pending,0,0,https://www.moparamerica.com/v-2017-dodge-charger--srt-hellcat--6-2l-v8-gas/electrical--power-distribution-center-fuse-block-junction-block-relays-and-fuses,,
Dodge Charger,SRT Hellcat,6.2L V8 Gas,Electrical / Radio Antenna Speakers Dvd And Video Systems,pending,0,0,https://www.moparamerica.com/v-2017-dodge-charger--srt-hellcat--6-2l-v8-gas/electrical--radio-antenna-speakers-dvd-and-video-systems,,
Dodge Charger,SRT Hellcat,6.2L V8 Gas,Electrical / Sensors,pending,0,0,https://www.moparamerica.com/v-2017-dodge-charger--srt-hellcat--6-2l-v8-gas/electrical--sensors,,
Dodge Charger,SRT Hellcat,6.2L V8 Gas,Electrical / Speed Control,pending,0,0,https://www.moparamerica.com/v-2017-dodge-charger--srt-hellcat--6-2l-v8-gas/electrical--speed-control,,
Dodge Charger,SRT Hellcat,6.2L V8 Gas,Electrical / Starters,pending,0,0,https://www.moparamerica.com/v-2017-dodge-charger--srt-hellcat--6-2l-v8-gas/electrical--starters,,
Dodge Charger,SRT Hellcat,6.2L V8 Gas,Electrical / Switches,pending,0,0,https://www.moparamerica.com/v-2017-dodge-charger--srt-hellcat--6-2l-v8-gas/electrical--switches,,
Dodge Charger,SRT Hellcat,6.2L V8 Gas,Electrical / Wiper And Washer System,pending,0,0,https://www.moparamerica.com/v-2017-dodge-charger--srt-hellcat--6-2l-v8-gas/electrical--wiper-and-washer-system,,
Dodge Charger,SRT Hellcat,6.2L V8 Gas,Electrical / Wiring Body And Accessories,pending,0,0,https://www.moparamerica.com/v-2017-dodge-charger--srt-hellcat--6-2l-v8-gas/electrical--wiring-body-and-accessories,,
Dodge Charger,SRT Hellcat,6.2L V8 Gas,Electrical / Wiring Headlamp To Dash,pending,0,0,https://www.moparamerica.com/v-2017-dodge-charger--srt-hellcat--6-2l-v8-gas/electrical--wiring-headlamp-to-dash,,
Dodge Charger,SRT Hellcat,6.2L V8 Gas,Electrical / Wiring Instrument Panel,pending,0,0,https://www.moparamerica.com/v-2017-dodge-charger--srt-hellcat--6-2l-v8-gas/electrical--wiring-instrument-panel,,
Dodge Charger,SRT Hellcat,6.2L V8 Gas,Electrical / Wiring Powertrain,pending,0,0,https://www.moparamerica.com/v-2017-dodge-charger--srt-hellcat--6-2l-v8-gas/electrical--wiring-powertrain,,
Dodge Charger,SRT Hellcat,6.2L V8 Gas,Emission Controls / Emission Harness,pending,0,0,https://www.moparamerica.com/v-2017-dodge-charger--srt-hellcat--6-2l-v8-gas/emission-controls--emission-harness,,
Dodge Charger,SRT Hellcat,6.2L V8 Gas,Emission Controls / Vacuum Canister Leak Detection Pump,pending,0,0,https://www.moparamerica.com/v-2017-dodge-charger--srt-hellcat--6-2l-v8-gas/emission-controls--vacuum-canister-leak-detection-pump,,
Dodge Charger,SRT Hellcat,6.2L V8 Gas,Exhaust / Exhaust System,pending,0,0,https://www.moparamerica.com/v-2017-dodge-charger--srt-hellcat--6-2l-v8-gas/exhaust--exhaust-system,,
Dodge Charger,SRT Hellcat,6.2L V8 Gas,Exterior Ornamentation / Decals And Tape Stripes,pending,0,0,https://www.moparamerica.com/v-2017-dodge-charger--srt-hellcat--6-2l-v8-gas/exterior-ornamentation--decals-and-tape-stripes,,
Dodge Charger,SRT Hellcat,6.2L V8 Gas,Exterior Ornamentation / Grilles,pending,0,0,https://www.moparamerica.com/v-2017-dodge-charger--srt-hellcat--6-2l-v8-gas/exterior-ornamentation--grilles,,
Dodge Charger,SRT Hellcat,6.2L V8 Gas,Exterior Ornamentation / Moldings And Ornamentation,pending,0,0,https://www.moparamerica.com/v-2017-dodge-charger--srt-hellcat--6-2l-v8-gas/exterior-ornamentation--moldings-and-ornamentation,,
Dodge Charger,SRT Hellcat,6.2L V8 Gas,Exterior Ornamentation / Nameplates,pending,0,0,https://www.moparamerica.com/v-2017-dodge-charger--srt-hellcat--6-2l-v8-gas/exterior-ornamentation--nameplates,,
Dodge Charger,SRT Hellcat,6.2L V8 Gas,Frame Bumper And Fascia / Frames,pending,0,0,https://www.moparamerica.com/v-2017-dodge-charger--srt-hellcat--6-2l-v8-gas/frame-bumper-and-fascia--frames,,
Dodge Charger,SRT Hellcat,6.2L V8 Gas,Frame Bumper And Fascia / Front Bumper And Fascia,pending,0,0,https://www.moparamerica.com/v-2017-dodge-charger--srt-hellcat--6-2l-v8-gas/frame-bumper-and-fascia--front-bumper-and-fascia,,
Dodge Charger,SRT Hellcat,6.2L V8 Gas,Frame Bumper And Fascia / Rear Bumper And Fascia,pending,0,0,https://www.moparamerica.com/v-2017-dodge-charger--srt-hellcat--6-2l-v8-gas/frame-bumper-and-fascia--rear-bumper-and-fascia,,
Dodge Charger,SRT Hellcat,6.2L V8 Gas,Front Suspension / Front Stabilizer Bar,pending,0,0,https://www.moparamerica.com/v-2017-dodge-charger--srt-hellcat--6-2l-v8-gas/front-suspension--front-stabilizer-bar,,
Dodge Charger,SRT Hellcat,6.2L V8 Gas,Front Suspension / Front Suspension Strut And Cradle,pending,0,0,https://www.moparamerica.com/v-2017-dodge-charger--srt-hellcat--6-2l-v8-gas/front-suspension--front-suspension-strut-and-cradle,,
Dodge Charger,SRT Hellcat,6.2L V8 Gas,Fuel / Accelerator Pedal,pending,0,0,https://www.moparamerica.com/v-2017-dodge-charger--srt-hellcat--6-2l-v8-gas/fuel--accelerator-pedal,,
Dodge Charger,SRT Hellcat,6.2L V8 Gas,Fuel / Air Cleaner,pending,0,0,https://www.moparamerica.com/v-2017-dodge-charger--srt-hellcat--6-2l-v8-gas/fuel--air-cleaner,,
Dodge Charger,SRT Hellcat,6.2L V8 Gas,Fuel / Fuel Lines,pending,0,0,https://www.moparamerica.com/v-2017-dodge-charger--srt-hellcat--6-2l-v8-gas/fuel--fuel-lines,,
Dodge Charger,SRT Hellcat,6.2L V8 Gas,Fuel / Fuel Pump And Sending Unit,pending,0,0,https://www.moparamerica.com/v-2017-dodge-charger--srt-hellcat--6-2l-v8-gas/fuel--fuel-pump-and-sending-unit,,
Dodge Charger,SRT Hellcat,6.2L V8 Gas,Fuel / Fuel Rail And Injectors,pending,0,0,https://www.moparamerica.com/v-2017-dodge-charger--srt-hellcat--6-2l-v8-gas/fuel--fuel-rail-and-injectors,,
Dodge Charger,SRT Hellcat,6.2L V8 Gas,Fuel / Fuel Tank,pending,0,0,https://www.moparamerica.com/v-2017-dodge-charger--srt-hellcat--6-2l-v8-gas/fuel--fuel-tank,,
Dodge Charger,SRT Hellcat,6.2L V8 Gas,Fuel / Fuel Tank Filler Tube,pending,0,0,https://www.moparamerica.com/v-2017-dodge-charger--srt-hellcat--6-2l-v8-gas/fuel--fuel-tank-filler-tube,,
Dodge Charger,SRT Hellcat,6.2L V8 Gas,Fuel / Throttle Body,pending,0,0,https://www.moparamerica.com/v-2017-dodge-charger--srt-hellcat--6-2l-v8-gas/fuel--throttle-body,,
Dodge Charger,SRT Hellcat,6.2L V8 Gas,Glass / Glass And Interior Rear View Mirror,pending,0,0,https://www.moparamerica.com/v-2017-dodge-charger--srt-hellcat--6-2l-v8-gas/glass--glass-and-interior-rear-view-mirror,,
Dodge Charger,SRT Hellcat,6.2L V8 Gas,Interior Trim / Carpets Floor Mats Load Floor And Silencers,pending,0,0,https://www.moparamerica.com/v-2017-dodge-charger--srt-hellcat--6-2l-v8-gas/interior-trim--carpets-floor-mats-load-floor-and-silencers,,
Dodge Charger,SRT Hellcat,6.2L V8 Gas,Interior Trim / Consoles,pending,0,0,https://www.moparamerica.com/v-2017-dodge-charger--srt-hellcat--6-2l-v8-gas/interior-trim--consoles,,
Dodge Charger,SRT Hellcat,6.2L V8 Gas,Interior Trim / Door Trim Panels Front And Rear,pending,0,0,https://www.moparamerica.com/v-2017-dodge-charger--srt-hellcat--6-2l-v8-gas/interior-trim--door-trim-panels-front-and-rear,,
Dodge Charger,SRT Hellcat,6.2L V8 Gas,Interior Trim / Front Seats Adjusters Recliners Shields And Risers,pending,0,0,https://www.moparamerica.com/v-2017-dodge-charger--srt-hellcat--6-2l-v8-gas/interior-trim--front-seats-adjusters-recliners-shields-and-risers,,
Dodge Charger,SRT Hellcat,6.2L V8 Gas,Interior Trim / Front Seats First Row,pending,0,0,https://www.moparamerica.com/v-2017-dodge-charger--srt-hellcat--6-2l-v8-gas/interior-trim--front-seats-first-row,,
Dodge Charger,SRT Hellcat,6.2L V8 Gas,Interior Trim / Headliners Visors Assist Straps,pending,0,0,https://www.moparamerica.com/v-2017-dodge-charger--srt-hellcat--6-2l-v8-gas/interior-trim--headliners-visors-assist-straps,,
Dodge Charger,SRT Hellcat,6.2L V8 Gas,Interior Trim / Instrument Panel,pending,0,0,https://www.moparamerica.com/v-2017-dodge-charger--srt-hellcat--6-2l-v8-gas/interior-trim--instrument-panel,,
Dodge Charger,SRT Hellcat,6.2L V8 Gas,Interior Trim / Panels Moldings Scuff Plates Pillar Cowl 1 4 Panel Trim And Cargo Covers,pending,0,0,https://www.moparamerica.com/v-2017-dodge-charger--srt-hellcat--6-2l-v8-gas/interior-trim--panels-moldings-scuff-plates-pillar-cowl-1-4-panel-trim-and-cargo-covers,,
Dodge Charger,SRT Hellcat,6.2L V8 Gas,Interior Trim / Rear Seats Second Row,pending,0,0,https://www.moparamerica.com/v-2017-dodge-charger--srt-hellcat--6-2l-v8-gas/interior-trim--rear-seats-second-row,,
Dodge Charger,SRT Hellcat,6.2L V8 Gas,Interior Trim / Rear Seats Second Row Adjusters Recliners Shields And Risers,pending,0,0,https://www.moparamerica.com/v-2017-dodge-charger--srt-hellcat--6-2l-v8-gas/interior-trim--rear-seats-second-row-adjusters-recliners-shields-and-risers,,
Dodge Charger,SRT Hellcat,6.2L V8 Gas,Labels / Trunk,pending,0,0,https://www.moparamerica.com/v-2017-dodge-charger--srt-hellcat--6-2l-v8-gas/labels--trunk,,
Dodge Charger,SRT Hellcat,6.2L V8 Gas,Labels / Under Hood,pending,0,0,https://www.moparamerica.com/v-2017-dodge-charger--srt-hellcat--6-2l-v8-gas/labels--under-hood,,
Dodge Charger,SRT Hellcat,6.2L V8 Gas,Mopar Accessories Component Parts / Carriers And Cargo Hauling,pending,0,0,https://www.moparamerica.com/v-2017-dodge-charger--srt-hellcat--6-2l-v8-gas/mopar-accessories-component-parts--carriers-and-cargo-hauling,,
Dodge Charger,SRT Hellcat,6.2L V8 Gas,Mopar Accessories Component Parts / Driver Convenience,pending,0,0,https://www.moparamerica.com/v-2017-dodge-charger--srt-hellcat--6-2l-v8-gas/mopar-accessories-component-parts--driver-convenience,,
Dodge Charger,SRT Hellcat,6.2L V8 Gas,Mopar Accessories Component Parts / Exterior Appearance,pending,0,0,https://www.moparamerica.com/v-2017-dodge-charger--srt-hellcat--6-2l-v8-gas/mopar-accessories-component-parts--exterior-appearance,,
Dodge Charger,SRT Hellcat,6.2L V8 Gas,Mopar Accessories Component Parts / Fog Lights And Electrical,pending,0,0,https://www.moparamerica.com/v-2017-dodge-charger--srt-hellcat--6-2l-v8-gas/mopar-accessories-component-parts--fog-lights-and-electrical,,
Dodge Charger,SRT Hellcat,6.2L V8 Gas,Mopar Accessories Component Parts / Interior Protection,pending,0,0,https://www.moparamerica.com/v-2017-dodge-charger--srt-hellcat--6-2l-v8-gas/mopar-accessories-component-parts--interior-protection,,
Dodge Charger,SRT Hellcat,6.2L V8 Gas,Mopar Accessories Component Parts / Powertrain,pending,0,0,https://www.moparamerica.com/v-2017-dodge-charger--srt-hellcat--6-2l-v8-gas/mopar-accessories-component-parts--powertrain,,
Dodge Charger,SRT Hellcat,6.2L V8 Gas,Nag1 W5A580 5 Speed Automatic Transmission / Automatic Transmission Transaxle And Torque Converter,pending,0,0,https://www.moparamerica.com/v-2017-dodge-charger--srt-hellcat--6-2l-v8-gas/nag1-w5a580-5-speed-automatic-transmission--automatic-transmission-transaxle-and-torque-converter,,
Dodge Charger,SRT Hellcat,6.2L V8 Gas,Nag1 W5A580 5 Speed Automatic Transmission / Gearshift Controls And Related Parts,pending,0,0,https://www.moparamerica.com/v-2017-dodge-charger--srt-hellcat--6-2l-v8-gas/nag1-w5a580-5-speed-automatic-transmission--gearshift-controls-and-related-parts,,
Dodge Charger,SRT Hellcat,6.2L V8 Gas,Nag1 W5A580 5 Speed Automatic Transmission / Mounting And Skid Plate,pending,0,0,https://www.moparamerica.com/v-2017-dodge-charger--srt-hellcat--6-2l-v8-gas/nag1-w5a580-5-speed-automatic-transmission--mounting-and-skid-plate,,
Dodge Charger,SRT Hellcat,6.2L V8 Gas,Power Transfer Unit Transfer Case / Transfer Case Assembly,pending,0,0,https://www.moparamerica.com/v-2017-dodge-charger--srt-hellcat--6-2l-v8-gas/power-transfer-unit-transfer-case--transfer-case-assembly,,
Dodge Charger,SRT Hellcat,6.2L V8 Gas,Rear Suspension / Rear Stabilizer,pending,0,0,https://www.moparamerica.com/v-2017-dodge-charger--srt-hellcat--6-2l-v8-gas/rear-suspension--rear-stabilizer,,
Dodge Charger,SRT Hellcat,6.2L V8 Gas,Rear Suspension / Rear Suspension And Cradle,pending,0,0,https://www.moparamerica.com/v-2017-dodge-charger--srt-hellcat--6-2l-v8-gas/rear-suspension--rear-suspension-and-cradle,,
Dodge Charger,SRT Hellcat,6.2L V8 Gas,Rear Wheel Drive Differential And Drive Line / Drive Shaft,pending,0,0,https://www.moparamerica.com/v-2017-dodge-charger--srt-hellcat--6-2l-v8-gas/rear-wheel-drive-differential-and-drive-line--drive-shaft,,
Dodge Charger,SRT Hellcat,6.2L V8 Gas,Rear Wheel Drive Differential And Drive Line / Rear Axle Assembly,pending,0,0,https://www.moparamerica.com/v-2017-dodge-charger--srt-hellcat--6-2l-v8-gas/rear-wheel-drive-differential-and-drive-line--rear-axle-assembly,,
Dodge Charger,SRT Hellcat,6.2L V8 Gas,Rear Wheel Drive Differential And Drive Line / Rear Axle Housing Differential And Vent,pending,0,0,https://www.moparamerica.com/v-2017-dodge-charger--srt-hellcat--6-2l-v8-gas/rear-wheel-drive-differential-and-drive-line--rear-axle-housing-differential-and-vent,,
Dodge Charger,SRT Hellcat,6.2L V8 Gas,Rear Wheel Drive Differential And Drive Line / Rear Axle Shafts,pending,0,0,https://www.moparamerica.com/v-2017-dodge-charger--srt-hellcat--6-2l-v8-gas/rear-wheel-drive-differential-and-drive-line--rear-axle-shafts,,
Dodge Charger,SRT Hellcat,6.2L V8 Gas,Restraints / Air Bags,pending,0,0,https://www.moparamerica.com/v-2017-dodge-charger--srt-hellcat--6-2l-v8-gas/restraints--air-bags,,
Dodge Charger,SRT Hellcat,6.2L V8 Gas,Restraints / Seat Belts,pending,0,0,https://www.moparamerica.com/v-2017-dodge-charger--srt-hellcat--6-2l-v8-gas/restraints--seat-belts,,
Dodge Charger,SRT Hellcat,6.2L V8 Gas,Steering / Power Steering Hoses,pending,0,0,https://www.moparamerica.com/v-2017-dodge-charger--srt-hellcat--6-2l-v8-gas/steering--power-steering-hoses,,
Dodge Charger,SRT Hellcat,6.2L V8 Gas,Steering / Power Steering Pump And Reservoir,pending,0,0,https://www.moparamerica.com/v-2017-dodge-charger--srt-hellcat--6-2l-v8-gas/steering--power-steering-pump-and-reservoir,,
Dodge Charger,SRT Hellcat,6.2L V8 Gas,Steering / Steering Column And Intermediate Shaft,pending,0,0,https://www.moparamerica.com/v-2017-dodge-charger--srt-hellcat--6-2l-v8-gas/steering--steering-column-and-intermediate-shaft,,
Dodge Charger,SRT Hellcat,6.2L V8 Gas,Steering / Steering Gear,pending,0,0,https://www.moparamerica.com/v-2017-dodge-charger--srt-hellcat--6-2l-v8-gas/steering--steering-gear,,
Dodge Charger,SRT Hellcat,6.2L V8 Gas,Steering / Steering Wheel,pending,0,0,https://www.moparamerica.com/v-2017-dodge-charger--srt-hellcat--6-2l-v8-gas/steering--steering-wheel,,
Dodge Charger,SRT Hellcat,6.2L V8 Gas,Wheels / Emergency Kit,pending,0,0,https://www.moparamerica.com/v-2017-dodge-charger--srt-hellcat--6-2l-v8-gas/wheels--emergency-kit,,
Dodge Charger,SRT Hellcat,6.2L V8 Gas,Wheels / Jack Stowage,pending,0,0,https://www.moparamerica.com/v-2017-dodge-charger--srt-hellcat--6-2l-v8-gas/wheels--jack-stowage,,
Dodge Charger,SRT Hellcat,6.2L V8 Gas,Wheels / Tire Monitoring System,pending,0,0,https://www.moparamerica.com/v-2017-dodge-charger--srt-hellcat--6-2l-v8-gas/wheels--tire-monitoring-system,,
Dodge Charger,SRT Hellcat,6.2L V8 Gas,Wheels / Wheel Covers And Center Caps,pending,0,0,https://www.moparamerica.com/v-2017-dodge-charger--srt-hellcat--6-2l-v8-gas/wheels--wheel-covers-and-center-caps,,
Dodge Charger,SRT Hellcat,6.2L V8 Gas,Wheels / Wheel Spare,pending,0,0,https://www.moparamerica.com/v-2017-dodge-charger--srt-hellcat--6-2l-v8-gas/wheels--wheel-spare,,
Dodge Charger,SRT Hellcat,6.2L V8 Gas,Wheels / Wheels Tires And Hardware,pending,0,0,https://www.moparamerica.com/v-2017-dodge-charger--srt-hellcat--6-2l-v8-gas/wheels--wheels-tires-and-hardware,,
Dodge Charger,SXT,3.6L V6 Flex,3 6L Gas Engine / Camshaft And Valve,pending,0,0,https://www.moparamerica.com/v-2017-dodge-charger--sxt--3-6l-v6-flex/3-6l-gas-engine--camshaft-and-valve,,
Dodge Charger,SXT,3.6L V6 Flex,3 6L Gas Engine / Crankcase Ventilation,pending,0,0,https://www.moparamerica.com/v-2017-dodge-charger--sxt--3-6l-v6-flex/3-6l-gas-engine--crankcase-ventilation,,
Dodge Charger,SXT,3.6L V6 Flex,3 6L Gas Engine / Crankshaft Piston Drive Plate Flywheel And Damper,pending,0,0,https://www.moparamerica.com/v-2017-dodge-charger--sxt--3-6l-v6-flex/3-6l-gas-engine--crankshaft-piston-drive-plate-flywheel-and-damper,,
Dodge Charger,SXT,3.6L V6 Flex,3 6L Gas Engine / Cylinder Block,pending,0,0,https://www.moparamerica.com/v-2017-dodge-charger--sxt--3-6l-v6-flex/3-6l-gas-engine--cylinder-block,,
Dodge Charger,SXT,3.6L V6 Flex,3 6L Gas Engine / Cylinder Head,pending,0,0,https://www.moparamerica.com/v-2017-dodge-charger--sxt--3-6l-v6-flex/3-6l-gas-engine--cylinder-head,,
Dodge Charger,SXT,3.6L V6 Flex,3 6L Gas Engine / Engine Identification Service Engines And Engine Service Kits,pending,0,0,https://www.moparamerica.com/v-2017-dodge-charger--sxt--3-6l-v6-flex/3-6l-gas-engine--engine-identification-service-engines-and-engine-service-kits,,
Dodge Charger,SXT,3.6L V6 Flex,3 6L Gas Engine / Engine Mounting,pending,0,0,https://www.moparamerica.com/v-2017-dodge-charger--sxt--3-6l-v6-flex/3-6l-gas-engine--engine-mounting,,
Dodge Charger,SXT,3.6L V6 Flex,3 6L Gas Engine / Engine Oiling Oil Pan And Indicator Dipstick,pending,0,0,https://www.moparamerica.com/v-2017-dodge-charger--sxt--3-6l-v6-flex/3-6l-gas-engine--engine-oiling-oil-pan-and-indicator-dipstick,,
Dodge Charger,SXT,3.6L V6 Flex,3 6L Gas Engine / Manifolds And Vacuum Fittings,pending,0,0,https://www.moparamerica.com/v-2017-dodge-charger--sxt--3-6l-v6-flex/3-6l-gas-engine--manifolds-and-vacuum-fittings,,
Dodge Charger,SXT,3.6L V6 Flex,3 6L Gas Engine / Timing Belt Chain And Cover And Balance Shaft,pending,0,0,https://www.moparamerica.com/v-2017-dodge-charger--sxt--3-6l-v6-flex/3-6l-gas-engine--timing-belt-chain-and-cover-and-balance-shaft,,
Dodge Charger,SXT,3.6L V6 Flex,5 7Lgas Engine / Camshaft And Valve,pending,0,0,https://www.moparamerica.com/v-2017-dodge-charger--sxt--3-6l-v6-flex/5-7lgas-engine--camshaft-and-valve,,
Dodge Charger,SXT,3.6L V6 Flex,5 7Lgas Engine / Engine Mounting,pending,0,0,https://www.moparamerica.com/v-2017-dodge-charger--sxt--3-6l-v6-flex/5-7lgas-engine--engine-mounting,,
Dodge Charger,SXT,3.6L V6 Flex,5 7Lgas Engine / Engine Oiling Oil Pan And Indicator Dipstick,pending,0,0,https://www.moparamerica.com/v-2017-dodge-charger--sxt--3-6l-v6-flex/5-7lgas-engine--engine-oiling-oil-pan-and-indicator-dipstick,,
Dodge Charger,SXT,3.6L V6 Flex,6 2L Gas Engine / Camshaft And Valve,pending,0,0,https://www.moparamerica.com/v-2017-dodge-charger--sxt--3-6l-v6-flex/6-2l-gas-engine--camshaft-and-valve,,
Dodge Charger,SXT,3.6L V6 Flex,6 2L Gas Engine / Engine Mounting,pending,0,0,https://www.moparamerica.com/v-2017-dodge-charger--sxt--3-6l-v6-flex/6-2l-gas-engine--engine-mounting,,
Dodge Charger,SXT,3.6L V6 Flex,6 2L Gas Engine / Engine Oil Cooler,pending,0,0,https://www.moparamerica.com/v-2017-dodge-charger--sxt--3-6l-v6-flex/6-2l-gas-engine--engine-oil-cooler,,
Dodge Charger,SXT,3.6L V6 Flex,6 2L Gas Engine / Engine Oiling Oil Pan And Indicator Dipstick,pending,0,0,https://www.moparamerica.com/v-2017-dodge-charger--sxt--3-6l-v6-flex/6-2l-gas-engine--engine-oiling-oil-pan-and-indicator-dipstick,,
Dodge Charger,SXT,3.6L V6 Flex,6 2L Gas Engine / Turbo And Super Chargers,pending,0,0,https://www.moparamerica.com/v-2017-dodge-charger--sxt--3-6l-v6-flex/6-2l-gas-engine--turbo-and-super-chargers,,
Dodge Charger,SXT,3.6L V6 Flex,6 4L Gas Engine / Camshaft And Valve,pending,0,0,https://www.moparamerica.com/v-2017-dodge-charger--sxt--3-6l-v6-flex/6-4l-gas-engine--camshaft-and-valve,,
Dodge Charger,SXT,3.6L V6 Flex,6 4L Gas Engine / Engine Mounting,pending,0,0,https://www.moparamerica.com/v-2017-dodge-charger--sxt--3-6l-v6-flex/6-4l-gas-engine--engine-mounting,,
Dodge Charger,SXT,3.6L V6 Flex,6 4L Gas Engine / Engine Oiling Oil Pan And Indicator Dipstick,pending,0,0,https://www.moparamerica.com/v-2017-dodge-charger--sxt--3-6l-v6-flex/6-4l-gas-engine--engine-oiling-oil-pan-and-indicator-dipstick,,
Dodge Charger,SXT,3.6L V6 Flex,845Re 8 Speed Automatic Transmission / Automatic Transmission Transaxle And Torque Converter,pending,0,0,https://www.moparamerica.com/v-2017-dodge-charger--sxt--3-6l-v6-flex/845re-8-speed-automatic-transmission--automatic-transmission-transaxle-and-torque-converter,,
Dodge Charger,SXT,3.6L V6 Flex,845Re 8 Speed Automatic Transmission / Case Extension Oil Pan And Indicator Dipstick,pending,0,0,https://www.moparamerica.com/v-2017-dodge-charger--sxt--3-6l-v6-flex/845re-8-speed-automatic-transmission--case-extension-oil-pan-and-indicator-dipstick,,
Dodge Charger,SXT,3.6L V6 Flex,845Re 8 Speed Automatic Transmission / Gearshift Controls And Related Parts,pending,0,0,https://www.moparamerica.com/v-2017-dodge-charger--sxt--3-6l-v6-flex/845re-8-speed-automatic-transmission--gearshift-controls-and-related-parts,,
Dodge Charger,SXT,3.6L V6 Flex,845Re 8 Speed Automatic Transmission / Mounting And Skid Plate,pending,0,0,https://www.moparamerica.com/v-2017-dodge-charger--sxt--3-6l-v6-flex/845re-8-speed-automatic-transmission--mounting-and-skid-plate,,
Dodge Charger,SXT,3.6L V6 Flex,845Re 8 Speed Automatic Transmission / Oil Pump,pending,0,0,https://www.moparamerica.com/v-2017-dodge-charger--sxt--3-6l-v6-flex/845re-8-speed-automatic-transmission--oil-pump,,
Dodge Charger,SXT,3.6L V6 Flex,845Re 8 Speed Automatic Transmission / Valve Body Accumulator Solenoid And Parking Sprag,pending,0,0,https://www.moparamerica.com/v-2017-dodge-charger--sxt--3-6l-v6-flex/845re-8-speed-automatic-transmission--valve-body-accumulator-solenoid-and-parking-sprag,,
Dodge Charger,SXT,3.6L V6 Flex,8Hp45 8 Speed Automatic Transmission / Automatic Transmission Transaxle And Torque Converter,pending,0,0,https://www.moparamerica.com/v-2017-dodge-charger--sxt--3-6l-v6-flex/8hp45-8-speed-automatic-transmission--automatic-transmission-transaxle-and-torque-converter,,
Dodge Charger,SXT,3.6L V6 Flex,8Hp45 8 Speed Automatic Transmission / Case Extension Oil Pan And Indicator Dipstick,pending,0,0,https://www.moparamerica.com/v-2017-dodge-charger--sxt--3-6l-v6-flex/8hp45-8-speed-automatic-transmission--case-extension-oil-pan-and-indicator-dipstick,,
Dodge Charger,SXT,3.6L V6 Flex,8Hp45 8 Speed Automatic Transmission / Gearshift Controls And Related Parts,pending,0,0,https://www.moparamerica.com/v-2017-dodge-charger--sxt--3-6l-v6-flex/8hp45-8-speed-automatic-transmission--gearshift-controls-and-related-parts,,
Dodge Charger,SXT,3.6L V6 Flex,8Hp45 8 Speed Automatic Transmission / Mounting And Skid Plate,pending,0,0,https://www.moparamerica.com/v-2017-dodge-charger--sxt--3-6l-v6-flex/8hp45-8-speed-automatic-transmission--mounting-and-skid-plate,,
Dodge Charger,SXT,3.6L V6 Flex,8Hp45 8 Speed Automatic Transmission / Oil Pump,pending,0,0,https://www.moparamerica.com/v-2017-dodge-charger--sxt--3-6l-v6-flex/8hp45-8-speed-automatic-transmission--oil-pump,,
Dodge Charger,SXT,3.6L V6 Flex,8Hp45 8 Speed Automatic Transmission / Valve Body Accumulator Solenoid And Parking Sprag,pending,0,0,https://www.moparamerica.com/v-2017-dodge-charger--sxt--3-6l-v6-flex/8hp45-8-speed-automatic-transmission--valve-body-accumulator-solenoid-and-parking-sprag,,
Dodge Charger,SXT,3.6L V6 Flex,8Hp70 8 Speed Automatic Transmission / Automatic Transmission Transaxle And Torque Converter,pending,0,0,https://www.moparamerica.com/v-2017-dodge-charger--sxt--3-6l-v6-flex/8hp70-8-speed-automatic-transmission--automatic-transmission-transaxle-and-torque-converter,,
Dodge Charger,SXT,3.6L V6 Flex,8Hp70 8 Speed Automatic Transmission / Gearshift Controls And Related Parts,pending,0,0,https://www.moparamerica.com/v-2017-dodge-charger--sxt--3-6l-v6-flex/8hp70-8-speed-automatic-transmission--gearshift-controls-and-related-parts,,
Dodge Charger,SXT,3.6L V6 Flex,8Hp70 8 Speed Automatic Transmission / Mounting And Skid Plate,pending,0,0,https://www.moparamerica.com/v-2017-dodge-charger--sxt--3-6l-v6-flex/8hp70-8-speed-automatic-transmission--mounting-and-skid-plate,,
Dodge Charger,SXT,3.6L V6 Flex,8Hp90 8 Speed Automatic Transmission / Automatic Transmission Transaxle And Torque Converter,pending,0,0,https://www.moparamerica.com/v-2017-dodge-charger--sxt--3-6l-v6-flex/8hp90-8-speed-automatic-transmission--automatic-transmission-transaxle-and-torque-converter,,
Dodge Charger,SXT,3.6L V6 Flex,8Hp90 8 Speed Automatic Transmission / Gearshift Controls And Related Parts,pending,0,0,https://www.moparamerica.com/v-2017-dodge-charger--sxt--3-6l-v6-flex/8hp90-8-speed-automatic-transmission--gearshift-controls-and-related-parts,,
Dodge Charger,SXT,3.6L V6 Flex,8Hp90 8 Speed Automatic Transmission / Mounting And Skid Plate,pending,0,0,https://www.moparamerica.com/v-2017-dodge-charger--sxt--3-6l-v6-flex/8hp90-8-speed-automatic-transmission--mounting-and-skid-plate,,
Dodge Charger,SXT,3.6L V6 Flex,Accessories,pending,0,0,https://www.moparamerica.com/v-2017-dodge-charger--sxt--3-6l-v6-flex/accessories,,
Dodge Charger,SXT,3.6L V6 Flex,Accessories Audio Video And Electronics Accessories / Charging Unit,pending,0,0,https://www.moparamerica.com/v-2017-dodge-charger--sxt--3-6l-v6-flex/accessories-audio-video-and-electronics-accessories--charging-unit,,
Dodge Charger,SXT,3.6L V6 Flex,Accessories Audio Video And Electronics Accessories / Remote Start,pending,0,0,https://www.moparamerica.com/v-2017-dodge-charger--sxt--3-6l-v6-flex/accessories-audio-video-and-electronics-accessories--remote-start,,
Dodge Charger,SXT,3.6L V6 Flex,Accessories Audio Video And Electronics Accessories / Security,pending,0,0,https://www.moparamerica.com/v-2017-dodge-charger--sxt--3-6l-v6-flex/accessories-audio-video-and-electronics-accessories--security,,
Dodge Charger,SXT,3.6L V6 Flex,Accessories Exterior Accessories / Air Deflectors,pending,0,0,https://www.moparamerica.com/v-2017-dodge-charger--sxt--3-6l-v6-flex/accessories-exterior-accessories--air-deflectors,,
Dodge Charger,SXT,3.6L V6 Flex,Accessories Exterior Accessories / Covers,pending,0,0,https://www.moparamerica.com/v-2017-dodge-charger--sxt--3-6l-v6-flex/accessories-exterior-accessories--covers,,
Dodge Charger,SXT,3.6L V6 Flex,Accessories Exterior Accessories / Exterior Appearance,pending,0,0,https://www.moparamerica.com/v-2017-dodge-charger--sxt--3-6l-v6-flex/accessories-exterior-accessories--exterior-appearance,,
Dodge Charger,SXT,3.6L V6 Flex,Accessories Exterior Accessories / License Plate,pending,0,0,https://www.moparamerica.com/v-2017-dodge-charger--sxt--3-6l-v6-flex/accessories-exterior-accessories--license-plate,,
Dodge Charger,SXT,3.6L V6 Flex,Accessories Exterior Accessories / Locks,pending,0,0,https://www.moparamerica.com/v-2017-dodge-charger--sxt--3-6l-v6-flex/accessories-exterior-accessories--locks,,
Dodge Charger,SXT,3.6L V6 Flex,Accessories Exterior Accessories / Protective Guards,pending,0,0,https://www.moparamerica.com/v-2017-dodge-charger--sxt--3-6l-v6-flex/accessories-exterior-accessories--protective-guards,,
Dodge Charger,SXT,3.6L V6 Flex,Accessories Exterior Accessories / Wheels,pending,0,0,https://www.moparamerica.com/v-2017-dodge-charger--sxt--3-6l-v6-flex/accessories-exterior-accessories--wheels,,
Dodge Charger,SXT,3.6L V6 Flex,Accessories Interior Accessories / Air Purification,pending,0,0,https://www.moparamerica.com/v-2017-dodge-charger--sxt--3-6l-v6-flex/accessories-interior-accessories--air-purification,,
Dodge Charger,SXT,3.6L V6 Flex,Accessories Interior Accessories / Cargo Trays And Mats,pending,0,0,https://www.moparamerica.com/v-2017-dodge-charger--sxt--3-6l-v6-flex/accessories-interior-accessories--cargo-trays-and-mats,,
Dodge Charger,SXT,3.6L V6 Flex,Accessories Interior Accessories / Floor Mats,pending,0,0,https://www.moparamerica.com/v-2017-dodge-charger--sxt--3-6l-v6-flex/accessories-interior-accessories--floor-mats,,
Dodge Charger,SXT,3.6L V6 Flex,Accessories Interior Accessories / Interior Appearance,pending,0,0,https://www.moparamerica.com/v-2017-dodge-charger--sxt--3-6l-v6-flex/accessories-interior-accessories--interior-appearance,,
Dodge Charger,SXT,3.6L V6 Flex,Accessories Interior Accessories / Seat And Security Covers,pending,0,0,https://www.moparamerica.com/v-2017-dodge-charger--sxt--3-6l-v6-flex/accessories-interior-accessories--seat-and-security-covers,,
Dodge Charger,SXT,3.6L V6 Flex,Accessories Lifestyle And Off Road Accessories / Safety Kits,pending,0,0,https://www.moparamerica.com/v-2017-dodge-charger--sxt--3-6l-v6-flex/accessories-lifestyle-and-off-road-accessories--safety-kits,,
Dodge Charger,SXT,3.6L V6 Flex,Accessories Lighting And Electrical Accessories / Charging Unit,pending,0,0,https://www.moparamerica.com/v-2017-dodge-charger--sxt--3-6l-v6-flex/accessories-lighting-and-electrical-accessories--charging-unit,,
Dodge Charger,SXT,3.6L V6 Flex,Accessories Lighting And Electrical Accessories / Police Equipment,pending,0,0,https://www.moparamerica.com/v-2017-dodge-charger--sxt--3-6l-v6-flex/accessories-lighting-and-electrical-accessories--police-equipment,,
Dodge Charger,SXT,3.6L V6 Flex,Accessories Modern Performance / Engine Parts,pending,0,0,https://www.moparamerica.com/v-2017-dodge-charger--sxt--3-6l-v6-flex/accessories-modern-performance--engine-parts,,
Dodge Charger,SXT,3.6L V6 Flex,Accessories Modern Performance / Intake And Air,pending,0,0,https://www.moparamerica.com/v-2017-dodge-charger--sxt--3-6l-v6-flex/accessories-modern-performance--intake-and-air,,
Dodge Charger,SXT,3.6L V6 Flex,Accessories Modern Performance / Suspension,pending,0,0,https://www.moparamerica.com/v-2017-dodge-charger--sxt--3-6l-v6-flex/accessories-modern-performance--suspension,,
Dodge Charger,SXT,3.6L V6 Flex,Accessories Vehicle Care Products / Mopar,pending,0,0,https://www.moparamerica.com/v-2017-dodge-charger--sxt--3-6l-v6-flex/accessories-vehicle-care-products--mopar,,
Dodge Charger,SXT,3.6L V6 Flex,Accessories Vehicle Care Products / Touch Up Paint,pending,0,0,https://www.moparamerica.com/v-2017-dodge-charger--sxt--3-6l-v6-flex/accessories-vehicle-care-products--touch-up-paint,,
Dodge Charger,SXT,3.6L V6 Flex,Air Conditioners And Heaters / Air Conditioner And Heater Controls,pending,0,0,https://www.moparamerica.com/v-2017-dodge-charger--sxt--3-6l-v6-flex/air-conditioners-and-heaters--air-conditioner-and-heater-controls,,
Dodge Charger,SXT,3.6L V6 Flex,Air Conditioners And Heaters / Air Conditioner And Heater Plumbing,pending,0,0,https://www.moparamerica.com/v-2017-dodge-charger--sxt--3-6l-v6-flex/air-conditioners-and-heaters--air-conditioner-and-heater-plumbing,,
Dodge Charger,SXT,3.6L V6 Flex,Air Conditioners And Heaters / Air Conditioner And Heater Units,pending,0,0,https://www.moparamerica.com/v-2017-dodge-charger--sxt--3-6l-v6-flex/air-conditioners-and-heaters--air-conditioner-and-heater-units,,
Dodge Charger,SXT,3.6L V6 Flex,Air Conditioners And Heaters / Air Conditioner Compressor And Mounting,pending,0,0,https://www.moparamerica.com/v-2017-dodge-charger--sxt--3-6l-v6-flex/air-conditioners-and-heaters--air-conditioner-compressor-and-mounting,,
Dodge Charger,SXT,3.6L V6 Flex,Air Conditioners And Heaters / Air Ducts,pending,0,0,https://www.moparamerica.com/v-2017-dodge-charger--sxt--3-6l-v6-flex/air-conditioners-and-heaters--air-ducts,,
Dodge Charger,SXT,3.6L V6 Flex,All Wheel Drive Differential And Drive Line / Drive Shaft,pending,0,0,https://www.moparamerica.com/v-2017-dodge-charger--sxt--3-6l-v6-flex/all-wheel-drive-differential-and-drive-line--drive-shaft,,
Dodge Charger,SXT,3.6L V6 Flex,All Wheel Drive Differential And Drive Line / Front Axle Assembly,pending,0,0,https://www.moparamerica.com/v-2017-dodge-charger--sxt--3-6l-v6-flex/all-wheel-drive-differential-and-drive-line--front-axle-assembly,,
Dodge Charger,SXT,3.6L V6 Flex,All Wheel Drive Differential And Drive Line / Front Axle Drive Shafts,pending,0,0,https://www.moparamerica.com/v-2017-dodge-charger--sxt--3-6l-v6-flex/all-wheel-drive-differential-and-drive-line--front-axle-drive-shafts,,
Dodge Charger,SXT,3.6L V6 Flex,All Wheel Drive Differential And Drive Line / Rear Axle Assembly,pending,0,0,https://www.moparamerica.com/v-2017-dodge-charger--sxt--3-6l-v6-flex/all-wheel-drive-differential-and-drive-line--rear-axle-assembly,,
Dodge Charger,SXT,3.6L V6 Flex,All Wheel Drive Differential And Drive Line / Rear Axle Housing Differential And Vent,pending,0,0,https://www.moparamerica.com/v-2017-dodge-charger--sxt--3-6l-v6-flex/all-wheel-drive-differential-and-drive-line--rear-axle-housing-differential-and-vent,,
Dodge Charger,SXT,3.6L V6 Flex,All Wheel Drive Differential And Drive Line / Rear Axle Shafts,pending,0,0,https://www.moparamerica.com/v-2017-dodge-charger--sxt--3-6l-v6-flex/all-wheel-drive-differential-and-drive-line--rear-axle-shafts,,
Dodge Charger,SXT,3.6L V6 Flex,Auto Parts,pending,0,0,https://www.moparamerica.com/v-2017-dodge-charger--sxt--3-6l-v6-flex/auto-parts,,
Dodge Charger,SXT,3.6L V6 Flex,Body Sheet Metal Except Doors / Aperture Panel And Pillar Supports,pending,0,0,https://www.moparamerica.com/v-2017-dodge-charger--sxt--3-6l-v6-flex/body-sheet-metal-except-doors--aperture-panel-and-pillar-supports,,
Dodge Charger,SXT,3.6L V6 Flex,Body Sheet Metal Except Doors / Cowl And Dash Panel,pending,0,0,https://www.moparamerica.com/v-2017-dodge-charger--sxt--3-6l-v6-flex/body-sheet-metal-except-doors--cowl-and-dash-panel,,
Dodge Charger,SXT,3.6L V6 Flex,Body Sheet Metal Except Doors / Deck Lid,pending,0,0,https://www.moparamerica.com/v-2017-dodge-charger--sxt--3-6l-v6-flex/body-sheet-metal-except-doors--deck-lid,,
Dodge Charger,SXT,3.6L V6 Flex,Body Sheet Metal Except Doors / Fenders,pending,0,0,https://www.moparamerica.com/v-2017-dodge-charger--sxt--3-6l-v6-flex/body-sheet-metal-except-doors--fenders,,
Dodge Charger,SXT,3.6L V6 Flex,Body Sheet Metal Except Doors / Floor Pans,pending,0,0,https://www.moparamerica.com/v-2017-dodge-charger--sxt--3-6l-v6-flex/body-sheet-metal-except-doors--floor-pans,,
Dodge Charger,SXT,3.6L V6 Flex,Body Sheet Metal Except Doors / Hood And Hood Release,pending,0,0,https://www.moparamerica.com/v-2017-dodge-charger--sxt--3-6l-v6-flex/body-sheet-metal-except-doors--hood-and-hood-release,,
Dodge Charger,SXT,3.6L V6 Flex,Body Sheet Metal Except Doors / Pick Up Box And Fuel Filler Door,pending,0,0,https://www.moparamerica.com/v-2017-dodge-charger--sxt--3-6l-v6-flex/body-sheet-metal-except-doors--pick-up-box-and-fuel-filler-door,,
Dodge Charger,SXT,3.6L V6 Flex,Body Sheet Metal Except Doors / Plugs,pending,0,0,https://www.moparamerica.com/v-2017-dodge-charger--sxt--3-6l-v6-flex/body-sheet-metal-except-doors--plugs,,
Dodge Charger,SXT,3.6L V6 Flex,Body Sheet Metal Except Doors / Roof,pending,0,0,https://www.moparamerica.com/v-2017-dodge-charger--sxt--3-6l-v6-flex/body-sheet-metal-except-doors--roof,,
Dodge Charger,SXT,3.6L V6 Flex,Body Sheet Metal Except Doors / Shelf Panel,pending,0,0,https://www.moparamerica.com/v-2017-dodge-charger--sxt--3-6l-v6-flex/body-sheet-metal-except-doors--shelf-panel,,
Dodge Charger,SXT,3.6L V6 Flex,Body Sheet Metal Except Doors / Sunroof,pending,0,0,https://www.moparamerica.com/v-2017-dodge-charger--sxt--3-6l-v6-flex/body-sheet-metal-except-doors--sunroof,,
Dodge Charger,SXT,3.6L V6 Flex,Brakes / Brake Master Cylinder,pending,0,0,https://www.moparamerica.com/v-2017-dodge-charger--sxt--3-6l-v6-flex/brakes--brake-master-cylinder,,
Dodge Charger,SXT,3.6L V6 Flex,Brakes / Brake Pedals,pending,0,0,https://www.moparamerica.com/v-2017-dodge-charger--sxt--3-6l-v6-flex/brakes--brake-pedals,,
Dodge Charger,SXT,3.6L V6 Flex,Brakes / Front Brakes,pending,0,0,https://www.moparamerica.com/v-2017-dodge-charger--sxt--3-6l-v6-flex/brakes--front-brakes,,
Dodge Charger,SXT,3.6L V6 Flex,Brakes / Hydraulic Control Unit Brake Tubes And Hoses,pending,0,0,https://www.moparamerica.com/v-2017-dodge-charger--sxt--3-6l-v6-flex/brakes--hydraulic-control-unit-brake-tubes-and-hoses,,
Dodge Charger,SXT,3.6L V6 Flex,Brakes / Parking Brake Lever Cables And Rear Disc Park Brake Assembly,pending,0,0,https://www.moparamerica.com/v-2017-dodge-charger--sxt--3-6l-v6-flex/brakes--parking-brake-lever-cables-and-rear-disc-park-brake-assembly,,
Dodge Charger,SXT,3.6L V6 Flex,Brakes / Power Brake Booster,pending,0,0,https://www.moparamerica.com/v-2017-dodge-charger--sxt--3-6l-v6-flex/brakes--power-brake-booster,,
Dodge Charger,SXT,3.6L V6 Flex,Brakes / Rear Brakes,pending,0,0,https://www.moparamerica.com/v-2017-dodge-charger--sxt--3-6l-v6-flex/brakes--rear-brakes,,
Dodge Charger,SXT,3.6L V6 Flex,Conversion And Upfit Packages / Exterior,pending,0,0,https://www.moparamerica.com/v-2017-dodge-charger--sxt--3-6l-v6-flex/conversion-and-upfit-packages--exterior,,
Dodge Charger,SXT,3.6L V6 Flex,Conversion And Upfit Packages / Police,pending,0,0,https://www.moparamerica.com/v-2017-dodge-charger--sxt--3-6l-v6-flex/conversion-and-upfit-packages--police,,
Dodge Charger,SXT,3.6L V6 Flex,Cooling / Drive Belts,pending,0,0,https://www.moparamerica.com/v-2017-dodge-charger--sxt--3-6l-v6-flex/cooling--drive-belts,,
Dodge Charger,SXT,3.6L V6 Flex,Cooling / Engine Coolant Reservoir Bottle,pending,0,0,https://www.moparamerica.com/v-2017-dodge-charger--sxt--3-6l-v6-flex/cooling--engine-coolant-reservoir-bottle,,
Dodge Charger,SXT,3.6L V6 Flex,Cooling / Pulleys And Related Parts,pending,0,0,https://www.moparamerica.com/v-2017-dodge-charger--sxt--3-6l-v6-flex/cooling--pulleys-and-related-parts,,
Dodge Charger,SXT,3.6L V6 Flex,Cooling / Radiator And Related Parts Charge Air Cooler,pending,0,0,https://www.moparamerica.com/v-2017-dodge-charger--sxt--3-6l-v6-flex/cooling--radiator-and-related-parts-charge-air-cooler,,
Dodge Charger,SXT,3.6L V6 Flex,Cooling / Transmission Oil Cooler And Lines,pending,0,0,https://www.moparamerica.com/v-2017-dodge-charger--sxt--3-6l-v6-flex/cooling--transmission-oil-cooler-and-lines,,
Dodge Charger,SXT,3.6L V6 Flex,Cooling / Water Pump And Related Parts,pending,0,0,https://www.moparamerica.com/v-2017-dodge-charger--sxt--3-6l-v6-flex/cooling--water-pump-and-related-parts,,
Dodge Charger,SXT,3.6L V6 Flex,Doors Door Mirrors And Related Parts / Exterior Mirror,pending,0,0,https://www.moparamerica.com/v-2017-dodge-charger--sxt--3-6l-v6-flex/doors-door-mirrors-and-related-parts--exterior-mirror,,
Dodge Charger,SXT,3.6L V6 Flex,Doors Door Mirrors And Related Parts / Front Door,pending,0,0,https://www.moparamerica.com/v-2017-dodge-charger--sxt--3-6l-v6-flex/doors-door-mirrors-and-related-parts--front-door,,
Dodge Charger,SXT,3.6L V6 Flex,Doors Door Mirrors And Related Parts / Rear Door,pending,0,0,https://www.moparamerica.com/v-2017-dodge-charger--sxt--3-6l-v6-flex/doors-door-mirrors-and-related-parts--rear-door,,
Dodge Charger,SXT,3.6L V6 Flex,Doors Door Mirrors And Related Parts / Weatherstrips And Seals,pending,0,0,https://www.moparamerica.com/v-2017-dodge-charger--sxt--3-6l-v6-flex/doors-door-mirrors-and-related-parts--weatherstrips-and-seals,,
Dodge Charger,SXT,3.6L V6 Flex,Electrical / Battery Battery Tray And Cables,pending,0,0,https://www.moparamerica.com/v-2017-dodge-charger--sxt--3-6l-v6-flex/electrical--battery-battery-tray-and-cables,,
Dodge Charger,SXT,3.6L V6 Flex,Electrical / Generators Alternators,pending,0,0,https://www.moparamerica.com/v-2017-dodge-charger--sxt--3-6l-v6-flex/electrical--generators-alternators,,
Dodge Charger,SXT,3.6L V6 Flex,Electrical / Horns,pending,0,0,https://www.moparamerica.com/v-2017-dodge-charger--sxt--3-6l-v6-flex/electrical--horns,,
Dodge Charger,SXT,3.6L V6 Flex,Electrical / Ignition Spark Plugs Cables Coils And Glow Plugs,pending,0,0,https://www.moparamerica.com/v-2017-dodge-charger--sxt--3-6l-v6-flex/electrical--ignition-spark-plugs-cables-coils-and-glow-plugs,,
Dodge Charger,SXT,3.6L V6 Flex,Electrical / Instrument Panel Cluster,pending,0,0,https://www.moparamerica.com/v-2017-dodge-charger--sxt--3-6l-v6-flex/electrical--instrument-panel-cluster,,
Dodge Charger,SXT,3.6L V6 Flex,Electrical / Keys Modules And Engine Controllers,pending,0,0,https://www.moparamerica.com/v-2017-dodge-charger--sxt--3-6l-v6-flex/electrical--keys-modules-and-engine-controllers,,
Dodge Charger,SXT,3.6L V6 Flex,Electrical / Lamps Interior And Exterior,pending,0,0,https://www.moparamerica.com/v-2017-dodge-charger--sxt--3-6l-v6-flex/electrical--lamps-interior-and-exterior,,
Dodge Charger,SXT,3.6L V6 Flex,Electrical / Park Assist,pending,0,0,https://www.moparamerica.com/v-2017-dodge-charger--sxt--3-6l-v6-flex/electrical--park-assist,,
Dodge Charger,SXT,3.6L V6 Flex,Electrical / Power Distribution Center Fuse Block Junction Block Relays And Fuses,pending,0,0,https://www.moparamerica.com/v-2017-dodge-charger--sxt--3-6l-v6-flex/electrical--power-distribution-center-fuse-block-junction-block-relays-and-fuses,,
Dodge Charger,SXT,3.6L V6 Flex,Electrical / Radio Antenna Speakers Dvd And Video Systems,pending,0,0,https://www.moparamerica.com/v-2017-dodge-charger--sxt--3-6l-v6-flex/electrical--radio-antenna-speakers-dvd-and-video-systems,,
Dodge Charger,SXT,3.6L V6 Flex,Electrical / Sensors,pending,0,0,https://www.moparamerica.com/v-2017-dodge-charger--sxt--3-6l-v6-flex/electrical--sensors,,
Dodge Charger,SXT,3.6L V6 Flex,Electrical / Speed Control,pending,0,0,https://www.moparamerica.com/v-2017-dodge-charger--sxt--3-6l-v6-flex/electrical--speed-control,,
Dodge Charger,SXT,3.6L V6 Flex,Electrical / Starters,pending,0,0,https://www.moparamerica.com/v-2017-dodge-charger--sxt--3-6l-v6-flex/electrical--starters,,
Dodge Charger,SXT,3.6L V6 Flex,Electrical / Switches,pending,0,0,https://www.moparamerica.com/v-2017-dodge-charger--sxt--3-6l-v6-flex/electrical--switches,,
Dodge Charger,SXT,3.6L V6 Flex,Electrical / Wiper And Washer System,pending,0,0,https://www.moparamerica.com/v-2017-dodge-charger--sxt--3-6l-v6-flex/electrical--wiper-and-washer-system,,
Dodge Charger,SXT,3.6L V6 Flex,Electrical / Wiring Body And Accessories,pending,0,0,https://www.moparamerica.com/v-2017-dodge-charger--sxt--3-6l-v6-flex/electrical--wiring-body-and-accessories,,
Dodge Charger,SXT,3.6L V6 Flex,Electrical / Wiring Headlamp To Dash,pending,0,0,https://www.moparamerica.com/v-2017-dodge-charger--sxt--3-6l-v6-flex/electrical--wiring-headlamp-to-dash,,
Dodge Charger,SXT,3.6L V6 Flex,Electrical / Wiring Instrument Panel,pending,0,0,https://www.moparamerica.com/v-2017-dodge-charger--sxt--3-6l-v6-flex/electrical--wiring-instrument-panel,,
Dodge Charger,SXT,3.6L V6 Flex,Electrical / Wiring Powertrain,pending,0,0,https://www.moparamerica.com/v-2017-dodge-charger--sxt--3-6l-v6-flex/electrical--wiring-powertrain,,
Dodge Charger,SXT,3.6L V6 Flex,Emission Controls / Emission Harness,pending,0,0,https://www.moparamerica.com/v-2017-dodge-charger--sxt--3-6l-v6-flex/emission-controls--emission-harness,,
Dodge Charger,SXT,3.6L V6 Flex,Emission Controls / Vacuum Canister Leak Detection Pump,pending,0,0,https://www.moparamerica.com/v-2017-dodge-charger--sxt--3-6l-v6-flex/emission-controls--vacuum-canister-leak-detection-pump,,
Dodge Charger,SXT,3.6L V6 Flex,Exhaust / Exhaust System,pending,0,0,https://www.moparamerica.com/v-2017-dodge-charger--sxt--3-6l-v6-flex/exhaust--exhaust-system,,
Dodge Charger,SXT,3.6L V6 Flex,Exterior Ornamentation / Decals And Tape Stripes,pending,0,0,https://www.moparamerica.com/v-2017-dodge-charger--sxt--3-6l-v6-flex/exterior-ornamentation--decals-and-tape-stripes,,
Dodge Charger,SXT,3.6L V6 Flex,Exterior Ornamentation / Grilles,pending,0,0,https://www.moparamerica.com/v-2017-dodge-charger--sxt--3-6l-v6-flex/exterior-ornamentation--grilles,,
Dodge Charger,SXT,3.6L V6 Flex,Exterior Ornamentation / Moldings And Ornamentation,pending,0,0,https://www.moparamerica.com/v-2017-dodge-charger--sxt--3-6l-v6-flex/exterior-ornamentation--moldings-and-ornamentation,,
Dodge Charger,SXT,3.6L V6 Flex,Exterior Ornamentation / Nameplates,pending,0,0,https://www.moparamerica.com/v-2017-dodge-charger--sxt--3-6l-v6-flex/exterior-ornamentation--nameplates,,
Dodge Charger,SXT,3.6L V6 Flex,Frame Bumper And Fascia / Frames,pending,0,0,https://www.moparamerica.com/v-2017-dodge-charger--sxt--3-6l-v6-flex/frame-bumper-and-fascia--frames,,
Dodge Charger,SXT,3.6L V6 Flex,Frame Bumper And Fascia / Front Bumper And Fascia,pending,0,0,https://www.moparamerica.com/v-2017-dodge-charger--sxt--3-6l-v6-flex/frame-bumper-and-fascia--front-bumper-and-fascia,,
Dodge Charger,SXT,3.6L V6 Flex,Frame Bumper And Fascia / Rear Bumper And Fascia,pending,0,0,https://www.moparamerica.com/v-2017-dodge-charger--sxt--3-6l-v6-flex/frame-bumper-and-fascia--rear-bumper-and-fascia,,
Dodge Charger,SXT,3.6L V6 Flex,Front Suspension / Front Stabilizer Bar,pending,0,0,https://www.moparamerica.com/v-2017-dodge-charger--sxt--3-6l-v6-flex/front-suspension--front-stabilizer-bar,,
Dodge Charger,SXT,3.6L V6 Flex,Front Suspension / Front Suspension Strut And Cradle,pending,0,0,https://www.moparamerica.com/v-2017-dodge-charger--sxt--3-6l-v6-flex/front-suspension--front-suspension-strut-and-cradle,,
Dodge Charger,SXT,3.6L V6 Flex,Fuel / Accelerator Pedal,pending,0,0,https://www.moparamerica.com/v-2017-dodge-charger--sxt--3-6l-v6-flex/fuel--accelerator-pedal,,
Dodge Charger,SXT,3.6L V6 Flex,Fuel / Air Cleaner,pending,0,0,https://www.moparamerica.com/v-2017-dodge-charger--sxt--3-6l-v6-flex/fuel--air-cleaner,,
Dodge Charger,SXT,3.6L V6 Flex,Fuel / Fuel Lines,pending,0,0,https://www.moparamerica.com/v-2017-dodge-charger--sxt--3-6l-v6-flex/fuel--fuel-lines,,
Dodge Charger,SXT,3.6L V6 Flex,Fuel / Fuel Pump And Sending Unit,pending,0,0,https://www.moparamerica.com/v-2017-dodge-charger--sxt--3-6l-v6-flex/fuel--fuel-pump-and-sending-unit,,
Dodge Charger,SXT,3.6L V6 Flex,Fuel / Fuel Rail And Injectors,pending,0,0,https://www.moparamerica.com/v-2017-dodge-charger--sxt--3-6l-v6-flex/fuel--fuel-rail-and-injectors,,
Dodge Charger,SXT,3.6L V6 Flex,Fuel / Fuel Tank,pending,0,0,https://www.moparamerica.com/v-2017-dodge-charger--sxt--3-6l-v6-flex/fuel--fuel-tank,,
Dodge Charger,SXT,3.6L V6 Flex,Fuel / Fuel Tank Filler Tube,pending,0,0,https://www.moparamerica.com/v-2017-dodge-charger--sxt--3-6l-v6-flex/fuel--fuel-tank-filler-tube,,
Dodge Charger,SXT,3.6L V6 Flex,Fuel / Throttle Body,pending,0,0,https://www.moparamerica.com/v-2017-dodge-charger--sxt--3-6l-v6-flex/fuel--throttle-body,,
Dodge Charger,SXT,3.6L V6 Flex,Glass / Glass And Interior Rear View Mirror,pending,0,0,https://www.moparamerica.com/v-2017-dodge-charger--sxt--3-6l-v6-flex/glass--glass-and-interior-rear-view-mirror,,
Dodge Charger,SXT,3.6L V6 Flex,Interior Trim / Carpets Floor Mats Load Floor And Silencers,pending,0,0,https://www.moparamerica.com/v-2017-dodge-charger--sxt--3-6l-v6-flex/interior-trim--carpets-floor-mats-load-floor-and-silencers,,
Dodge Charger,SXT,3.6L V6 Flex,Interior Trim / Consoles,pending,0,0,https://www.moparamerica.com/v-2017-dodge-charger--sxt--3-6l-v6-flex/interior-trim--consoles,,
Dodge Charger,SXT,3.6L V6 Flex,Interior Trim / Door Trim Panels Front And Rear,pending,0,0,https://www.moparamerica.com/v-2017-dodge-charger--sxt--3-6l-v6-flex/interior-trim--door-trim-panels-front-and-rear,,
Dodge Charger,SXT,3.6L V6 Flex,Interior Trim / Front Seats Adjusters Recliners Shields And Risers,pending,0,0,https://www.moparamerica.com/v-2017-dodge-charger--sxt--3-6l-v6-flex/interior-trim--front-seats-adjusters-recliners-shields-and-risers,,
Dodge Charger,SXT,3.6L V6 Flex,Interior Trim / Front Seats First Row,pending,0,0,https://www.moparamerica.com/v-2017-dodge-charger--sxt--3-6l-v6-flex/interior-trim--front-seats-first-row,,
Dodge Charger,SXT,3.6L V6 Flex,Interior Trim / Headliners Visors Assist Straps,pending,0,0,https://www.moparamerica.com/v-2017-dodge-charger--sxt--3-6l-v6-flex/interior-trim--headliners-visors-assist-straps,,
Dodge Charger,SXT,3.6L V6 Flex,Interior Trim / Instrument Panel,pending,0,0,https://www.moparamerica.com/v-2017-dodge-charger--sxt--3-6l-v6-flex/interior-trim--instrument-panel,,
Dodge Charger,SXT,3.6L V6 Flex,Interior Trim / Panels Moldings Scuff Plates Pillar Cowl 1 4 Panel Trim And Cargo Covers,pending,0,0,https://www.moparamerica.com/v-2017-dodge-charger--sxt--3-6l-v6-flex/interior-trim--panels-moldings-scuff-plates-pillar-cowl-1-4-panel-trim-and-cargo-covers,,
Dodge Charger,SXT,3.6L V6 Flex,Interior Trim / Rear Seats Second Row,pending,0,0,https://www.moparamerica.com/v-2017-dodge-charger--sxt--3-6l-v6-flex/interior-trim--rear-seats-second-row,,
Dodge Charger,SXT,3.6L V6 Flex,Interior Trim / Rear Seats Second Row Adjusters Recliners Shields And Risers,pending,0,0,https://www.moparamerica.com/v-2017-dodge-charger--sxt--3-6l-v6-flex/interior-trim--rear-seats-second-row-adjusters-recliners-shields-and-risers,,
Dodge Charger,SXT,3.6L V6 Flex,Labels / Exterior,pending,0,0,https://www.moparamerica.com/v-2017-dodge-charger--sxt--3-6l-v6-flex/labels--exterior,,
Dodge Charger,SXT,3.6L V6 Flex,Labels / Trunk,pending,0,0,https://www.moparamerica.com/v-2017-dodge-charger--sxt--3-6l-v6-flex/labels--trunk,,
Dodge Charger,SXT,3.6L V6 Flex,Labels / Under Hood,pending,0,0,https://www.moparamerica.com/v-2017-dodge-charger--sxt--3-6l-v6-flex/labels--under-hood,,
Dodge Charger,SXT,3.6L V6 Flex,Mopar Accessories Component Parts / Carriers And Cargo Hauling,pending,0,0,https://www.moparamerica.com/v-2017-dodge-charger--sxt--3-6l-v6-flex/mopar-accessories-component-parts--carriers-and-cargo-hauling,,
Dodge Charger,SXT,3.6L V6 Flex,Mopar Accessories Component Parts / Driver Convenience,pending,0,0,https://www.moparamerica.com/v-2017-dodge-charger--sxt--3-6l-v6-flex/mopar-accessories-component-parts--driver-convenience,,
Dodge Charger,SXT,3.6L V6 Flex,Mopar Accessories Component Parts / Exterior Appearance,pending,0,0,https://www.moparamerica.com/v-2017-dodge-charger--sxt--3-6l-v6-flex/mopar-accessories-component-parts--exterior-appearance,,
Dodge Charger,SXT,3.6L V6 Flex,Mopar Accessories Component Parts / Fog Lights And Electrical,pending,0,0,https://www.moparamerica.com/v-2017-dodge-charger--sxt--3-6l-v6-flex/mopar-accessories-component-parts--fog-lights-and-electrical,,
Dodge Charger,SXT,3.6L V6 Flex,Mopar Accessories Component Parts / Interior Protection,pending,0,0,https://www.moparamerica.com/v-2017-dodge-charger--sxt--3-6l-v6-flex/mopar-accessories-component-parts--interior-protection,,
Dodge Charger,SXT,3.6L V6 Flex,Mopar Accessories Component Parts / Powertrain,pending,0,0,https://www.moparamerica.com/v-2017-dodge-charger--sxt--3-6l-v6-flex/mopar-accessories-component-parts--powertrain,,
Dodge Charger,SXT,3.6L V6 Flex,Nag1 W5A580 5 Speed Automatic Transmission / Automatic Transmission Transaxle And Torque Converter,pending,0,0,https://www.moparamerica.com/v-2017-dodge-charger--sxt--3-6l-v6-flex/nag1-w5a580-5-speed-automatic-transmission--automatic-transmission-transaxle-and-torque-converter,,
Dodge Charger,SXT,3.6L V6 Flex,Nag1 W5A580 5 Speed Automatic Transmission / Case Extension Oil Pan And Indicator Dipstick,pending,0,0,https://www.moparamerica.com/v-2017-dodge-charger--sxt--3-6l-v6-flex/nag1-w5a580-5-speed-automatic-transmission--case-extension-oil-pan-and-indicator-dipstick,,
Dodge Charger,SXT,3.6L V6 Flex,Nag1 W5A580 5 Speed Automatic Transmission / Clutches,pending,0,0,https://www.moparamerica.com/v-2017-dodge-charger--sxt--3-6l-v6-flex/nag1-w5a580-5-speed-automatic-transmission--clutches,,
Dodge Charger,SXT,3.6L V6 Flex,Nag1 W5A580 5 Speed Automatic Transmission / Gear Train,pending,0,0,https://www.moparamerica.com/v-2017-dodge-charger--sxt--3-6l-v6-flex/nag1-w5a580-5-speed-automatic-transmission--gear-train,,
Dodge Charger,SXT,3.6L V6 Flex,Nag1 W5A580 5 Speed Automatic Transmission / Gearshift Controls And Related Parts,pending,0,0,https://www.moparamerica.com/v-2017-dodge-charger--sxt--3-6l-v6-flex/nag1-w5a580-5-speed-automatic-transmission--gearshift-controls-and-related-parts,,
Dodge Charger,SXT,3.6L V6 Flex,Nag1 W5A580 5 Speed Automatic Transmission / Mounting And Skid Plate,pending,0,0,https://www.moparamerica.com/v-2017-dodge-charger--sxt--3-6l-v6-flex/nag1-w5a580-5-speed-automatic-transmission--mounting-and-skid-plate,,
Dodge Charger,SXT,3.6L V6 Flex,Nag1 W5A580 5 Speed Automatic Transmission / Oil Pump,pending,0,0,https://www.moparamerica.com/v-2017-dodge-charger--sxt--3-6l-v6-flex/nag1-w5a580-5-speed-automatic-transmission--oil-pump,,
Dodge Charger,SXT,3.6L V6 Flex,Nag1 W5A580 5 Speed Automatic Transmission / Seal And Shim Packages,pending,0,0,https://www.moparamerica.com/v-2017-dodge-charger--sxt--3-6l-v6-flex/nag1-w5a580-5-speed-automatic-transmission--seal-and-shim-packages,,
Dodge Charger,SXT,3.6L V6 Flex,Nag1 W5A580 5 Speed Automatic Transmission / Valve Body Accumulator Solenoid And Parking Sprag,pending,0,0,https://www.moparamerica.com/v-2017-dodge-charger--sxt--3-6l-v6-flex/nag1-w5a580-5-speed-automatic-transmission--valve-body-accumulator-solenoid-and-parking-sprag,,
Dodge Charger,SXT,3.6L V6 Flex,Power Transfer Unit Transfer Case / Case And Extension,pending,0,0,https://www.moparamerica.com/v-2017-dodge-charger--sxt--3-6l-v6-flex/power-transfer-unit-transfer-case--case-and-extension,,
Dodge Charger,SXT,3.6L V6 Flex,Power Transfer Unit Transfer Case / Gear Train,pending,0,0,https://www.moparamerica.com/v-2017-dodge-charger--sxt--3-6l-v6-flex/power-transfer-unit-transfer-case--gear-train,,
Dodge Charger,SXT,3.6L V6 Flex,Power Transfer Unit Transfer Case / Transfer Case Assembly,pending,0,0,https://www.moparamerica.com/v-2017-dodge-charger--sxt--3-6l-v6-flex/power-transfer-unit-transfer-case--transfer-case-assembly,,
Dodge Charger,SXT,3.6L V6 Flex,Rear Suspension / Rear Stabilizer,pending,0,0,https://www.moparamerica.com/v-2017-dodge-charger--sxt--3-6l-v6-flex/rear-suspension--rear-stabilizer,,
Dodge Charger,SXT,3.6L V6 Flex,Rear Suspension / Rear Suspension And Cradle,pending,0,0,https://www.moparamerica.com/v-2017-dodge-charger--sxt--3-6l-v6-flex/rear-suspension--rear-suspension-and-cradle,,
Dodge Charger,SXT,3.6L V6 Flex,Rear Wheel Drive Differential And Drive Line / Drive Shaft,pending,0,0,https://www.moparamerica.com/v-2017-dodge-charger--sxt--3-6l-v6-flex/rear-wheel-drive-differential-and-drive-line--drive-shaft,,
Dodge Charger,SXT,3.6L V6 Flex,Rear Wheel Drive Differential And Drive Line / Rear Axle Assembly,pending,0,0,https://www.moparamerica.com/v-2017-dodge-charger--sxt--3-6l-v6-flex/rear-wheel-drive-differential-and-drive-line--rear-axle-assembly,,
Dodge Charger,SXT,3.6L V6 Flex,Rear Wheel Drive Differential And Drive Line / Rear Axle Housing Differential And Vent,pending,0,0,https://www.moparamerica.com/v-2017-dodge-charger--sxt--3-6l-v6-flex/rear-wheel-drive-differential-and-drive-line--rear-axle-housing-differential-and-vent,,
Dodge Charger,SXT,3.6L V6 Flex,Rear Wheel Drive Differential And Drive Line / Rear Axle Shafts,pending,0,0,https://www.moparamerica.com/v-2017-dodge-charger--sxt--3-6l-v6-flex/rear-wheel-drive-differential-and-drive-line--rear-axle-shafts,,
Dodge Charger,SXT,3.6L V6 Flex,Restraints / Air Bags,pending,0,0,https://www.moparamerica.com/v-2017-dodge-charger--sxt--3-6l-v6-flex/restraints--air-bags,,
Dodge Charger,SXT,3.6L V6 Flex,Restraints / Seat Belts,pending,0,0,https://www.moparamerica.com/v-2017-dodge-charger--sxt--3-6l-v6-flex/restraints--seat-belts,,
Dodge Charger,SXT,3.6L V6 Flex,Steering / Power Steering Hoses,pending,0,0,https://www.moparamerica.com/v-2017-dodge-charger--sxt--3-6l-v6-flex/steering--power-steering-hoses,,
Dodge Charger,SXT,3.6L V6 Flex,Steering / Power Steering Pump And Reservoir,pending,0,0,https://www.moparamerica.com/v-2017-dodge-charger--sxt--3-6l-v6-flex/steering--power-steering-pump-and-reservoir,,
Dodge Charger,SXT,3.6L V6 Flex,Steering / Steering Column And Intermediate Shaft,pending,0,0,https://www.moparamerica.com/v-2017-dodge-charger--sxt--3-6l-v6-flex/steering--steering-column-and-intermediate-shaft,,
Dodge Charger,SXT,3.6L V6 Flex,Steering / Steering Gear,pending,0,0,https://www.moparamerica.com/v-2017-dodge-charger--sxt--3-6l-v6-flex/steering--steering-gear,,
Dodge Charger,SXT,3.6L V6 Flex,Steering / Steering Wheel,pending,0,0,https://www.moparamerica.com/v-2017-dodge-charger--sxt--3-6l-v6-flex/steering--steering-wheel,,
Dodge Charger,SXT,3.6L V6 Flex,Wheels / Emergency Kit,pending,0,0,https://www.moparamerica.com/v-2017-dodge-charger--sxt--3-6l-v6-flex/wheels--emergency-kit,,
Dodge Charger,SXT,3.6L V6 Flex,Wheels / Jack Stowage,pending,0,0,https://www.moparamerica.com/v-2017-dodge-charger--sxt--3-6l-v6-flex/wheels--jack-stowage,,
Dodge Charger,SXT,3.6L V6 Flex,Wheels / Tire Monitoring System,pending,0,0,https://www.moparamerica.com/v-2017-dodge-charger--sxt--3-6l-v6-flex/wheels--tire-monitoring-system,,
Dodge Charger,SXT,3.6L V6 Flex,Wheels / Wheel Covers And Center Caps,pending,0,0,https://www.moparamerica.com/v-2017-dodge-charger--sxt--3-6l-v6-flex/wheels--wheel-covers-and-center-caps,,
Dodge Charger,SXT,3.6L V6 Flex,Wheels / Wheel Spare,pending,0,0,https://www.moparamerica.com/v-2017-dodge-charger--sxt--3-6l-v6-flex/wheels--wheel-spare,,
Dodge Charger,SXT,3.6L V6 Flex,Wheels / Wheels Tires And Hardware,pending,0,0,https://www.moparamerica.com/v-2017-dodge-charger--sxt--3-6l-v6-flex/wheels--wheels-tires-and-hardware,,
